<annotation>
  <folder>frame</folder>
  <filename>frame_001418.jpg</filename>
  <source>
    <database>Unknown</database>
    <annotation>Unknown</annotation>
    <image>Unknown</image>
  </source>
  <size>
    <width>2456</width>
    <height>2054</height>
    <depth>3</depth>
  </size>
  <segmented>0</segmented>
  <object>
    <name>vehicule</name>
    <occluded>0</occluded>
    <bndbox>
      <xmin>0.0</xmin>
      <ymin>129.21736971892457</ymin>
      <xmax>240.53171236688198</xmax>
      <ymax>314.83201815642497</ymax>
    </bndbox>
    <attributes>
      <attribute>
        <name>track_id</name>
        <value>90</value>
      </attribute>
      <attribute>
        <name>keyframe</name>
        <value>True</value>
      </attribute>
    </attributes>
  </object>
  <object>
    <name>vehicule</name>
    <occluded>0</occluded>
    <bndbox>
      <xmin>260.13533218034354</xmin>
      <ymin>229.39128846612596</ymin>
      <xmax>565.0843556178421</xmax>
      <ymax>409.9188153215947</ymax>
    </bndbox>
    <attributes>
      <attribute>
        <name>track_id</name>
        <value>113</value>
      </attribute>
      <attribute>
        <name>keyframe</name>
        <value>True</value>
      </attribute>
    </attributes>
  </object>
  <object>
    <name>vehicule</name>
    <occluded>0</occluded>
    <bndbox>
      <xmin>4.159330985915493</xmin>
      <ymin>320.35832966549293</ymin>
      <xmax>325.04619278168866</xmax>
      <ymax>547.5971968529944</ymax>
    </bndbox>
    <attributes>
      <attribute>
        <name>track_id</name>
        <value>114</value>
      </attribute>
      <attribute>
        <name>keyframe</name>
        <value>True</value>
      </attribute>
    </attributes>
  </object>
  <object>
    <name>vehicule</name>
    <occluded>0</occluded>
    <bndbox>
      <xmin>1369.314453125</xmin>
      <ymin>148.4453125</ymin>
      <xmax>1585.6716857910142</xmax>
      <ymax>392.12167968750146</ymax>
    </bndbox>
    <attributes>
      <attribute>
        <name>track_id</name>
        <value>117</value>
      </attribute>
      <attribute>
        <name>keyframe</name>
        <value>True</value>
      </attribute>
    </attributes>
  </object>
  <object>
    <name>vehicule</name>
    <occluded>0</occluded>
    <bndbox>
      <xmin>1545.4111328125</xmin>
      <ymin>327.20833333333337</ymin>
      <xmax>1800.3803521050347</xmax>
      <ymax>576.1505208333341</ymax>
    </bndbox>
    <attributes>
      <attribute>
        <name>track_id</name>
        <value>118</value>
      </attribute>
      <attribute>
        <name>keyframe</name>
        <value>True</value>
      </attribute>
    </attributes>
  </object>
  <object>
    <name>vehicule</name>
    <occluded>0</occluded>
    <bndbox>
      <xmin>1831.860039062501</xmin>
      <ymin>619.84140625</ymin>
      <xmax>2242.6992431640624</xmax>
      <ymax>845.4823669433594</ymax>
    </bndbox>
    <attributes>
      <attribute>
        <name>track_id</name>
        <value>119</value>
      </attribute>
      <attribute>
        <name>keyframe</name>
        <value>True</value>
      </attribute>
    </attributes>
  </object>
</annotation>
