<annotation>
  <folder>frame</folder>
  <filename>frame_001463.jpg</filename>
  <source>
    <database>Unknown</database>
    <annotation>Unknown</annotation>
    <image>Unknown</image>
  </source>
  <size>
    <width>2456</width>
    <height>2054</height>
    <depth>3</depth>
  </size>
  <segmented>0</segmented>
  <object>
    <name>vehicule</name>
    <occluded>0</occluded>
    <bndbox>
      <xmin>0.0</xmin>
      <ymin>128.56530966305866</ymin>
      <xmax>232.70797371464735</xmax>
      <ymax>314.179958100559</ymax>
    </bndbox>
    <attributes>
      <attribute>
        <name>track_id</name>
        <value>90</value>
      </attribute>
      <attribute>
        <name>keyframe</name>
        <value>True</value>
      </attribute>
    </attributes>
  </object>
  <object>
    <name>vehicule</name>
    <occluded>0</occluded>
    <bndbox>
      <xmin>257.8105916030534</xmin>
      <ymin>222.47443046278624</ymin>
      <xmax>562.7596150405514</xmax>
      <ymax>403.001957318255</ymax>
    </bndbox>
    <attributes>
      <attribute>
        <name>track_id</name>
        <value>113</value>
      </attribute>
      <attribute>
        <name>keyframe</name>
        <value>True</value>
      </attribute>
    </attributes>
  </object>
  <object>
    <name>vehicule</name>
    <occluded>0</occluded>
    <bndbox>
      <xmin>2.673855633802817</xmin>
      <ymin>312.9615908340669</ymin>
      <xmax>306.9651724801922</xmax>
      <ymax>540.2004580215684</ymax>
    </bndbox>
    <attributes>
      <attribute>
        <name>track_id</name>
        <value>114</value>
      </attribute>
      <attribute>
        <name>keyframe</name>
        <value>True</value>
      </attribute>
    </attributes>
  </object>
</annotation>
