<annotation>
  <folder>frame</folder>
  <filename>frame_001733.jpg</filename>
  <source>
    <database>Unknown</database>
    <annotation>Unknown</annotation>
    <image>Unknown</image>
  </source>
  <size>
    <width>2456</width>
    <height>2054</height>
    <depth>3</depth>
  </size>
  <segmented>0</segmented>
  <object>
    <name>vehicule</name>
    <occluded>0</occluded>
    <bndbox>
      <xmin>1467.3382812500008</xmin>
      <ymin>146.000244140625</ymin>
      <xmax>1656.5728576660154</xmax>
      <ymax>333.2959472656262</ymax>
    </bndbox>
    <attributes>
      <attribute>
        <name>track_id</name>
        <value>125</value>
      </attribute>
      <attribute>
        <name>keyframe</name>
        <value>True</value>
      </attribute>
    </attributes>
  </object>
  <object>
    <name>vehicule</name>
    <occluded>0</occluded>
    <bndbox>
      <xmin>1758.353271484375</xmin>
      <ymin>372.01513671875</ymin>
      <xmax>1900.9813140869137</xmax>
      <ymax>589.8750915527344</ymax>
    </bndbox>
    <attributes>
      <attribute>
        <name>track_id</name>
        <value>126</value>
      </attribute>
      <attribute>
        <name>keyframe</name>
        <value>True</value>
      </attribute>
    </attributes>
  </object>
  <object>
    <name>vehicule</name>
    <occluded>0</occluded>
    <bndbox>
      <xmin>1074.300000000001</xmin>
      <ymin>756.806396484375</ymin>
      <xmax>1555.429183959961</xmax>
      <ymax>1036.8532043457017</ymax>
    </bndbox>
    <attributes>
      <attribute>
        <name>track_id</name>
        <value>127</value>
      </attribute>
      <attribute>
        <name>keyframe</name>
        <value>True</value>
      </attribute>
    </attributes>
  </object>
  <object>
    <name>vehicule</name>
    <occluded>0</occluded>
    <bndbox>
      <xmin>1851.7453125000002</xmin>
      <ymin>1300.4658691406253</ymin>
      <xmax>2404.779052734375</xmax>
      <ymax>1667.4457397460938</ymax>
    </bndbox>
    <attributes>
      <attribute>
        <name>track_id</name>
        <value>128</value>
      </attribute>
      <attribute>
        <name>keyframe</name>
        <value>True</value>
      </attribute>
    </attributes>
  </object>
  <object>
    <name>vehicule</name>
    <occluded>0</occluded>
    <bndbox>
      <xmin>1995.641064453126</xmin>
      <ymin>707.226806640625</ymin>
      <xmax>2406.7250000000004</xmax>
      <ymax>976.9439697265625</ymax>
    </bndbox>
    <attributes>
      <attribute>
        <name>track_id</name>
        <value>129</value>
      </attribute>
      <attribute>
        <name>keyframe</name>
        <value>True</value>
      </attribute>
    </attributes>
  </object>
  <object>
    <name>vehicule</name>
    <occluded>0</occluded>
    <bndbox>
      <xmin>2044.92392578125</xmin>
      <ymin>960.9945800781252</ymin>
      <xmax>2434.5828857421875</xmax>
      <ymax>1222.2821350097656</ymax>
    </bndbox>
    <attributes>
      <attribute>
        <name>track_id</name>
        <value>130</value>
      </attribute>
      <attribute>
        <name>keyframe</name>
        <value>True</value>
      </attribute>
    </attributes>
  </object>
</annotation>
