<annotation>
  <folder>frame</folder>
  <filename>frame_000030.jpg</filename>
  <source>
    <database>Unknown</database>
    <annotation>Unknown</annotation>
    <image>Unknown</image>
  </source>
  <size>
    <width>2456</width>
    <height>2054</height>
    <depth>3</depth>
  </size>
  <segmented>0</segmented>
  <object>
    <name>vehicule</name>
    <occluded>0</occluded>
    <bndbox>
      <xmin>1114.9985064338234</xmin>
      <ymin>909.9227826286767</ymin>
      <xmax>1270.4017753482992</xmax>
      <ymax>1185.3962278383804</ymax>
    </bndbox>
    <attributes>
      <attribute>
        <name>track_id</name>
        <value>0</value>
      </attribute>
      <attribute>
        <name>keyframe</name>
        <value>True</value>
      </attribute>
    </attributes>
  </object>
  <object>
    <name>vehicule</name>
    <occluded>0</occluded>
    <bndbox>
      <xmin>539.3246208639706</xmin>
      <ymin>678.6645795036765</ymin>
      <xmax>865.947142836627</xmax>
      <ymax>966.2961296530333</ymax>
    </bndbox>
    <attributes>
      <attribute>
        <name>track_id</name>
        <value>1</value>
      </attribute>
      <attribute>
        <name>keyframe</name>
        <value>True</value>
      </attribute>
    </attributes>
  </object>
  <object>
    <name>vehicule</name>
    <occluded>0</occluded>
    <bndbox>
      <xmin>1433.097412109375</xmin>
      <ymin>159.81363932291669</ymin>
      <xmax>1628.8301920037522</xmax>
      <ymax>342.46141186095156</ymax>
    </bndbox>
    <attributes>
      <attribute>
        <name>track_id</name>
        <value>142</value>
      </attribute>
      <attribute>
        <name>keyframe</name>
        <value>True</value>
      </attribute>
    </attributes>
  </object>
  <object>
    <name>vehicule</name>
    <occluded>0</occluded>
    <bndbox>
      <xmin>1036.1147717927631</xmin>
      <ymin>204.77492804276315</ymin>
      <xmax>1241.668421052632</xmax>
      <ymax>385.5210526315794</ymax>
    </bndbox>
    <attributes>
      <attribute>
        <name>track_id</name>
        <value>143</value>
      </attribute>
      <attribute>
        <name>keyframe</name>
        <value>True</value>
      </attribute>
    </attributes>
  </object>
</annotation>
