<annotation>
  <folder>frame</folder>
  <filename>frame_001785.jpg</filename>
  <source>
    <database>Unknown</database>
    <annotation>Unknown</annotation>
    <image>Unknown</image>
  </source>
  <size>
    <width>2456</width>
    <height>2054</height>
    <depth>3</depth>
  </size>
  <segmented>0</segmented>
  <object>
    <name>vehicule</name>
    <occluded>0</occluded>
    <bndbox>
      <xmin>225.5341796875</xmin>
      <ymin>430.9423828125</ymin>
      <xmax>614.6000000000004</xmax>
      <ymax>620.3000000000011</ymax>
    </bndbox>
    <attributes>
      <attribute>
        <name>track_id</name>
        <value>131</value>
      </attribute>
      <attribute>
        <name>keyframe</name>
        <value>True</value>
      </attribute>
    </attributes>
  </object>
  <object>
    <name>vehicule</name>
    <occluded>0</occluded>
    <bndbox>
      <xmin>458.83798828125</xmin>
      <ymin>626.522265625</ymin>
      <xmax>856.8488671875011</xmax>
      <ymax>899.1587500000003</ymax>
    </bndbox>
    <attributes>
      <attribute>
        <name>track_id</name>
        <value>132</value>
      </attribute>
      <attribute>
        <name>keyframe</name>
        <value>True</value>
      </attribute>
    </attributes>
  </object>
  <object>
    <name>vehicule</name>
    <occluded>0</occluded>
    <bndbox>
      <xmin>940.8599609375</xmin>
      <ymin>793.3443359375</ymin>
      <xmax>1381.7668713378905</xmax>
      <ymax>1061.7215979003909</ymax>
    </bndbox>
    <attributes>
      <attribute>
        <name>track_id</name>
        <value>133</value>
      </attribute>
      <attribute>
        <name>keyframe</name>
        <value>True</value>
      </attribute>
    </attributes>
  </object>
  <object>
    <name>vehicule</name>
    <occluded>0</occluded>
    <bndbox>
      <xmin>1499.025000000001</xmin>
      <ymin>248.4879150390625</ymin>
      <xmax>1707.795322418213</xmax>
      <ymax>463.721237564087</ymax>
    </bndbox>
    <attributes>
      <attribute>
        <name>track_id</name>
        <value>134</value>
      </attribute>
      <attribute>
        <name>keyframe</name>
        <value>True</value>
      </attribute>
    </attributes>
  </object>
  <object>
    <name>vehicule</name>
    <occluded>0</occluded>
    <bndbox>
      <xmin>1030.62021484375</xmin>
      <ymin>592.3300390625005</ymin>
      <xmax>1460.8888244628906</xmax>
      <ymax>836.639334411621</ymax>
    </bndbox>
    <attributes>
      <attribute>
        <name>track_id</name>
        <value>135</value>
      </attribute>
      <attribute>
        <name>keyframe</name>
        <value>True</value>
      </attribute>
    </attributes>
  </object>
  <object>
    <name>vehicule</name>
    <occluded>0</occluded>
    <bndbox>
      <xmin>1642.39609375</xmin>
      <ymin>1038.5982421875</ymin>
      <xmax>2234.446066894531</xmax>
      <ymax>1364.2200000000007</ymax>
    </bndbox>
    <attributes>
      <attribute>
        <name>track_id</name>
        <value>136</value>
      </attribute>
      <attribute>
        <name>keyframe</name>
        <value>True</value>
      </attribute>
    </attributes>
  </object>
  <object>
    <name>vehicule</name>
    <occluded>0</occluded>
    <bndbox>
      <xmin>1759.1835156250004</xmin>
      <ymin>816.8209375000006</ymin>
      <xmax>2299.628137207031</xmax>
      <ymax>1070.133118082682</ymax>
    </bndbox>
    <attributes>
      <attribute>
        <name>track_id</name>
        <value>137</value>
      </attribute>
      <attribute>
        <name>keyframe</name>
        <value>True</value>
      </attribute>
    </attributes>
  </object>
  <object>
    <name>vehicule</name>
    <occluded>0</occluded>
    <bndbox>
      <xmin>1908.7905468750002</xmin>
      <ymin>598.9138281250001</ymin>
      <xmax>2337.4490625000003</xmax>
      <ymax>848.5037023925779</ymax>
    </bndbox>
    <attributes>
      <attribute>
        <name>track_id</name>
        <value>138</value>
      </attribute>
      <attribute>
        <name>keyframe</name>
        <value>True</value>
      </attribute>
    </attributes>
  </object>
</annotation>
