<annotation>
  <folder>frame</folder>
  <filename>frame_001741.jpg</filename>
  <source>
    <database>Unknown</database>
    <annotation>Unknown</annotation>
    <image>Unknown</image>
  </source>
  <size>
    <width>2456</width>
    <height>2054</height>
    <depth>3</depth>
  </size>
  <segmented>0</segmented>
  <object>
    <name>vehicule</name>
    <occluded>0</occluded>
    <bndbox>
      <xmin>1543.1953125</xmin>
      <ymin>0.0</ymin>
      <xmax>1732.4298889160145</xmax>
      <ymax>177.02773437500036</ymax>
    </bndbox>
    <attributes>
      <attribute>
        <name>track_id</name>
        <value>125</value>
      </attribute>
      <attribute>
        <name>keyframe</name>
        <value>True</value>
      </attribute>
    </attributes>
  </object>
  <object>
    <name>vehicule</name>
    <occluded>0</occluded>
    <bndbox>
      <xmin>1689.440150669643</xmin>
      <ymin>285.382812500001</ymin>
      <xmax>1832.0681932721816</xmax>
      <ymax>484.7490452357701</ymax>
    </bndbox>
    <attributes>
      <attribute>
        <name>track_id</name>
        <value>126</value>
      </attribute>
      <attribute>
        <name>keyframe</name>
        <value>True</value>
      </attribute>
    </attributes>
  </object>
  <object>
    <name>vehicule</name>
    <occluded>0</occluded>
    <bndbox>
      <xmin>569.4428571428582</xmin>
      <ymin>586.9068080357154</ymin>
      <xmax>991.4498073032923</xmax>
      <ymax>829.9338099888389</ymax>
    </bndbox>
    <attributes>
      <attribute>
        <name>track_id</name>
        <value>127</value>
      </attribute>
      <attribute>
        <name>keyframe</name>
        <value>True</value>
      </attribute>
    </attributes>
  </object>
  <object>
    <name>vehicule</name>
    <occluded>0</occluded>
    <bndbox>
      <xmin>1373.7714285714299</xmin>
      <ymin>1094.5142857142862</ymin>
      <xmax>1930.642054966518</xmax>
      <ymax>1445.0584716796875</ymax>
    </bndbox>
    <attributes>
      <attribute>
        <name>track_id</name>
        <value>128</value>
      </attribute>
      <attribute>
        <name>keyframe</name>
        <value>True</value>
      </attribute>
    </attributes>
  </object>
  <object>
    <name>vehicule</name>
    <occluded>0</occluded>
    <bndbox>
      <xmin>1615.3183593750002</xmin>
      <ymin>506.9771205357143</ymin>
      <xmax>1979.1790134974892</xmax>
      <ymax>747.0715332031258</ymax>
    </bndbox>
    <attributes>
      <attribute>
        <name>track_id</name>
        <value>129</value>
      </attribute>
      <attribute>
        <name>keyframe</name>
        <value>True</value>
      </attribute>
    </attributes>
  </object>
  <object>
    <name>vehicule</name>
    <occluded>0</occluded>
    <bndbox>
      <xmin>1523.1000000000001</xmin>
      <ymin>789.5571428571433</ymin>
      <xmax>2005.4608808244977</xmax>
      <ymax>1055.932133265904</ymax>
    </bndbox>
    <attributes>
      <attribute>
        <name>track_id</name>
        <value>130</value>
      </attribute>
      <attribute>
        <name>keyframe</name>
        <value>True</value>
      </attribute>
    </attributes>
  </object>
</annotation>
