<annotation>
  <folder>frame</folder>
  <filename>frame_000555.jpg</filename>
  <source>
    <database>Unknown</database>
    <annotation>Unknown</annotation>
    <image>Unknown</image>
  </source>
  <size>
    <width>2456</width>
    <height>2054</height>
    <depth>3</depth>
  </size>
  <segmented>0</segmented>
  <object>
    <name>vehicule</name>
    <occluded>0</occluded>
    <bndbox>
      <xmin>347.65625</xmin>
      <ymin>426.48854631696435</ymin>
      <xmax>751.7211347307477</xmax>
      <ymax>678.9585957118436</ymax>
    </bndbox>
    <attributes>
      <attribute>
        <name>track_id</name>
        <value>29</value>
      </attribute>
      <attribute>
        <name>keyframe</name>
        <value>True</value>
      </attribute>
    </attributes>
  </object>
  <object>
    <name>vehicule</name>
    <occluded>0</occluded>
    <bndbox>
      <xmin>983.9714285714292</xmin>
      <ymin>733.057142857144</ymin>
      <xmax>1440.6705540248327</xmax>
      <ymax>1046.4844970703125</ymax>
    </bndbox>
    <attributes>
      <attribute>
        <name>track_id</name>
        <value>31</value>
      </attribute>
      <attribute>
        <name>keyframe</name>
        <value>True</value>
      </attribute>
    </attributes>
  </object>
  <object>
    <name>vehicule</name>
    <occluded>0</occluded>
    <bndbox>
      <xmin>1307.411411830357</xmin>
      <ymin>632.1428571428579</ymin>
      <xmax>1777.0285714285715</xmax>
      <ymax>904.9557996477399</ymax>
    </bndbox>
    <attributes>
      <attribute>
        <name>track_id</name>
        <value>32</value>
      </attribute>
      <attribute>
        <name>keyframe</name>
        <value>True</value>
      </attribute>
    </attributes>
  </object>
  <object>
    <name>vehicule</name>
    <occluded>0</occluded>
    <bndbox>
      <xmin>1557.1968191964295</xmin>
      <ymin>942.98095703125</ymin>
      <xmax>1741.324950299944</xmax>
      <ymax>1199.1500000000003</ymax>
    </bndbox>
    <attributes>
      <attribute>
        <name>track_id</name>
        <value>33</value>
      </attribute>
      <attribute>
        <name>keyframe</name>
        <value>True</value>
      </attribute>
    </attributes>
  </object>
  <object>
    <name>vehicule</name>
    <occluded>0</occluded>
    <bndbox>
      <xmin>1801.3662109375</xmin>
      <ymin>1265.609375</ymin>
      <xmax>2447.7000000000007</xmax>
      <ymax>1622.968537597657</ymax>
    </bndbox>
    <attributes>
      <attribute>
        <name>track_id</name>
        <value>34</value>
      </attribute>
      <attribute>
        <name>keyframe</name>
        <value>True</value>
      </attribute>
    </attributes>
  </object>
  <object>
    <name>vehicule</name>
    <occluded>0</occluded>
    <bndbox>
      <xmin>2017.7090820312505</xmin>
      <ymin>1062.7764648437505</ymin>
      <xmax>2456.0</xmax>
      <ymax>1355.8429260253906</ymax>
    </bndbox>
    <attributes>
      <attribute>
        <name>track_id</name>
        <value>35</value>
      </attribute>
      <attribute>
        <name>keyframe</name>
        <value>True</value>
      </attribute>
    </attributes>
  </object>
</annotation>
