<annotation>
  <folder>frame</folder>
  <filename>frame_000259.jpg</filename>
  <source>
    <database>Unknown</database>
    <annotation>Unknown</annotation>
    <image>Unknown</image>
  </source>
  <size>
    <width>2456</width>
    <height>2054</height>
    <depth>3</depth>
  </size>
  <segmented>0</segmented>
  <object>
    <name>vehicule</name>
    <occluded>0</occluded>
    <bndbox>
      <xmin>1568.2065011160719</xmin>
      <ymin>60.954380580357146</ymin>
      <xmax>1757.623917497907</xmax>
      <ymax>226.96395089285787</ymax>
    </bndbox>
    <attributes>
      <attribute>
        <name>track_id</name>
        <value>18</value>
      </attribute>
      <attribute>
        <name>keyframe</name>
        <value>True</value>
      </attribute>
    </attributes>
  </object>
  <object>
    <name>vehicule</name>
    <occluded>0</occluded>
    <bndbox>
      <xmin>1759.1142857142866</xmin>
      <ymin>534.1000000000006</ymin>
      <xmax>2122.1881190708705</xmax>
      <ymax>770.1000671386719</ymax>
    </bndbox>
    <attributes>
      <attribute>
        <name>track_id</name>
        <value>19</value>
      </attribute>
      <attribute>
        <name>keyframe</name>
        <value>True</value>
      </attribute>
    </attributes>
  </object>
</annotation>
