<annotation>
  <folder>frame</folder>
  <filename>frame_001054.jpg</filename>
  <source>
    <database>Unknown</database>
    <annotation>Unknown</annotation>
    <image>Unknown</image>
  </source>
  <size>
    <width>2456</width>
    <height>2054</height>
    <depth>3</depth>
  </size>
  <segmented>0</segmented>
  <object>
    <name>vehicule</name>
    <occluded>0</occluded>
    <bndbox>
      <xmin>199.71828125000064</xmin>
      <ymin>469.1126953125</ymin>
      <xmax>587.1726770019529</xmax>
      <ymax>717.5355688476557</ymax>
    </bndbox>
    <attributes>
      <attribute>
        <name>track_id</name>
        <value>81</value>
      </attribute>
      <attribute>
        <name>keyframe</name>
        <value>True</value>
      </attribute>
    </attributes>
  </object>
  <object>
    <name>vehicule</name>
    <occluded>0</occluded>
    <bndbox>
      <xmin>468.1001953125</xmin>
      <ymin>355.0030468750007</ymin>
      <xmax>867.8076171875003</xmax>
      <ymax>590.5216857910157</ymax>
    </bndbox>
    <attributes>
      <attribute>
        <name>track_id</name>
        <value>82</value>
      </attribute>
      <attribute>
        <name>keyframe</name>
        <value>True</value>
      </attribute>
    </attributes>
  </object>
  <object>
    <name>vehicule</name>
    <occluded>0</occluded>
    <bndbox>
      <xmin>623.3142857142861</xmin>
      <ymin>667.8052455357143</ymin>
      <xmax>1031.555860246931</xmax>
      <ymax>937.5132777622774</ymax>
    </bndbox>
    <attributes>
      <attribute>
        <name>track_id</name>
        <value>83</value>
      </attribute>
      <attribute>
        <name>keyframe</name>
        <value>True</value>
      </attribute>
    </attributes>
  </object>
  <object>
    <name>vehicule</name>
    <occluded>0</occluded>
    <bndbox>
      <xmin>971.5832868303571</xmin>
      <ymin>571.51953125</ymin>
      <xmax>1461.2475446428573</xmax>
      <ymax>822.2845581054688</ymax>
    </bndbox>
    <attributes>
      <attribute>
        <name>track_id</name>
        <value>84</value>
      </attribute>
      <attribute>
        <name>keyframe</name>
        <value>True</value>
      </attribute>
    </attributes>
  </object>
  <object>
    <name>vehicule</name>
    <occluded>0</occluded>
    <bndbox>
      <xmin>1072.3052619485295</xmin>
      <ymin>814.7133501838235</ymin>
      <xmax>2037.3886431525725</xmax>
      <ymax>1455.7031135110303</ymax>
    </bndbox>
    <attributes>
      <attribute>
        <name>track_id</name>
        <value>85</value>
      </attribute>
      <attribute>
        <name>keyframe</name>
        <value>True</value>
      </attribute>
    </attributes>
  </object>
  <object>
    <name>vehicule</name>
    <occluded>0</occluded>
    <bndbox>
      <xmin>1306.7714285714299</xmin>
      <ymin>450.1857142857152</ymin>
      <xmax>1790.9639770507815</xmax>
      <ymax>721.0462254115513</ymax>
    </bndbox>
    <attributes>
      <attribute>
        <name>track_id</name>
        <value>86</value>
      </attribute>
      <attribute>
        <name>keyframe</name>
        <value>True</value>
      </attribute>
    </attributes>
  </object>
</annotation>
