<annotation>
  <folder>frame</folder>
  <filename>frame_000927.jpg</filename>
  <source>
    <database>Unknown</database>
    <annotation>Unknown</annotation>
    <image>Unknown</image>
  </source>
  <size>
    <width>2456</width>
    <height>2054</height>
    <depth>3</depth>
  </size>
  <segmented>0</segmented>
  <object>
    <name>vehicule</name>
    <occluded>0</occluded>
    <bndbox>
      <xmin>111.36110276442307</xmin>
      <ymin>363.7814302884618</ymin>
      <xmax>473.68272752028247</xmax>
      <ymax>619.5505760779748</ymax>
    </bndbox>
    <attributes>
      <attribute>
        <name>track_id</name>
        <value>48</value>
      </attribute>
      <attribute>
        <name>keyframe</name>
        <value>True</value>
      </attribute>
    </attributes>
  </object>
  <object>
    <name>vehicule</name>
    <occluded>0</occluded>
    <bndbox>
      <xmin>421.0444444444448</xmin>
      <ymin>583.6229383680555</ymin>
      <xmax>818.8775193956163</xmax>
      <ymax>849.1473524305555</ymax>
    </bndbox>
    <attributes>
      <attribute>
        <name>track_id</name>
        <value>51</value>
      </attribute>
      <attribute>
        <name>keyframe</name>
        <value>True</value>
      </attribute>
    </attributes>
  </object>
  <object>
    <name>vehicule</name>
    <occluded>0</occluded>
    <bndbox>
      <xmin>619.0949435763889</xmin>
      <ymin>485.267057291667</ymin>
      <xmax>1007.07365451389</xmax>
      <ymax>697.9754557291656</ymax>
    </bndbox>
    <attributes>
      <attribute>
        <name>track_id</name>
        <value>55</value>
      </attribute>
      <attribute>
        <name>keyframe</name>
        <value>True</value>
      </attribute>
    </attributes>
  </object>
  <object>
    <name>vehicule</name>
    <occluded>0</occluded>
    <bndbox>
      <xmin>1338.0639849101028</xmin>
      <ymin>867.4006180436644</ymin>
      <xmax>1863.511445847604</xmax>
      <ymax>1188.974641481165</ymax>
    </bndbox>
    <attributes>
      <attribute>
        <name>track_id</name>
        <value>59</value>
      </attribute>
      <attribute>
        <name>keyframe</name>
        <value>True</value>
      </attribute>
    </attributes>
  </object>
  <object>
    <name>vehicule</name>
    <occluded>0</occluded>
    <bndbox>
      <xmin>251.73602764423077</xmin>
      <ymin>250.23864182692313</ymin>
      <xmax>665.7549729567311</xmax>
      <ymax>437.0295872614931</ymax>
    </bndbox>
    <attributes>
      <attribute>
        <name>track_id</name>
        <value>61</value>
      </attribute>
      <attribute>
        <name>keyframe</name>
        <value>True</value>
      </attribute>
    </attributes>
  </object>
  <object>
    <name>vehicule</name>
    <occluded>0</occluded>
    <bndbox>
      <xmin>1664.993569711539</xmin>
      <ymin>828.4440204326925</ymin>
      <xmax>2079.5489032451924</xmax>
      <ymax>1103.5432424692003</ymax>
    </bndbox>
    <attributes>
      <attribute>
        <name>track_id</name>
        <value>65</value>
      </attribute>
      <attribute>
        <name>keyframe</name>
        <value>True</value>
      </attribute>
    </attributes>
  </object>
  <object>
    <name>vehicule</name>
    <occluded>0</occluded>
    <bndbox>
      <xmin>2000.961669921875</xmin>
      <ymin>1056.851806640625</ymin>
      <xmax>2241.3925292968743</xmax>
      <ymax>1287.638671875</ymax>
    </bndbox>
    <attributes>
      <attribute>
        <name>track_id</name>
        <value>68</value>
      </attribute>
      <attribute>
        <name>keyframe</name>
        <value>True</value>
      </attribute>
    </attributes>
  </object>
  <object>
    <name>vehicule</name>
    <occluded>0</occluded>
    <bndbox>
      <xmin>1052.411111111112</xmin>
      <ymin>979.6016710069445</ymin>
      <xmax>1494.9890238444011</xmax>
      <ymax>1283.022471788193</ymax>
    </bndbox>
    <attributes>
      <attribute>
        <name>track_id</name>
        <value>70</value>
      </attribute>
      <attribute>
        <name>keyframe</name>
        <value>True</value>
      </attribute>
    </attributes>
  </object>
  <object>
    <name>vehicule</name>
    <occluded>0</occluded>
    <bndbox>
      <xmin>1187.94482421875</xmin>
      <ymin>464.90478515625</ymin>
      <xmax>1607.2962890625008</xmax>
      <ymax>687.9052581787109</ymax>
    </bndbox>
    <attributes>
      <attribute>
        <name>track_id</name>
        <value>72</value>
      </attribute>
      <attribute>
        <name>keyframe</name>
        <value>True</value>
      </attribute>
    </attributes>
  </object>
  <object>
    <name>vehicule</name>
    <occluded>0</occluded>
    <bndbox>
      <xmin>1890.135009765625</xmin>
      <ymin>770.24609375</ymin>
      <xmax>2309.4449707031254</xmax>
      <ymax>1037.3707275390625</ymax>
    </bndbox>
    <attributes>
      <attribute>
        <name>track_id</name>
        <value>73</value>
      </attribute>
      <attribute>
        <name>keyframe</name>
        <value>True</value>
      </attribute>
    </attributes>
  </object>
  <object>
    <name>vehicule</name>
    <occluded>0</occluded>
    <bndbox>
      <xmin>2016.402734375</xmin>
      <ymin>674.0158593750002</ymin>
      <xmax>2378.196875</xmax>
      <ymax>879.9494903564453</ymax>
    </bndbox>
    <attributes>
      <attribute>
        <name>track_id</name>
        <value>74</value>
      </attribute>
      <attribute>
        <name>keyframe</name>
        <value>True</value>
      </attribute>
    </attributes>
  </object>
</annotation>
