<annotation>
  <folder>frame</folder>
  <filename>frame_000404.jpg</filename>
  <source>
    <database>Unknown</database>
    <annotation>Unknown</annotation>
    <image>Unknown</image>
  </source>
  <size>
    <width>2456</width>
    <height>2054</height>
    <depth>3</depth>
  </size>
  <segmented>0</segmented>
  <object>
    <name>vehicule</name>
    <occluded>0</occluded>
    <bndbox>
      <xmin>1522.2900000000004</xmin>
      <ymin>249.51880859375015</ymin>
      <xmax>1720.7619079589845</xmax>
      <ymax>438.2741735839847</ymax>
    </bndbox>
    <attributes>
      <attribute>
        <name>track_id</name>
        <value>25</value>
      </attribute>
      <attribute>
        <name>keyframe</name>
        <value>True</value>
      </attribute>
    </attributes>
  </object>
</annotation>
