<annotation>
  <folder>frame</folder>
  <filename>frame_000846.jpg</filename>
  <source>
    <database>Unknown</database>
    <annotation>Unknown</annotation>
    <image>Unknown</image>
  </source>
  <size>
    <width>2456</width>
    <height>2054</height>
    <depth>3</depth>
  </size>
  <segmented>0</segmented>
  <object>
    <name>vehicule</name>
    <occluded>0</occluded>
    <bndbox>
      <xmin>54.04889153814935</xmin>
      <ymin>420.8822164163961</ymin>
      <xmax>433.81158685064935</xmax>
      <ymax>617.8427632913975</ymax>
    </bndbox>
    <attributes>
      <attribute>
        <name>track_id</name>
        <value>41</value>
      </attribute>
      <attribute>
        <name>keyframe</name>
        <value>True</value>
      </attribute>
    </attributes>
  </object>
  <object>
    <name>vehicule</name>
    <occluded>0</occluded>
    <bndbox>
      <xmin>488.4849853515625</xmin>
      <ymin>522.2505187988281</ymin>
      <xmax>840.4482177734371</xmax>
      <ymax>791.1874328613285</ymax>
    </bndbox>
    <attributes>
      <attribute>
        <name>track_id</name>
        <value>48</value>
      </attribute>
      <attribute>
        <name>keyframe</name>
        <value>True</value>
      </attribute>
    </attributes>
  </object>
  <object>
    <name>vehicule</name>
    <occluded>0</occluded>
    <bndbox>
      <xmin>82.2421052631583</xmin>
      <ymin>220.22013774671052</ymin>
      <xmax>365.3656600149054</xmax>
      <ymax>411.3570079602681</ymax>
    </bndbox>
    <attributes>
      <attribute>
        <name>track_id</name>
        <value>50</value>
      </attribute>
      <attribute>
        <name>keyframe</name>
        <value>True</value>
      </attribute>
    </attributes>
  </object>
  <object>
    <name>vehicule</name>
    <occluded>0</occluded>
    <bndbox>
      <xmin>726.3003875732433</xmin>
      <ymin>748.3782501220703</ymin>
      <xmax>1183.5286529541013</xmax>
      <ymax>1037.2298065185532</ymax>
    </bndbox>
    <attributes>
      <attribute>
        <name>track_id</name>
        <value>51</value>
      </attribute>
      <attribute>
        <name>keyframe</name>
        <value>True</value>
      </attribute>
    </attributes>
  </object>
  <object>
    <name>vehicule</name>
    <occluded>0</occluded>
    <bndbox>
      <xmin>364.81253150201616</xmin>
      <ymin>367.79495337701616</ymin>
      <xmax>753.7867502520176</xmax>
      <ymax>546.7842325518204</ymax>
    </bndbox>
    <attributes>
      <attribute>
        <name>track_id</name>
        <value>54</value>
      </attribute>
      <attribute>
        <name>keyframe</name>
        <value>True</value>
      </attribute>
    </attributes>
  </object>
  <object>
    <name>vehicule</name>
    <occluded>0</occluded>
    <bndbox>
      <xmin>985.3037289268098</xmin>
      <ymin>709.8615337171053</ymin>
      <xmax>1409.6166195518083</xmax>
      <ymax>909.5883037366351</ymax>
    </bndbox>
    <attributes>
      <attribute>
        <name>track_id</name>
        <value>55</value>
      </attribute>
      <attribute>
        <name>keyframe</name>
        <value>True</value>
      </attribute>
    </attributes>
  </object>
  <object>
    <name>vehicule</name>
    <occluded>0</occluded>
    <bndbox>
      <xmin>909.989730342742</xmin>
      <ymin>504.9669732862905</ymin>
      <xmax>1298.0553736532888</xmax>
      <ymax>699.546889668126</ymax>
    </bndbox>
    <attributes>
      <attribute>
        <name>track_id</name>
        <value>57</value>
      </attribute>
      <attribute>
        <name>keyframe</name>
        <value>True</value>
      </attribute>
    </attributes>
  </object>
  <object>
    <name>vehicule</name>
    <occluded>0</occluded>
    <bndbox>
      <xmin>1420.6544921875002</xmin>
      <ymin>929.1295868844697</ymin>
      <xmax>1962.6104418205498</xmax>
      <ymax>1245.1878787878793</ymax>
    </bndbox>
    <attributes>
      <attribute>
        <name>track_id</name>
        <value>59</value>
      </attribute>
      <attribute>
        <name>keyframe</name>
        <value>True</value>
      </attribute>
    </attributes>
  </object>
  <object>
    <name>vehicule</name>
    <occluded>0</occluded>
    <bndbox>
      <xmin>1284.4626953125</xmin>
      <ymin>676.0763671875</ymin>
      <xmax>1766.4500000000014</xmax>
      <ymax>917.293667602539</ymax>
    </bndbox>
    <attributes>
      <attribute>
        <name>track_id</name>
        <value>61</value>
      </attribute>
      <attribute>
        <name>keyframe</name>
        <value>True</value>
      </attribute>
    </attributes>
  </object>
  <object>
    <name>vehicule</name>
    <occluded>0</occluded>
    <bndbox>
      <xmin>1912.347567471591</xmin>
      <ymin>941.1714133522736</ymin>
      <xmax>2352.0090909090923</xmax>
      <ymax>1238.2882087740545</ymax>
    </bndbox>
    <attributes>
      <attribute>
        <name>track_id</name>
        <value>65</value>
      </attribute>
      <attribute>
        <name>keyframe</name>
        <value>True</value>
      </attribute>
    </attributes>
  </object>
  <object>
    <name>vehicule</name>
    <occluded>0</occluded>
    <bndbox>
      <xmin>1707.533333333334</xmin>
      <ymin>508.00618489583337</ymin>
      <xmax>2053.1530253092446</xmax>
      <ymax>727.6283304850258</ymax>
    </bndbox>
    <attributes>
      <attribute>
        <name>track_id</name>
        <value>66</value>
      </attribute>
      <attribute>
        <name>keyframe</name>
        <value>True</value>
      </attribute>
    </attributes>
  </object>
</annotation>
