<annotation>
  <folder>frame</folder>
  <filename>frame_001333.jpg</filename>
  <source>
    <database>Unknown</database>
    <annotation>Unknown</annotation>
    <image>Unknown</image>
  </source>
  <size>
    <width>2456</width>
    <height>2054</height>
    <depth>3</depth>
  </size>
  <segmented>0</segmented>
  <object>
    <name>vehicule</name>
    <occluded>0</occluded>
    <bndbox>
      <xmin>0.0</xmin>
      <ymin>129.9853515625</ymin>
      <xmax>249.746337890625</xmax>
      <ymax>284.1894736842115</ymax>
    </bndbox>
    <attributes>
      <attribute>
        <name>track_id</name>
        <value>90</value>
      </attribute>
      <attribute>
        <name>keyframe</name>
        <value>True</value>
      </attribute>
    </attributes>
  </object>
  <object>
    <name>vehicule</name>
    <occluded>0</occluded>
    <bndbox>
      <xmin>1526.3666666666675</xmin>
      <ymin>133.955078125</ymin>
      <xmax>1733.9851379394531</xmax>
      <ymax>349.6758463541677</ymax>
    </bndbox>
    <attributes>
      <attribute>
        <name>track_id</name>
        <value>105</value>
      </attribute>
      <attribute>
        <name>keyframe</name>
        <value>True</value>
      </attribute>
    </attributes>
  </object>
  <object>
    <name>vehicule</name>
    <occluded>0</occluded>
    <bndbox>
      <xmin>1294.666015625</xmin>
      <ymin>20.200000000000728</ymin>
      <xmax>1501.4947204589844</xmax>
      <ymax>190.83677775065067</ymax>
    </bndbox>
    <attributes>
      <attribute>
        <name>track_id</name>
        <value>107</value>
      </attribute>
      <attribute>
        <name>keyframe</name>
        <value>True</value>
      </attribute>
    </attributes>
  </object>
  <object>
    <name>vehicule</name>
    <occluded>0</occluded>
    <bndbox>
      <xmin>1111.5955729166672</xmin>
      <ymin>261.5133463541667</ymin>
      <xmax>1304.465668741861</xmax>
      <ymax>511.4647135416678</ymax>
    </bndbox>
    <attributes>
      <attribute>
        <name>track_id</name>
        <value>108</value>
      </attribute>
      <attribute>
        <name>keyframe</name>
        <value>True</value>
      </attribute>
    </attributes>
  </object>
  <object>
    <name>vehicule</name>
    <occluded>0</occluded>
    <bndbox>
      <xmin>754.9800000000002</xmin>
      <ymin>254.6060546875</ymin>
      <xmax>980.8976806640625</xmax>
      <ymax>454.98000000000104</ymax>
    </bndbox>
    <attributes>
      <attribute>
        <name>track_id</name>
        <value>109</value>
      </attribute>
      <attribute>
        <name>keyframe</name>
        <value>True</value>
      </attribute>
    </attributes>
  </object>
  <object>
    <name>vehicule</name>
    <occluded>0</occluded>
    <bndbox>
      <xmin>1671.7000000000007</xmin>
      <ymin>462.054101562501</ymin>
      <xmax>2019.2645161946614</xmax>
      <ymax>714.153574625651</ymax>
    </bndbox>
    <attributes>
      <attribute>
        <name>track_id</name>
        <value>110</value>
      </attribute>
      <attribute>
        <name>keyframe</name>
        <value>True</value>
      </attribute>
    </attributes>
  </object>
  <object>
    <name>vehicule</name>
    <occluded>0</occluded>
    <bndbox>
      <xmin>737.6764705882363</xmin>
      <ymin>689.3905675551471</ymin>
      <xmax>1085.0825733857996</xmax>
      <ymax>956.7941176470598</ymax>
    </bndbox>
    <attributes>
      <attribute>
        <name>track_id</name>
        <value>111</value>
      </attribute>
      <attribute>
        <name>keyframe</name>
        <value>True</value>
      </attribute>
    </attributes>
  </object>
  <object>
    <name>vehicule</name>
    <occluded>0</occluded>
    <bndbox>
      <xmin>101.922119140625</xmin>
      <ymin>1595.1149414062502</ymin>
      <xmax>722.7810180664064</xmax>
      <ymax>1994.86962890625</ymax>
    </bndbox>
    <attributes>
      <attribute>
        <name>track_id</name>
        <value>112</value>
      </attribute>
      <attribute>
        <name>keyframe</name>
        <value>True</value>
      </attribute>
    </attributes>
  </object>
  <object>
    <name>vehicule</name>
    <occluded>0</occluded>
    <bndbox>
      <xmin>38.67946428571434</xmin>
      <ymin>1334.6524832589287</ymin>
      <xmax>436.1388680594308</xmax>
      <ymax>1680.542987932478</ymax>
    </bndbox>
    <attributes>
      <attribute>
        <name>track_id</name>
        <value>113</value>
      </attribute>
      <attribute>
        <name>keyframe</name>
        <value>True</value>
      </attribute>
    </attributes>
  </object>
</annotation>
