<annotation>
  <folder>frame</folder>
  <filename>frame_001216.jpg</filename>
  <source>
    <database>Unknown</database>
    <annotation>Unknown</annotation>
    <image>Unknown</image>
  </source>
  <size>
    <width>2456</width>
    <height>2054</height>
    <depth>3</depth>
  </size>
  <segmented>0</segmented>
  <object>
    <name>vehicule</name>
    <occluded>0</occluded>
    <bndbox>
      <xmin>20.10009765625</xmin>
      <ymin>154.104248046875</ymin>
      <xmax>326.77172470092773</xmax>
      <ymax>336.634710693359</ymax>
    </bndbox>
    <attributes>
      <attribute>
        <name>track_id</name>
        <value>90</value>
      </attribute>
      <attribute>
        <name>keyframe</name>
        <value>True</value>
      </attribute>
    </attributes>
  </object>
  <object>
    <name>vehicule</name>
    <occluded>0</occluded>
    <bndbox>
      <xmin>1355.39453125</xmin>
      <ymin>146.5166015625</ymin>
      <xmax>1578.6442993164055</xmax>
      <ymax>329.60117187500055</ymax>
    </bndbox>
    <attributes>
      <attribute>
        <name>track_id</name>
        <value>92</value>
      </attribute>
      <attribute>
        <name>keyframe</name>
        <value>True</value>
      </attribute>
    </attributes>
  </object>
  <object>
    <name>vehicule</name>
    <occluded>0</occluded>
    <bndbox>
      <xmin>1428.4970703125</xmin>
      <ymin>384.269287109375</ymin>
      <xmax>1651.5181579589844</xmax>
      <ymax>613.0878906250005</ymax>
    </bndbox>
    <attributes>
      <attribute>
        <name>track_id</name>
        <value>93</value>
      </attribute>
      <attribute>
        <name>keyframe</name>
        <value>True</value>
      </attribute>
    </attributes>
  </object>
  <object>
    <name>vehicule</name>
    <occluded>0</occluded>
    <bndbox>
      <xmin>819.2265625</xmin>
      <ymin>376.54345703125</ymin>
      <xmax>1071.3570251464844</xmax>
      <ymax>609.2250000000004</ymax>
    </bndbox>
    <attributes>
      <attribute>
        <name>track_id</name>
        <value>94</value>
      </attribute>
      <attribute>
        <name>keyframe</name>
        <value>True</value>
      </attribute>
    </attributes>
  </object>
  <object>
    <name>vehicule</name>
    <occluded>0</occluded>
    <bndbox>
      <xmin>1663.385986328125</xmin>
      <ymin>438.957275390625</ymin>
      <xmax>2009.6000000000004</xmax>
      <ymax>688.7009658813477</ymax>
    </bndbox>
    <attributes>
      <attribute>
        <name>track_id</name>
        <value>96</value>
      </attribute>
      <attribute>
        <name>keyframe</name>
        <value>True</value>
      </attribute>
    </attributes>
  </object>
</annotation>
