<annotation>
  <folder>frame</folder>
  <filename>frame_000465.jpg</filename>
  <source>
    <database>Unknown</database>
    <annotation>Unknown</annotation>
    <image>Unknown</image>
  </source>
  <size>
    <width>2456</width>
    <height>2054</height>
    <depth>3</depth>
  </size>
  <segmented>0</segmented>
  <object>
    <name>vehicule</name>
    <occluded>0</occluded>
    <bndbox>
      <xmin>1471.928571428572</xmin>
      <ymin>33.1259765625</ymin>
      <xmax>1652.0349666050502</xmax>
      <ymax>213.61328125</ymax>
    </bndbox>
    <attributes>
      <attribute>
        <name>track_id</name>
        <value>26</value>
      </attribute>
      <attribute>
        <name>keyframe</name>
        <value>True</value>
      </attribute>
    </attributes>
  </object>
  <object>
    <name>vehicule</name>
    <occluded>0</occluded>
    <bndbox>
      <xmin>1411.5571428571438</xmin>
      <ymin>233.61704799107144</ymin>
      <xmax>1650.1816711425781</xmax>
      <ymax>455.5600987025672</ymax>
    </bndbox>
    <attributes>
      <attribute>
        <name>track_id</name>
        <value>27</value>
      </attribute>
      <attribute>
        <name>keyframe</name>
        <value>True</value>
      </attribute>
    </attributes>
  </object>
  <object>
    <name>vehicule</name>
    <occluded>0</occluded>
    <bndbox>
      <xmin>2110.39609375</xmin>
      <ymin>696.46484375</ymin>
      <xmax>2454.054931640625</xmax>
      <ymax>990.1704711914062</ymax>
    </bndbox>
    <attributes>
      <attribute>
        <name>track_id</name>
        <value>28</value>
      </attribute>
      <attribute>
        <name>keyframe</name>
        <value>True</value>
      </attribute>
    </attributes>
  </object>
</annotation>
