<annotation>
  <folder>frame</folder>
  <filename>frame_001360.jpg</filename>
  <source>
    <database>Unknown</database>
    <annotation>Unknown</annotation>
    <image>Unknown</image>
  </source>
  <size>
    <width>2456</width>
    <height>2054</height>
    <depth>3</depth>
  </size>
  <segmented>0</segmented>
  <object>
    <name>vehicule</name>
    <occluded>0</occluded>
    <bndbox>
      <xmin>0.0</xmin>
      <ymin>129.9853515625</ymin>
      <xmax>249.746337890625</xmax>
      <ymax>310.69210526315834</ymax>
    </bndbox>
    <attributes>
      <attribute>
        <name>track_id</name>
        <value>90</value>
      </attribute>
      <attribute>
        <name>keyframe</name>
        <value>True</value>
      </attribute>
    </attributes>
  </object>
  <object>
    <name>vehicule</name>
    <occluded>0</occluded>
    <bndbox>
      <xmin>1574.71337890625</xmin>
      <ymin>75.623046875</ymin>
      <xmax>1763.5510681152336</xmax>
      <ymax>243.65000000000055</ymax>
    </bndbox>
    <attributes>
      <attribute>
        <name>track_id</name>
        <value>110</value>
      </attribute>
      <attribute>
        <name>keyframe</name>
        <value>True</value>
      </attribute>
    </attributes>
  </object>
  <object>
    <name>vehicule</name>
    <occluded>0</occluded>
    <bndbox>
      <xmin>1215.3251953125</xmin>
      <ymin>60.1005859375</ymin>
      <xmax>1417.5292602539048</xmax>
      <ymax>249.82578125000146</ymax>
    </bndbox>
    <attributes>
      <attribute>
        <name>track_id</name>
        <value>111</value>
      </attribute>
      <attribute>
        <name>keyframe</name>
        <value>True</value>
      </attribute>
    </attributes>
  </object>
  <object>
    <name>vehicule</name>
    <occluded>0</occluded>
    <bndbox>
      <xmin>1233.9864746093751</xmin>
      <ymin>612.8374023437505</ymin>
      <xmax>1557.17138671875</xmax>
      <ymax>891.640914154053</ymax>
    </bndbox>
    <attributes>
      <attribute>
        <name>track_id</name>
        <value>112</value>
      </attribute>
      <attribute>
        <name>keyframe</name>
        <value>True</value>
      </attribute>
    </attributes>
  </object>
  <object>
    <name>vehicule</name>
    <occluded>0</occluded>
    <bndbox>
      <xmin>586.27197265625</xmin>
      <ymin>532.6102294921875</ymin>
      <xmax>823.5625000000009</xmax>
      <ymax>775.3104248046875</ymax>
    </bndbox>
    <attributes>
      <attribute>
        <name>track_id</name>
        <value>113</value>
      </attribute>
      <attribute>
        <name>keyframe</name>
        <value>True</value>
      </attribute>
    </attributes>
  </object>
  <object>
    <name>vehicule</name>
    <occluded>0</occluded>
    <bndbox>
      <xmin>379.287841796875</xmin>
      <ymin>847.7691650390632</ymin>
      <xmax>742.6875000000005</xmax>
      <ymax>1177.702777099609</ymax>
    </bndbox>
    <attributes>
      <attribute>
        <name>track_id</name>
        <value>114</value>
      </attribute>
      <attribute>
        <name>keyframe</name>
        <value>True</value>
      </attribute>
    </attributes>
  </object>
  <object>
    <name>vehicule</name>
    <occluded>0</occluded>
    <bndbox>
      <xmin>578.0758056640625</xmin>
      <ymin>1175.8182128906255</ymin>
      <xmax>1049.600000000001</xmax>
      <ymax>1574.7332763671875</ymax>
    </bndbox>
    <attributes>
      <attribute>
        <name>track_id</name>
        <value>115</value>
      </attribute>
      <attribute>
        <name>keyframe</name>
        <value>True</value>
      </attribute>
    </attributes>
  </object>
</annotation>
