<annotation>
  <folder>frame</folder>
  <filename>frame_000843.jpg</filename>
  <source>
    <database>Unknown</database>
    <annotation>Unknown</annotation>
    <image>Unknown</image>
  </source>
  <size>
    <width>2456</width>
    <height>2054</height>
    <depth>3</depth>
  </size>
  <segmented>0</segmented>
  <object>
    <name>vehicule</name>
    <occluded>0</occluded>
    <bndbox>
      <xmin>54.503601866883116</xmin>
      <ymin>420.9327440137987</ymin>
      <xmax>434.2662971793831</xmax>
      <ymax>617.8932908888002</ymax>
    </bndbox>
    <attributes>
      <attribute>
        <name>track_id</name>
        <value>41</value>
      </attribute>
      <attribute>
        <name>keyframe</name>
        <value>True</value>
      </attribute>
    </attributes>
  </object>
  <object>
    <name>vehicule</name>
    <occluded>0</occluded>
    <bndbox>
      <xmin>491.037841796875</xmin>
      <ymin>523.2230834960938</ymin>
      <xmax>843.0010742187496</xmax>
      <ymax>792.1599975585941</ymax>
    </bndbox>
    <attributes>
      <attribute>
        <name>track_id</name>
        <value>48</value>
      </attribute>
      <attribute>
        <name>keyframe</name>
        <value>True</value>
      </attribute>
    </attributes>
  </object>
  <object>
    <name>vehicule</name>
    <occluded>0</occluded>
    <bndbox>
      <xmin>89.20526315789519</xmin>
      <ymin>230.4512232730263</ymin>
      <xmax>382.564159192537</xmax>
      <ymax>414.63295416580917</ymax>
    </bndbox>
    <attributes>
      <attribute>
        <name>track_id</name>
        <value>50</value>
      </attribute>
      <attribute>
        <name>keyframe</name>
        <value>True</value>
      </attribute>
    </attributes>
  </object>
  <object>
    <name>vehicule</name>
    <occluded>0</occluded>
    <bndbox>
      <xmin>729.5826721191418</xmin>
      <ymin>750.3233337402344</ymin>
      <xmax>1186.8109374999997</xmax>
      <ymax>1039.1748901367173</ymax>
    </bndbox>
    <attributes>
      <attribute>
        <name>track_id</name>
        <value>51</value>
      </attribute>
      <attribute>
        <name>keyframe</name>
        <value>True</value>
      </attribute>
    </attributes>
  </object>
  <object>
    <name>vehicule</name>
    <occluded>0</occluded>
    <bndbox>
      <xmin>381.6278981854839</xmin>
      <ymin>373.3163747479839</ymin>
      <xmax>770.6021169354854</xmax>
      <ymax>552.3056539227882</ymax>
    </bndbox>
    <attributes>
      <attribute>
        <name>track_id</name>
        <value>54</value>
      </attribute>
      <attribute>
        <name>keyframe</name>
        <value>True</value>
      </attribute>
    </attributes>
  </object>
  <object>
    <name>vehicule</name>
    <occluded>0</occluded>
    <bndbox>
      <xmin>987.8630653782901</xmin>
      <ymin>710.8852282072369</ymin>
      <xmax>1412.1759560032885</xmax>
      <ymax>910.6119982267667</ymax>
    </bndbox>
    <attributes>
      <attribute>
        <name>track_id</name>
        <value>55</value>
      </attribute>
      <attribute>
        <name>keyframe</name>
        <value>True</value>
      </attribute>
    </attributes>
  </object>
  <object>
    <name>vehicule</name>
    <occluded>0</occluded>
    <bndbox>
      <xmin>923.040543094758</xmin>
      <ymin>510.99044858870985</ymin>
      <xmax>1311.106186405305</xmax>
      <ymax>705.5703649705455</ymax>
    </bndbox>
    <attributes>
      <attribute>
        <name>track_id</name>
        <value>57</value>
      </attribute>
      <attribute>
        <name>keyframe</name>
        <value>True</value>
      </attribute>
    </attributes>
  </object>
  <object>
    <name>vehicule</name>
    <occluded>0</occluded>
    <bndbox>
      <xmin>1422.540625</xmin>
      <ymin>932.666074810606</ymin>
      <xmax>1968.034107924953</xmax>
      <ymax>1247.5424242424249</ymax>
    </bndbox>
    <attributes>
      <attribute>
        <name>track_id</name>
        <value>59</value>
      </attribute>
      <attribute>
        <name>keyframe</name>
        <value>True</value>
      </attribute>
    </attributes>
  </object>
  <object>
    <name>vehicule</name>
    <occluded>0</occluded>
    <bndbox>
      <xmin>1294.9662109375</xmin>
      <ymin>685.4126953125</ymin>
      <xmax>1783.1750000000015</xmax>
      <ymax>926.629995727539</ymax>
    </bndbox>
    <attributes>
      <attribute>
        <name>track_id</name>
        <value>61</value>
      </attribute>
      <attribute>
        <name>keyframe</name>
        <value>True</value>
      </attribute>
    </attributes>
  </object>
  <object>
    <name>vehicule</name>
    <occluded>0</occluded>
    <bndbox>
      <xmin>1927.9084694602273</xmin>
      <ymin>956.7285333806824</ymin>
      <xmax>2386.672727272728</xmax>
      <ymax>1256.0716419302535</ymax>
    </bndbox>
    <attributes>
      <attribute>
        <name>track_id</name>
        <value>65</value>
      </attribute>
      <attribute>
        <name>keyframe</name>
        <value>True</value>
      </attribute>
    </attributes>
  </object>
  <object>
    <name>vehicule</name>
    <occluded>0</occluded>
    <bndbox>
      <xmin>1804.783333333334</xmin>
      <ymin>570.2654622395834</ymin>
      <xmax>2180.231531778971</xmax>
      <ymax>804.1346766153965</ymax>
    </bndbox>
    <attributes>
      <attribute>
        <name>track_id</name>
        <value>66</value>
      </attribute>
      <attribute>
        <name>keyframe</name>
        <value>True</value>
      </attribute>
    </attributes>
  </object>
</annotation>
