<annotation>
  <folder>frame</folder>
  <filename>frame_000762.jpg</filename>
  <source>
    <database>Unknown</database>
    <annotation>Unknown</annotation>
    <image>Unknown</image>
  </source>
  <size>
    <width>2456</width>
    <height>2054</height>
    <depth>3</depth>
  </size>
  <segmented>0</segmented>
  <object>
    <name>vehicule</name>
    <occluded>0</occluded>
    <bndbox>
      <xmin>66.7807807426948</xmin>
      <ymin>422.29698914366884</ymin>
      <xmax>446.5434760551948</xmax>
      <ymax>619.2575360186703</ymax>
    </bndbox>
    <attributes>
      <attribute>
        <name>track_id</name>
        <value>41</value>
      </attribute>
      <attribute>
        <name>keyframe</name>
        <value>True</value>
      </attribute>
    </attributes>
  </object>
  <object>
    <name>vehicule</name>
    <occluded>0</occluded>
    <bndbox>
      <xmin>570.0793484669814</xmin>
      <ymin>579.9725272700472</ymin>
      <xmax>942.8463453760686</xmax>
      <ymax>858.0460642688683</ymax>
    </bndbox>
    <attributes>
      <attribute>
        <name>track_id</name>
        <value>48</value>
      </attribute>
      <attribute>
        <name>keyframe</name>
        <value>True</value>
      </attribute>
    </attributes>
  </object>
  <object>
    <name>vehicule</name>
    <occluded>0</occluded>
    <bndbox>
      <xmin>230.89216694078948</xmin>
      <ymin>310.8177425986842</ymin>
      <xmax>592.7687294407909</xmax>
      <ymax>496.24528166118495</ymax>
    </bndbox>
    <attributes>
      <attribute>
        <name>track_id</name>
        <value>50</value>
      </attribute>
      <attribute>
        <name>keyframe</name>
        <value>True</value>
      </attribute>
    </attributes>
  </object>
  <object>
    <name>vehicule</name>
    <occluded>0</occluded>
    <bndbox>
      <xmin>862.949951171875</xmin>
      <ymin>823.8656005859375</ymin>
      <xmax>1374.5915039062493</xmax>
      <ymax>1146.448022460936</ymax>
    </bndbox>
    <attributes>
      <attribute>
        <name>track_id</name>
        <value>51</value>
      </attribute>
      <attribute>
        <name>keyframe</name>
        <value>True</value>
      </attribute>
    </attributes>
  </object>
  <object>
    <name>vehicule</name>
    <occluded>0</occluded>
    <bndbox>
      <xmin>363.3060302734375</xmin>
      <ymin>218.3681640625</ymin>
      <xmax>733.627905273439</xmax>
      <ymax>375.2941131591797</ymax>
    </bndbox>
    <attributes>
      <attribute>
        <name>track_id</name>
        <value>52</value>
      </attribute>
      <attribute>
        <name>keyframe</name>
        <value>True</value>
      </attribute>
    </attributes>
  </object>
  <object>
    <name>vehicule</name>
    <occluded>0</occluded>
    <bndbox>
      <xmin>907.769775390625</xmin>
      <ymin>351.5779785156253</ymin>
      <xmax>1286.0260253906254</xmax>
      <ymax>532.1451690673828</ymax>
    </bndbox>
    <attributes>
      <attribute>
        <name>track_id</name>
        <value>53</value>
      </attribute>
      <attribute>
        <name>keyframe</name>
        <value>True</value>
      </attribute>
    </attributes>
  </object>
  <object>
    <name>vehicule</name>
    <occluded>0</occluded>
    <bndbox>
      <xmin>1057.5389892578125</xmin>
      <ymin>642.2220458984375</ymin>
      <xmax>1526.649098205567</xmax>
      <ymax>878.2624999999989</ymax>
    </bndbox>
    <attributes>
      <attribute>
        <name>track_id</name>
        <value>54</value>
      </attribute>
      <attribute>
        <name>keyframe</name>
        <value>True</value>
      </attribute>
    </attributes>
  </object>
  <object>
    <name>vehicule</name>
    <occluded>0</occluded>
    <bndbox>
      <xmin>1349.9351806640625</xmin>
      <ymin>902.5800537109376</ymin>
      <xmax>1881.2025878906263</xmax>
      <ymax>1190.7932685852038</ymax>
    </bndbox>
    <attributes>
      <attribute>
        <name>track_id</name>
        <value>55</value>
      </attribute>
      <attribute>
        <name>keyframe</name>
        <value>True</value>
      </attribute>
    </attributes>
  </object>
  <object>
    <name>vehicule</name>
    <occluded>0</occluded>
    <bndbox>
      <xmin>1478.6369384765626</xmin>
      <ymin>613.7010009765627</ymin>
      <xmax>1941.2017822265625</xmax>
      <ymax>852.328419494628</ymax>
    </bndbox>
    <attributes>
      <attribute>
        <name>track_id</name>
        <value>56</value>
      </attribute>
      <attribute>
        <name>keyframe</name>
        <value>True</value>
      </attribute>
    </attributes>
  </object>
  <object>
    <name>vehicule</name>
    <occluded>0</occluded>
    <bndbox>
      <xmin>1689.65576171875</xmin>
      <ymin>878.184619140626</ymin>
      <xmax>2168.4766601562515</xmax>
      <ymax>1137.6057800292967</ymax>
    </bndbox>
    <attributes>
      <attribute>
        <name>track_id</name>
        <value>57</value>
      </attribute>
      <attribute>
        <name>keyframe</name>
        <value>True</value>
      </attribute>
    </attributes>
  </object>
  <object>
    <name>vehicule</name>
    <occluded>0</occluded>
    <bndbox>
      <xmin>1729.921630859375</xmin>
      <ymin>529.0625000000011</ymin>
      <xmax>2126.961401367187</xmax>
      <ymax>745.9980525970459</ymax>
    </bndbox>
    <attributes>
      <attribute>
        <name>track_id</name>
        <value>58</value>
      </attribute>
      <attribute>
        <name>keyframe</name>
        <value>True</value>
      </attribute>
    </attributes>
  </object>
  <object>
    <name>vehicule</name>
    <occluded>0</occluded>
    <bndbox>
      <xmin>754.459228515625</xmin>
      <ymin>422.9593505859375</ymin>
      <xmax>1108.7799316406254</xmax>
      <ymax>631.5380187988267</ymax>
    </bndbox>
    <attributes>
      <attribute>
        <name>track_id</name>
        <value>63</value>
      </attribute>
      <attribute>
        <name>keyframe</name>
        <value>True</value>
      </attribute>
    </attributes>
  </object>
</annotation>
