<annotation>
  <folder>frame</folder>
  <filename>frame_001613.jpg</filename>
  <source>
    <database>Unknown</database>
    <annotation>Unknown</annotation>
    <image>Unknown</image>
  </source>
  <size>
    <width>2456</width>
    <height>2054</height>
    <depth>3</depth>
  </size>
  <segmented>0</segmented>
  <object>
    <name>vehicule</name>
    <occluded>0</occluded>
    <bndbox>
      <xmin>209.17503255208334</xmin>
      <ymin>216.76227213541668</ymin>
      <xmax>514.1240559895822</xmax>
      <ymax>397.2897989908854</ymax>
    </bndbox>
    <attributes>
      <attribute>
        <name>track_id</name>
        <value>113</value>
      </attribute>
      <attribute>
        <name>keyframe</name>
        <value>True</value>
      </attribute>
    </attributes>
  </object>
  <object>
    <name>vehicule</name>
    <occluded>0</occluded>
    <bndbox>
      <xmin>0.0</xmin>
      <ymin>299.6474609375</ymin>
      <xmax>274.41933593749854</xmax>
      <ymax>526.8863281250015</ymax>
    </bndbox>
    <attributes>
      <attribute>
        <name>track_id</name>
        <value>114</value>
      </attribute>
      <attribute>
        <name>keyframe</name>
        <value>True</value>
      </attribute>
    </attributes>
  </object>
  <object>
    <name>vehicule</name>
    <occluded>0</occluded>
    <bndbox>
      <xmin>1803.9797656250005</xmin>
      <ymin>537.6400000000001</ymin>
      <xmax>2204.954929199218</xmax>
      <ymax>819.7821044921875</ymax>
    </bndbox>
    <attributes>
      <attribute>
        <name>track_id</name>
        <value>122</value>
      </attribute>
      <attribute>
        <name>keyframe</name>
        <value>True</value>
      </attribute>
    </attributes>
  </object>
</annotation>
