<annotation>
  <folder>frame</folder>
  <filename>frame_000310.jpg</filename>
  <source>
    <database>Unknown</database>
    <annotation>Unknown</annotation>
    <image>Unknown</image>
  </source>
  <size>
    <width>2456</width>
    <height>2054</height>
    <depth>3</depth>
  </size>
  <segmented>0</segmented>
  <object>
    <name>vehicule</name>
    <occluded>0</occluded>
    <bndbox>
      <xmin>1433.3400000000008</xmin>
      <ymin>186.190625</ymin>
      <xmax>1653.0701538085937</xmax>
      <ymax>395.75611816406234</ymax>
    </bndbox>
    <attributes>
      <attribute>
        <name>track_id</name>
        <value>21</value>
      </attribute>
      <attribute>
        <name>keyframe</name>
        <value>True</value>
      </attribute>
    </attributes>
  </object>
  <object>
    <name>vehicule</name>
    <occluded>0</occluded>
    <bndbox>
      <xmin>1840.520000000001</xmin>
      <ymin>581.9796875</ymin>
      <xmax>2253.7121459960936</xmax>
      <ymax>830.4156146240232</ymax>
    </bndbox>
    <attributes>
      <attribute>
        <name>track_id</name>
        <value>22</value>
      </attribute>
      <attribute>
        <name>keyframe</name>
        <value>True</value>
      </attribute>
    </attributes>
  </object>
</annotation>
