<annotation>
  <folder>frame</folder>
  <filename>frame_000114.jpg</filename>
  <source>
    <database>Unknown</database>
    <annotation>Unknown</annotation>
    <image>Unknown</image>
  </source>
  <size>
    <width>2456</width>
    <height>2054</height>
    <depth>3</depth>
  </size>
  <segmented>0</segmented>
  <object>
    <name>vehicule</name>
    <occluded>0</occluded>
    <bndbox>
      <xmin>1631.1552734375</xmin>
      <ymin>0.0</ymin>
      <xmax>1815.9388854980461</xmax>
      <ymax>136.60000000000036</ymax>
    </bndbox>
    <attributes>
      <attribute>
        <name>track_id</name>
        <value>5</value>
      </attribute>
      <attribute>
        <name>keyframe</name>
        <value>True</value>
      </attribute>
    </attributes>
  </object>
  <object>
    <name>vehicule</name>
    <occluded>0</occluded>
    <bndbox>
      <xmin>1266.3568638392858</xmin>
      <ymin>102.28138950892858</ymin>
      <xmax>1471.1238468715123</xmax>
      <ymax>283.68470982142856</ymax>
    </bndbox>
    <attributes>
      <attribute>
        <name>track_id</name>
        <value>6</value>
      </attribute>
      <attribute>
        <name>keyframe</name>
        <value>True</value>
      </attribute>
    </attributes>
  </object>
  <object>
    <name>vehicule</name>
    <occluded>0</occluded>
    <bndbox>
      <xmin>439.771484375</xmin>
      <ymin>378.3890904017857</ymin>
      <xmax>821.9000000000002</xmax>
      <ymax>923.8714285714289</ymax>
    </bndbox>
    <attributes>
      <attribute>
        <name>track_id</name>
        <value>7</value>
      </attribute>
      <attribute>
        <name>keyframe</name>
        <value>True</value>
      </attribute>
    </attributes>
  </object>
  <object>
    <name>vehicule</name>
    <occluded>0</occluded>
    <bndbox>
      <xmin>1026.180943080357</xmin>
      <ymin>699.8186941964286</ymin>
      <xmax>1316.942836216518</xmax>
      <ymax>1007.8025739397334</ymax>
    </bndbox>
    <attributes>
      <attribute>
        <name>track_id</name>
        <value>8</value>
      </attribute>
      <attribute>
        <name>keyframe</name>
        <value>True</value>
      </attribute>
    </attributes>
  </object>
  <object>
    <name>vehicule</name>
    <occluded>0</occluded>
    <bndbox>
      <xmin>1664.5714285714294</xmin>
      <ymin>461.42857142857144</ymin>
      <xmax>1965.8040204729352</xmax>
      <ymax>684.8854152134487</ymax>
    </bndbox>
    <attributes>
      <attribute>
        <name>track_id</name>
        <value>9</value>
      </attribute>
      <attribute>
        <name>keyframe</name>
        <value>True</value>
      </attribute>
    </attributes>
  </object>
  <object>
    <name>vehicule</name>
    <occluded>0</occluded>
    <bndbox>
      <xmin>0.0</xmin>
      <ymin>1367.9407552083333</ymin>
      <xmax>436.57451782226656</xmax>
      <ymax>1760.4122070312503</ymax>
    </bndbox>
    <attributes>
      <attribute>
        <name>track_id</name>
        <value>10</value>
      </attribute>
      <attribute>
        <name>keyframe</name>
        <value>True</value>
      </attribute>
    </attributes>
  </object>
</annotation>
