<annotation>
  <folder>frame</folder>
  <filename>frame_001111.jpg</filename>
  <source>
    <database>Unknown</database>
    <annotation>Unknown</annotation>
    <image>Unknown</image>
  </source>
  <size>
    <width>2456</width>
    <height>2054</height>
    <depth>3</depth>
  </size>
  <segmented>0</segmented>
  <object>
    <name>vehicule</name>
    <occluded>0</occluded>
    <bndbox>
      <xmin>0.0</xmin>
      <ymin>237.2919921875</ymin>
      <xmax>580.9867187500004</xmax>
      <ymax>660.0367187500015</ymax>
    </bndbox>
    <attributes>
      <attribute>
        <name>track_id</name>
        <value>85</value>
      </attribute>
      <attribute>
        <name>keyframe</name>
        <value>True</value>
      </attribute>
    </attributes>
  </object>
  <object>
    <name>vehicule</name>
    <occluded>0</occluded>
    <bndbox>
      <xmin>688.0884850543479</xmin>
      <ymin>423.496076766305</ymin>
      <xmax>1052.3841032608693</xmax>
      <ymax>655.1793345575741</ymax>
    </bndbox>
    <attributes>
      <attribute>
        <name>track_id</name>
        <value>87</value>
      </attribute>
      <attribute>
        <name>keyframe</name>
        <value>True</value>
      </attribute>
    </attributes>
  </object>
  <object>
    <name>vehicule</name>
    <occluded>0</occluded>
    <bndbox>
      <xmin>1601.9853160511373</xmin>
      <ymin>260.14557883522764</ymin>
      <xmax>1752.6128207120034</xmax>
      <ymax>446.77219999679403</ymax>
    </bndbox>
    <attributes>
      <attribute>
        <name>track_id</name>
        <value>88</value>
      </attribute>
      <attribute>
        <name>keyframe</name>
        <value>True</value>
      </attribute>
    </attributes>
  </object>
</annotation>
