<annotation>
  <folder>frame</folder>
  <filename>frame_000384.jpg</filename>
  <source>
    <database>Unknown</database>
    <annotation>Unknown</annotation>
    <image>Unknown</image>
  </source>
  <size>
    <width>2456</width>
    <height>2054</height>
    <depth>3</depth>
  </size>
  <segmented>0</segmented>
  <object>
    <name>vehicule</name>
    <occluded>0</occluded>
    <bndbox>
      <xmin>1513.3087890625</xmin>
      <ymin>125.07265625</ymin>
      <xmax>1698.2607788085938</xmax>
      <ymax>301.4604544899692</ymax>
    </bndbox>
    <attributes>
      <attribute>
        <name>track_id</name>
        <value>24</value>
      </attribute>
      <attribute>
        <name>keyframe</name>
        <value>True</value>
      </attribute>
    </attributes>
  </object>
  <object>
    <name>vehicule</name>
    <occluded>0</occluded>
    <bndbox>
      <xmin>1875.0600000000006</xmin>
      <ymin>607.7566015625001</ymin>
      <xmax>2289.4302307128905</xmax>
      <ymax>863.7985413152517</ymax>
    </bndbox>
    <attributes>
      <attribute>
        <name>track_id</name>
        <value>25</value>
      </attribute>
      <attribute>
        <name>keyframe</name>
        <value>True</value>
      </attribute>
    </attributes>
  </object>
</annotation>
