<annotation>
  <folder>frame</folder>
  <filename>frame_000422.jpg</filename>
  <source>
    <database>Unknown</database>
    <annotation>Unknown</annotation>
    <image>Unknown</image>
  </source>
  <size>
    <width>2456</width>
    <height>2054</height>
    <depth>3</depth>
  </size>
  <segmented>0</segmented>
  <object>
    <name>vehicule</name>
    <occluded>0</occluded>
    <bndbox>
      <xmin>1616.9464111328125</xmin>
      <ymin>9.664306640625</ymin>
      <xmax>1801.1575378417965</xmax>
      <ymax>162.4993896484375</ymax>
    </bndbox>
    <attributes>
      <attribute>
        <name>track_id</name>
        <value>25</value>
      </attribute>
      <attribute>
        <name>keyframe</name>
        <value>True</value>
      </attribute>
    </attributes>
  </object>
  <object>
    <name>vehicule</name>
    <occluded>0</occluded>
    <bndbox>
      <xmin>2165.5146484375</xmin>
      <ymin>777.5087890625</ymin>
      <xmax>2456.0</xmax>
      <ymax>1029.0719299316406</ymax>
    </bndbox>
    <attributes>
      <attribute>
        <name>track_id</name>
        <value>26</value>
      </attribute>
      <attribute>
        <name>keyframe</name>
        <value>True</value>
      </attribute>
    </attributes>
  </object>
</annotation>
