<annotation>
  <folder>frame</folder>
  <filename>frame_001070.jpg</filename>
  <source>
    <database>Unknown</database>
    <annotation>Unknown</annotation>
    <image>Unknown</image>
  </source>
  <size>
    <width>2456</width>
    <height>2054</height>
    <depth>3</depth>
  </size>
  <segmented>0</segmented>
  <object>
    <name>vehicule</name>
    <occluded>0</occluded>
    <bndbox>
      <xmin>0.0</xmin>
      <ymin>367.4501953125</ymin>
      <xmax>296.96712036132703</xmax>
      <ymax>571.2578125</ymax>
    </bndbox>
    <attributes>
      <attribute>
        <name>track_id</name>
        <value>81</value>
      </attribute>
      <attribute>
        <name>keyframe</name>
        <value>True</value>
      </attribute>
    </attributes>
  </object>
  <object>
    <name>vehicule</name>
    <occluded>0</occluded>
    <bndbox>
      <xmin>56.20166015625</xmin>
      <ymin>224.3000000000011</ymin>
      <xmax>434.44497070312536</xmax>
      <ymax>427.26616287231445</ymax>
    </bndbox>
    <attributes>
      <attribute>
        <name>track_id</name>
        <value>82</value>
      </attribute>
      <attribute>
        <name>keyframe</name>
        <value>True</value>
      </attribute>
    </attributes>
  </object>
  <object>
    <name>vehicule</name>
    <occluded>0</occluded>
    <bndbox>
      <xmin>330.0602539062502</xmin>
      <ymin>503.1220703125</ymin>
      <xmax>680.5158874511717</xmax>
      <ymax>700.2017578125015</ymax>
    </bndbox>
    <attributes>
      <attribute>
        <name>track_id</name>
        <value>83</value>
      </attribute>
      <attribute>
        <name>keyframe</name>
        <value>True</value>
      </attribute>
    </attributes>
  </object>
  <object>
    <name>vehicule</name>
    <occluded>0</occluded>
    <bndbox>
      <xmin>521.0673828125</xmin>
      <ymin>413.69189453125</ymin>
      <xmax>933.6886718750011</xmax>
      <ymax>618.4918945312511</ymax>
    </bndbox>
    <attributes>
      <attribute>
        <name>track_id</name>
        <value>84</value>
      </attribute>
      <attribute>
        <name>keyframe</name>
        <value>True</value>
      </attribute>
    </attributes>
  </object>
  <object>
    <name>vehicule</name>
    <occluded>0</occluded>
    <bndbox>
      <xmin>753.3</xmin>
      <ymin>567.1767578125</ymin>
      <xmax>1475.681005859375</xmax>
      <ymax>1105.5200000000004</ymax>
    </bndbox>
    <attributes>
      <attribute>
        <name>track_id</name>
        <value>85</value>
      </attribute>
      <attribute>
        <name>keyframe</name>
        <value>True</value>
      </attribute>
    </attributes>
  </object>
  <object>
    <name>vehicule</name>
    <occluded>0</occluded>
    <bndbox>
      <xmin>573.349609375</xmin>
      <ymin>227.20000000000073</ymin>
      <xmax>999.7496093750015</xmax>
      <ymax>442.4380187988281</ymax>
    </bndbox>
    <attributes>
      <attribute>
        <name>track_id</name>
        <value>86</value>
      </attribute>
      <attribute>
        <name>keyframe</name>
        <value>True</value>
      </attribute>
    </attributes>
  </object>
</annotation>
