<annotation>
  <folder>frame</folder>
  <filename>frame_001756.jpg</filename>
  <source>
    <database>Unknown</database>
    <annotation>Unknown</annotation>
    <image>Unknown</image>
  </source>
  <size>
    <width>2456</width>
    <height>2054</height>
    <depth>3</depth>
  </size>
  <segmented>0</segmented>
  <object>
    <name>vehicule</name>
    <occluded>0</occluded>
    <bndbox>
      <xmin>1657.207161458334</xmin>
      <ymin>144.81803385416669</ymin>
      <xmax>1777.3598093668618</xmax>
      <ymax>323.8315104166656</ymax>
    </bndbox>
    <attributes>
      <attribute>
        <name>track_id</name>
        <value>126</value>
      </attribute>
      <attribute>
        <name>keyframe</name>
        <value>True</value>
      </attribute>
    </attributes>
  </object>
  <object>
    <name>vehicule</name>
    <occluded>0</occluded>
    <bndbox>
      <xmin>724.8938476562507</xmin>
      <ymin>764.21240234375</ymin>
      <xmax>1181.3241699218743</xmax>
      <ymax>1070.33935546875</ymax>
    </bndbox>
    <attributes>
      <attribute>
        <name>track_id</name>
        <value>128</value>
      </attribute>
      <attribute>
        <name>keyframe</name>
        <value>True</value>
      </attribute>
    </attributes>
  </object>
  <object>
    <name>vehicule</name>
    <occluded>0</occluded>
    <bndbox>
      <xmin>1326.5201171875005</xmin>
      <ymin>163.90283203125</ymin>
      <xmax>1541.8162094116205</xmax>
      <ymax>363.6165039062507</ymax>
    </bndbox>
    <attributes>
      <attribute>
        <name>track_id</name>
        <value>129</value>
      </attribute>
      <attribute>
        <name>keyframe</name>
        <value>True</value>
      </attribute>
    </attributes>
  </object>
  <object>
    <name>vehicule</name>
    <occluded>0</occluded>
    <bndbox>
      <xmin>588.8000000000002</xmin>
      <ymin>445.58203125</ymin>
      <xmax>960.863037109375</xmax>
      <ymax>690.6293365478514</ymax>
    </bndbox>
    <attributes>
      <attribute>
        <name>track_id</name>
        <value>130</value>
      </attribute>
      <attribute>
        <name>keyframe</name>
        <value>True</value>
      </attribute>
    </attributes>
  </object>
  <object>
    <name>vehicule</name>
    <occluded>0</occluded>
    <bndbox>
      <xmin>1545.6610351562504</xmin>
      <ymin>923.755859375</ymin>
      <xmax>2113.645208740234</xmax>
      <ymax>1242.7696472167954</ymax>
    </bndbox>
    <attributes>
      <attribute>
        <name>track_id</name>
        <value>131</value>
      </attribute>
      <attribute>
        <name>keyframe</name>
        <value>True</value>
      </attribute>
    </attributes>
  </object>
  <object>
    <name>vehicule</name>
    <occluded>0</occluded>
    <bndbox>
      <xmin>1645.5709960937502</xmin>
      <ymin>1273.8916015625</ymin>
      <xmax>2309.47099609375</xmax>
      <ymax>1660.3133239746094</ymax>
    </bndbox>
    <attributes>
      <attribute>
        <name>track_id</name>
        <value>132</value>
      </attribute>
      <attribute>
        <name>keyframe</name>
        <value>True</value>
      </attribute>
    </attributes>
  </object>
</annotation>
