<annotation>
  <folder>frame</folder>
  <filename>frame_000352.jpg</filename>
  <source>
    <database>Unknown</database>
    <annotation>Unknown</annotation>
    <image>Unknown</image>
  </source>
  <size>
    <width>2456</width>
    <height>2054</height>
    <depth>3</depth>
  </size>
  <segmented>0</segmented>
  <object>
    <name>vehicule</name>
    <occluded>0</occluded>
    <bndbox>
      <xmin>1408.6230769230772</xmin>
      <ymin>276.1166165865388</ymin>
      <xmax>1675.374732384315</xmax>
      <ymax>492.2338454026442</ymax>
    </bndbox>
    <attributes>
      <attribute>
        <name>track_id</name>
        <value>23</value>
      </attribute>
      <attribute>
        <name>keyframe</name>
        <value>True</value>
      </attribute>
    </attributes>
  </object>
</annotation>
