<annotation>
  <folder>frame</folder>
  <filename>frame_001296.jpg</filename>
  <source>
    <database>Unknown</database>
    <annotation>Unknown</annotation>
    <image>Unknown</image>
  </source>
  <size>
    <width>2456</width>
    <height>2054</height>
    <depth>3</depth>
  </size>
  <segmented>0</segmented>
  <object>
    <name>vehicule</name>
    <occluded>0</occluded>
    <bndbox>
      <xmin>0.0</xmin>
      <ymin>129.9853515625</ymin>
      <xmax>249.746337890625</xmax>
      <ymax>308.4549741956932</ymax>
    </bndbox>
    <attributes>
      <attribute>
        <name>track_id</name>
        <value>90</value>
      </attribute>
      <attribute>
        <name>keyframe</name>
        <value>True</value>
      </attribute>
    </attributes>
  </object>
  <object>
    <name>vehicule</name>
    <occluded>0</occluded>
    <bndbox>
      <xmin>1464.2587890625</xmin>
      <ymin>51.908203125</ymin>
      <xmax>1675.8766174316406</xmax>
      <ymax>199.3000000000011</ymax>
    </bndbox>
    <attributes>
      <attribute>
        <name>track_id</name>
        <value>100</value>
      </attribute>
      <attribute>
        <name>keyframe</name>
        <value>True</value>
      </attribute>
    </attributes>
  </object>
  <object>
    <name>vehicule</name>
    <occluded>0</occluded>
    <bndbox>
      <xmin>1400.4540039062504</xmin>
      <ymin>244.87861328125018</ymin>
      <xmax>1619.708779907227</xmax>
      <ymax>449.68359375</ymax>
    </bndbox>
    <attributes>
      <attribute>
        <name>track_id</name>
        <value>102</value>
      </attribute>
      <attribute>
        <name>keyframe</name>
        <value>True</value>
      </attribute>
    </attributes>
  </object>
  <object>
    <name>vehicule</name>
    <occluded>0</occluded>
    <bndbox>
      <xmin>1073.8096679687505</xmin>
      <ymin>272.9541015625</ymin>
      <xmax>1324.2328094482418</xmax>
      <ymax>504.2500000000009</ymax>
    </bndbox>
    <attributes>
      <attribute>
        <name>track_id</name>
        <value>103</value>
      </attribute>
      <attribute>
        <name>keyframe</name>
        <value>True</value>
      </attribute>
    </attributes>
  </object>
  <object>
    <name>vehicule</name>
    <occluded>0</occluded>
    <bndbox>
      <xmin>1350.6146484375004</xmin>
      <ymin>518.76513671875</ymin>
      <xmax>1594.920614624024</xmax>
      <ymax>756.2500000000009</ymax>
    </bndbox>
    <attributes>
      <attribute>
        <name>track_id</name>
        <value>104</value>
      </attribute>
      <attribute>
        <name>keyframe</name>
        <value>True</value>
      </attribute>
    </attributes>
  </object>
  <object>
    <name>vehicule</name>
    <occluded>0</occluded>
    <bndbox>
      <xmin>1848.500000000001</xmin>
      <ymin>582.6181640625</ymin>
      <xmax>2242.819046020508</xmax>
      <ymax>847.1139526367188</ymax>
    </bndbox>
    <attributes>
      <attribute>
        <name>track_id</name>
        <value>105</value>
      </attribute>
      <attribute>
        <name>keyframe</name>
        <value>True</value>
      </attribute>
    </attributes>
  </object>
  <object>
    <name>vehicule</name>
    <occluded>0</occluded>
    <bndbox>
      <xmin>452.8154296875</xmin>
      <ymin>598.1604492187507</ymin>
      <xmax>788.9000000000005</xmax>
      <ymax>1004.2422821044929</ymax>
    </bndbox>
    <attributes>
      <attribute>
        <name>track_id</name>
        <value>106</value>
      </attribute>
      <attribute>
        <name>keyframe</name>
        <value>True</value>
      </attribute>
    </attributes>
  </object>
  <object>
    <name>vehicule</name>
    <occluded>0</occluded>
    <bndbox>
      <xmin>955.421875</xmin>
      <ymin>845.6000000000004</ymin>
      <xmax>1316.3500000000013</xmax>
      <ymax>1210.614501953125</ymax>
    </bndbox>
    <attributes>
      <attribute>
        <name>track_id</name>
        <value>107</value>
      </attribute>
      <attribute>
        <name>keyframe</name>
        <value>True</value>
      </attribute>
    </attributes>
  </object>
  <object>
    <name>vehicule</name>
    <occluded>0</occluded>
    <bndbox>
      <xmin>557.06640625</xmin>
      <ymin>1324.800000000001</ymin>
      <xmax>1072.1000000000004</xmax>
      <ymax>1772.3524475097656</ymax>
    </bndbox>
    <attributes>
      <attribute>
        <name>track_id</name>
        <value>108</value>
      </attribute>
      <attribute>
        <name>keyframe</name>
        <value>True</value>
      </attribute>
    </attributes>
  </object>
  <object>
    <name>vehicule</name>
    <occluded>0</occluded>
    <bndbox>
      <xmin>4.9765625</xmin>
      <ymin>1409.166015625</ymin>
      <xmax>331.7492980957031</xmax>
      <ymax>1785.7326965332031</ymax>
    </bndbox>
    <attributes>
      <attribute>
        <name>track_id</name>
        <value>109</value>
      </attribute>
      <attribute>
        <name>keyframe</name>
        <value>True</value>
      </attribute>
    </attributes>
  </object>
</annotation>
