<annotation>
  <folder>frame</folder>
  <filename>frame_001244.jpg</filename>
  <source>
    <database>Unknown</database>
    <annotation>Unknown</annotation>
    <image>Unknown</image>
  </source>
  <size>
    <width>2456</width>
    <height>2054</height>
    <depth>3</depth>
  </size>
  <segmented>0</segmented>
  <object>
    <name>vehicule</name>
    <occluded>0</occluded>
    <bndbox>
      <xmin>0.0</xmin>
      <ymin>129.9853515625</ymin>
      <xmax>249.746337890625</xmax>
      <ymax>311.8608400132919</ymax>
    </bndbox>
    <attributes>
      <attribute>
        <name>track_id</name>
        <value>90</value>
      </attribute>
      <attribute>
        <name>keyframe</name>
        <value>True</value>
      </attribute>
    </attributes>
  </object>
  <object>
    <name>vehicule</name>
    <occluded>0</occluded>
    <bndbox>
      <xmin>1530.512416294643</xmin>
      <ymin>105.15343191964348</ymin>
      <xmax>1729.6407518659305</xmax>
      <ymax>334.5630580357143</ymax>
    </bndbox>
    <attributes>
      <attribute>
        <name>track_id</name>
        <value>96</value>
      </attribute>
      <attribute>
        <name>keyframe</name>
        <value>True</value>
      </attribute>
    </attributes>
  </object>
  <object>
    <name>vehicule</name>
    <occluded>0</occluded>
    <bndbox>
      <xmin>791.5333333333347</xmin>
      <ymin>602.1883138020833</ymin>
      <xmax>1085.9314219156902</xmax>
      <ymax>870.2501037597655</ymax>
    </bndbox>
    <attributes>
      <attribute>
        <name>track_id</name>
        <value>97</value>
      </attribute>
      <attribute>
        <name>keyframe</name>
        <value>True</value>
      </attribute>
    </attributes>
  </object>
  <object>
    <name>vehicule</name>
    <occluded>0</occluded>
    <bndbox>
      <xmin>1213.388895089287</xmin>
      <ymin>974.7720145089293</ymin>
      <xmax>1397.0071376255582</xmax>
      <ymax>1237.6898489815849</ymax>
    </bndbox>
    <attributes>
      <attribute>
        <name>track_id</name>
        <value>98</value>
      </attribute>
      <attribute>
        <name>keyframe</name>
        <value>True</value>
      </attribute>
    </attributes>
  </object>
  <object>
    <name>vehicule</name>
    <occluded>0</occluded>
    <bndbox>
      <xmin>1768.175618489584</xmin>
      <ymin>557.7060546875006</ymin>
      <xmax>2126.633533732096</xmax>
      <ymax>766.7217722574869</ymax>
    </bndbox>
    <attributes>
      <attribute>
        <name>track_id</name>
        <value>99</value>
      </attribute>
      <attribute>
        <name>keyframe</name>
        <value>True</value>
      </attribute>
    </attributes>
  </object>
  <object>
    <name>vehicule</name>
    <occluded>0</occluded>
    <bndbox>
      <xmin>502.0875651041667</xmin>
      <ymin>1428.0166666666673</ymin>
      <xmax>1130.216666666667</xmax>
      <ymax>1859.4920196533203</ymax>
    </bndbox>
    <attributes>
      <attribute>
        <name>track_id</name>
        <value>100</value>
      </attribute>
      <attribute>
        <name>keyframe</name>
        <value>True</value>
      </attribute>
    </attributes>
  </object>
  <object>
    <name>vehicule</name>
    <occluded>0</occluded>
    <bndbox>
      <xmin>155.60628255208334</xmin>
      <ymin>1143.3146158854179</ymin>
      <xmax>657.6881866455078</xmax>
      <ymax>1522.9658711751301</ymax>
    </bndbox>
    <attributes>
      <attribute>
        <name>track_id</name>
        <value>101</value>
      </attribute>
      <attribute>
        <name>keyframe</name>
        <value>True</value>
      </attribute>
    </attributes>
  </object>
</annotation>
