<annotation>
  <folder>frame</folder>
  <filename>frame_000721.jpg</filename>
  <source>
    <database>Unknown</database>
    <annotation>Unknown</annotation>
    <image>Unknown</image>
  </source>
  <size>
    <width>2456</width>
    <height>2054</height>
    <depth>3</depth>
  </size>
  <segmented>0</segmented>
  <object>
    <name>vehicule</name>
    <occluded>0</occluded>
    <bndbox>
      <xmin>72.2373046875</xmin>
      <ymin>422.90283203125</ymin>
      <xmax>467.77901000976544</xmax>
      <ymax>619.8633789062515</ymax>
    </bndbox>
    <attributes>
      <attribute>
        <name>track_id</name>
        <value>41</value>
      </attribute>
      <attribute>
        <name>keyframe</name>
        <value>True</value>
      </attribute>
    </attributes>
  </object>
  <object>
    <name>vehicule</name>
    <occluded>0</occluded>
    <bndbox>
      <xmin>0.0</xmin>
      <ymin>147.05924479166666</ymin>
      <xmax>311.5065104166679</xmax>
      <ymax>290.5504557291667</ymax>
    </bndbox>
    <attributes>
      <attribute>
        <name>track_id</name>
        <value>45</value>
      </attribute>
      <attribute>
        <name>keyframe</name>
        <value>True</value>
      </attribute>
    </attributes>
  </object>
  <object>
    <name>vehicule</name>
    <occluded>0</occluded>
    <bndbox>
      <xmin>60.63134765625</xmin>
      <ymin>277.2815755208333</ymin>
      <xmax>403.51760965983067</xmax>
      <ymax>427.63951772054105</ymax>
    </bndbox>
    <attributes>
      <attribute>
        <name>track_id</name>
        <value>47</value>
      </attribute>
      <attribute>
        <name>keyframe</name>
        <value>True</value>
      </attribute>
    </attributes>
  </object>
  <object>
    <name>vehicule</name>
    <occluded>0</occluded>
    <bndbox>
      <xmin>609.2589843750002</xmin>
      <ymin>623.7177734375</ymin>
      <xmax>1026.0810119628904</xmax>
      <ymax>921.1394531250007</ymax>
    </bndbox>
    <attributes>
      <attribute>
        <name>track_id</name>
        <value>48</value>
      </attribute>
      <attribute>
        <name>keyframe</name>
        <value>True</value>
      </attribute>
    </attributes>
  </object>
  <object>
    <name>vehicule</name>
    <occluded>0</occluded>
    <bndbox>
      <xmin>359.03190104166663</xmin>
      <ymin>220.20475260416666</ymin>
      <xmax>725.6893229166659</xmax>
      <ymax>412.50319010416814</ymax>
    </bndbox>
    <attributes>
      <attribute>
        <name>track_id</name>
        <value>49</value>
      </attribute>
      <attribute>
        <name>keyframe</name>
        <value>True</value>
      </attribute>
    </attributes>
  </object>
  <object>
    <name>vehicule</name>
    <occluded>0</occluded>
    <bndbox>
      <xmin>584.31689453125</xmin>
      <ymin>430.03623046875055</ymin>
      <xmax>979.2051757812505</xmax>
      <ymax>629.7099548339847</ymax>
    </bndbox>
    <attributes>
      <attribute>
        <name>track_id</name>
        <value>50</value>
      </attribute>
      <attribute>
        <name>keyframe</name>
        <value>True</value>
      </attribute>
    </attributes>
  </object>
  <object>
    <name>vehicule</name>
    <occluded>0</occluded>
    <bndbox>
      <xmin>1088.6000000000004</xmin>
      <ymin>944.7688476562507</ymin>
      <xmax>1623.563232421875</xmax>
      <ymax>1277.7412109375</ymax>
    </bndbox>
    <attributes>
      <attribute>
        <name>track_id</name>
        <value>51</value>
      </attribute>
      <attribute>
        <name>keyframe</name>
        <value>True</value>
      </attribute>
    </attributes>
  </object>
  <object>
    <name>vehicule</name>
    <occluded>0</occluded>
    <bndbox>
      <xmin>1309.2500976562505</xmin>
      <ymin>539.2500000000009</ymin>
      <xmax>1730.172064208984</xmax>
      <ymax>762.3652877807617</ymax>
    </bndbox>
    <attributes>
      <attribute>
        <name>track_id</name>
        <value>52</value>
      </attribute>
      <attribute>
        <name>keyframe</name>
        <value>True</value>
      </attribute>
    </attributes>
  </object>
  <object>
    <name>vehicule</name>
    <occluded>0</occluded>
    <bndbox>
      <xmin>1977.998046875</xmin>
      <ymin>781.79541015625</ymin>
      <xmax>2359.8500000000004</xmax>
      <ymax>1029.13550039438</ymax>
    </bndbox>
    <attributes>
      <attribute>
        <name>track_id</name>
        <value>53</value>
      </attribute>
      <attribute>
        <name>keyframe</name>
        <value>True</value>
      </attribute>
    </attributes>
  </object>
  <object>
    <name>vehicule</name>
    <occluded>0</occluded>
    <bndbox>
      <xmin>1351.9000000000005</xmin>
      <ymin>728.0500000000011</ymin>
      <xmax>1782.74462890625</xmax>
      <ymax>988.4586486816406</ymax>
    </bndbox>
    <attributes>
      <attribute>
        <name>track_id</name>
        <value>63</value>
      </attribute>
      <attribute>
        <name>keyframe</name>
        <value>True</value>
      </attribute>
    </attributes>
  </object>
</annotation>
