<annotation>
  <folder>frame</folder>
  <filename>frame_001165.jpg</filename>
  <source>
    <database>Unknown</database>
    <annotation>Unknown</annotation>
    <image>Unknown</image>
  </source>
  <size>
    <width>2456</width>
    <height>2054</height>
    <depth>3</depth>
  </size>
  <segmented>0</segmented>
  <object>
    <name>vehicule</name>
    <occluded>0</occluded>
    <bndbox>
      <xmin>399.64453125</xmin>
      <ymin>1023.2000000000007</ymin>
      <xmax>798.9000000000015</xmax>
      <ymax>1388.3213806152344</ymax>
    </bndbox>
    <attributes>
      <attribute>
        <name>track_id</name>
        <value>106</value>
      </attribute>
      <attribute>
        <name>keyframe</name>
        <value>True</value>
      </attribute>
    </attributes>
  </object>
  <object>
    <name>vehicule</name>
    <occluded>0</occluded>
    <bndbox>
      <xmin>1838.2000000000007</xmin>
      <ymin>595.13671875</ymin>
      <xmax>2215.432403564453</xmax>
      <ymax>863.0892761230461</ymax>
    </bndbox>
    <attributes>
      <attribute>
        <name>track_id</name>
        <value>107</value>
      </attribute>
      <attribute>
        <name>keyframe</name>
        <value>True</value>
      </attribute>
    </attributes>
  </object>
</annotation>
