<annotation>
  <folder>frame</folder>
  <filename>frame_001093.jpg</filename>
  <source>
    <database>Unknown</database>
    <annotation>Unknown</annotation>
    <image>Unknown</image>
  </source>
  <size>
    <width>2456</width>
    <height>2054</height>
    <depth>3</depth>
  </size>
  <segmented>0</segmented>
  <object>
    <name>vehicule</name>
    <occluded>0</occluded>
    <bndbox>
      <xmin>4.816650390625</xmin>
      <ymin>363.273193359375</ymin>
      <xmax>328.3916870117173</xmax>
      <ymax>580.9472167968761</ymax>
    </bndbox>
    <attributes>
      <attribute>
        <name>track_id</name>
        <value>98</value>
      </attribute>
      <attribute>
        <name>keyframe</name>
        <value>True</value>
      </attribute>
    </attributes>
  </object>
  <object>
    <name>vehicule</name>
    <occluded>0</occluded>
    <bndbox>
      <xmin>0.0</xmin>
      <ymin>273.9951171875</ymin>
      <xmax>342.3128845214833</xmax>
      <ymax>434.56389465331995</ymax>
    </bndbox>
    <attributes>
      <attribute>
        <name>track_id</name>
        <value>99</value>
      </attribute>
      <attribute>
        <name>keyframe</name>
        <value>True</value>
      </attribute>
    </attributes>
  </object>
  <object>
    <name>vehicule</name>
    <occluded>0</occluded>
    <bndbox>
      <xmin>352.5341045673077</xmin>
      <ymin>381.0392878605769</ymin>
      <xmax>963.410117750901</xmax>
      <ymax>844.293389423078</ymax>
    </bndbox>
    <attributes>
      <attribute>
        <name>track_id</name>
        <value>100</value>
      </attribute>
      <attribute>
        <name>keyframe</name>
        <value>True</value>
      </attribute>
    </attributes>
  </object>
  <object>
    <name>vehicule</name>
    <occluded>0</occluded>
    <bndbox>
      <xmin>1219.3018415178585</xmin>
      <ymin>609.1508091517858</ymin>
      <xmax>1630.314874267578</xmax>
      <ymax>868.6836643763941</ymax>
    </bndbox>
    <attributes>
      <attribute>
        <name>track_id</name>
        <value>103</value>
      </attribute>
      <attribute>
        <name>keyframe</name>
        <value>True</value>
      </attribute>
    </attributes>
  </object>
  <object>
    <name>vehicule</name>
    <occluded>0</occluded>
    <bndbox>
      <xmin>2186.9445529513887</xmin>
      <ymin>708.8205295138889</ymin>
      <xmax>2354.9103732638887</xmax>
      <ymax>922.7831302218967</ymax>
    </bndbox>
    <attributes>
      <attribute>
        <name>track_id</name>
        <value>104</value>
      </attribute>
      <attribute>
        <name>keyframe</name>
        <value>True</value>
      </attribute>
    </attributes>
  </object>
</annotation>
