<annotation>
  <folder>frame</folder>
  <filename>frame_001300.jpg</filename>
  <source>
    <database>Unknown</database>
    <annotation>Unknown</annotation>
    <image>Unknown</image>
  </source>
  <size>
    <width>2456</width>
    <height>2054</height>
    <depth>3</depth>
  </size>
  <segmented>0</segmented>
  <object>
    <name>vehicule</name>
    <occluded>0</occluded>
    <bndbox>
      <xmin>0.0</xmin>
      <ymin>151.83449119857596</ymin>
      <xmax>301.33518035502374</xmax>
      <ymax>346.1101381712315</ymax>
    </bndbox>
    <attributes>
      <attribute>
        <name>track_id</name>
        <value>106</value>
      </attribute>
      <attribute>
        <name>keyframe</name>
        <value>True</value>
      </attribute>
    </attributes>
  </object>
  <object>
    <name>vehicule</name>
    <occluded>0</occluded>
    <bndbox>
      <xmin>1571.625732421875</xmin>
      <ymin>13.12939453125</ymin>
      <xmax>1775.410888671875</xmax>
      <ymax>149.5243652343761</ymax>
    </bndbox>
    <attributes>
      <attribute>
        <name>track_id</name>
        <value>119</value>
      </attribute>
      <attribute>
        <name>keyframe</name>
        <value>True</value>
      </attribute>
    </attributes>
  </object>
  <object>
    <name>vehicule</name>
    <occluded>0</occluded>
    <bndbox>
      <xmin>1456.7232812500006</xmin>
      <ymin>167.141796875</ymin>
      <xmax>1649.833629760742</xmax>
      <ymax>362.8550781250004</ymax>
    </bndbox>
    <attributes>
      <attribute>
        <name>track_id</name>
        <value>122</value>
      </attribute>
      <attribute>
        <name>keyframe</name>
        <value>True</value>
      </attribute>
    </attributes>
  </object>
  <object>
    <name>vehicule</name>
    <occluded>0</occluded>
    <bndbox>
      <xmin>1158.4213281250006</xmin>
      <ymin>193.7302734375</ymin>
      <xmax>1388.132476196289</xmax>
      <ymax>421.2263671875</ymax>
    </bndbox>
    <attributes>
      <attribute>
        <name>track_id</name>
        <value>123</value>
      </attribute>
      <attribute>
        <name>keyframe</name>
        <value>True</value>
      </attribute>
    </attributes>
  </object>
  <object>
    <name>vehicule</name>
    <occluded>0</occluded>
    <bndbox>
      <xmin>1391.8559765625002</xmin>
      <ymin>447.6837890625</ymin>
      <xmax>1604.4290417480468</xmax>
      <ymax>655.4400000000002</ymax>
    </bndbox>
    <attributes>
      <attribute>
        <name>track_id</name>
        <value>124</value>
      </attribute>
      <attribute>
        <name>keyframe</name>
        <value>True</value>
      </attribute>
    </attributes>
  </object>
  <object>
    <name>vehicule</name>
    <occluded>0</occluded>
    <bndbox>
      <xmin>498.41875</xmin>
      <ymin>530.4204687500002</ymin>
      <xmax>811.3849414062497</xmax>
      <ymax>903.464453125</ymax>
    </bndbox>
    <attributes>
      <attribute>
        <name>track_id</name>
        <value>125</value>
      </attribute>
      <attribute>
        <name>keyframe</name>
        <value>True</value>
      </attribute>
    </attributes>
  </object>
  <object>
    <name>vehicule</name>
    <occluded>0</occluded>
    <bndbox>
      <xmin>1823.3990625000001</xmin>
      <ymin>542.18984375</ymin>
      <xmax>2223.246290283202</xmax>
      <ymax>805.6246130371088</ymax>
    </bndbox>
    <attributes>
      <attribute>
        <name>track_id</name>
        <value>126</value>
      </attribute>
      <attribute>
        <name>keyframe</name>
        <value>True</value>
      </attribute>
    </attributes>
  </object>
  <object>
    <name>vehicule</name>
    <occluded>0</occluded>
    <bndbox>
      <xmin>1071.4200000000005</xmin>
      <ymin>740.2431640625</ymin>
      <xmax>1371.176318359375</xmax>
      <ymax>1060.8800000000006</ymax>
    </bndbox>
    <attributes>
      <attribute>
        <name>track_id</name>
        <value>128</value>
      </attribute>
      <attribute>
        <name>keyframe</name>
        <value>True</value>
      </attribute>
    </attributes>
  </object>
  <object>
    <name>vehicule</name>
    <occluded>0</occluded>
    <bndbox>
      <xmin>804.2800000000003</xmin>
      <ymin>1182.5703515625005</ymin>
      <xmax>1232.1270874023437</xmax>
      <ymax>1594.63203125</ymax>
    </bndbox>
    <attributes>
      <attribute>
        <name>track_id</name>
        <value>129</value>
      </attribute>
      <attribute>
        <name>keyframe</name>
        <value>True</value>
      </attribute>
    </attributes>
  </object>
  <object>
    <name>vehicule</name>
    <occluded>0</occluded>
    <bndbox>
      <xmin>55.258203125</xmin>
      <ymin>1238.7375</ymin>
      <xmax>406.52006347656277</xmax>
      <ymax>1641.7281311035156</ymax>
    </bndbox>
    <attributes>
      <attribute>
        <name>track_id</name>
        <value>130</value>
      </attribute>
      <attribute>
        <name>keyframe</name>
        <value>True</value>
      </attribute>
    </attributes>
  </object>
  <object>
    <name>vehicule</name>
    <occluded>0</occluded>
    <bndbox>
      <xmin>0.0</xmin>
      <ymin>0.0</ymin>
      <xmax>205.77491251627603</xmax>
      <ymax>178.83688354492188</ymax>
    </bndbox>
    <attributes>
      <attribute>
        <name>track_id</name>
        <value>131</value>
      </attribute>
      <attribute>
        <name>keyframe</name>
        <value>True</value>
      </attribute>
    </attributes>
  </object>
</annotation>
