<annotation>
  <folder>frame</folder>
  <filename>frame_000021.jpg</filename>
  <source>
    <database>Unknown</database>
    <annotation>Unknown</annotation>
    <image>Unknown</image>
  </source>
  <size>
    <width>2456</width>
    <height>2054</height>
    <depth>3</depth>
  </size>
  <segmented>0</segmented>
  <object>
    <name>vehicule</name>
    <occluded>0</occluded>
    <bndbox>
      <xmin>843.0690234375012</xmin>
      <ymin>1284.0200000000011</ymin>
      <xmax>1086.4421826171879</xmax>
      <ymax>1582.19755859375</ymax>
    </bndbox>
    <attributes>
      <attribute>
        <name>track_id</name>
        <value>0</value>
      </attribute>
      <attribute>
        <name>keyframe</name>
        <value>True</value>
      </attribute>
    </attributes>
  </object>
  <object>
    <name>vehicule</name>
    <occluded>0</occluded>
    <bndbox>
      <xmin>273.088623046875</xmin>
      <ymin>1019.9969726562508</ymin>
      <xmax>712.2061767578125</xmax>
      <ymax>1381.779296875</ymax>
    </bndbox>
    <attributes>
      <attribute>
        <name>track_id</name>
        <value>1</value>
      </attribute>
      <attribute>
        <name>keyframe</name>
        <value>True</value>
      </attribute>
    </attributes>
  </object>
  <object>
    <name>vehicule</name>
    <occluded>0</occluded>
    <bndbox>
      <xmin>1509.4033203125</xmin>
      <ymin>0.0</ymin>
      <xmax>1730.6333984375015</xmax>
      <ymax>152.47890625000036</ymax>
    </bndbox>
    <attributes>
      <attribute>
        <name>track_id</name>
        <value>174</value>
      </attribute>
      <attribute>
        <name>keyframe</name>
        <value>True</value>
      </attribute>
    </attributes>
  </object>
  <object>
    <name>vehicule</name>
    <occluded>0</occluded>
    <bndbox>
      <xmin>1290.304375000001</xmin>
      <ymin>400.30015625000016</ymin>
      <xmax>1553.9200097656253</xmax>
      <ymax>667.8678063964849</ymax>
    </bndbox>
    <attributes>
      <attribute>
        <name>track_id</name>
        <value>175</value>
      </attribute>
      <attribute>
        <name>keyframe</name>
        <value>True</value>
      </attribute>
    </attributes>
  </object>
  <object>
    <name>vehicule</name>
    <occluded>0</occluded>
    <bndbox>
      <xmin>893.78484375</xmin>
      <ymin>393.3600000000006</ymin>
      <xmax>1133.7094140625006</xmax>
      <ymax>646.0744384765625</ymax>
    </bndbox>
    <attributes>
      <attribute>
        <name>track_id</name>
        <value>176</value>
      </attribute>
      <attribute>
        <name>keyframe</name>
        <value>True</value>
      </attribute>
    </attributes>
  </object>
</annotation>
