<annotation>
  <folder>frame</folder>
  <filename>frame_000982.jpg</filename>
  <source>
    <database>Unknown</database>
    <annotation>Unknown</annotation>
    <image>Unknown</image>
  </source>
  <size>
    <width>2456</width>
    <height>2054</height>
    <depth>3</depth>
  </size>
  <segmented>0</segmented>
  <object>
    <name>vehicule</name>
    <occluded>0</occluded>
    <bndbox>
      <xmin>613.5830078125</xmin>
      <ymin>504.40000000000146</ymin>
      <xmax>1063.2738281250004</xmax>
      <ymax>776.5064392089844</ymax>
    </bndbox>
    <attributes>
      <attribute>
        <name>track_id</name>
        <value>74</value>
      </attribute>
      <attribute>
        <name>keyframe</name>
        <value>True</value>
      </attribute>
    </attributes>
  </object>
  <object>
    <name>vehicule</name>
    <occluded>0</occluded>
    <bndbox>
      <xmin>1067.2890625</xmin>
      <ymin>574.9619140625</ymin>
      <xmax>1489.818951416015</xmax>
      <ymax>869.9499816894531</ymax>
    </bndbox>
    <attributes>
      <attribute>
        <name>track_id</name>
        <value>80</value>
      </attribute>
      <attribute>
        <name>keyframe</name>
        <value>True</value>
      </attribute>
    </attributes>
  </object>
  <object>
    <name>vehicule</name>
    <occluded>0</occluded>
    <bndbox>
      <xmin>377.640625</xmin>
      <ymin>470.8642578125</ymin>
      <xmax>558.2929626464829</xmax>
      <ymax>701.9438629150391</ymax>
    </bndbox>
    <attributes>
      <attribute>
        <name>track_id</name>
        <value>83</value>
      </attribute>
      <attribute>
        <name>keyframe</name>
        <value>True</value>
      </attribute>
    </attributes>
  </object>
  <object>
    <name>vehicule</name>
    <occluded>0</occluded>
    <bndbox>
      <xmin>37.920703125</xmin>
      <ymin>387.3267578125</ymin>
      <xmax>336.73046875</xmax>
      <ymax>585.3875036621102</ymax>
    </bndbox>
    <attributes>
      <attribute>
        <name>track_id</name>
        <value>85</value>
      </attribute>
      <attribute>
        <name>keyframe</name>
        <value>True</value>
      </attribute>
    </attributes>
  </object>
  <object>
    <name>vehicule</name>
    <occluded>0</occluded>
    <bndbox>
      <xmin>230.31406249999998</xmin>
      <ymin>137.0494140625</ymin>
      <xmax>613.9480541992183</xmax>
      <ymax>292.9999218749996</ymax>
    </bndbox>
    <attributes>
      <attribute>
        <name>track_id</name>
        <value>90</value>
      </attribute>
      <attribute>
        <name>keyframe</name>
        <value>True</value>
      </attribute>
    </attributes>
  </object>
  <object>
    <name>vehicule</name>
    <occluded>0</occluded>
    <bndbox>
      <xmin>1224.6000000000004</xmin>
      <ymin>975.0</ymin>
      <xmax>1816.9009399414062</xmax>
      <ymax>1352.2806701660156</ymax>
    </bndbox>
    <attributes>
      <attribute>
        <name>track_id</name>
        <value>91</value>
      </attribute>
      <attribute>
        <name>keyframe</name>
        <value>True</value>
      </attribute>
    </attributes>
  </object>
  <object>
    <name>vehicule</name>
    <occluded>0</occluded>
    <bndbox>
      <xmin>1556.2000000000007</xmin>
      <ymin>770.1000000000004</ymin>
      <xmax>2123.8908081054688</xmax>
      <ymax>1090.7874755859375</ymax>
    </bndbox>
    <attributes>
      <attribute>
        <name>track_id</name>
        <value>92</value>
      </attribute>
      <attribute>
        <name>keyframe</name>
        <value>True</value>
      </attribute>
    </attributes>
  </object>
  <object>
    <name>vehicule</name>
    <occluded>0</occluded>
    <bndbox>
      <xmin>1538.2646484375</xmin>
      <ymin>100.71953125000027</ymin>
      <xmax>1747.734375</xmax>
      <ymax>282.2442817687995</ymax>
    </bndbox>
    <attributes>
      <attribute>
        <name>track_id</name>
        <value>93</value>
      </attribute>
      <attribute>
        <name>keyframe</name>
        <value>True</value>
      </attribute>
    </attributes>
  </object>
  <object>
    <name>vehicule</name>
    <occluded>0</occluded>
    <bndbox>
      <xmin>1830.140625</xmin>
      <ymin>418.5126953125</ymin>
      <xmax>2012.2611480712876</xmax>
      <ymax>636.1963806152344</ymax>
    </bndbox>
    <attributes>
      <attribute>
        <name>track_id</name>
        <value>94</value>
      </attribute>
      <attribute>
        <name>keyframe</name>
        <value>True</value>
      </attribute>
    </attributes>
  </object>
  <object>
    <name>vehicule</name>
    <occluded>0</occluded>
    <bndbox>
      <xmin>2153.715283203125</xmin>
      <ymin>797.915283203125</ymin>
      <xmax>2449.02294921875</xmax>
      <ymax>1017.7018585205078</ymax>
    </bndbox>
    <attributes>
      <attribute>
        <name>track_id</name>
        <value>95</value>
      </attribute>
      <attribute>
        <name>keyframe</name>
        <value>True</value>
      </attribute>
    </attributes>
  </object>
</annotation>
