<annotation>
  <folder>frame</folder>
  <filename>frame_000740.jpg</filename>
  <source>
    <database>Unknown</database>
    <annotation>Unknown</annotation>
    <image>Unknown</image>
  </source>
  <size>
    <width>2456</width>
    <height>2054</height>
    <depth>3</depth>
  </size>
  <segmented>0</segmented>
  <object>
    <name>vehicule</name>
    <occluded>0</occluded>
    <bndbox>
      <xmin>96.94091796875</xmin>
      <ymin>444.59937918526794</ymin>
      <xmax>494.9622070312507</xmax>
      <ymax>625.744739532471</ymax>
    </bndbox>
    <attributes>
      <attribute>
        <name>track_id</name>
        <value>56</value>
      </attribute>
      <attribute>
        <name>keyframe</name>
        <value>True</value>
      </attribute>
    </attributes>
  </object>
  <object>
    <name>vehicule</name>
    <occluded>0</occluded>
    <bndbox>
      <xmin>613.7085046600877</xmin>
      <ymin>618.8053214089912</ymin>
      <xmax>1005.7077007092935</xmax>
      <ymax>914.4852864583344</ymax>
    </bndbox>
    <attributes>
      <attribute>
        <name>track_id</name>
        <value>63</value>
      </attribute>
      <attribute>
        <name>keyframe</name>
        <value>True</value>
      </attribute>
    </attributes>
  </object>
  <object>
    <name>vehicule</name>
    <occluded>0</occluded>
    <bndbox>
      <xmin>223.481201171875</xmin>
      <ymin>208.19707031250027</ymin>
      <xmax>464.90000000000146</xmax>
      <ymax>370.69237365722574</ymax>
    </bndbox>
    <attributes>
      <attribute>
        <name>track_id</name>
        <value>64</value>
      </attribute>
      <attribute>
        <name>keyframe</name>
        <value>True</value>
      </attribute>
    </attributes>
  </object>
  <object>
    <name>vehicule</name>
    <occluded>0</occluded>
    <bndbox>
      <xmin>437.810546875</xmin>
      <ymin>381.96044921875</ymin>
      <xmax>797.6812500000005</xmax>
      <ymax>579.2182601928716</ymax>
    </bndbox>
    <attributes>
      <attribute>
        <name>track_id</name>
        <value>65</value>
      </attribute>
      <attribute>
        <name>keyframe</name>
        <value>True</value>
      </attribute>
    </attributes>
  </object>
  <object>
    <name>vehicule</name>
    <occluded>0</occluded>
    <bndbox>
      <xmin>978.3865571120691</xmin>
      <ymin>880.3683661099138</ymin>
      <xmax>1480.1837410762391</xmax>
      <ymax>1209.22235317888</ymax>
    </bndbox>
    <attributes>
      <attribute>
        <name>track_id</name>
        <value>66</value>
      </attribute>
      <attribute>
        <name>keyframe</name>
        <value>True</value>
      </attribute>
    </attributes>
  </object>
  <object>
    <name>vehicule</name>
    <occluded>0</occluded>
    <bndbox>
      <xmin>898.556103515625</xmin>
      <ymin>393.9426953125002</ymin>
      <xmax>1288.0569570922853</xmax>
      <ymax>602.2408599853516</ymax>
    </bndbox>
    <attributes>
      <attribute>
        <name>track_id</name>
        <value>67</value>
      </attribute>
      <attribute>
        <name>keyframe</name>
        <value>True</value>
      </attribute>
    </attributes>
  </object>
  <object>
    <name>vehicule</name>
    <occluded>0</occluded>
    <bndbox>
      <xmin>1447.236328125</xmin>
      <ymin>554.6605468750003</ymin>
      <xmax>1847.92705078125</xmax>
      <ymax>789.9358520507812</ymax>
    </bndbox>
    <attributes>
      <attribute>
        <name>track_id</name>
        <value>68</value>
      </attribute>
      <attribute>
        <name>keyframe</name>
        <value>True</value>
      </attribute>
    </attributes>
  </object>
  <object>
    <name>vehicule</name>
    <occluded>0</occluded>
    <bndbox>
      <xmin>1509.4873046875</xmin>
      <ymin>812.9962402343754</ymin>
      <xmax>1989.199951171875</xmax>
      <ymax>1071.3712951660145</ymax>
    </bndbox>
    <attributes>
      <attribute>
        <name>track_id</name>
        <value>69</value>
      </attribute>
      <attribute>
        <name>keyframe</name>
        <value>True</value>
      </attribute>
    </attributes>
  </object>
  <object>
    <name>vehicule</name>
    <occluded>0</occluded>
    <bndbox>
      <xmin>1674.437744140625</xmin>
      <ymin>1100.0959960937503</ymin>
      <xmax>2211.077099609376</xmax>
      <ymax>1414.2563171386719</ymax>
    </bndbox>
    <attributes>
      <attribute>
        <name>track_id</name>
        <value>70</value>
      </attribute>
      <attribute>
        <name>keyframe</name>
        <value>True</value>
      </attribute>
    </attributes>
  </object>
  <object>
    <name>vehicule</name>
    <occluded>0</occluded>
    <bndbox>
      <xmin>2097.74609375</xmin>
      <ymin>842.4203125</ymin>
      <xmax>2455.9999218749995</xmax>
      <ymax>1109.2334667968753</ymax>
    </bndbox>
    <attributes>
      <attribute>
        <name>track_id</name>
        <value>71</value>
      </attribute>
      <attribute>
        <name>keyframe</name>
        <value>True</value>
      </attribute>
    </attributes>
  </object>
  <object>
    <name>vehicule</name>
    <occluded>0</occluded>
    <bndbox>
      <xmin>1027.838212890625</xmin>
      <ymin>552.563427734375</ymin>
      <xmax>1375.707969970704</xmax>
      <ymax>792.5980163574211</ymax>
    </bndbox>
    <attributes>
      <attribute>
        <name>track_id</name>
        <value>78</value>
      </attribute>
      <attribute>
        <name>keyframe</name>
        <value>True</value>
      </attribute>
    </attributes>
  </object>
</annotation>
