<annotation>
  <folder>frame</folder>
  <filename>frame_001404.jpg</filename>
  <source>
    <database>Unknown</database>
    <annotation>Unknown</annotation>
    <image>Unknown</image>
  </source>
  <size>
    <width>2456</width>
    <height>2054</height>
    <depth>3</depth>
  </size>
  <segmented>0</segmented>
  <object>
    <name>vehicule</name>
    <occluded>0</occluded>
    <bndbox>
      <xmin>6.996187052149682</xmin>
      <ymin>154.91897019307325</ymin>
      <xmax>289.38574374253585</xmax>
      <ymax>327.6562748805732</ymax>
    </bndbox>
    <attributes>
      <attribute>
        <name>track_id</name>
        <value>106</value>
      </attribute>
      <attribute>
        <name>keyframe</name>
        <value>True</value>
      </attribute>
    </attributes>
  </object>
  <object>
    <name>vehicule</name>
    <occluded>0</occluded>
    <bndbox>
      <xmin>309.0770905058263</xmin>
      <ymin>245.79339909957628</ymin>
      <xmax>610.1991608183263</xmax>
      <ymax>419.3281616728174</ymax>
    </bndbox>
    <attributes>
      <attribute>
        <name>track_id</name>
        <value>137</value>
      </attribute>
      <attribute>
        <name>keyframe</name>
        <value>True</value>
      </attribute>
    </attributes>
  </object>
  <object>
    <name>vehicule</name>
    <occluded>0</occluded>
    <bndbox>
      <xmin>43.106375558035715</xmin>
      <ymin>345.89425223214283</ymin>
      <xmax>400.891348702567</xmax>
      <ymax>563.021400669644</ymax>
    </bndbox>
    <attributes>
      <attribute>
        <name>track_id</name>
        <value>138</value>
      </attribute>
      <attribute>
        <name>keyframe</name>
        <value>True</value>
      </attribute>
    </attributes>
  </object>
  <object>
    <name>vehicule</name>
    <occluded>0</occluded>
    <bndbox>
      <xmin>1470.3675130208333</xmin>
      <ymin>98.875</ymin>
      <xmax>1667.435512288411</xmax>
      <ymax>263.8261230468755</ymax>
    </bndbox>
    <attributes>
      <attribute>
        <name>track_id</name>
        <value>139</value>
      </attribute>
      <attribute>
        <name>keyframe</name>
        <value>True</value>
      </attribute>
    </attributes>
  </object>
  <object>
    <name>vehicule</name>
    <occluded>0</occluded>
    <bndbox>
      <xmin>931.1250000000005</xmin>
      <ymin>242.16738281250036</ymin>
      <xmax>1161.093318939209</xmax>
      <ymax>456.8922592163094</ymax>
    </bndbox>
    <attributes>
      <attribute>
        <name>track_id</name>
        <value>141</value>
      </attribute>
      <attribute>
        <name>keyframe</name>
        <value>True</value>
      </attribute>
    </attributes>
  </object>
  <object>
    <name>vehicule</name>
    <occluded>0</occluded>
    <bndbox>
      <xmin>1345.9329101562503</xmin>
      <ymin>305.15185546875</ymin>
      <xmax>1566.9325012207023</xmax>
      <ymax>525.7500000000009</ymax>
    </bndbox>
    <attributes>
      <attribute>
        <name>track_id</name>
        <value>142</value>
      </attribute>
      <attribute>
        <name>keyframe</name>
        <value>True</value>
      </attribute>
    </attributes>
  </object>
  <object>
    <name>vehicule</name>
    <occluded>0</occluded>
    <bndbox>
      <xmin>1841.1500000000005</xmin>
      <ymin>596.7477539062502</ymin>
      <xmax>2222.5892639160156</xmax>
      <ymax>864.7331420898436</ymax>
    </bndbox>
    <attributes>
      <attribute>
        <name>track_id</name>
        <value>144</value>
      </attribute>
      <attribute>
        <name>keyframe</name>
        <value>True</value>
      </attribute>
    </attributes>
  </object>
</annotation>
