<annotation>
  <folder>frame</folder>
  <filename>frame_000127.jpg</filename>
  <source>
    <database>Unknown</database>
    <annotation>Unknown</annotation>
    <image>Unknown</image>
  </source>
  <size>
    <width>2456</width>
    <height>2054</height>
    <depth>3</depth>
  </size>
  <segmented>0</segmented>
  <object>
    <name>vehicule</name>
    <occluded>0</occluded>
    <bndbox>
      <xmin>285.3146484375</xmin>
      <ymin>258.040625</ymin>
      <xmax>759.4656250000014</xmax>
      <ymax>715.9402343750011</ymax>
    </bndbox>
    <attributes>
      <attribute>
        <name>track_id</name>
        <value>9</value>
      </attribute>
      <attribute>
        <name>keyframe</name>
        <value>True</value>
      </attribute>
    </attributes>
  </object>
  <object>
    <name>vehicule</name>
    <occluded>0</occluded>
    <bndbox>
      <xmin>1119.3312890625007</xmin>
      <ymin>386.70000000000107</ymin>
      <xmax>1402.110361328126</xmax>
      <ymax>642.0846923828125</ymax>
    </bndbox>
    <attributes>
      <attribute>
        <name>track_id</name>
        <value>10</value>
      </attribute>
      <attribute>
        <name>keyframe</name>
        <value>True</value>
      </attribute>
    </attributes>
  </object>
  <object>
    <name>vehicule</name>
    <occluded>0</occluded>
    <bndbox>
      <xmin>1560.6517968750002</xmin>
      <ymin>234.4791406250002</ymin>
      <xmax>1808.159005126953</xmax>
      <ymax>445.7544915771483</ymax>
    </bndbox>
    <attributes>
      <attribute>
        <name>track_id</name>
        <value>11</value>
      </attribute>
      <attribute>
        <name>keyframe</name>
        <value>True</value>
      </attribute>
    </attributes>
  </object>
  <object>
    <name>vehicule</name>
    <occluded>0</occluded>
    <bndbox>
      <xmin>0.0</xmin>
      <ymin>7.7802734375</ymin>
      <xmax>198.13626098632812</xmax>
      <ymax>182.48027343750073</ymax>
    </bndbox>
    <attributes>
      <attribute>
        <name>track_id</name>
        <value>13</value>
      </attribute>
      <attribute>
        <name>keyframe</name>
        <value>True</value>
      </attribute>
    </attributes>
  </object>
  <object>
    <name>vehicule</name>
    <occluded>0</occluded>
    <bndbox>
      <xmin>456.4453125</xmin>
      <ymin>945.5800000000011</ymin>
      <xmax>857.9600000000003</xmax>
      <ymax>1289.9244873046875</ymax>
    </bndbox>
    <attributes>
      <attribute>
        <name>track_id</name>
        <value>14</value>
      </attribute>
      <attribute>
        <name>keyframe</name>
        <value>True</value>
      </attribute>
    </attributes>
  </object>
</annotation>
