<annotation>
  <folder>frame</folder>
  <filename>frame_001291.jpg</filename>
  <source>
    <database>Unknown</database>
    <annotation>Unknown</annotation>
    <image>Unknown</image>
  </source>
  <size>
    <width>2456</width>
    <height>2054</height>
    <depth>3</depth>
  </size>
  <segmented>0</segmented>
  <object>
    <name>vehicule</name>
    <occluded>0</occluded>
    <bndbox>
      <xmin>0.0</xmin>
      <ymin>151.45300138449366</ymin>
      <xmax>304.00594281546677</xmax>
      <ymax>345.7286483571492</ymax>
    </bndbox>
    <attributes>
      <attribute>
        <name>track_id</name>
        <value>106</value>
      </attribute>
      <attribute>
        <name>keyframe</name>
        <value>True</value>
      </attribute>
    </attributes>
  </object>
  <object>
    <name>vehicule</name>
    <occluded>0</occluded>
    <bndbox>
      <xmin>1603.6435546875</xmin>
      <ymin>0.0</ymin>
      <xmax>1714.4113311767578</xmax>
      <ymax>121.41347656250036</ymax>
    </bndbox>
    <attributes>
      <attribute>
        <name>track_id</name>
        <value>117</value>
      </attribute>
      <attribute>
        <name>keyframe</name>
        <value>True</value>
      </attribute>
    </attributes>
  </object>
  <object>
    <name>vehicule</name>
    <occluded>0</occluded>
    <bndbox>
      <xmin>1453.91064453125</xmin>
      <ymin>125.90478515625</ymin>
      <xmax>1657.69580078125</xmax>
      <ymax>285.8500000000013</ymax>
    </bndbox>
    <attributes>
      <attribute>
        <name>track_id</name>
        <value>119</value>
      </attribute>
      <attribute>
        <name>keyframe</name>
        <value>True</value>
      </attribute>
    </attributes>
  </object>
  <object>
    <name>vehicule</name>
    <occluded>0</occluded>
    <bndbox>
      <xmin>1156.001953125</xmin>
      <ymin>0.0</ymin>
      <xmax>1373.4587890625007</xmax>
      <ymax>118.79863281250073</ymax>
    </bndbox>
    <attributes>
      <attribute>
        <name>track_id</name>
        <value>120</value>
      </attribute>
      <attribute>
        <name>keyframe</name>
        <value>True</value>
      </attribute>
    </attributes>
  </object>
  <object>
    <name>vehicule</name>
    <occluded>0</occluded>
    <bndbox>
      <xmin>1392.3998046875004</xmin>
      <ymin>350.984375</ymin>
      <xmax>1621.910250854492</xmax>
      <ymax>563.3982421875007</ymax>
    </bndbox>
    <attributes>
      <attribute>
        <name>track_id</name>
        <value>122</value>
      </attribute>
      <attribute>
        <name>keyframe</name>
        <value>True</value>
      </attribute>
    </attributes>
  </object>
  <object>
    <name>vehicule</name>
    <occluded>0</occluded>
    <bndbox>
      <xmin>1067.3407226562504</xmin>
      <ymin>375.88037109375</ymin>
      <xmax>1313.8260864257809</xmax>
      <ymax>630.0160156250004</ymax>
    </bndbox>
    <attributes>
      <attribute>
        <name>track_id</name>
        <value>123</value>
      </attribute>
      <attribute>
        <name>keyframe</name>
        <value>True</value>
      </attribute>
    </attributes>
  </object>
  <object>
    <name>vehicule</name>
    <occluded>0</occluded>
    <bndbox>
      <xmin>1317.6025390625</xmin>
      <ymin>655.18505859375</ymin>
      <xmax>1641.826367187501</xmax>
      <ymax>913.7723632812504</ymax>
    </bndbox>
    <attributes>
      <attribute>
        <name>track_id</name>
        <value>124</value>
      </attribute>
      <attribute>
        <name>keyframe</name>
        <value>True</value>
      </attribute>
    </attributes>
  </object>
  <object>
    <name>vehicule</name>
    <occluded>0</occluded>
    <bndbox>
      <xmin>500.2125976562502</xmin>
      <ymin>717.30517578125</ymin>
      <xmax>845.5499908447273</xmax>
      <ymax>1163.46337890625</ymax>
    </bndbox>
    <attributes>
      <attribute>
        <name>track_id</name>
        <value>125</value>
      </attribute>
      <attribute>
        <name>keyframe</name>
        <value>True</value>
      </attribute>
    </attributes>
  </object>
  <object>
    <name>vehicule</name>
    <occluded>0</occluded>
    <bndbox>
      <xmin>1957.362109375</xmin>
      <ymin>622.5576171875</ymin>
      <xmax>2361.6710937499984</xmax>
      <ymax>888.2330139160149</ymax>
    </bndbox>
    <attributes>
      <attribute>
        <name>track_id</name>
        <value>126</value>
      </attribute>
      <attribute>
        <name>keyframe</name>
        <value>True</value>
      </attribute>
    </attributes>
  </object>
  <object>
    <name>vehicule</name>
    <occluded>0</occluded>
    <bndbox>
      <xmin>884.0556640625</xmin>
      <ymin>1023.0458984375</ymin>
      <xmax>1301.75</xmax>
      <ymax>1392.2808593750015</ymax>
    </bndbox>
    <attributes>
      <attribute>
        <name>track_id</name>
        <value>128</value>
      </attribute>
      <attribute>
        <name>keyframe</name>
        <value>True</value>
      </attribute>
    </attributes>
  </object>
  <object>
    <name>vehicule</name>
    <occluded>0</occluded>
    <bndbox>
      <xmin>371.16884765625036</xmin>
      <ymin>1532.9000000000005</ymin>
      <xmax>974.5000122070314</xmax>
      <ymax>1970.2754821777344</ymax>
    </bndbox>
    <attributes>
      <attribute>
        <name>track_id</name>
        <value>129</value>
      </attribute>
      <attribute>
        <name>keyframe</name>
        <value>True</value>
      </attribute>
    </attributes>
  </object>
</annotation>
