<annotation>
  <folder>frame</folder>
  <filename>frame_001058.jpg</filename>
  <source>
    <database>Unknown</database>
    <annotation>Unknown</annotation>
    <image>Unknown</image>
  </source>
  <size>
    <width>2456</width>
    <height>2054</height>
    <depth>3</depth>
  </size>
  <segmented>0</segmented>
  <object>
    <name>vehicule</name>
    <occluded>0</occluded>
    <bndbox>
      <xmin>204.4287109375</xmin>
      <ymin>446.10996093750026</ymin>
      <xmax>555.7336181640621</xmax>
      <ymax>696.7785156249998</ymax>
    </bndbox>
    <attributes>
      <attribute>
        <name>track_id</name>
        <value>96</value>
      </attribute>
      <attribute>
        <name>keyframe</name>
        <value>True</value>
      </attribute>
    </attributes>
  </object>
  <object>
    <name>vehicule</name>
    <occluded>0</occluded>
    <bndbox>
      <xmin>410.1393229166667</xmin>
      <ymin>342.26809895833384</ymin>
      <xmax>774.0885416666666</xmax>
      <ymax>568.3961934407549</ymax>
    </bndbox>
    <attributes>
      <attribute>
        <name>track_id</name>
        <value>97</value>
      </attribute>
      <attribute>
        <name>keyframe</name>
        <value>True</value>
      </attribute>
    </attributes>
  </object>
  <object>
    <name>vehicule</name>
    <occluded>0</occluded>
    <bndbox>
      <xmin>548.626953125</xmin>
      <ymin>636.0738932291666</ymin>
      <xmax>948.4177734375007</xmax>
      <ymax>884.4686197916677</ymax>
    </bndbox>
    <attributes>
      <attribute>
        <name>track_id</name>
        <value>98</value>
      </attribute>
      <attribute>
        <name>keyframe</name>
        <value>True</value>
      </attribute>
    </attributes>
  </object>
  <object>
    <name>vehicule</name>
    <occluded>0</occluded>
    <bndbox>
      <xmin>894.828125</xmin>
      <ymin>537.76171875</ymin>
      <xmax>1335.3464843750007</xmax>
      <ymax>763.8773437500004</ymax>
    </bndbox>
    <attributes>
      <attribute>
        <name>track_id</name>
        <value>99</value>
      </attribute>
      <attribute>
        <name>keyframe</name>
        <value>True</value>
      </attribute>
    </attributes>
  </object>
  <object>
    <name>vehicule</name>
    <occluded>0</occluded>
    <bndbox>
      <xmin>1066.5483072916668</xmin>
      <ymin>732.4222005208334</ymin>
      <xmax>1897.8682779947922</xmax>
      <ymax>1344.49296875</ymax>
    </bndbox>
    <attributes>
      <attribute>
        <name>track_id</name>
        <value>100</value>
      </attribute>
      <attribute>
        <name>keyframe</name>
        <value>True</value>
      </attribute>
    </attributes>
  </object>
  <object>
    <name>vehicule</name>
    <occluded>0</occluded>
    <bndbox>
      <xmin>1150.2421875</xmin>
      <ymin>398.571679687501</ymin>
      <xmax>1627.2729777018237</xmax>
      <ymax>639.1714965820307</ymax>
    </bndbox>
    <attributes>
      <attribute>
        <name>track_id</name>
        <value>101</value>
      </attribute>
      <attribute>
        <name>keyframe</name>
        <value>True</value>
      </attribute>
    </attributes>
  </object>
  <object>
    <name>vehicule</name>
    <occluded>0</occluded>
    <bndbox>
      <xmin>1653.169921875</xmin>
      <ymin>815.9214843750002</ymin>
      <xmax>2098.757633463542</xmax>
      <ymax>1095.936991373698</ymax>
    </bndbox>
    <attributes>
      <attribute>
        <name>track_id</name>
        <value>102</value>
      </attribute>
      <attribute>
        <name>keyframe</name>
        <value>True</value>
      </attribute>
    </attributes>
  </object>
</annotation>
