<annotation>
  <folder>frame</folder>
  <filename>frame_001278.jpg</filename>
  <source>
    <database>Unknown</database>
    <annotation>Unknown</annotation>
    <image>Unknown</image>
  </source>
  <size>
    <width>2456</width>
    <height>2054</height>
    <depth>3</depth>
  </size>
  <segmented>0</segmented>
  <object>
    <name>vehicule</name>
    <occluded>0</occluded>
    <bndbox>
      <xmin>0.0</xmin>
      <ymin>150.90196054193038</ymin>
      <xmax>307.8637108138845</xmax>
      <ymax>345.17760751458593</ymax>
    </bndbox>
    <attributes>
      <attribute>
        <name>track_id</name>
        <value>106</value>
      </attribute>
      <attribute>
        <name>keyframe</name>
        <value>True</value>
      </attribute>
    </attributes>
  </object>
  <object>
    <name>vehicule</name>
    <occluded>0</occluded>
    <bndbox>
      <xmin>1426.29248046875</xmin>
      <ymin>163.829345703125</ymin>
      <xmax>1559.404003906251</xmax>
      <ymax>333.30000000000064</ymax>
    </bndbox>
    <attributes>
      <attribute>
        <name>track_id</name>
        <value>117</value>
      </attribute>
      <attribute>
        <name>keyframe</name>
        <value>True</value>
      </attribute>
    </attributes>
  </object>
  <object>
    <name>vehicule</name>
    <occluded>0</occluded>
    <bndbox>
      <xmin>1648.3803385416668</xmin>
      <ymin>64.78678385416667</ymin>
      <xmax>1827.177734375</xmax>
      <ymax>204.63307291666814</ymax>
    </bndbox>
    <attributes>
      <attribute>
        <name>track_id</name>
        <value>118</value>
      </attribute>
      <attribute>
        <name>keyframe</name>
        <value>True</value>
      </attribute>
    </attributes>
  </object>
  <object>
    <name>vehicule</name>
    <occluded>0</occluded>
    <bndbox>
      <xmin>1328.5361328125</xmin>
      <ymin>369.468505859375</ymin>
      <xmax>1546.4460983276367</xmax>
      <ymax>588.4454101562515</ymax>
    </bndbox>
    <attributes>
      <attribute>
        <name>track_id</name>
        <value>119</value>
      </attribute>
      <attribute>
        <name>keyframe</name>
        <value>True</value>
      </attribute>
    </attributes>
  </object>
  <object>
    <name>vehicule</name>
    <occluded>0</occluded>
    <bndbox>
      <xmin>913.3580729166667</xmin>
      <ymin>192.27408854166666</ymin>
      <xmax>1137.3258717854824</xmax>
      <ymax>378.4500000000007</ymax>
    </bndbox>
    <attributes>
      <attribute>
        <name>track_id</name>
        <value>120</value>
      </attribute>
      <attribute>
        <name>keyframe</name>
        <value>True</value>
      </attribute>
    </attributes>
  </object>
  <object>
    <name>vehicule</name>
    <occluded>0</occluded>
    <bndbox>
      <xmin>1325.61572265625</xmin>
      <ymin>640.765625</ymin>
      <xmax>1628.4750000000004</xmax>
      <ymax>955.9000000000005</ymax>
    </bndbox>
    <attributes>
      <attribute>
        <name>track_id</name>
        <value>122</value>
      </attribute>
      <attribute>
        <name>keyframe</name>
        <value>True</value>
      </attribute>
    </attributes>
  </object>
  <object>
    <name>vehicule</name>
    <occluded>0</occluded>
    <bndbox>
      <xmin>909.293212890625</xmin>
      <ymin>700.584716796875</ymin>
      <xmax>1233.8274505615236</xmax>
      <ymax>1036.3250000000003</ymax>
    </bndbox>
    <attributes>
      <attribute>
        <name>track_id</name>
        <value>123</value>
      </attribute>
      <attribute>
        <name>keyframe</name>
        <value>True</value>
      </attribute>
    </attributes>
  </object>
  <object>
    <name>vehicule</name>
    <occluded>0</occluded>
    <bndbox>
      <xmin>1193.242919921875</xmin>
      <ymin>1092.755615234375</ymin>
      <xmax>1548.6000000000008</xmax>
      <ymax>1451.525</ymax>
    </bndbox>
    <attributes>
      <attribute>
        <name>track_id</name>
        <value>124</value>
      </attribute>
      <attribute>
        <name>keyframe</name>
        <value>True</value>
      </attribute>
    </attributes>
  </object>
  <object>
    <name>vehicule</name>
    <occluded>0</occluded>
    <bndbox>
      <xmin>112.52604166666666</xmin>
      <ymin>1091.0666666666668</ymin>
      <xmax>688.566666666667</xmax>
      <ymax>1579.3797810872395</ymax>
    </bndbox>
    <attributes>
      <attribute>
        <name>track_id</name>
        <value>125</value>
      </attribute>
      <attribute>
        <name>keyframe</name>
        <value>True</value>
      </attribute>
    </attributes>
  </object>
  <object>
    <name>vehicule</name>
    <occluded>0</occluded>
    <bndbox>
      <xmin>2124.2570703125007</xmin>
      <ymin>723.5973828125003</ymin>
      <xmax>2454.88359375</xmax>
      <ymax>992.6101586914065</ymax>
    </bndbox>
    <attributes>
      <attribute>
        <name>track_id</name>
        <value>126</value>
      </attribute>
      <attribute>
        <name>keyframe</name>
        <value>True</value>
      </attribute>
    </attributes>
  </object>
  <object>
    <name>vehicule</name>
    <occluded>0</occluded>
    <bndbox>
      <xmin>0.0</xmin>
      <ymin>10.046875</ymin>
      <xmax>269.26113281250036</xmax>
      <ymax>178.8369140625</ymax>
    </bndbox>
    <attributes>
      <attribute>
        <name>track_id</name>
        <value>127</value>
      </attribute>
      <attribute>
        <name>keyframe</name>
        <value>True</value>
      </attribute>
    </attributes>
  </object>
  <object>
    <name>vehicule</name>
    <occluded>0</occluded>
    <bndbox>
      <xmin>229.070068359375</xmin>
      <ymin>1491.2752929687504</ymin>
      <xmax>863.0500000000006</xmax>
      <ymax>1920.9919982910164</ymax>
    </bndbox>
    <attributes>
      <attribute>
        <name>track_id</name>
        <value>128</value>
      </attribute>
      <attribute>
        <name>keyframe</name>
        <value>True</value>
      </attribute>
    </attributes>
  </object>
</annotation>
