<annotation>
  <folder>frame</folder>
  <filename>frame_000576.jpg</filename>
  <source>
    <database>Unknown</database>
    <annotation>Unknown</annotation>
    <image>Unknown</image>
  </source>
  <size>
    <width>2456</width>
    <height>2054</height>
    <depth>3</depth>
  </size>
  <segmented>0</segmented>
  <object>
    <name>vehicule</name>
    <occluded>0</occluded>
    <bndbox>
      <xmin>104.56972656250036</xmin>
      <ymin>355.69580078125</ymin>
      <xmax>469.84204711914026</xmax>
      <ymax>587.213214111327</ymax>
    </bndbox>
    <attributes>
      <attribute>
        <name>track_id</name>
        <value>44</value>
      </attribute>
      <attribute>
        <name>keyframe</name>
        <value>True</value>
      </attribute>
    </attributes>
  </object>
  <object>
    <name>vehicule</name>
    <occluded>0</occluded>
    <bndbox>
      <xmin>608.9696514423077</xmin>
      <ymin>538.3701171875</ymin>
      <xmax>994.402817946214</xmax>
      <ymax>821.7905015211837</ymax>
    </bndbox>
    <attributes>
      <attribute>
        <name>track_id</name>
        <value>46</value>
      </attribute>
      <attribute>
        <name>keyframe</name>
        <value>True</value>
      </attribute>
    </attributes>
  </object>
  <object>
    <name>vehicule</name>
    <occluded>0</occluded>
    <bndbox>
      <xmin>790.029552283654</xmin>
      <ymin>404.54649939903845</ymin>
      <xmax>1226.4539353590758</xmax>
      <ymax>658.7010634202211</ymax>
    </bndbox>
    <attributes>
      <attribute>
        <name>track_id</name>
        <value>47</value>
      </attribute>
      <attribute>
        <name>keyframe</name>
        <value>True</value>
      </attribute>
    </attributes>
  </object>
  <object>
    <name>vehicule</name>
    <occluded>0</occluded>
    <bndbox>
      <xmin>937.2958834134622</xmin>
      <ymin>857.6343149038462</ymin>
      <xmax>1407.277890249399</xmax>
      <ymax>1175.9384629469653</ymax>
    </bndbox>
    <attributes>
      <attribute>
        <name>track_id</name>
        <value>49</value>
      </attribute>
      <attribute>
        <name>keyframe</name>
        <value>True</value>
      </attribute>
    </attributes>
  </object>
  <object>
    <name>vehicule</name>
    <occluded>0</occluded>
    <bndbox>
      <xmin>1459.6140925480775</xmin>
      <ymin>849.955078125</ymin>
      <xmax>1965.2946458082936</xmax>
      <ymax>1168.8469102125898</ymax>
    </bndbox>
    <attributes>
      <attribute>
        <name>track_id</name>
        <value>50</value>
      </attribute>
      <attribute>
        <name>keyframe</name>
        <value>True</value>
      </attribute>
    </attributes>
  </object>
  <object>
    <name>vehicule</name>
    <occluded>0</occluded>
    <bndbox>
      <xmin>1492.369230769231</xmin>
      <ymin>610.1147085336538</ymin>
      <xmax>1951.913569523738</xmax>
      <ymax>878.956804480918</ymax>
    </bndbox>
    <attributes>
      <attribute>
        <name>track_id</name>
        <value>51</value>
      </attribute>
      <attribute>
        <name>keyframe</name>
        <value>True</value>
      </attribute>
    </attributes>
  </object>
  <object>
    <name>vehicule</name>
    <occluded>0</occluded>
    <bndbox>
      <xmin>1965.7868164062504</xmin>
      <ymin>576.0897739955357</ymin>
      <xmax>2345.4084821428573</xmax>
      <ymax>935.2557852608817</ymax>
    </bndbox>
    <attributes>
      <attribute>
        <name>track_id</name>
        <value>52</value>
      </attribute>
      <attribute>
        <name>keyframe</name>
        <value>True</value>
      </attribute>
    </attributes>
  </object>
  <object>
    <name>vehicule</name>
    <occluded>0</occluded>
    <bndbox>
      <xmin>2054.837139423077</xmin>
      <ymin>1042.8504657451924</ymin>
      <xmax>2436.0504854642427</xmax>
      <ymax>1354.8067533052886</ymax>
    </bndbox>
    <attributes>
      <attribute>
        <name>track_id</name>
        <value>53</value>
      </attribute>
      <attribute>
        <name>keyframe</name>
        <value>True</value>
      </attribute>
    </attributes>
  </object>
</annotation>
