<annotation>
  <folder>frame</folder>
  <filename>frame_000633.jpg</filename>
  <source>
    <database>Unknown</database>
    <annotation>Unknown</annotation>
    <image>Unknown</image>
  </source>
  <size>
    <width>2456</width>
    <height>2054</height>
    <depth>3</depth>
  </size>
  <segmented>0</segmented>
  <object>
    <name>vehicule</name>
    <occluded>0</occluded>
    <bndbox>
      <xmin>108.80000000000109</xmin>
      <ymin>407.892578125</ymin>
      <xmax>467.9941864013672</xmax>
      <ymax>624.9568481445312</ymax>
    </bndbox>
    <attributes>
      <attribute>
        <name>track_id</name>
        <value>49</value>
      </attribute>
      <attribute>
        <name>keyframe</name>
        <value>True</value>
      </attribute>
    </attributes>
  </object>
  <object>
    <name>vehicule</name>
    <occluded>0</occluded>
    <bndbox>
      <xmin>241.1513671875</xmin>
      <ymin>330.45068359375</ymin>
      <xmax>593.0711853027342</xmax>
      <ymax>505.00390930175763</ymax>
    </bndbox>
    <attributes>
      <attribute>
        <name>track_id</name>
        <value>50</value>
      </attribute>
      <attribute>
        <name>keyframe</name>
        <value>True</value>
      </attribute>
    </attributes>
  </object>
  <object>
    <name>vehicule</name>
    <occluded>0</occluded>
    <bndbox>
      <xmin>674.2740234375005</xmin>
      <ymin>451.29833984375</ymin>
      <xmax>1091.0971313476557</xmax>
      <ymax>670.4406127929688</ymax>
    </bndbox>
    <attributes>
      <attribute>
        <name>track_id</name>
        <value>53</value>
      </attribute>
      <attribute>
        <name>keyframe</name>
        <value>True</value>
      </attribute>
    </attributes>
  </object>
  <object>
    <name>vehicule</name>
    <occluded>0</occluded>
    <bndbox>
      <xmin>615.5964843750007</xmin>
      <ymin>651.923828125</ymin>
      <xmax>1060.2334106445305</xmax>
      <ymax>953.8929931640614</ymax>
    </bndbox>
    <attributes>
      <attribute>
        <name>track_id</name>
        <value>54</value>
      </attribute>
      <attribute>
        <name>keyframe</name>
        <value>True</value>
      </attribute>
    </attributes>
  </object>
  <object>
    <name>vehicule</name>
    <occluded>0</occluded>
    <bndbox>
      <xmin>309.2021484375</xmin>
      <ymin>182.048828125</ymin>
      <xmax>638.2478515624989</xmax>
      <ymax>368.1868041992184</ymax>
    </bndbox>
    <attributes>
      <attribute>
        <name>track_id</name>
        <value>55</value>
      </attribute>
      <attribute>
        <name>keyframe</name>
        <value>True</value>
      </attribute>
    </attributes>
  </object>
  <object>
    <name>vehicule</name>
    <occluded>0</occluded>
    <bndbox>
      <xmin>1107.6705078125005</xmin>
      <ymin>939.6403320312502</ymin>
      <xmax>1661.5490356445307</xmax>
      <ymax>1253.0301910400385</ymax>
    </bndbox>
    <attributes>
      <attribute>
        <name>track_id</name>
        <value>56</value>
      </attribute>
      <attribute>
        <name>keyframe</name>
        <value>True</value>
      </attribute>
    </attributes>
  </object>
  <object>
    <name>vehicule</name>
    <occluded>0</occluded>
    <bndbox>
      <xmin>1305.0476562500007</xmin>
      <ymin>515.84375</ymin>
      <xmax>1726.664440917968</xmax>
      <ymax>755.0377197265625</ymax>
    </bndbox>
    <attributes>
      <attribute>
        <name>track_id</name>
        <value>57</value>
      </attribute>
      <attribute>
        <name>keyframe</name>
        <value>True</value>
      </attribute>
    </attributes>
  </object>
  <object>
    <name>vehicule</name>
    <occluded>0</occluded>
    <bndbox>
      <xmin>1399.56494140625</xmin>
      <ymin>771.6474609375</ymin>
      <xmax>1832.7151489257812</xmax>
      <ymax>1005.1440551757805</ymax>
    </bndbox>
    <attributes>
      <attribute>
        <name>track_id</name>
        <value>58</value>
      </attribute>
      <attribute>
        <name>keyframe</name>
        <value>True</value>
      </attribute>
    </attributes>
  </object>
  <object>
    <name>vehicule</name>
    <occluded>0</occluded>
    <bndbox>
      <xmin>1855.2470703125</xmin>
      <ymin>411.67861328125036</ymin>
      <xmax>1993.6398437500002</xmax>
      <ymax>613.2183883666994</ymax>
    </bndbox>
    <attributes>
      <attribute>
        <name>track_id</name>
        <value>59</value>
      </attribute>
      <attribute>
        <name>keyframe</name>
        <value>True</value>
      </attribute>
    </attributes>
  </object>
  <object>
    <name>vehicule</name>
    <occluded>0</occluded>
    <bndbox>
      <xmin>2091.49482421875</xmin>
      <ymin>948.9009765625005</ymin>
      <xmax>2456.0</xmax>
      <ymax>1208.6860656738281</ymax>
    </bndbox>
    <attributes>
      <attribute>
        <name>track_id</name>
        <value>60</value>
      </attribute>
      <attribute>
        <name>keyframe</name>
        <value>True</value>
      </attribute>
    </attributes>
  </object>
  <object>
    <name>vehicule</name>
    <occluded>0</occluded>
    <bndbox>
      <xmin>2136.556640625</xmin>
      <ymin>772.9560546875</ymin>
      <xmax>2456.0</xmax>
      <ymax>978.2027282714844</ymax>
    </bndbox>
    <attributes>
      <attribute>
        <name>track_id</name>
        <value>61</value>
      </attribute>
      <attribute>
        <name>keyframe</name>
        <value>True</value>
      </attribute>
    </attributes>
  </object>
</annotation>
