<annotation>
  <folder>frame</folder>
  <filename>frame_000876.jpg</filename>
  <source>
    <database>Unknown</database>
    <annotation>Unknown</annotation>
    <image>Unknown</image>
  </source>
  <size>
    <width>2456</width>
    <height>2054</height>
    <depth>3</depth>
  </size>
  <segmented>0</segmented>
  <object>
    <name>vehicule</name>
    <occluded>0</occluded>
    <bndbox>
      <xmin>62.17207031250109</xmin>
      <ymin>421.60986328125</ymin>
      <xmax>438.9368415929098</xmax>
      <ymax>625.1465728759758</ymax>
    </bndbox>
    <attributes>
      <attribute>
        <name>track_id</name>
        <value>56</value>
      </attribute>
      <attribute>
        <name>keyframe</name>
        <value>True</value>
      </attribute>
    </attributes>
  </object>
  <object>
    <name>vehicule</name>
    <occluded>0</occluded>
    <bndbox>
      <xmin>517.2347276475695</xmin>
      <ymin>525.413316514757</ymin>
      <xmax>859.9224351670993</xmax>
      <ymax>789.6892930772584</ymax>
    </bndbox>
    <attributes>
      <attribute>
        <name>track_id</name>
        <value>63</value>
      </attribute>
      <attribute>
        <name>keyframe</name>
        <value>True</value>
      </attribute>
    </attributes>
  </object>
  <object>
    <name>vehicule</name>
    <occluded>0</occluded>
    <bndbox>
      <xmin>666.5335375642123</xmin>
      <ymin>752.4511317422945</ymin>
      <xmax>1161.3743578767123</xmax>
      <ymax>1024.5321864297946</ymax>
    </bndbox>
    <attributes>
      <attribute>
        <name>track_id</name>
        <value>66</value>
      </attribute>
      <attribute>
        <name>keyframe</name>
        <value>True</value>
      </attribute>
    </attributes>
  </object>
  <object>
    <name>vehicule</name>
    <occluded>0</occluded>
    <bndbox>
      <xmin>147.4765625</xmin>
      <ymin>302.7457682291667</ymin>
      <xmax>542.0080078125011</xmax>
      <ymax>494.08976847330695</ymax>
    </bndbox>
    <attributes>
      <attribute>
        <name>track_id</name>
        <value>69</value>
      </attribute>
      <attribute>
        <name>keyframe</name>
        <value>True</value>
      </attribute>
    </attributes>
  </object>
  <object>
    <name>vehicule</name>
    <occluded>0</occluded>
    <bndbox>
      <xmin>957.0410580842391</xmin>
      <ymin>694.8811565896739</ymin>
      <xmax>1373.1241575821587</xmax>
      <ymax>908.4869565217398</ymax>
    </bndbox>
    <attributes>
      <attribute>
        <name>track_id</name>
        <value>70</value>
      </attribute>
      <attribute>
        <name>keyframe</name>
        <value>True</value>
      </attribute>
    </attributes>
  </object>
  <object>
    <name>vehicule</name>
    <occluded>0</occluded>
    <bndbox>
      <xmin>709.6617838541666</xmin>
      <ymin>406.9091796875</ymin>
      <xmax>1098.2569071451824</xmax>
      <ymax>611.1719055175781</ymax>
    </bndbox>
    <attributes>
      <attribute>
        <name>track_id</name>
        <value>72</value>
      </attribute>
      <attribute>
        <name>keyframe</name>
        <value>True</value>
      </attribute>
    </attributes>
  </object>
  <object>
    <name>vehicule</name>
    <occluded>0</occluded>
    <bndbox>
      <xmin>1410.0986182369402</xmin>
      <ymin>925.1856343283582</ymin>
      <xmax>1951.868363109987</xmax>
      <ymax>1227.988173390859</ymax>
    </bndbox>
    <attributes>
      <attribute>
        <name>track_id</name>
        <value>74</value>
      </attribute>
      <attribute>
        <name>keyframe</name>
        <value>True</value>
      </attribute>
    </attributes>
  </object>
  <object>
    <name>vehicule</name>
    <occluded>0</occluded>
    <bndbox>
      <xmin>1103.3248697916667</xmin>
      <ymin>568.1564127604166</ymin>
      <xmax>1571.5865885416667</xmax>
      <ymax>814.6511484781901</ymax>
    </bndbox>
    <attributes>
      <attribute>
        <name>track_id</name>
        <value>76</value>
      </attribute>
      <attribute>
        <name>keyframe</name>
        <value>True</value>
      </attribute>
    </attributes>
  </object>
  <object>
    <name>vehicule</name>
    <occluded>0</occluded>
    <bndbox>
      <xmin>1798.1699218750002</xmin>
      <ymin>861.1510074013158</ymin>
      <xmax>2196.709119616057</xmax>
      <ymax>1150.9833525005145</ymax>
    </bndbox>
    <attributes>
      <attribute>
        <name>track_id</name>
        <value>80</value>
      </attribute>
      <attribute>
        <name>keyframe</name>
        <value>True</value>
      </attribute>
    </attributes>
  </object>
  <object>
    <name>vehicule</name>
    <occluded>0</occluded>
    <bndbox>
      <xmin>1565.2998046875</xmin>
      <ymin>0.0</ymin>
      <xmax>1742.7000000000007</xmax>
      <ymax>171.88730468750146</ymax>
    </bndbox>
    <attributes>
      <attribute>
        <name>track_id</name>
        <value>81</value>
      </attribute>
      <attribute>
        <name>keyframe</name>
        <value>True</value>
      </attribute>
    </attributes>
  </object>
  <object>
    <name>vehicule</name>
    <occluded>0</occluded>
    <bndbox>
      <xmin>920.0883463541675</xmin>
      <ymin>319.27330729166715</ymin>
      <xmax>1364.238557942709</xmax>
      <ymax>533.4954203287756</ymax>
    </bndbox>
    <attributes>
      <attribute>
        <name>track_id</name>
        <value>82</value>
      </attribute>
      <attribute>
        <name>keyframe</name>
        <value>True</value>
      </attribute>
    </attributes>
  </object>
  <object>
    <name>vehicule</name>
    <occluded>0</occluded>
    <bndbox>
      <xmin>2182.616455078125</xmin>
      <ymin>1106.7559814453125</ymin>
      <xmax>2391.113525390625</xmax>
      <ymax>1337.8355865478516</ymax>
    </bndbox>
    <attributes>
      <attribute>
        <name>track_id</name>
        <value>83</value>
      </attribute>
      <attribute>
        <name>keyframe</name>
        <value>True</value>
      </attribute>
    </attributes>
  </object>
  <object>
    <name>vehicule</name>
    <occluded>0</occluded>
    <bndbox>
      <xmin>2167.796875</xmin>
      <ymin>670.802734375</ymin>
      <xmax>2456.0</xmax>
      <ymax>995.6537780761719</ymax>
    </bndbox>
    <attributes>
      <attribute>
        <name>track_id</name>
        <value>84</value>
      </attribute>
      <attribute>
        <name>keyframe</name>
        <value>True</value>
      </attribute>
    </attributes>
  </object>
</annotation>
