<annotation>
  <folder>frame</folder>
  <filename>frame_000780.jpg</filename>
  <source>
    <database>Unknown</database>
    <annotation>Unknown</annotation>
    <image>Unknown</image>
  </source>
  <size>
    <width>2456</width>
    <height>2054</height>
    <depth>3</depth>
  </size>
  <segmented>0</segmented>
  <object>
    <name>vehicule</name>
    <occluded>0</occluded>
    <bndbox>
      <xmin>86.30940755208333</xmin>
      <ymin>433.98637695312544</ymin>
      <xmax>484.33069661458404</xmax>
      <ymax>627.0737902323407</ymax>
    </bndbox>
    <attributes>
      <attribute>
        <name>track_id</name>
        <value>56</value>
      </attribute>
      <attribute>
        <name>keyframe</name>
        <value>True</value>
      </attribute>
    </attributes>
  </object>
  <object>
    <name>vehicule</name>
    <occluded>0</occluded>
    <bndbox>
      <xmin>581.4001775568183</xmin>
      <ymin>575.3982599431819</ymin>
      <xmax>939.2934792258516</xmax>
      <ymax>862.0480646306822</ymax>
    </bndbox>
    <attributes>
      <attribute>
        <name>track_id</name>
        <value>63</value>
      </attribute>
      <attribute>
        <name>keyframe</name>
        <value>True</value>
      </attribute>
    </attributes>
  </object>
  <object>
    <name>vehicule</name>
    <occluded>0</occluded>
    <bndbox>
      <xmin>208.22229287790697</xmin>
      <ymin>305.61805050872096</ymin>
      <xmax>545.2304960029073</xmax>
      <ymax>490.7836755087224</ymax>
    </bndbox>
    <attributes>
      <attribute>
        <name>track_id</name>
        <value>65</value>
      </attribute>
      <attribute>
        <name>keyframe</name>
        <value>True</value>
      </attribute>
    </attributes>
  </object>
  <object>
    <name>vehicule</name>
    <occluded>0</occluded>
    <bndbox>
      <xmin>894.0588507401316</xmin>
      <ymin>829.6269017269736</ymin>
      <xmax>1374.9133429276317</xmax>
      <ymax>1150.65806435033</ymax>
    </bndbox>
    <attributes>
      <attribute>
        <name>track_id</name>
        <value>66</value>
      </attribute>
      <attribute>
        <name>keyframe</name>
        <value>True</value>
      </attribute>
    </attributes>
  </object>
  <object>
    <name>vehicule</name>
    <occluded>0</occluded>
    <bndbox>
      <xmin>0.0</xmin>
      <ymin>162.208984375</ymin>
      <xmax>270.8171875000007</xmax>
      <ymax>317.11668395996094</ymax>
    </bndbox>
    <attributes>
      <attribute>
        <name>track_id</name>
        <value>67</value>
      </attribute>
      <attribute>
        <name>keyframe</name>
        <value>True</value>
      </attribute>
    </attributes>
  </object>
  <object>
    <name>vehicule</name>
    <occluded>0</occluded>
    <bndbox>
      <xmin>539.98828125</xmin>
      <ymin>223.66074218750055</ymin>
      <xmax>864.9650390625011</xmax>
      <ymax>381.72773132324164</ymax>
    </bndbox>
    <attributes>
      <attribute>
        <name>track_id</name>
        <value>68</value>
      </attribute>
      <attribute>
        <name>keyframe</name>
        <value>True</value>
      </attribute>
    </attributes>
  </object>
  <object>
    <name>vehicule</name>
    <occluded>0</occluded>
    <bndbox>
      <xmin>878.8296875000001</xmin>
      <ymin>577.6592684659091</ymin>
      <xmax>1338.828335848722</xmax>
      <ymax>791.8455685702228</ymax>
    </bndbox>
    <attributes>
      <attribute>
        <name>track_id</name>
        <value>69</value>
      </attribute>
      <attribute>
        <name>keyframe</name>
        <value>True</value>
      </attribute>
    </attributes>
  </object>
  <object>
    <name>vehicule</name>
    <occluded>0</occluded>
    <bndbox>
      <xmin>1305.58349609375</xmin>
      <ymin>829.41748046875</ymin>
      <xmax>1658.800000000001</xmax>
      <ymax>1105.1000000000004</ymax>
    </bndbox>
    <attributes>
      <attribute>
        <name>track_id</name>
        <value>70</value>
      </attribute>
      <attribute>
        <name>keyframe</name>
        <value>True</value>
      </attribute>
    </attributes>
  </object>
  <object>
    <name>vehicule</name>
    <occluded>0</occluded>
    <bndbox>
      <xmin>1090.4174316406252</xmin>
      <ymin>419.0750000000003</ymin>
      <xmax>1485.541040039062</xmax>
      <ymax>639.1809387207031</ymax>
    </bndbox>
    <attributes>
      <attribute>
        <name>track_id</name>
        <value>71</value>
      </attribute>
      <attribute>
        <name>keyframe</name>
        <value>True</value>
      </attribute>
    </attributes>
  </object>
  <object>
    <name>vehicule</name>
    <occluded>0</occluded>
    <bndbox>
      <xmin>1366.4794921875</xmin>
      <ymin>716.4831054687502</ymin>
      <xmax>1830.904296875001</xmax>
      <ymax>960.2546264648436</ymax>
    </bndbox>
    <attributes>
      <attribute>
        <name>track_id</name>
        <value>72</value>
      </attribute>
      <attribute>
        <name>keyframe</name>
        <value>True</value>
      </attribute>
    </attributes>
  </object>
  <object>
    <name>vehicule</name>
    <occluded>0</occluded>
    <bndbox>
      <xmin>1516.4052734375</xmin>
      <ymin>236.90595703125018</ymin>
      <xmax>1713.7000000000007</xmax>
      <ymax>408.59473419189453</ymax>
    </bndbox>
    <attributes>
      <attribute>
        <name>track_id</name>
        <value>73</value>
      </attribute>
      <attribute>
        <name>keyframe</name>
        <value>True</value>
      </attribute>
    </attributes>
  </object>
  <object>
    <name>vehicule</name>
    <occluded>0</occluded>
    <bndbox>
      <xmin>1837.6500000000005</xmin>
      <ymin>1139.545166015625</ymin>
      <xmax>2442.0457611083984</xmax>
      <ymax>1482.7211456298828</ymax>
    </bndbox>
    <attributes>
      <attribute>
        <name>track_id</name>
        <value>74</value>
      </attribute>
      <attribute>
        <name>keyframe</name>
        <value>True</value>
      </attribute>
    </attributes>
  </object>
  <object>
    <name>vehicule</name>
    <occluded>0</occluded>
    <bndbox>
      <xmin>1550.6211914062505</xmin>
      <ymin>439.5725585937507</ymin>
      <xmax>2016.8504882812495</xmax>
      <ymax>725.1535461425774</ymax>
    </bndbox>
    <attributes>
      <attribute>
        <name>track_id</name>
        <value>75</value>
      </attribute>
      <attribute>
        <name>keyframe</name>
        <value>True</value>
      </attribute>
    </attributes>
  </object>
  <object>
    <name>vehicule</name>
    <occluded>0</occluded>
    <bndbox>
      <xmin>1875.1017089843758</xmin>
      <ymin>941.1500000000005</ymin>
      <xmax>2445.525</xmax>
      <ymax>1178.94868850708</ymax>
    </bndbox>
    <attributes>
      <attribute>
        <name>track_id</name>
        <value>76</value>
      </attribute>
      <attribute>
        <name>keyframe</name>
        <value>True</value>
      </attribute>
    </attributes>
  </object>
  <object>
    <name>vehicule</name>
    <occluded>0</occluded>
    <bndbox>
      <xmin>611.3034179687502</xmin>
      <ymin>353.745849609375</ymin>
      <xmax>904.0573059082026</xmax>
      <ymax>565.8441101074204</ymax>
    </bndbox>
    <attributes>
      <attribute>
        <name>track_id</name>
        <value>78</value>
      </attribute>
      <attribute>
        <name>keyframe</name>
        <value>True</value>
      </attribute>
    </attributes>
  </object>
</annotation>
