<annotation>
  <folder>frame</folder>
  <filename>frame_000282.jpg</filename>
  <source>
    <database>Unknown</database>
    <annotation>Unknown</annotation>
    <image>Unknown</image>
  </source>
  <size>
    <width>2456</width>
    <height>2054</height>
    <depth>3</depth>
  </size>
  <segmented>0</segmented>
  <object>
    <name>vehicule</name>
    <occluded>0</occluded>
    <bndbox>
      <xmin>1540.033333333334</xmin>
      <ymin>158.53281250000023</ymin>
      <xmax>1750.5850524902344</xmax>
      <ymax>356.07503051757766</ymax>
    </bndbox>
    <attributes>
      <attribute>
        <name>track_id</name>
        <value>26</value>
      </attribute>
      <attribute>
        <name>keyframe</name>
        <value>True</value>
      </attribute>
    </attributes>
  </object>
  <object>
    <name>vehicule</name>
    <occluded>0</occluded>
    <bndbox>
      <xmin>1408.833333333334</xmin>
      <ymin>338.39361979166705</ymin>
      <xmax>1748.51123046875</xmax>
      <ymax>598.3027913411448</ymax>
    </bndbox>
    <attributes>
      <attribute>
        <name>track_id</name>
        <value>28</value>
      </attribute>
      <attribute>
        <name>keyframe</name>
        <value>True</value>
      </attribute>
    </attributes>
  </object>
</annotation>
