<annotation>
  <folder>frame</folder>
  <filename>frame_000591.jpg</filename>
  <source>
    <database>Unknown</database>
    <annotation>Unknown</annotation>
    <image>Unknown</image>
  </source>
  <size>
    <width>2456</width>
    <height>2054</height>
    <depth>3</depth>
  </size>
  <segmented>0</segmented>
  <object>
    <name>vehicule</name>
    <occluded>0</occluded>
    <bndbox>
      <xmin>0.0</xmin>
      <ymin>289.6097005208333</ymin>
      <xmax>234.07855224609375</xmax>
      <ymax>521.1271138509104</ymax>
    </bndbox>
    <attributes>
      <attribute>
        <name>track_id</name>
        <value>44</value>
      </attribute>
      <attribute>
        <name>keyframe</name>
        <value>True</value>
      </attribute>
    </attributes>
  </object>
  <object>
    <name>vehicule</name>
    <occluded>0</occluded>
    <bndbox>
      <xmin>412.6002604166667</xmin>
      <ymin>478.4541015625</ymin>
      <xmax>798.0334269205729</xmax>
      <ymax>717.9679687500011</ymax>
    </bndbox>
    <attributes>
      <attribute>
        <name>track_id</name>
        <value>46</value>
      </attribute>
      <attribute>
        <name>keyframe</name>
        <value>True</value>
      </attribute>
    </attributes>
  </object>
  <object>
    <name>vehicule</name>
    <occluded>0</occluded>
    <bndbox>
      <xmin>294.60976562500036</xmin>
      <ymin>244.92122395833334</ymin>
      <xmax>687.1521423339836</xmax>
      <ymax>479.2895100911458</ymax>
    </bndbox>
    <attributes>
      <attribute>
        <name>track_id</name>
        <value>47</value>
      </attribute>
      <attribute>
        <name>keyframe</name>
        <value>True</value>
      </attribute>
    </attributes>
  </object>
  <object>
    <name>vehicule</name>
    <occluded>0</occluded>
    <bndbox>
      <xmin>680.4077473958338</xmin>
      <ymin>711.6025390625</ymin>
      <xmax>1126.1887044270832</xmax>
      <ymax>972.8914062500007</ymax>
    </bndbox>
    <attributes>
      <attribute>
        <name>track_id</name>
        <value>49</value>
      </attribute>
      <attribute>
        <name>keyframe</name>
        <value>True</value>
      </attribute>
    </attributes>
  </object>
  <object>
    <name>vehicule</name>
    <occluded>0</occluded>
    <bndbox>
      <xmin>1132.1097005208333</xmin>
      <ymin>695.4000000000002</ymin>
      <xmax>1550.4333333333343</xmax>
      <ymax>979.6592305501302</ymax>
    </bndbox>
    <attributes>
      <attribute>
        <name>track_id</name>
        <value>50</value>
      </attribute>
      <attribute>
        <name>keyframe</name>
        <value>True</value>
      </attribute>
    </attributes>
  </object>
  <object>
    <name>vehicule</name>
    <occluded>0</occluded>
    <bndbox>
      <xmin>975.4803385416672</xmin>
      <ymin>380.8287760416667</ymin>
      <xmax>1391.1332560221344</xmax>
      <ymax>608.2077819824214</ymax>
    </bndbox>
    <attributes>
      <attribute>
        <name>track_id</name>
        <value>51</value>
      </attribute>
      <attribute>
        <name>keyframe</name>
        <value>True</value>
      </attribute>
    </attributes>
  </object>
  <object>
    <name>vehicule</name>
    <occluded>0</occluded>
    <bndbox>
      <xmin>1264.756380208334</xmin>
      <ymin>286.8666666666674</ymin>
      <xmax>1704.7687500000004</xmax>
      <ymax>579.6464335123698</ymax>
    </bndbox>
    <attributes>
      <attribute>
        <name>track_id</name>
        <value>52</value>
      </attribute>
      <attribute>
        <name>keyframe</name>
        <value>True</value>
      </attribute>
    </attributes>
  </object>
  <object>
    <name>vehicule</name>
    <occluded>0</occluded>
    <bndbox>
      <xmin>1680.009765625</xmin>
      <ymin>884.9333333333337</ymin>
      <xmax>2243.337921142578</xmax>
      <ymax>1183.6403198242188</ymax>
    </bndbox>
    <attributes>
      <attribute>
        <name>track_id</name>
        <value>53</value>
      </attribute>
      <attribute>
        <name>keyframe</name>
        <value>True</value>
      </attribute>
    </attributes>
  </object>
  <object>
    <name>vehicule</name>
    <occluded>0</occluded>
    <bndbox>
      <xmin>1576.44140625</xmin>
      <ymin>1159.1650390625</ymin>
      <xmax>2255.441375732422</xmax>
      <ymax>1542.9652343750004</ymax>
    </bndbox>
    <attributes>
      <attribute>
        <name>track_id</name>
        <value>54</value>
      </attribute>
      <attribute>
        <name>keyframe</name>
        <value>True</value>
      </attribute>
    </attributes>
  </object>
</annotation>
