<annotation>
  <folder>frame</folder>
  <filename>frame_001763.jpg</filename>
  <source>
    <database>Unknown</database>
    <annotation>Unknown</annotation>
    <image>Unknown</image>
  </source>
  <size>
    <width>2456</width>
    <height>2054</height>
    <depth>3</depth>
  </size>
  <segmented>0</segmented>
  <object>
    <name>vehicule</name>
    <occluded>0</occluded>
    <bndbox>
      <xmin>1708.7984095982142</xmin>
      <ymin>87.42508370535714</ymin>
      <xmax>1837.6497889927455</xmax>
      <ymax>249.04285714285757</ymax>
    </bndbox>
    <attributes>
      <attribute>
        <name>track_id</name>
        <value>159</value>
      </attribute>
      <attribute>
        <name>keyframe</name>
        <value>True</value>
      </attribute>
    </attributes>
  </object>
  <object>
    <name>vehicule</name>
    <occluded>0</occluded>
    <bndbox>
      <xmin>520.3197544642858</xmin>
      <ymin>632.7931082589286</ymin>
      <xmax>932.8436209542407</xmax>
      <ymax>913.7802455357152</ymax>
    </bndbox>
    <attributes>
      <attribute>
        <name>track_id</name>
        <value>161</value>
      </attribute>
      <attribute>
        <name>keyframe</name>
        <value>True</value>
      </attribute>
    </attributes>
  </object>
  <object>
    <name>vehicule</name>
    <occluded>0</occluded>
    <bndbox>
      <xmin>1407.0293945312505</xmin>
      <ymin>40.3017578125</ymin>
      <xmax>1586.1147399902338</xmax>
      <ymax>212.7863281250011</ymax>
    </bndbox>
    <attributes>
      <attribute>
        <name>track_id</name>
        <value>162</value>
      </attribute>
      <attribute>
        <name>keyframe</name>
        <value>True</value>
      </attribute>
    </attributes>
  </object>
  <object>
    <name>vehicule</name>
    <occluded>0</occluded>
    <bndbox>
      <xmin>216.693359375</xmin>
      <ymin>326.5</ymin>
      <xmax>598.0623413085923</xmax>
      <ymax>550.5394439697266</ymax>
    </bndbox>
    <attributes>
      <attribute>
        <name>track_id</name>
        <value>163</value>
      </attribute>
      <attribute>
        <name>keyframe</name>
        <value>True</value>
      </attribute>
    </attributes>
  </object>
  <object>
    <name>vehicule</name>
    <occluded>0</occluded>
    <bndbox>
      <xmin>1227.050000000001</xmin>
      <ymin>796.9879882812502</ymin>
      <xmax>1737.4915466308594</xmax>
      <ymax>1092.6632385253906</ymax>
    </bndbox>
    <attributes>
      <attribute>
        <name>track_id</name>
        <value>164</value>
      </attribute>
      <attribute>
        <name>keyframe</name>
        <value>True</value>
      </attribute>
    </attributes>
  </object>
  <object>
    <name>vehicule</name>
    <occluded>0</occluded>
    <bndbox>
      <xmin>1237.9500000000007</xmin>
      <ymin>1101.99951171875</ymin>
      <xmax>1836.6850891113281</xmax>
      <ymax>1430.272656250001</ymax>
    </bndbox>
    <attributes>
      <attribute>
        <name>track_id</name>
        <value>165</value>
      </attribute>
      <attribute>
        <name>keyframe</name>
        <value>True</value>
      </attribute>
    </attributes>
  </object>
  <object>
    <name>vehicule</name>
    <occluded>0</occluded>
    <bndbox>
      <xmin>1950.06591796875</xmin>
      <ymin>1134.365234375</ymin>
      <xmax>2429.3181335449217</xmax>
      <ymax>1476.6985778808594</ymax>
    </bndbox>
    <attributes>
      <attribute>
        <name>track_id</name>
        <value>166</value>
      </attribute>
      <attribute>
        <name>keyframe</name>
        <value>True</value>
      </attribute>
    </attributes>
  </object>
  <object>
    <name>vehicule</name>
    <occluded>0</occluded>
    <bndbox>
      <xmin>2092.697005208334</xmin>
      <ymin>741.1980468750002</ymin>
      <xmax>2448.73828125</xmax>
      <ymax>966.3105926513672</ymax>
    </bndbox>
    <attributes>
      <attribute>
        <name>track_id</name>
        <value>167</value>
      </attribute>
      <attribute>
        <name>keyframe</name>
        <value>True</value>
      </attribute>
    </attributes>
  </object>
  <object>
    <name>vehicule</name>
    <occluded>0</occluded>
    <bndbox>
      <xmin>2063.6435546875</xmin>
      <ymin>950.75</ymin>
      <xmax>2456.0</xmax>
      <ymax>1224.6166687011719</ymax>
    </bndbox>
    <attributes>
      <attribute>
        <name>track_id</name>
        <value>168</value>
      </attribute>
      <attribute>
        <name>keyframe</name>
        <value>True</value>
      </attribute>
    </attributes>
  </object>
</annotation>
