<annotation>
  <folder>frame</folder>
  <filename>frame_000003.jpg</filename>
  <source>
    <database>Unknown</database>
    <annotation>Unknown</annotation>
    <image>Unknown</image>
  </source>
  <size>
    <width>2456</width>
    <height>2054</height>
    <depth>3</depth>
  </size>
  <segmented>0</segmented>
  <object>
    <name>vehicule</name>
    <occluded>0</occluded>
    <bndbox>
      <xmin>1113.424789663462</xmin>
      <ymin>451.48828125</ymin>
      <xmax>1398.8439096304087</xmax>
      <ymax>716.7431025578423</ymax>
    </bndbox>
    <attributes>
      <attribute>
        <name>track_id</name>
        <value>174</value>
      </attribute>
      <attribute>
        <name>keyframe</name>
        <value>True</value>
      </attribute>
    </attributes>
  </object>
  <object>
    <name>vehicule</name>
    <occluded>0</occluded>
    <bndbox>
      <xmin>700.2247596153846</xmin>
      <ymin>1140.2405649038462</ymin>
      <xmax>1214.9978102463945</xmax>
      <ymax>1522.7815199631912</ymax>
    </bndbox>
    <attributes>
      <attribute>
        <name>track_id</name>
        <value>175</value>
      </attribute>
      <attribute>
        <name>keyframe</name>
        <value>True</value>
      </attribute>
    </attributes>
  </object>
  <object>
    <name>vehicule</name>
    <occluded>0</occluded>
    <bndbox>
      <xmin>292.5331430288462</xmin>
      <ymin>1000.6590144230772</ymin>
      <xmax>743.6258263221154</xmax>
      <ymax>1326.2398963341345</ymax>
    </bndbox>
    <attributes>
      <attribute>
        <name>track_id</name>
        <value>176</value>
      </attribute>
      <attribute>
        <name>keyframe</name>
        <value>True</value>
      </attribute>
    </attributes>
  </object>
  <object>
    <name>vehicule</name>
    <occluded>0</occluded>
    <bndbox>
      <xmin>0.0</xmin>
      <ymin>6.200000000000728</ymin>
      <xmax>224.40000000000146</xmax>
      <ymax>205.40000915527344</ymax>
    </bndbox>
    <attributes>
      <attribute>
        <name>track_id</name>
        <value>177</value>
      </attribute>
      <attribute>
        <name>keyframe</name>
        <value>True</value>
      </attribute>
    </attributes>
  </object>
</annotation>
