<annotation>
  <folder>frame</folder>
  <filename>frame_001789.jpg</filename>
  <source>
    <database>Unknown</database>
    <annotation>Unknown</annotation>
    <image>Unknown</image>
  </source>
  <size>
    <width>2456</width>
    <height>2054</height>
    <depth>3</depth>
  </size>
  <segmented>0</segmented>
  <object>
    <name>vehicule</name>
    <occluded>0</occluded>
    <bndbox>
      <xmin>95.279296875</xmin>
      <ymin>370.6640625</ymin>
      <xmax>496.79344482421766</xmax>
      <ymax>597.8363769531243</ymax>
    </bndbox>
    <attributes>
      <attribute>
        <name>track_id</name>
        <value>164</value>
      </attribute>
      <attribute>
        <name>keyframe</name>
        <value>True</value>
      </attribute>
    </attributes>
  </object>
  <object>
    <name>vehicule</name>
    <occluded>0</occluded>
    <bndbox>
      <xmin>403.2548828125</xmin>
      <ymin>596.0731305803581</ymin>
      <xmax>766.9921875</xmax>
      <ymax>816.9162885393414</ymax>
    </bndbox>
    <attributes>
      <attribute>
        <name>track_id</name>
        <value>165</value>
      </attribute>
      <attribute>
        <name>keyframe</name>
        <value>True</value>
      </attribute>
    </attributes>
  </object>
  <object>
    <name>vehicule</name>
    <occluded>0</occluded>
    <bndbox>
      <xmin>818.3469587053571</xmin>
      <ymin>744.4610770089286</ymin>
      <xmax>1247.3857142857157</xmax>
      <ymax>1009.5</ymax>
    </bndbox>
    <attributes>
      <attribute>
        <name>track_id</name>
        <value>166</value>
      </attribute>
      <attribute>
        <name>keyframe</name>
        <value>True</value>
      </attribute>
    </attributes>
  </object>
  <object>
    <name>vehicule</name>
    <occluded>0</occluded>
    <bndbox>
      <xmin>1512.0221191406258</xmin>
      <ymin>195.279052734375</ymin>
      <xmax>1726.9850280761716</xmax>
      <ymax>378.9175292968757</ymax>
    </bndbox>
    <attributes>
      <attribute>
        <name>track_id</name>
        <value>167</value>
      </attribute>
      <attribute>
        <name>keyframe</name>
        <value>True</value>
      </attribute>
    </attributes>
  </object>
  <object>
    <name>vehicule</name>
    <occluded>0</occluded>
    <bndbox>
      <xmin>868.1060267857143</xmin>
      <ymin>536.8428571428584</ymin>
      <xmax>1330.2938058035713</xmax>
      <ymax>776.9137398856027</ymax>
    </bndbox>
    <attributes>
      <attribute>
        <name>track_id</name>
        <value>168</value>
      </attribute>
      <attribute>
        <name>keyframe</name>
        <value>True</value>
      </attribute>
    </attributes>
  </object>
  <object>
    <name>vehicule</name>
    <occluded>0</occluded>
    <bndbox>
      <xmin>1454.056361607143</xmin>
      <ymin>971.6460658482143</ymin>
      <xmax>2038.0878452845973</xmax>
      <ymax>1287.7523245675225</ymax>
    </bndbox>
    <attributes>
      <attribute>
        <name>track_id</name>
        <value>169</value>
      </attribute>
      <attribute>
        <name>keyframe</name>
        <value>True</value>
      </attribute>
    </attributes>
  </object>
  <object>
    <name>vehicule</name>
    <occluded>0</occluded>
    <bndbox>
      <xmin>1611.6474609375</xmin>
      <ymin>740.232421875</ymin>
      <xmax>2090.546850585937</xmax>
      <ymax>1018.9943280901227</ymax>
    </bndbox>
    <attributes>
      <attribute>
        <name>track_id</name>
        <value>170</value>
      </attribute>
      <attribute>
        <name>keyframe</name>
        <value>True</value>
      </attribute>
    </attributes>
  </object>
  <object>
    <name>vehicule</name>
    <occluded>0</occluded>
    <bndbox>
      <xmin>1760.179994419644</xmin>
      <ymin>511.7367745535724</ymin>
      <xmax>2141.6718191964287</xmax>
      <ymax>748.2399056570869</ymax>
    </bndbox>
    <attributes>
      <attribute>
        <name>track_id</name>
        <value>171</value>
      </attribute>
      <attribute>
        <name>keyframe</name>
        <value>True</value>
      </attribute>
    </attributes>
  </object>
</annotation>
