<annotation>
  <folder>frame</folder>
  <filename>frame_000030.jpg</filename>
  <source>
    <database>Unknown</database>
    <annotation>Unknown</annotation>
    <image>Unknown</image>
  </source>
  <size>
    <width>2456</width>
    <height>2054</height>
    <depth>3</depth>
  </size>
  <segmented>0</segmented>
  <object>
    <name>vehicule</name>
    <occluded>0</occluded>
    <bndbox>
      <xmin>1172.251057942709</xmin>
      <ymin>903.2521972656256</ymin>
      <xmax>1348.119901275634</xmax>
      <ymax>1184.1568557739251</ymax>
    </bndbox>
    <attributes>
      <attribute>
        <name>track_id</name>
        <value>0</value>
      </attribute>
      <attribute>
        <name>keyframe</name>
        <value>True</value>
      </attribute>
    </attributes>
  </object>
  <object>
    <name>vehicule</name>
    <occluded>0</occluded>
    <bndbox>
      <xmin>592.88623046875</xmin>
      <ymin>659.2333333333346</ymin>
      <xmax>950.273215738933</xmax>
      <ymax>976.9457194010416</ymax>
    </bndbox>
    <attributes>
      <attribute>
        <name>track_id</name>
        <value>1</value>
      </attribute>
      <attribute>
        <name>keyframe</name>
        <value>True</value>
      </attribute>
    </attributes>
  </object>
  <object>
    <name>vehicule</name>
    <occluded>0</occluded>
    <bndbox>
      <xmin>1470.4750000000008</xmin>
      <ymin>169.18343098958331</ymin>
      <xmax>1688.9166717529297</xmax>
      <ymax>383.04166666666697</ymax>
    </bndbox>
    <attributes>
      <attribute>
        <name>track_id</name>
        <value>175</value>
      </attribute>
      <attribute>
        <name>keyframe</name>
        <value>True</value>
      </attribute>
    </attributes>
  </object>
  <object>
    <name>vehicule</name>
    <occluded>0</occluded>
    <bndbox>
      <xmin>1068.223356119792</xmin>
      <ymin>189.0416666666668</ymin>
      <xmax>1280.3858795166018</xmax>
      <ymax>405.8702100118001</ymax>
    </bndbox>
    <attributes>
      <attribute>
        <name>track_id</name>
        <value>176</value>
      </attribute>
      <attribute>
        <name>keyframe</name>
        <value>True</value>
      </attribute>
    </attributes>
  </object>
</annotation>
