<annotation>
  <folder>frame</folder>
  <filename>frame_000074.jpg</filename>
  <source>
    <database>Unknown</database>
    <annotation>Unknown</annotation>
    <image>Unknown</image>
  </source>
  <size>
    <width>2456</width>
    <height>2054</height>
    <depth>3</depth>
  </size>
  <segmented>0</segmented>
  <object>
    <name>vehicule</name>
    <occluded>0</occluded>
    <bndbox>
      <xmin>1098.0486979166667</xmin>
      <ymin>243.99402669270847</ymin>
      <xmax>1338.929724629719</xmax>
      <ymax>445.68025665283074</ymax>
    </bndbox>
    <attributes>
      <attribute>
        <name>track_id</name>
        <value>2</value>
      </attribute>
      <attribute>
        <name>keyframe</name>
        <value>True</value>
      </attribute>
    </attributes>
  </object>
  <object>
    <name>vehicule</name>
    <occluded>0</occluded>
    <bndbox>
      <xmin>1046.883886718751</xmin>
      <ymin>484.21334635416804</ymin>
      <xmax>1287.7106826782226</xmax>
      <ymax>723.9713048299154</ymax>
    </bndbox>
    <attributes>
      <attribute>
        <name>track_id</name>
        <value>4</value>
      </attribute>
      <attribute>
        <name>keyframe</name>
        <value>True</value>
      </attribute>
    </attributes>
  </object>
  <object>
    <name>vehicule</name>
    <occluded>0</occluded>
    <bndbox>
      <xmin>705.1083007812506</xmin>
      <ymin>712.4000000000015</ymin>
      <xmax>977.5222661336263</xmax>
      <ymax>1008.6232986450195</ymax>
    </bndbox>
    <attributes>
      <attribute>
        <name>track_id</name>
        <value>5</value>
      </attribute>
      <attribute>
        <name>keyframe</name>
        <value>True</value>
      </attribute>
    </attributes>
  </object>
  <object>
    <name>vehicule</name>
    <occluded>0</occluded>
    <bndbox>
      <xmin>1774.6481445312502</xmin>
      <ymin>548.5185546875</ymin>
      <xmax>2202.6195312500004</xmax>
      <ymax>830.6752319335938</ymax>
    </bndbox>
    <attributes>
      <attribute>
        <name>track_id</name>
        <value>6</value>
      </attribute>
      <attribute>
        <name>keyframe</name>
        <value>True</value>
      </attribute>
    </attributes>
  </object>
  <object>
    <name>vehicule</name>
    <occluded>0</occluded>
    <bndbox>
      <xmin>0.0</xmin>
      <ymin>7.7802734375</ymin>
      <xmax>169.9306640625</xmax>
      <ymax>169.08963012695312</ymax>
    </bndbox>
    <attributes>
      <attribute>
        <name>track_id</name>
        <value>7</value>
      </attribute>
      <attribute>
        <name>keyframe</name>
        <value>True</value>
      </attribute>
    </attributes>
  </object>
  <object>
    <name>vehicule</name>
    <occluded>0</occluded>
    <bndbox>
      <xmin>396.794921875</xmin>
      <ymin>1360.8250000000007</ymin>
      <xmax>997.2250000000013</xmax>
      <ymax>1806.5865631103516</ymax>
    </bndbox>
    <attributes>
      <attribute>
        <name>track_id</name>
        <value>8</value>
      </attribute>
      <attribute>
        <name>keyframe</name>
        <value>True</value>
      </attribute>
    </attributes>
  </object>
</annotation>
