<annotation>
  <folder>frame</folder>
  <filename>frame_001495.jpg</filename>
  <source>
    <database>Unknown</database>
    <annotation>Unknown</annotation>
    <image>Unknown</image>
  </source>
  <size>
    <width>2456</width>
    <height>2054</height>
    <depth>3</depth>
  </size>
  <segmented>0</segmented>
  <object>
    <name>vehicule</name>
    <occluded>0</occluded>
    <bndbox>
      <xmin>1.2605742436305736</xmin>
      <ymin>148.65581458996814</ymin>
      <xmax>255.5635714196855</xmax>
      <ymax>321.39311927746814</ymax>
    </bndbox>
    <attributes>
      <attribute>
        <name>track_id</name>
        <value>106</value>
      </attribute>
      <attribute>
        <name>keyframe</name>
        <value>True</value>
      </attribute>
    </attributes>
  </object>
  <object>
    <name>vehicule</name>
    <occluded>0</occluded>
    <bndbox>
      <xmin>306.03527211334745</xmin>
      <ymin>245.72863148834745</ymin>
      <xmax>607.1573424258474</xmax>
      <ymax>419.26339406158854</ymax>
    </bndbox>
    <attributes>
      <attribute>
        <name>track_id</name>
        <value>137</value>
      </attribute>
      <attribute>
        <name>keyframe</name>
        <value>True</value>
      </attribute>
    </attributes>
  </object>
  <object>
    <name>vehicule</name>
    <occluded>0</occluded>
    <bndbox>
      <xmin>2.9946501358695645</xmin>
      <ymin>334.9543563179348</ymin>
      <xmax>329.27580194887906</xmax>
      <ymax>552.0815047554358</ymax>
    </bndbox>
    <attributes>
      <attribute>
        <name>track_id</name>
        <value>138</value>
      </attribute>
      <attribute>
        <name>keyframe</name>
        <value>True</value>
      </attribute>
    </attributes>
  </object>
  <object>
    <name>vehicule</name>
    <occluded>0</occluded>
    <bndbox>
      <xmin>1577.7250000000004</xmin>
      <ymin>270.64501953125</ymin>
      <xmax>1790.3131408691406</xmax>
      <ymax>452.14560546875146</ymax>
    </bndbox>
    <attributes>
      <attribute>
        <name>track_id</name>
        <value>149</value>
      </attribute>
      <attribute>
        <name>keyframe</name>
        <value>True</value>
      </attribute>
    </attributes>
  </object>
  <object>
    <name>vehicule</name>
    <occluded>0</occluded>
    <bndbox>
      <xmin>157.05078125</xmin>
      <ymin>0.0</ymin>
      <xmax>459.62352447509784</xmax>
      <ymax>131.22427368164062</ymax>
    </bndbox>
    <attributes>
      <attribute>
        <name>track_id</name>
        <value>150</value>
      </attribute>
      <attribute>
        <name>keyframe</name>
        <value>True</value>
      </attribute>
    </attributes>
  </object>
</annotation>
