<annotation>
  <folder>frame</folder>
  <filename>frame_000252.jpg</filename>
  <source>
    <database>Unknown</database>
    <annotation>Unknown</annotation>
    <image>Unknown</image>
  </source>
  <size>
    <width>2456</width>
    <height>2054</height>
    <depth>3</depth>
  </size>
  <segmented>0</segmented>
  <object>
    <name>vehicule</name>
    <occluded>0</occluded>
    <bndbox>
      <xmin>1547.5</xmin>
      <ymin>147.02408854166788</ymin>
      <xmax>1753.175272623698</xmax>
      <ymax>352.2933700561522</ymax>
    </bndbox>
    <attributes>
      <attribute>
        <name>track_id</name>
        <value>24</value>
      </attribute>
      <attribute>
        <name>keyframe</name>
        <value>True</value>
      </attribute>
    </attributes>
  </object>
  <object>
    <name>vehicule</name>
    <occluded>0</occluded>
    <bndbox>
      <xmin>1964.30078125</xmin>
      <ymin>662.6482747395834</ymin>
      <xmax>2384.6808268229165</xmax>
      <ymax>940.5491485595703</ymax>
    </bndbox>
    <attributes>
      <attribute>
        <name>track_id</name>
        <value>26</value>
      </attribute>
      <attribute>
        <name>keyframe</name>
        <value>True</value>
      </attribute>
    </attributes>
  </object>
</annotation>
