<annotation>
  <folder>frame</folder>
  <filename>frame_000041.jpg</filename>
  <source>
    <database>Unknown</database>
    <annotation>Unknown</annotation>
    <image>Unknown</image>
  </source>
  <size>
    <width>2456</width>
    <height>2054</height>
    <depth>3</depth>
  </size>
  <segmented>0</segmented>
  <object>
    <name>vehicule</name>
    <occluded>0</occluded>
    <bndbox>
      <xmin>1348.0452974759614</xmin>
      <ymin>539.0558743990388</ymin>
      <xmax>1485.0327944242022</xmax>
      <ymax>800.2887061485872</ymax>
    </bndbox>
    <attributes>
      <attribute>
        <name>track_id</name>
        <value>0</value>
      </attribute>
      <attribute>
        <name>keyframe</name>
        <value>True</value>
      </attribute>
    </attributes>
  </object>
  <object>
    <name>vehicule</name>
    <occluded>0</occluded>
    <bndbox>
      <xmin>871.2006460336538</xmin>
      <ymin>329.1307692307707</ymin>
      <xmax>1132.8846153846166</xmax>
      <ymax>588.9091796875</ymax>
    </bndbox>
    <attributes>
      <attribute>
        <name>track_id</name>
        <value>1</value>
      </attribute>
      <attribute>
        <name>keyframe</name>
        <value>True</value>
      </attribute>
    </attributes>
  </object>
  <object>
    <name>vehicule</name>
    <occluded>0</occluded>
    <bndbox>
      <xmin>108.923828125</xmin>
      <ymin>1263.5</ymin>
      <xmax>666.3000000000011</xmax>
      <ymax>1683.7000000000007</ymax>
    </bndbox>
    <attributes>
      <attribute>
        <name>track_id</name>
        <value>2</value>
      </attribute>
      <attribute>
        <name>keyframe</name>
        <value>True</value>
      </attribute>
    </attributes>
  </object>
  <object>
    <name>vehicule</name>
    <occluded>0</occluded>
    <bndbox>
      <xmin>1285.296875</xmin>
      <ymin>0.0</ymin>
      <xmax>1484.7000000000007</xmax>
      <ymax>164.93995666503906</ymax>
    </bndbox>
    <attributes>
      <attribute>
        <name>track_id</name>
        <value>176</value>
      </attribute>
      <attribute>
        <name>keyframe</name>
        <value>True</value>
      </attribute>
    </attributes>
  </object>
</annotation>
