<annotation>
  <folder>frame</folder>
  <filename>frame_000890.jpg</filename>
  <source>
    <database>Unknown</database>
    <annotation>Unknown</annotation>
    <image>Unknown</image>
  </source>
  <size>
    <width>2456</width>
    <height>2054</height>
    <depth>3</depth>
  </size>
  <segmented>0</segmented>
  <object>
    <name>vehicule</name>
    <occluded>0</occluded>
    <bndbox>
      <xmin>28.514285714286547</xmin>
      <ymin>405.31417410714283</ymin>
      <xmax>384.9403459821432</xmax>
      <ymax>608.8508837018687</ymax>
    </bndbox>
    <attributes>
      <attribute>
        <name>track_id</name>
        <value>56</value>
      </attribute>
      <attribute>
        <name>keyframe</name>
        <value>True</value>
      </attribute>
    </attributes>
  </object>
  <object>
    <name>vehicule</name>
    <occluded>0</occluded>
    <bndbox>
      <xmin>498.0525390625</xmin>
      <ymin>511.7474609375</ymin>
      <xmax>840.7402465820298</xmax>
      <ymax>776.0234375000015</ymax>
    </bndbox>
    <attributes>
      <attribute>
        <name>track_id</name>
        <value>63</value>
      </attribute>
      <attribute>
        <name>keyframe</name>
        <value>True</value>
      </attribute>
    </attributes>
  </object>
  <object>
    <name>vehicule</name>
    <occluded>0</occluded>
    <bndbox>
      <xmin>644.0541657748288</xmin>
      <ymin>740.2479532320206</ymin>
      <xmax>1138.8949860873288</xmax>
      <ymax>1012.3290079195206</ymax>
    </bndbox>
    <attributes>
      <attribute>
        <name>track_id</name>
        <value>66</value>
      </attribute>
      <attribute>
        <name>keyframe</name>
        <value>True</value>
      </attribute>
    </attributes>
  </object>
  <object>
    <name>vehicule</name>
    <occluded>0</occluded>
    <bndbox>
      <xmin>0.12109375</xmin>
      <ymin>264.8000000000011</ymin>
      <xmax>394.6525390625011</xmax>
      <ymax>442.738525390625</ymax>
    </bndbox>
    <attributes>
      <attribute>
        <name>track_id</name>
        <value>69</value>
      </attribute>
      <attribute>
        <name>keyframe</name>
        <value>True</value>
      </attribute>
    </attributes>
  </object>
  <object>
    <name>vehicule</name>
    <occluded>0</occluded>
    <bndbox>
      <xmin>945.3195057744565</xmin>
      <ymin>691.3136888586956</ymin>
      <xmax>1354.2649958071504</xmax>
      <ymax>906.4478260869572</ymax>
    </bndbox>
    <attributes>
      <attribute>
        <name>track_id</name>
        <value>70</value>
      </attribute>
      <attribute>
        <name>keyframe</name>
        <value>True</value>
      </attribute>
    </attributes>
  </object>
  <object>
    <name>vehicule</name>
    <occluded>0</occluded>
    <bndbox>
      <xmin>524.351171875</xmin>
      <ymin>343.27890625</ymin>
      <xmax>912.9462951660156</xmax>
      <ymax>547.5416320800781</ymax>
    </bndbox>
    <attributes>
      <attribute>
        <name>track_id</name>
        <value>72</value>
      </attribute>
      <attribute>
        <name>keyframe</name>
        <value>True</value>
      </attribute>
    </attributes>
  </object>
  <object>
    <name>vehicule</name>
    <occluded>0</occluded>
    <bndbox>
      <xmin>1395.033844449627</xmin>
      <ymin>917.4102145522388</ymin>
      <xmax>1936.8035893226738</xmax>
      <ymax>1220.2127536147395</ymax>
    </bndbox>
    <attributes>
      <attribute>
        <name>track_id</name>
        <value>74</value>
      </attribute>
      <attribute>
        <name>keyframe</name>
        <value>True</value>
      </attribute>
    </attributes>
  </object>
  <object>
    <name>vehicule</name>
    <occluded>0</occluded>
    <bndbox>
      <xmin>931.744140625</xmin>
      <ymin>501.7042187500003</ymin>
      <xmax>1400.005859375</xmax>
      <ymax>724.7864544677734</ymax>
    </bndbox>
    <attributes>
      <attribute>
        <name>track_id</name>
        <value>76</value>
      </attribute>
      <attribute>
        <name>keyframe</name>
        <value>True</value>
      </attribute>
    </attributes>
  </object>
  <object>
    <name>vehicule</name>
    <occluded>0</occluded>
    <bndbox>
      <xmin>1770.179947916667</xmin>
      <ymin>855.4340049342105</ymin>
      <xmax>2176.7160427160434</xmax>
      <ymax>1146.9849242093273</ymax>
    </bndbox>
    <attributes>
      <attribute>
        <name>track_id</name>
        <value>80</value>
      </attribute>
      <attribute>
        <name>keyframe</name>
        <value>True</value>
      </attribute>
    </attributes>
  </object>
  <object>
    <name>vehicule</name>
    <occluded>0</occluded>
    <bndbox>
      <xmin>168.8000000000011</xmin>
      <ymin>138.4248046875</ymin>
      <xmax>590.6234741210938</xmax>
      <ymax>329.20831604003797</ymax>
    </bndbox>
    <attributes>
      <attribute>
        <name>track_id</name>
        <value>82</value>
      </attribute>
      <attribute>
        <name>keyframe</name>
        <value>True</value>
      </attribute>
    </attributes>
  </object>
  <object>
    <name>vehicule</name>
    <occluded>0</occluded>
    <bndbox>
      <xmin>2113.6677155671296</xmin>
      <ymin>1082.7392216435185</ymin>
      <xmax>2322.1647858796296</xmax>
      <ymax>1313.8188267460575</ymax>
    </bndbox>
    <attributes>
      <attribute>
        <name>track_id</name>
        <value>83</value>
      </attribute>
      <attribute>
        <name>keyframe</name>
        <value>True</value>
      </attribute>
    </attributes>
  </object>
  <object>
    <name>vehicule</name>
    <occluded>0</occluded>
    <bndbox>
      <xmin>1709.0</xmin>
      <ymin>409.57421875</ymin>
      <xmax>2023.9830017089844</xmax>
      <ymax>647.3718750000007</ymax>
    </bndbox>
    <attributes>
      <attribute>
        <name>track_id</name>
        <value>84</value>
      </attribute>
      <attribute>
        <name>keyframe</name>
        <value>True</value>
      </attribute>
    </attributes>
  </object>
  <object>
    <name>vehicule</name>
    <occluded>0</occluded>
    <bndbox>
      <xmin>1969.23953125</xmin>
      <ymin>1279.6540625000002</ymin>
      <xmax>2414.4718823242174</xmax>
      <ymax>1574.3531237792981</ymax>
    </bndbox>
    <attributes>
      <attribute>
        <name>track_id</name>
        <value>85</value>
      </attribute>
      <attribute>
        <name>keyframe</name>
        <value>True</value>
      </attribute>
    </attributes>
  </object>
  <object>
    <name>vehicule</name>
    <occluded>0</occluded>
    <bndbox>
      <xmin>2000.300000000001</xmin>
      <ymin>673.5</ymin>
      <xmax>2452.650390625</xmax>
      <ymax>934.7024841308594</ymax>
    </bndbox>
    <attributes>
      <attribute>
        <name>track_id</name>
        <value>86</value>
      </attribute>
      <attribute>
        <name>keyframe</name>
        <value>True</value>
      </attribute>
    </attributes>
  </object>
</annotation>
