<annotation>
  <folder>frame</folder>
  <filename>frame_000684.jpg</filename>
  <source>
    <database>Unknown</database>
    <annotation>Unknown</annotation>
    <image>Unknown</image>
  </source>
  <size>
    <width>2456</width>
    <height>2054</height>
    <depth>3</depth>
  </size>
  <segmented>0</segmented>
  <object>
    <name>vehicule</name>
    <occluded>0</occluded>
    <bndbox>
      <xmin>28.236363636363834</xmin>
      <ymin>367.16603338068205</ymin>
      <xmax>399.50609630237835</xmax>
      <ymax>621.0086481267743</ymax>
    </bndbox>
    <attributes>
      <attribute>
        <name>track_id</name>
        <value>54</value>
      </attribute>
      <attribute>
        <name>keyframe</name>
        <value>True</value>
      </attribute>
    </attributes>
  </object>
  <object>
    <name>vehicule</name>
    <occluded>0</occluded>
    <bndbox>
      <xmin>482.7674893465909</xmin>
      <ymin>597.6126598011364</ymin>
      <xmax>891.1794433593753</xmax>
      <ymax>837.2640092329543</ymax>
    </bndbox>
    <attributes>
      <attribute>
        <name>track_id</name>
        <value>56</value>
      </attribute>
      <attribute>
        <name>keyframe</name>
        <value>True</value>
      </attribute>
    </attributes>
  </object>
  <object>
    <name>vehicule</name>
    <occluded>0</occluded>
    <bndbox>
      <xmin>0.0</xmin>
      <ymin>164.5029296875</ymin>
      <xmax>223.21270141601417</xmax>
      <ymax>347.20273437500146</ymax>
    </bndbox>
    <attributes>
      <attribute>
        <name>track_id</name>
        <value>57</value>
      </attribute>
      <attribute>
        <name>keyframe</name>
        <value>True</value>
      </attribute>
    </attributes>
  </object>
  <object>
    <name>vehicule</name>
    <occluded>0</occluded>
    <bndbox>
      <xmin>276.09224076704544</xmin>
      <ymin>309.2991832386364</ymin>
      <xmax>514.45379971591</xmax>
      <ymax>490.61401783336294</ymax>
    </bndbox>
    <attributes>
      <attribute>
        <name>track_id</name>
        <value>58</value>
      </attribute>
      <attribute>
        <name>keyframe</name>
        <value>True</value>
      </attribute>
    </attributes>
  </object>
  <object>
    <name>vehicule</name>
    <occluded>0</occluded>
    <bndbox>
      <xmin>648.1009410511364</xmin>
      <ymin>335.33638139204544</ymin>
      <xmax>1050.284339488637</xmax>
      <ymax>540.6718519730998</ymax>
    </bndbox>
    <attributes>
      <attribute>
        <name>track_id</name>
        <value>60</value>
      </attribute>
      <attribute>
        <name>keyframe</name>
        <value>True</value>
      </attribute>
    </attributes>
  </object>
  <object>
    <name>vehicule</name>
    <occluded>0</occluded>
    <bndbox>
      <xmin>393.44575639204544</xmin>
      <ymin>209.19593394886363</ymin>
      <xmax>710.6109907670466</xmax>
      <ymax>394.19634898792503</ymax>
    </bndbox>
    <attributes>
      <attribute>
        <name>track_id</name>
        <value>61</value>
      </attribute>
      <attribute>
        <name>keyframe</name>
        <value>True</value>
      </attribute>
    </attributes>
  </object>
  <object>
    <name>vehicule</name>
    <occluded>0</occluded>
    <bndbox>
      <xmin>577.8395951704551</xmin>
      <ymin>461.1818181818195</ymin>
      <xmax>986.377937455611</xmax>
      <ymax>658.6413671320134</ymax>
    </bndbox>
    <attributes>
      <attribute>
        <name>track_id</name>
        <value>62</value>
      </attribute>
      <attribute>
        <name>keyframe</name>
        <value>True</value>
      </attribute>
    </attributes>
  </object>
  <object>
    <name>vehicule</name>
    <occluded>0</occluded>
    <bndbox>
      <xmin>1074.8909090909094</xmin>
      <ymin>918.9363636363643</ymin>
      <xmax>1558.6269198330965</xmax>
      <ymax>1245.9000549316406</ymax>
    </bndbox>
    <attributes>
      <attribute>
        <name>track_id</name>
        <value>63</value>
      </attribute>
      <attribute>
        <name>keyframe</name>
        <value>True</value>
      </attribute>
    </attributes>
  </object>
  <object>
    <name>vehicule</name>
    <occluded>0</occluded>
    <bndbox>
      <xmin>1150.7286931818182</xmin>
      <ymin>485.38618607954544</ymin>
      <xmax>1546.019466330788</xmax>
      <ymax>713.0302351518108</ymax>
    </bndbox>
    <attributes>
      <attribute>
        <name>track_id</name>
        <value>64</value>
      </attribute>
      <attribute>
        <name>keyframe</name>
        <value>True</value>
      </attribute>
    </attributes>
  </object>
  <object>
    <name>vehicule</name>
    <occluded>0</occluded>
    <bndbox>
      <xmin>1695.9425781250002</xmin>
      <ymin>867.6632533482147</ymin>
      <xmax>2195.824715750558</xmax>
      <ymax>1136.772434779577</ymax>
    </bndbox>
    <attributes>
      <attribute>
        <name>track_id</name>
        <value>65</value>
      </attribute>
      <attribute>
        <name>keyframe</name>
        <value>True</value>
      </attribute>
    </attributes>
  </object>
  <object>
    <name>vehicule</name>
    <occluded>0</occluded>
    <bndbox>
      <xmin>1915.4992968750005</xmin>
      <ymin>1270.555078125</ymin>
      <xmax>2454.4725708007813</xmax>
      <ymax>1636.7040283203125</ymax>
    </bndbox>
    <attributes>
      <attribute>
        <name>track_id</name>
        <value>66</value>
      </attribute>
      <attribute>
        <name>keyframe</name>
        <value>True</value>
      </attribute>
    </attributes>
  </object>
</annotation>
