<annotation>
  <folder>frame</folder>
  <filename>frame_000188.jpg</filename>
  <source>
    <database>Unknown</database>
    <annotation>Unknown</annotation>
    <image>Unknown</image>
  </source>
  <size>
    <width>2456</width>
    <height>2054</height>
    <depth>3</depth>
  </size>
  <segmented>0</segmented>
  <object>
    <name>vehicule</name>
    <occluded>0</occluded>
    <bndbox>
      <xmin>1438.0698437500002</xmin>
      <ymin>13.480000000000288</ymin>
      <xmax>1656.3448468017566</xmax>
      <ymax>155.9654400634754</ymax>
    </bndbox>
    <attributes>
      <attribute>
        <name>track_id</name>
        <value>15</value>
      </attribute>
      <attribute>
        <name>keyframe</name>
        <value>True</value>
      </attribute>
    </attributes>
  </object>
  <object>
    <name>vehicule</name>
    <occluded>0</occluded>
    <bndbox>
      <xmin>1535.934375</xmin>
      <ymin>67.73000000000029</ymin>
      <xmax>1768.4562500000004</xmax>
      <ymax>274.61161621093635</ymax>
    </bndbox>
    <attributes>
      <attribute>
        <name>track_id</name>
        <value>17</value>
      </attribute>
      <attribute>
        <name>keyframe</name>
        <value>True</value>
      </attribute>
    </attributes>
  </object>
  <object>
    <name>vehicule</name>
    <occluded>0</occluded>
    <bndbox>
      <xmin>924.56796875</xmin>
      <ymin>275.542578125</ymin>
      <xmax>1223.6967102050771</xmax>
      <ymax>527.0882934570312</ymax>
    </bndbox>
    <attributes>
      <attribute>
        <name>track_id</name>
        <value>18</value>
      </attribute>
      <attribute>
        <name>keyframe</name>
        <value>True</value>
      </attribute>
    </attributes>
  </object>
  <object>
    <name>vehicule</name>
    <occluded>0</occluded>
    <bndbox>
      <xmin>1589.7</xmin>
      <ymin>437.4600000000013</ymin>
      <xmax>1908.3701293945312</xmax>
      <ymax>666.9443176269531</ymax>
    </bndbox>
    <attributes>
      <attribute>
        <name>track_id</name>
        <value>19</value>
      </attribute>
      <attribute>
        <name>keyframe</name>
        <value>True</value>
      </attribute>
    </attributes>
  </object>
  <object>
    <name>vehicule</name>
    <occluded>0</occluded>
    <bndbox>
      <xmin>451.5681640625</xmin>
      <ymin>889.1800000000003</ymin>
      <xmax>916.9000000000011</xmax>
      <ymax>1244.0662658691406</ymax>
    </bndbox>
    <attributes>
      <attribute>
        <name>track_id</name>
        <value>20</value>
      </attribute>
      <attribute>
        <name>keyframe</name>
        <value>True</value>
      </attribute>
    </attributes>
  </object>
  <object>
    <name>vehicule</name>
    <occluded>0</occluded>
    <bndbox>
      <xmin>28.5888671875</xmin>
      <ymin>0.0</ymin>
      <xmax>282.2500000000009</xmax>
      <ymax>144.71287536621094</ymax>
    </bndbox>
    <attributes>
      <attribute>
        <name>track_id</name>
        <value>21</value>
      </attribute>
      <attribute>
        <name>keyframe</name>
        <value>True</value>
      </attribute>
    </attributes>
  </object>
</annotation>
