<annotation>
  <folder>frame</folder>
  <filename>frame_001386.jpg</filename>
  <source>
    <database>Unknown</database>
    <annotation>Unknown</annotation>
    <image>Unknown</image>
  </source>
  <size>
    <width>2456</width>
    <height>2054</height>
    <depth>3</depth>
  </size>
  <segmented>0</segmented>
  <object>
    <name>vehicule</name>
    <occluded>0</occluded>
    <bndbox>
      <xmin>8.130703871417197</xmin>
      <ymin>156.15783613654457</ymin>
      <xmax>296.0758437624403</xmax>
      <ymax>328.8951408240446</ymax>
    </bndbox>
    <attributes>
      <attribute>
        <name>track_id</name>
        <value>106</value>
      </attribute>
      <attribute>
        <name>keyframe</name>
        <value>True</value>
      </attribute>
    </attributes>
  </object>
  <object>
    <name>vehicule</name>
    <occluded>0</occluded>
    <bndbox>
      <xmin>1576.4857142857152</xmin>
      <ymin>63.942857142857456</ymin>
      <xmax>1794.2970602852959</xmax>
      <ymax>255.3458086286272</ymax>
    </bndbox>
    <attributes>
      <attribute>
        <name>track_id</name>
        <value>136</value>
      </attribute>
      <attribute>
        <name>keyframe</name>
        <value>True</value>
      </attribute>
    </attributes>
  </object>
  <object>
    <name>vehicule</name>
    <occluded>0</occluded>
    <bndbox>
      <xmin>388.3249080882353</xmin>
      <ymin>269.83520220588275</ymin>
      <xmax>676.8788209802964</xmax>
      <ymax>457.09186921961117</ymax>
    </bndbox>
    <attributes>
      <attribute>
        <name>track_id</name>
        <value>137</value>
      </attribute>
      <attribute>
        <name>keyframe</name>
        <value>True</value>
      </attribute>
    </attributes>
  </object>
  <object>
    <name>vehicule</name>
    <occluded>0</occluded>
    <bndbox>
      <xmin>229.74705882352998</xmin>
      <ymin>412.74604779411806</ymin>
      <xmax>563.5265107996323</xmax>
      <ymax>657.3382895076982</ymax>
    </bndbox>
    <attributes>
      <attribute>
        <name>track_id</name>
        <value>138</value>
      </attribute>
      <attribute>
        <name>keyframe</name>
        <value>True</value>
      </attribute>
    </attributes>
  </object>
  <object>
    <name>vehicule</name>
    <occluded>0</occluded>
    <bndbox>
      <xmin>1243.9128561580883</xmin>
      <ymin>450.54733455882354</ymin>
      <xmax>1508.4696719898895</xmax>
      <ymax>687.7725880342375</ymax>
    </bndbox>
    <attributes>
      <attribute>
        <name>track_id</name>
        <value>139</value>
      </attribute>
      <attribute>
        <name>keyframe</name>
        <value>True</value>
      </attribute>
    </attributes>
  </object>
  <object>
    <name>vehicule</name>
    <occluded>0</occluded>
    <bndbox>
      <xmin>610.9163258272063</xmin>
      <ymin>703.8529411764716</ymin>
      <xmax>938.6500947840076</xmax>
      <ymax>1019.0559297449448</ymax>
    </bndbox>
    <attributes>
      <attribute>
        <name>track_id</name>
        <value>141</value>
      </attribute>
      <attribute>
        <name>keyframe</name>
        <value>True</value>
      </attribute>
    </attributes>
  </object>
  <object>
    <name>vehicule</name>
    <occluded>0</occluded>
    <bndbox>
      <xmin>1013.455342371324</xmin>
      <ymin>788.9418198529415</ymin>
      <xmax>1317.9821605009195</xmax>
      <ymax>1108.6823148839621</ymax>
    </bndbox>
    <attributes>
      <attribute>
        <name>track_id</name>
        <value>142</value>
      </attribute>
      <attribute>
        <name>keyframe</name>
        <value>True</value>
      </attribute>
    </attributes>
  </object>
  <object>
    <name>vehicule</name>
    <occluded>0</occluded>
    <bndbox>
      <xmin>129.63953993055554</xmin>
      <ymin>6.452256944444445</ymin>
      <xmax>482.34660169813367</xmax>
      <ymax>136.93048604329428</ymax>
    </bndbox>
    <attributes>
      <attribute>
        <name>track_id</name>
        <value>143</value>
      </attribute>
      <attribute>
        <name>keyframe</name>
        <value>True</value>
      </attribute>
    </attributes>
  </object>
</annotation>
