<annotation>
  <folder>frame</folder>
  <filename>frame_000169.jpg</filename>
  <source>
    <database>Unknown</database>
    <annotation>Unknown</annotation>
    <image>Unknown</image>
  </source>
  <size>
    <width>2456</width>
    <height>2054</height>
    <depth>3</depth>
  </size>
  <segmented>0</segmented>
  <object>
    <name>vehicule</name>
    <occluded>0</occluded>
    <bndbox>
      <xmin>1145.04833984375</xmin>
      <ymin>31.642578125</ymin>
      <xmax>1352.5458007812504</xmax>
      <ymax>208.2041778564453</ymax>
    </bndbox>
    <attributes>
      <attribute>
        <name>track_id</name>
        <value>14</value>
      </attribute>
      <attribute>
        <name>keyframe</name>
        <value>True</value>
      </attribute>
    </attributes>
  </object>
  <object>
    <name>vehicule</name>
    <occluded>0</occluded>
    <bndbox>
      <xmin>1069.1962890625</xmin>
      <ymin>307.2919921875</ymin>
      <xmax>1301.777832031251</xmax>
      <ymax>540.9862197875973</ymax>
    </bndbox>
    <attributes>
      <attribute>
        <name>track_id</name>
        <value>15</value>
      </attribute>
      <attribute>
        <name>keyframe</name>
        <value>True</value>
      </attribute>
    </attributes>
  </object>
  <object>
    <name>vehicule</name>
    <occluded>0</occluded>
    <bndbox>
      <xmin>1270.26171875</xmin>
      <ymin>459.87441406250036</ymin>
      <xmax>1536.501171875001</xmax>
      <ymax>730.3297760009764</ymax>
    </bndbox>
    <attributes>
      <attribute>
        <name>track_id</name>
        <value>17</value>
      </attribute>
      <attribute>
        <name>keyframe</name>
        <value>True</value>
      </attribute>
    </attributes>
  </object>
  <object>
    <name>vehicule</name>
    <occluded>0</occluded>
    <bndbox>
      <xmin>610.75439453125</xmin>
      <ymin>741.9500000000007</ymin>
      <xmax>983.75</xmax>
      <ymax>1067.4545288085938</ymax>
    </bndbox>
    <attributes>
      <attribute>
        <name>track_id</name>
        <value>18</value>
      </attribute>
      <attribute>
        <name>keyframe</name>
        <value>True</value>
      </attribute>
    </attributes>
  </object>
  <object>
    <name>vehicule</name>
    <occluded>0</occluded>
    <bndbox>
      <xmin>2124.279296875</xmin>
      <ymin>757.79833984375</ymin>
      <xmax>2456.0</xmax>
      <ymax>1050.8396484375007</ymax>
    </bndbox>
    <attributes>
      <attribute>
        <name>track_id</name>
        <value>19</value>
      </attribute>
      <attribute>
        <name>keyframe</name>
        <value>True</value>
      </attribute>
    </attributes>
  </object>
</annotation>
