<annotation>
  <folder>frame</folder>
  <filename>frame_001089.jpg</filename>
  <source>
    <database>Unknown</database>
    <annotation>Unknown</annotation>
    <image>Unknown</image>
  </source>
  <size>
    <width>2456</width>
    <height>2054</height>
    <depth>3</depth>
  </size>
  <segmented>0</segmented>
  <object>
    <name>vehicule</name>
    <occluded>0</occluded>
    <bndbox>
      <xmin>39.42252604166667</xmin>
      <ymin>392.3440755208333</ymin>
      <xmax>383.432865397134</xmax>
      <ymax>610.0180989583345</ymax>
    </bndbox>
    <attributes>
      <attribute>
        <name>track_id</name>
        <value>98</value>
      </attribute>
      <attribute>
        <name>keyframe</name>
        <value>True</value>
      </attribute>
    </attributes>
  </object>
  <object>
    <name>vehicule</name>
    <occluded>0</occluded>
    <bndbox>
      <xmin>18.4333333333337</xmin>
      <ymin>280.1967447916668</ymin>
      <xmax>377.19804077148365</xmax>
      <ymax>440.76552225748674</ymax>
    </bndbox>
    <attributes>
      <attribute>
        <name>track_id</name>
        <value>99</value>
      </attribute>
      <attribute>
        <name>keyframe</name>
        <value>True</value>
      </attribute>
    </attributes>
  </object>
  <object>
    <name>vehicule</name>
    <occluded>0</occluded>
    <bndbox>
      <xmin>419.5139723557692</xmin>
      <ymin>409.3770282451923</ymin>
      <xmax>1030.3899855393627</xmax>
      <ymax>872.6311298076934</ymax>
    </bndbox>
    <attributes>
      <attribute>
        <name>track_id</name>
        <value>100</value>
      </attribute>
      <attribute>
        <name>keyframe</name>
        <value>True</value>
      </attribute>
    </attributes>
  </object>
  <object>
    <name>vehicule</name>
    <occluded>0</occluded>
    <bndbox>
      <xmin>1342.909207589286</xmin>
      <ymin>667.6251395089286</ymin>
      <xmax>1793.77749633789</xmax>
      <ymax>927.1579947335368</ymax>
    </bndbox>
    <attributes>
      <attribute>
        <name>track_id</name>
        <value>103</value>
      </attribute>
      <attribute>
        <name>keyframe</name>
        <value>True</value>
      </attribute>
    </attributes>
  </object>
</annotation>
