<annotation>
  <folder>frame</folder>
  <filename>frame_001346.jpg</filename>
  <source>
    <database>Unknown</database>
    <annotation>Unknown</annotation>
    <image>Unknown</image>
  </source>
  <size>
    <width>2456</width>
    <height>2054</height>
    <depth>3</depth>
  </size>
  <segmented>0</segmented>
  <object>
    <name>vehicule</name>
    <occluded>0</occluded>
    <bndbox>
      <xmin>4.955775669642857</xmin>
      <ymin>155.61509486607142</ymin>
      <xmax>301.54293387276783</xmax>
      <ymax>328.35239955357144</ymax>
    </bndbox>
    <attributes>
      <attribute>
        <name>track_id</name>
        <value>106</value>
      </attribute>
      <attribute>
        <name>keyframe</name>
        <value>True</value>
      </attribute>
    </attributes>
  </object>
  <object>
    <name>vehicule</name>
    <occluded>0</occluded>
    <bndbox>
      <xmin>1681.0</xmin>
      <ymin>0.0</ymin>
      <xmax>1847.1988525390625</xmax>
      <ymax>149.0119140625011</ymax>
    </bndbox>
    <attributes>
      <attribute>
        <name>track_id</name>
        <value>126</value>
      </attribute>
      <attribute>
        <name>keyframe</name>
        <value>True</value>
      </attribute>
    </attributes>
  </object>
  <object>
    <name>vehicule</name>
    <occluded>0</occluded>
    <bndbox>
      <xmin>1296.2576171875003</xmin>
      <ymin>46.725000000000364</ymin>
      <xmax>1487.4689010620118</xmax>
      <ymax>211.5010253906239</ymax>
    </bndbox>
    <attributes>
      <attribute>
        <name>track_id</name>
        <value>129</value>
      </attribute>
      <attribute>
        <name>keyframe</name>
        <value>True</value>
      </attribute>
    </attributes>
  </object>
  <object>
    <name>vehicule</name>
    <occluded>0</occluded>
    <bndbox>
      <xmin>1080.55361328125</xmin>
      <ymin>15.265722656250006</ymin>
      <xmax>1297.535437011718</xmax>
      <ymax>146.33750000000109</ymax>
    </bndbox>
    <attributes>
      <attribute>
        <name>track_id</name>
        <value>130</value>
      </attribute>
      <attribute>
        <name>keyframe</name>
        <value>True</value>
      </attribute>
    </attributes>
  </object>
  <object>
    <name>vehicule</name>
    <occluded>0</occluded>
    <bndbox>
      <xmin>1594.3937500000006</xmin>
      <ymin>268.3560913085944</ymin>
      <xmax>1853.090280532837</xmax>
      <ymax>485.3402618408195</ymax>
    </bndbox>
    <attributes>
      <attribute>
        <name>track_id</name>
        <value>132</value>
      </attribute>
      <attribute>
        <name>keyframe</name>
        <value>True</value>
      </attribute>
    </attributes>
  </object>
  <object>
    <name>vehicule</name>
    <occluded>0</occluded>
    <bndbox>
      <xmin>1059.028393554688</xmin>
      <ymin>352.5305053710939</ymin>
      <xmax>1309.7771606445312</xmax>
      <ymax>566.7785400390627</ymax>
    </bndbox>
    <attributes>
      <attribute>
        <name>track_id</name>
        <value>134</value>
      </attribute>
      <attribute>
        <name>keyframe</name>
        <value>True</value>
      </attribute>
    </attributes>
  </object>
  <object>
    <name>vehicule</name>
    <occluded>0</occluded>
    <bndbox>
      <xmin>0.0</xmin>
      <ymin>24.900390625</ymin>
      <xmax>197.20000000000073</xmax>
      <ymax>191.16791687011573</ymax>
    </bndbox>
    <attributes>
      <attribute>
        <name>track_id</name>
        <value>135</value>
      </attribute>
      <attribute>
        <name>keyframe</name>
        <value>True</value>
      </attribute>
    </attributes>
  </object>
  <object>
    <name>vehicule</name>
    <occluded>0</occluded>
    <bndbox>
      <xmin>815.0300564236111</xmin>
      <ymin>1070.9777777777786</ymin>
      <xmax>1292.6000000000006</xmax>
      <ymax>1489.3202514648438</ymax>
    </bndbox>
    <attributes>
      <attribute>
        <name>track_id</name>
        <value>136</value>
      </attribute>
      <attribute>
        <name>keyframe</name>
        <value>True</value>
      </attribute>
    </attributes>
  </object>
  <object>
    <name>vehicule</name>
    <occluded>0</occluded>
    <bndbox>
      <xmin>474.7776692708333</xmin>
      <ymin>903.6333333333337</ymin>
      <xmax>819.7222222222222</xmax>
      <ymax>1218.0490383572048</ymax>
    </bndbox>
    <attributes>
      <attribute>
        <name>track_id</name>
        <value>137</value>
      </attribute>
      <attribute>
        <name>keyframe</name>
        <value>True</value>
      </attribute>
    </attributes>
  </object>
  <object>
    <name>vehicule</name>
    <occluded>0</occluded>
    <bndbox>
      <xmin>26.0640869140625</xmin>
      <ymin>1308.8076904296877</ymin>
      <xmax>448.8444992065431</xmax>
      <ymax>1735.2868637084964</ymax>
    </bndbox>
    <attributes>
      <attribute>
        <name>track_id</name>
        <value>138</value>
      </attribute>
      <attribute>
        <name>keyframe</name>
        <value>True</value>
      </attribute>
    </attributes>
  </object>
</annotation>
