<annotation>
  <folder>frame</folder>
  <filename>frame_001277.jpg</filename>
  <source>
    <database>Unknown</database>
    <annotation>Unknown</annotation>
    <image>Unknown</image>
  </source>
  <size>
    <width>2456</width>
    <height>2054</height>
    <depth>3</depth>
  </size>
  <segmented>0</segmented>
  <object>
    <name>vehicule</name>
    <occluded>0</occluded>
    <bndbox>
      <xmin>0.0</xmin>
      <ymin>150.85957278481013</ymin>
      <xmax>308.1604621983782</xmax>
      <ymax>345.1352197574657</ymax>
    </bndbox>
    <attributes>
      <attribute>
        <name>track_id</name>
        <value>106</value>
      </attribute>
      <attribute>
        <name>keyframe</name>
        <value>True</value>
      </attribute>
    </attributes>
  </object>
  <object>
    <name>vehicule</name>
    <occluded>0</occluded>
    <bndbox>
      <xmin>1486.4000000000015</xmin>
      <ymin>0.0</ymin>
      <xmax>1709.91015625</xmax>
      <ymax>131.77676086425708</ymax>
    </bndbox>
    <attributes>
      <attribute>
        <name>track_id</name>
        <value>116</value>
      </attribute>
      <attribute>
        <name>keyframe</name>
        <value>True</value>
      </attribute>
    </attributes>
  </object>
  <object>
    <name>vehicule</name>
    <occluded>0</occluded>
    <bndbox>
      <xmin>1420.908935546875</xmin>
      <ymin>179.6434326171875</ymin>
      <xmax>1554.020458984376</xmax>
      <ymax>353.1500000000008</ymax>
    </bndbox>
    <attributes>
      <attribute>
        <name>track_id</name>
        <value>117</value>
      </attribute>
      <attribute>
        <name>keyframe</name>
        <value>True</value>
      </attribute>
    </attributes>
  </object>
  <object>
    <name>vehicule</name>
    <occluded>0</occluded>
    <bndbox>
      <xmin>1636.2705078125</xmin>
      <ymin>75.5537109375</ymin>
      <xmax>1820.0</xmax>
      <ymax>215.40000000000146</ymax>
    </bndbox>
    <attributes>
      <attribute>
        <name>track_id</name>
        <value>118</value>
      </attribute>
      <attribute>
        <name>keyframe</name>
        <value>True</value>
      </attribute>
    </attributes>
  </object>
  <object>
    <name>vehicule</name>
    <occluded>0</occluded>
    <bndbox>
      <xmin>1318.94677734375</xmin>
      <ymin>391.0025634765625</ymin>
      <xmax>1543.919147491455</xmax>
      <ymax>617.7181152343765</ymax>
    </bndbox>
    <attributes>
      <attribute>
        <name>track_id</name>
        <value>119</value>
      </attribute>
      <attribute>
        <name>keyframe</name>
        <value>True</value>
      </attribute>
    </attributes>
  </object>
  <object>
    <name>vehicule</name>
    <occluded>0</occluded>
    <bndbox>
      <xmin>898.66552734375</xmin>
      <ymin>212.35009765625</ymin>
      <xmax>1125.8888076782232</xmax>
      <ymax>403.5750000000007</ymax>
    </bndbox>
    <attributes>
      <attribute>
        <name>track_id</name>
        <value>120</value>
      </attribute>
      <attribute>
        <name>keyframe</name>
        <value>True</value>
      </attribute>
    </attributes>
  </object>
  <object>
    <name>vehicule</name>
    <occluded>0</occluded>
    <bndbox>
      <xmin>1319.085205078125</xmin>
      <ymin>671.40869140625</ymin>
      <xmax>1626.4625000000005</xmax>
      <ymax>989.0500000000006</ymax>
    </bndbox>
    <attributes>
      <attribute>
        <name>track_id</name>
        <value>122</value>
      </attribute>
      <attribute>
        <name>keyframe</name>
        <value>True</value>
      </attribute>
    </attributes>
  </object>
  <object>
    <name>vehicule</name>
    <occluded>0</occluded>
    <bndbox>
      <xmin>886.6898193359375</xmin>
      <ymin>729.7208251953125</ymin>
      <xmax>1229.3062088012698</xmax>
      <ymax>1071.9875000000004</ymax>
    </bndbox>
    <attributes>
      <attribute>
        <name>track_id</name>
        <value>123</value>
      </attribute>
      <attribute>
        <name>keyframe</name>
        <value>True</value>
      </attribute>
    </attributes>
  </object>
  <object>
    <name>vehicule</name>
    <occluded>0</occluded>
    <bndbox>
      <xmin>1157.5762939453125</xmin>
      <ymin>1137.4644775390625</ymin>
      <xmax>1528.5000000000007</xmax>
      <ymax>1507.2875000000001</ymax>
    </bndbox>
    <attributes>
      <attribute>
        <name>track_id</name>
        <value>124</value>
      </attribute>
      <attribute>
        <name>keyframe</name>
        <value>True</value>
      </attribute>
    </attributes>
  </object>
  <object>
    <name>vehicule</name>
    <occluded>0</occluded>
    <bndbox>
      <xmin>84.39453125</xmin>
      <ymin>1115.8500000000004</ymin>
      <xmax>659.1000000000004</xmax>
      <ymax>1616.8882141113281</ymax>
    </bndbox>
    <attributes>
      <attribute>
        <name>track_id</name>
        <value>125</value>
      </attribute>
      <attribute>
        <name>keyframe</name>
        <value>True</value>
      </attribute>
    </attributes>
  </object>
  <object>
    <name>vehicule</name>
    <occluded>0</occluded>
    <bndbox>
      <xmin>2136.8165820312506</xmin>
      <ymin>731.4136132812503</ymin>
      <xmax>2455.1626953125</xmax>
      <ymax>1000.9826190185549</ymax>
    </bndbox>
    <attributes>
      <attribute>
        <name>track_id</name>
        <value>126</value>
      </attribute>
      <attribute>
        <name>keyframe</name>
        <value>True</value>
      </attribute>
    </attributes>
  </object>
  <object>
    <name>vehicule</name>
    <occluded>0</occluded>
    <bndbox>
      <xmin>17.41552734375</xmin>
      <ymin>5.0234375</ymin>
      <xmax>287.68056640625036</xmax>
      <ymax>173.8134765625</ymax>
    </bndbox>
    <attributes>
      <attribute>
        <name>track_id</name>
        <value>127</value>
      </attribute>
      <attribute>
        <name>keyframe</name>
        <value>True</value>
      </attribute>
    </attributes>
  </object>
  <object>
    <name>vehicule</name>
    <occluded>0</occluded>
    <bndbox>
      <xmin>190.8917236328125</xmin>
      <ymin>1530.9627441406255</ymin>
      <xmax>804.2750000000008</xmax>
      <ymax>1942.0879974365241</ymax>
    </bndbox>
    <attributes>
      <attribute>
        <name>track_id</name>
        <value>128</value>
      </attribute>
      <attribute>
        <name>keyframe</name>
        <value>True</value>
      </attribute>
    </attributes>
  </object>
</annotation>
