<annotation>
  <folder>frame</folder>
  <filename>frame_000684.jpg</filename>
  <source>
    <database>Unknown</database>
    <annotation>Unknown</annotation>
    <image>Unknown</image>
  </source>
  <size>
    <width>2456</width>
    <height>2054</height>
    <depth>3</depth>
  </size>
  <segmented>0</segmented>
  <object>
    <name>vehicule</name>
    <occluded>0</occluded>
    <bndbox>
      <xmin>1009.264965160473</xmin>
      <ymin>1023.5476932010135</ymin>
      <xmax>1498.130262880068</xmax>
      <ymax>1376.0414107039169</ymax>
    </bndbox>
    <attributes>
      <attribute>
        <name>track_id</name>
        <value>46</value>
      </attribute>
      <attribute>
        <name>keyframe</name>
        <value>True</value>
      </attribute>
    </attributes>
  </object>
  <object>
    <name>vehicule</name>
    <occluded>0</occluded>
    <bndbox>
      <xmin>548.8800913915103</xmin>
      <ymin>1104.9800221108503</ymin>
      <xmax>1028.6629466161187</xmax>
      <ymax>1405.757542862802</ymax>
    </bndbox>
    <attributes>
      <attribute>
        <name>track_id</name>
        <value>48</value>
      </attribute>
      <attribute>
        <name>keyframe</name>
        <value>True</value>
      </attribute>
    </attributes>
  </object>
  <object>
    <name>vehicule</name>
    <occluded>0</occluded>
    <bndbox>
      <xmin>202.1935513488248</xmin>
      <ymin>936.9070846688035</ymin>
      <xmax>591.2615506164026</xmax>
      <ymax>1198.8448166023961</ymax>
    </bndbox>
    <attributes>
      <attribute>
        <name>track_id</name>
        <value>50</value>
      </attribute>
      <attribute>
        <name>keyframe</name>
        <value>True</value>
      </attribute>
    </attributes>
  </object>
  <object>
    <name>vehicule</name>
    <occluded>0</occluded>
    <bndbox>
      <xmin>1553.4375</xmin>
      <ymin>1710.0146484375</ymin>
      <xmax>2235.5</xmax>
      <ymax>2054.0</ymax>
    </bndbox>
    <attributes>
      <attribute>
        <name>track_id</name>
        <value>51</value>
      </attribute>
      <attribute>
        <name>keyframe</name>
        <value>True</value>
      </attribute>
    </attributes>
  </object>
  <object>
    <name>vehicule</name>
    <occluded>0</occluded>
    <bndbox>
      <xmin>1467.2142857142858</xmin>
      <ymin>737.9531808035715</ymin>
      <xmax>1933.5878121512278</xmax>
      <ymax>955.7888650076727</ymax>
    </bndbox>
    <attributes>
      <attribute>
        <name>track_id</name>
        <value>52</value>
      </attribute>
      <attribute>
        <name>keyframe</name>
        <value>True</value>
      </attribute>
    </attributes>
  </object>
  <object>
    <name>vehicule</name>
    <occluded>0</occluded>
    <bndbox>
      <xmin>13.831380208333332</xmin>
      <ymin>652.8505859375</ymin>
      <xmax>333.69487406412856</xmax>
      <ymax>867.2313496907555</ymax>
    </bndbox>
    <attributes>
      <attribute>
        <name>track_id</name>
        <value>53</value>
      </attribute>
      <attribute>
        <name>keyframe</name>
        <value>True</value>
      </attribute>
    </attributes>
  </object>
</annotation>
