<annotation>
  <folder>frame</folder>
  <filename>frame_000680.jpg</filename>
  <source>
    <database>Unknown</database>
    <annotation>Unknown</annotation>
    <image>Unknown</image>
  </source>
  <size>
    <width>2456</width>
    <height>2054</height>
    <depth>3</depth>
  </size>
  <segmented>0</segmented>
  <object>
    <name>vehicule</name>
    <occluded>0</occluded>
    <bndbox>
      <xmin>1008.5640572212837</xmin>
      <ymin>1023.2672877956081</ymin>
      <xmax>1497.9915171030407</xmax>
      <ymax>1375.3382863637564</ymax>
    </bndbox>
    <attributes>
      <attribute>
        <name>track_id</name>
        <value>46</value>
      </attribute>
      <attribute>
        <name>keyframe</name>
        <value>True</value>
      </attribute>
    </attributes>
  </object>
  <object>
    <name>vehicule</name>
    <occluded>0</occluded>
    <bndbox>
      <xmin>548.9583814858499</xmin>
      <ymin>1105.0583181014163</ymin>
      <xmax>1028.7412367104582</xmax>
      <ymax>1405.835838853368</ymax>
    </bndbox>
    <attributes>
      <attribute>
        <name>track_id</name>
        <value>48</value>
      </attribute>
      <attribute>
        <name>keyframe</name>
        <value>True</value>
      </attribute>
    </attributes>
  </object>
  <object>
    <name>vehicule</name>
    <occluded>0</occluded>
    <bndbox>
      <xmin>202.23788895566238</xmin>
      <ymin>937.0844017094017</ymin>
      <xmax>591.3058882232401</xmax>
      <ymax>1199.0221336429943</ymax>
    </bndbox>
    <attributes>
      <attribute>
        <name>track_id</name>
        <value>50</value>
      </attribute>
      <attribute>
        <name>keyframe</name>
        <value>True</value>
      </attribute>
    </attributes>
  </object>
  <object>
    <name>vehicule</name>
    <occluded>0</occluded>
    <bndbox>
      <xmin>1169.6286830357146</xmin>
      <ymin>1579.614174107143</ymin>
      <xmax>1792.4176313127787</xmax>
      <ymax>1952.1981201171875</ymax>
    </bndbox>
    <attributes>
      <attribute>
        <name>track_id</name>
        <value>51</value>
      </attribute>
      <attribute>
        <name>keyframe</name>
        <value>True</value>
      </attribute>
    </attributes>
  </object>
  <object>
    <name>vehicule</name>
    <occluded>0</occluded>
    <bndbox>
      <xmin>1808.0714285714287</xmin>
      <ymin>812.0510602678575</ymin>
      <xmax>2281.8489728655136</xmax>
      <ymax>1029.8867444719585</ymax>
    </bndbox>
    <attributes>
      <attribute>
        <name>track_id</name>
        <value>52</value>
      </attribute>
      <attribute>
        <name>keyframe</name>
        <value>True</value>
      </attribute>
    </attributes>
  </object>
</annotation>
