<annotation>
  <folder>frame</folder>
  <filename>frame_002631.jpg</filename>
  <source>
    <database>Unknown</database>
    <annotation>Unknown</annotation>
    <image>Unknown</image>
  </source>
  <size>
    <width>2456</width>
    <height>2054</height>
    <depth>3</depth>
  </size>
  <segmented>0</segmented>
  <object>
    <name>vehicule</name>
    <occluded>0</occluded>
    <bndbox>
      <xmin>615.9000000000015</xmin>
      <ymin>217.8994140625</ymin>
      <xmax>998.9861145019531</xmax>
      <ymax>508.82734069824073</ymax>
    </bndbox>
    <attributes>
      <attribute>
        <name>track_id</name>
        <value>268</value>
      </attribute>
      <attribute>
        <name>keyframe</name>
        <value>True</value>
      </attribute>
    </attributes>
  </object>
  <object>
    <name>vehicule</name>
    <occluded>0</occluded>
    <bndbox>
      <xmin>2.796875</xmin>
      <ymin>208.5</ymin>
      <xmax>364.10000000000036</xmax>
      <ymax>440.3622741699219</ymax>
    </bndbox>
    <attributes>
      <attribute>
        <name>track_id</name>
        <value>269</value>
      </attribute>
      <attribute>
        <name>keyframe</name>
        <value>True</value>
      </attribute>
    </attributes>
  </object>
  <object>
    <name>vehicule</name>
    <occluded>0</occluded>
    <bndbox>
      <xmin>2.710716985887097</xmin>
      <ymin>886.6999747983871</ymin>
      <xmax>218.8533197218372</xmax>
      <ymax>1179.641413731729</ymax>
    </bndbox>
    <attributes>
      <attribute>
        <name>track_id</name>
        <value>270</value>
      </attribute>
      <attribute>
        <name>keyframe</name>
        <value>True</value>
      </attribute>
    </attributes>
  </object>
  <object>
    <name>vehicule</name>
    <occluded>0</occluded>
    <bndbox>
      <xmin>1138.7216796875</xmin>
      <ymin>10.900000000001455</ymin>
      <xmax>1472.0298767089844</xmax>
      <ymax>216.28990173339844</ymax>
    </bndbox>
    <attributes>
      <attribute>
        <name>track_id</name>
        <value>271</value>
      </attribute>
      <attribute>
        <name>keyframe</name>
        <value>True</value>
      </attribute>
    </attributes>
  </object>
  <object>
    <name>vehicule</name>
    <occluded>0</occluded>
    <bndbox>
      <xmin>675.015625</xmin>
      <ymin>17.100000000000364</ymin>
      <xmax>1045.6692504882812</xmax>
      <ymax>206.95249938964844</ymax>
    </bndbox>
    <attributes>
      <attribute>
        <name>track_id</name>
        <value>272</value>
      </attribute>
      <attribute>
        <name>keyframe</name>
        <value>True</value>
      </attribute>
    </attributes>
  </object>
  <object>
    <name>vehicule</name>
    <occluded>0</occluded>
    <bndbox>
      <xmin>0.0</xmin>
      <ymin>1644.7529296875</ymin>
      <xmax>703.4000000000015</xmax>
      <ymax>1996.4226379394531</ymax>
    </bndbox>
    <attributes>
      <attribute>
        <name>track_id</name>
        <value>273</value>
      </attribute>
      <attribute>
        <name>keyframe</name>
        <value>True</value>
      </attribute>
    </attributes>
  </object>
</annotation>
