<annotation>
  <folder>frame</folder>
  <filename>frame_002620.jpg</filename>
  <source>
    <database>Unknown</database>
    <annotation>Unknown</annotation>
    <image>Unknown</image>
  </source>
  <size>
    <width>2456</width>
    <height>2054</height>
    <depth>3</depth>
  </size>
  <segmented>0</segmented>
  <object>
    <name>vehicule</name>
    <occluded>0</occluded>
    <bndbox>
      <xmin>349.13155691964283</xmin>
      <ymin>220.8994140625</ymin>
      <xmax>721.1044573102689</xmax>
      <ymax>463.4824981689445</ymax>
    </bndbox>
    <attributes>
      <attribute>
        <name>track_id</name>
        <value>266</value>
      </attribute>
      <attribute>
        <name>keyframe</name>
        <value>True</value>
      </attribute>
    </attributes>
  </object>
  <object>
    <name>vehicule</name>
    <occluded>0</occluded>
    <bndbox>
      <xmin>1390.0462239583333</xmin>
      <ymin>1626.0824218750004</ymin>
      <xmax>2166.0090942382812</xmax>
      <ymax>1992.2713602701817</ymax>
    </bndbox>
    <attributes>
      <attribute>
        <name>track_id</name>
        <value>267</value>
      </attribute>
      <attribute>
        <name>keyframe</name>
        <value>True</value>
      </attribute>
    </attributes>
  </object>
  <object>
    <name>vehicule</name>
    <occluded>0</occluded>
    <bndbox>
      <xmin>1097.2272135416667</xmin>
      <ymin>103.74921875000048</ymin>
      <xmax>1427.4232889811199</xmax>
      <ymax>278.5316569010417</ymax>
    </bndbox>
    <attributes>
      <attribute>
        <name>track_id</name>
        <value>268</value>
      </attribute>
      <attribute>
        <name>keyframe</name>
        <value>True</value>
      </attribute>
    </attributes>
  </object>
  <object>
    <name>vehicule</name>
    <occluded>0</occluded>
    <bndbox>
      <xmin>393.14634486607144</xmin>
      <ymin>77.8203125</ymin>
      <xmax>738.875217982702</xmax>
      <ymax>258.97011893136164</ymax>
    </bndbox>
    <attributes>
      <attribute>
        <name>track_id</name>
        <value>269</value>
      </attribute>
      <attribute>
        <name>keyframe</name>
        <value>True</value>
      </attribute>
    </attributes>
  </object>
</annotation>
