<annotation>
  <folder>frame</folder>
  <filename>frame_001822.jpg</filename>
  <source>
    <database>Unknown</database>
    <annotation>Unknown</annotation>
    <image>Unknown</image>
  </source>
  <size>
    <width>2456</width>
    <height>2054</height>
    <depth>3</depth>
  </size>
  <segmented>0</segmented>
  <object>
    <name>vehicule</name>
    <occluded>0</occluded>
    <bndbox>
      <xmin>1417.544288429054</xmin>
      <ymin>545.0746410472973</ymin>
      <xmax>1866.1017103040547</xmax>
      <ymax>906.1445873363598</ymax>
    </bndbox>
    <attributes>
      <attribute>
        <name>track_id</name>
        <value>139</value>
      </attribute>
      <attribute>
        <name>keyframe</name>
        <value>True</value>
      </attribute>
    </attributes>
  </object>
  <object>
    <name>vehicule</name>
    <occluded>0</occluded>
    <bndbox>
      <xmin>1257.8056155806737</xmin>
      <ymin>720.3048177083335</ymin>
      <xmax>1405.8907138472753</xmax>
      <ymax>964.5227386041723</ymax>
    </bndbox>
    <attributes>
      <attribute>
        <name>track_id</name>
        <value>142</value>
      </attribute>
      <attribute>
        <name>keyframe</name>
        <value>True</value>
      </attribute>
    </attributes>
  </object>
  <object>
    <name>vehicule</name>
    <occluded>0</occluded>
    <bndbox>
      <xmin>1205.4970452724358</xmin>
      <ymin>315.51820412660254</ymin>
      <xmax>1482.4970635829816</xmax>
      <ymax>582.2098087408604</ymax>
    </bndbox>
    <attributes>
      <attribute>
        <name>track_id</name>
        <value>149</value>
      </attribute>
      <attribute>
        <name>keyframe</name>
        <value>True</value>
      </attribute>
    </attributes>
  </object>
  <object>
    <name>vehicule</name>
    <occluded>0</occluded>
    <bndbox>
      <xmin>741.0008951822916</xmin>
      <ymin>596.1848144531255</ymin>
      <xmax>980.6257181803381</xmax>
      <ymax>956.3422119140619</ymax>
    </bndbox>
    <attributes>
      <attribute>
        <name>track_id</name>
        <value>153</value>
      </attribute>
      <attribute>
        <name>keyframe</name>
        <value>True</value>
      </attribute>
    </attributes>
  </object>
  <object>
    <name>vehicule</name>
    <occluded>0</occluded>
    <bndbox>
      <xmin>1171.33340909091</xmin>
      <ymin>103.91584694602273</ymin>
      <xmax>1420.3127425870023</xmax>
      <ymax>361.29592812278054</ymax>
    </bndbox>
    <attributes>
      <attribute>
        <name>track_id</name>
        <value>156</value>
      </attribute>
      <attribute>
        <name>keyframe</name>
        <value>True</value>
      </attribute>
    </attributes>
  </object>
  <object>
    <name>vehicule</name>
    <occluded>0</occluded>
    <bndbox>
      <xmin>625.7027698863636</xmin>
      <ymin>353.12674005681896</ymin>
      <xmax>846.7023792613651</xmax>
      <ymax>618.0931840376419</ymax>
    </bndbox>
    <attributes>
      <attribute>
        <name>track_id</name>
        <value>158</value>
      </attribute>
      <attribute>
        <name>keyframe</name>
        <value>True</value>
      </attribute>
    </attributes>
  </object>
  <object>
    <name>vehicule</name>
    <occluded>0</occluded>
    <bndbox>
      <xmin>1925.1817382812505</xmin>
      <ymin>1170.8445312500007</ymin>
      <xmax>2430.211212158203</xmax>
      <ymax>1488.2133300781243</ymax>
    </bndbox>
    <attributes>
      <attribute>
        <name>track_id</name>
        <value>161</value>
      </attribute>
      <attribute>
        <name>keyframe</name>
        <value>True</value>
      </attribute>
    </attributes>
  </object>
  <object>
    <name>vehicule</name>
    <occluded>0</occluded>
    <bndbox>
      <xmin>652.9169726562504</xmin>
      <ymin>190.97978515625</ymin>
      <xmax>896.3300000000011</xmax>
      <ymax>407.830000000001</ymax>
    </bndbox>
    <attributes>
      <attribute>
        <name>track_id</name>
        <value>163</value>
      </attribute>
      <attribute>
        <name>keyframe</name>
        <value>True</value>
      </attribute>
    </attributes>
  </object>
  <object>
    <name>vehicule</name>
    <occluded>0</occluded>
    <bndbox>
      <xmin>1058.7946289062506</xmin>
      <ymin>61.20162259615385</ymin>
      <xmax>1341.632068340595</xmax>
      <ymax>237.53059293306683</ymax>
    </bndbox>
    <attributes>
      <attribute>
        <name>track_id</name>
        <value>164</value>
      </attribute>
      <attribute>
        <name>keyframe</name>
        <value>True</value>
      </attribute>
    </attributes>
  </object>
  <object>
    <name>vehicule</name>
    <occluded>0</occluded>
    <bndbox>
      <xmin>822.851171875</xmin>
      <ymin>1070.2800000000002</ymin>
      <xmax>1496.92880859375</xmax>
      <ymax>1369.0402404785157</ymax>
    </bndbox>
    <attributes>
      <attribute>
        <name>track_id</name>
        <value>165</value>
      </attribute>
      <attribute>
        <name>keyframe</name>
        <value>True</value>
      </attribute>
    </attributes>
  </object>
  <object>
    <name>vehicule</name>
    <occluded>0</occluded>
    <bndbox>
      <xmin>24.432421875000273</xmin>
      <ymin>1381.623291015625</ymin>
      <xmax>603.281982421875</xmax>
      <ymax>1717.7323913574219</ymax>
    </bndbox>
    <attributes>
      <attribute>
        <name>track_id</name>
        <value>166</value>
      </attribute>
      <attribute>
        <name>keyframe</name>
        <value>True</value>
      </attribute>
    </attributes>
  </object>
  <object>
    <name>vehicule</name>
    <occluded>0</occluded>
    <bndbox>
      <xmin>797.944921875</xmin>
      <ymin>26.452851562500292</ymin>
      <xmax>1096.708563232422</xmax>
      <ymax>223.13654174804688</ymax>
    </bndbox>
    <attributes>
      <attribute>
        <name>track_id</name>
        <value>169</value>
      </attribute>
      <attribute>
        <name>keyframe</name>
        <value>True</value>
      </attribute>
    </attributes>
  </object>
</annotation>
