<annotation>
  <folder>frame</folder>
  <filename>frame_002438.jpg</filename>
  <source>
    <database>Unknown</database>
    <annotation>Unknown</annotation>
    <image>Unknown</image>
  </source>
  <size>
    <width>2456</width>
    <height>2054</height>
    <depth>3</depth>
  </size>
  <segmented>0</segmented>
  <object>
    <name>vehicule</name>
    <occluded>0</occluded>
    <bndbox>
      <xmin>1407.3378455528846</xmin>
      <ymin>1585.0971905048077</ymin>
      <xmax>2179.150785006009</xmax>
      <ymax>1961.7109478290254</ymax>
    </bndbox>
    <attributes>
      <attribute>
        <name>track_id</name>
        <value>231</value>
      </attribute>
      <attribute>
        <name>keyframe</name>
        <value>True</value>
      </attribute>
    </attributes>
  </object>
  <object>
    <name>vehicule</name>
    <occluded>0</occluded>
    <bndbox>
      <xmin>365.2106979658019</xmin>
      <ymin>1566.4146521226414</ymin>
      <xmax>1149.4868942548637</xmax>
      <ymax>1970.9969824449056</ymax>
    </bndbox>
    <attributes>
      <attribute>
        <name>track_id</name>
        <value>239</value>
      </attribute>
      <attribute>
        <name>keyframe</name>
        <value>True</value>
      </attribute>
    </attributes>
  </object>
  <object>
    <name>vehicule</name>
    <occluded>0</occluded>
    <bndbox>
      <xmin>1556.7666666666676</xmin>
      <ymin>549.3000000000005</ymin>
      <xmax>2035.322530110677</xmax>
      <ymax>919.6318155924479</ymax>
    </bndbox>
    <attributes>
      <attribute>
        <name>track_id</name>
        <value>242</value>
      </attribute>
      <attribute>
        <name>keyframe</name>
        <value>True</value>
      </attribute>
    </attributes>
  </object>
  <object>
    <name>vehicule</name>
    <occluded>0</occluded>
    <bndbox>
      <xmin>59.85286458333334</xmin>
      <ymin>121.34505208333333</ymin>
      <xmax>399.3583333333348</xmax>
      <ymax>424.80064900716144</ymax>
    </bndbox>
    <attributes>
      <attribute>
        <name>track_id</name>
        <value>243</value>
      </attribute>
      <attribute>
        <name>keyframe</name>
        <value>True</value>
      </attribute>
    </attributes>
  </object>
  <object>
    <name>vehicule</name>
    <occluded>0</occluded>
    <bndbox>
      <xmin>993.5136067708336</xmin>
      <ymin>71.560546875</ymin>
      <xmax>1241.7337341308594</xmax>
      <ymax>326.2517395019531</ymax>
    </bndbox>
    <attributes>
      <attribute>
        <name>track_id</name>
        <value>244</value>
      </attribute>
      <attribute>
        <name>keyframe</name>
        <value>True</value>
      </attribute>
    </attributes>
  </object>
</annotation>
