<annotation>
  <folder>frame</folder>
  <filename>frame_001812.jpg</filename>
  <source>
    <database>Unknown</database>
    <annotation>Unknown</annotation>
    <image>Unknown</image>
  </source>
  <size>
    <width>2456</width>
    <height>2054</height>
    <depth>3</depth>
  </size>
  <segmented>0</segmented>
  <object>
    <name>vehicule</name>
    <occluded>0</occluded>
    <bndbox>
      <xmin>1416.2826752533783</xmin>
      <ymin>548.018581081081</ymin>
      <xmax>1864.840097128379</xmax>
      <ymax>909.0885273701435</ymax>
    </bndbox>
    <attributes>
      <attribute>
        <name>track_id</name>
        <value>139</value>
      </attribute>
      <attribute>
        <name>keyframe</name>
        <value>True</value>
      </attribute>
    </attributes>
  </object>
  <object>
    <name>vehicule</name>
    <occluded>0</occluded>
    <bndbox>
      <xmin>1252.5084219858156</xmin>
      <ymin>716.9916666666668</ymin>
      <xmax>1400.5935202524172</xmax>
      <ymax>959.8877381453265</ymax>
    </bndbox>
    <attributes>
      <attribute>
        <name>track_id</name>
        <value>142</value>
      </attribute>
      <attribute>
        <name>keyframe</name>
        <value>True</value>
      </attribute>
    </attributes>
  </object>
  <object>
    <name>vehicule</name>
    <occluded>0</occluded>
    <bndbox>
      <xmin>1202.3050213675215</xmin>
      <ymin>313.9223173744658</ymin>
      <xmax>1479.3050396780673</xmax>
      <ymax>580.6139219887236</ymax>
    </bndbox>
    <attributes>
      <attribute>
        <name>track_id</name>
        <value>149</value>
      </attribute>
      <attribute>
        <name>keyframe</name>
        <value>True</value>
      </attribute>
    </attributes>
  </object>
  <object>
    <name>vehicule</name>
    <occluded>0</occluded>
    <bndbox>
      <xmin>737.8887532552084</xmin>
      <ymin>583.2177246093756</ymin>
      <xmax>977.5135762532549</xmax>
      <ymax>943.375122070312</ymax>
    </bndbox>
    <attributes>
      <attribute>
        <name>track_id</name>
        <value>153</value>
      </attribute>
      <attribute>
        <name>keyframe</name>
        <value>True</value>
      </attribute>
    </attributes>
  </object>
  <object>
    <name>vehicule</name>
    <occluded>0</occluded>
    <bndbox>
      <xmin>1170.767500000001</xmin>
      <ymin>103.63291015625</ymin>
      <xmax>1419.7468334960934</xmax>
      <ymax>361.0129913330078</ymax>
    </bndbox>
    <attributes>
      <attribute>
        <name>track_id</name>
        <value>156</value>
      </attribute>
      <attribute>
        <name>keyframe</name>
        <value>True</value>
      </attribute>
    </attributes>
  </object>
  <object>
    <name>vehicule</name>
    <occluded>0</occluded>
    <bndbox>
      <xmin>626.4101118607955</xmin>
      <ymin>330.49011008522774</ymin>
      <xmax>847.409721235797</xmax>
      <ymax>588.3865945989432</ymax>
    </bndbox>
    <attributes>
      <attribute>
        <name>track_id</name>
        <value>158</value>
      </attribute>
      <attribute>
        <name>keyframe</name>
        <value>True</value>
      </attribute>
    </attributes>
  </object>
  <object>
    <name>vehicule</name>
    <occluded>0</occluded>
    <bndbox>
      <xmin>1106.6787109375</xmin>
      <ymin>1236.15283203125</ymin>
      <xmax>1760.2134155273434</xmax>
      <ymax>1562.904046630858</ymax>
    </bndbox>
    <attributes>
      <attribute>
        <name>track_id</name>
        <value>161</value>
      </attribute>
      <attribute>
        <name>keyframe</name>
        <value>True</value>
      </attribute>
    </attributes>
  </object>
  <object>
    <name>vehicule</name>
    <occluded>0</occluded>
    <bndbox>
      <xmin>659.1024047851574</xmin>
      <ymin>147.1376586914064</ymin>
      <xmax>934.5399074554443</xmax>
      <ymax>357.6863603591919</ymax>
    </bndbox>
    <attributes>
      <attribute>
        <name>track_id</name>
        <value>163</value>
      </attribute>
      <attribute>
        <name>keyframe</name>
        <value>True</value>
      </attribute>
    </attributes>
  </object>
  <object>
    <name>vehicule</name>
    <occluded>0</occluded>
    <bndbox>
      <xmin>1128.2155273437502</xmin>
      <ymin>38.818058894230774</ymin>
      <xmax>1419.4351783165564</xmax>
      <ymax>210.29906780536308</ymax>
    </bndbox>
    <attributes>
      <attribute>
        <name>track_id</name>
        <value>164</value>
      </attribute>
      <attribute>
        <name>keyframe</name>
        <value>True</value>
      </attribute>
    </attributes>
  </object>
  <object>
    <name>vehicule</name>
    <occluded>0</occluded>
    <bndbox>
      <xmin>9.300000000001091</xmin>
      <ymin>1078.9697265625</ymin>
      <xmax>655.4116821289062</xmax>
      <ymax>1429.1000000000004</ymax>
    </bndbox>
    <attributes>
      <attribute>
        <name>track_id</name>
        <value>165</value>
      </attribute>
      <attribute>
        <name>keyframe</name>
        <value>True</value>
      </attribute>
    </attributes>
  </object>
</annotation>
