<annotation>
  <folder>frame</folder>
  <filename>frame_002938.jpg</filename>
  <source>
    <database>Unknown</database>
    <annotation>Unknown</annotation>
    <image>Unknown</image>
  </source>
  <size>
    <width>2456</width>
    <height>2054</height>
    <depth>3</depth>
  </size>
  <segmented>0</segmented>
  <object>
    <name>vehicule</name>
    <occluded>0</occluded>
    <bndbox>
      <xmin>647.009765625</xmin>
      <ymin>670.6689453125</ymin>
      <xmax>830.9224609375015</xmax>
      <ymax>922.740896606445</ymax>
    </bndbox>
    <attributes>
      <attribute>
        <name>track_id</name>
        <value>293</value>
      </attribute>
      <attribute>
        <name>keyframe</name>
        <value>True</value>
      </attribute>
    </attributes>
  </object>
  <object>
    <name>vehicule</name>
    <occluded>0</occluded>
    <bndbox>
      <xmin>1640.732267680921</xmin>
      <ymin>729.5497018914474</ymin>
      <xmax>2107.842613139904</xmax>
      <ymax>1060.9855051141028</ymax>
    </bndbox>
    <attributes>
      <attribute>
        <name>track_id</name>
        <value>295</value>
      </attribute>
      <attribute>
        <name>keyframe</name>
        <value>True</value>
      </attribute>
    </attributes>
  </object>
  <object>
    <name>vehicule</name>
    <occluded>0</occluded>
    <bndbox>
      <xmin>1243.5525287828948</xmin>
      <ymin>577.1397512335526</ymin>
      <xmax>1576.5417865953948</xmax>
      <ymax>947.4787404913651</ymax>
    </bndbox>
    <attributes>
      <attribute>
        <name>track_id</name>
        <value>296</value>
      </attribute>
      <attribute>
        <name>keyframe</name>
        <value>True</value>
      </attribute>
    </attributes>
  </object>
  <object>
    <name>vehicule</name>
    <occluded>0</occluded>
    <bndbox>
      <xmin>1313.4000000000015</xmin>
      <ymin>956.96875</ymin>
      <xmax>1932.6279296875</xmax>
      <ymax>1311.7894531250004</ymax>
    </bndbox>
    <attributes>
      <attribute>
        <name>track_id</name>
        <value>297</value>
      </attribute>
      <attribute>
        <name>keyframe</name>
        <value>True</value>
      </attribute>
    </attributes>
  </object>
  <object>
    <name>vehicule</name>
    <occluded>0</occluded>
    <bndbox>
      <xmin>1857.9000000000015</xmin>
      <ymin>1470.5</ymin>
      <xmax>2368.8999633789062</xmax>
      <ymax>1878.1341857910156</ymax>
    </bndbox>
    <attributes>
      <attribute>
        <name>track_id</name>
        <value>301</value>
      </attribute>
      <attribute>
        <name>keyframe</name>
        <value>True</value>
      </attribute>
    </attributes>
  </object>
  <object>
    <name>vehicule</name>
    <occluded>0</occluded>
    <bndbox>
      <xmin>906.5544921875</xmin>
      <ymin>319.26000000000056</ymin>
      <xmax>1180.6996093750015</xmax>
      <ymax>649.49912109375</ymax>
    </bndbox>
    <attributes>
      <attribute>
        <name>track_id</name>
        <value>302</value>
      </attribute>
      <attribute>
        <name>keyframe</name>
        <value>True</value>
      </attribute>
    </attributes>
  </object>
  <object>
    <name>vehicule</name>
    <occluded>0</occluded>
    <bndbox>
      <xmin>967.7998046875</xmin>
      <ymin>1202.8330078125</ymin>
      <xmax>1696.1063842773438</xmax>
      <ymax>1529.5960876464833</ymax>
    </bndbox>
    <attributes>
      <attribute>
        <name>track_id</name>
        <value>303</value>
      </attribute>
      <attribute>
        <name>keyframe</name>
        <value>True</value>
      </attribute>
    </attributes>
  </object>
  <object>
    <name>vehicule</name>
    <occluded>0</occluded>
    <bndbox>
      <xmin>611.52734375</xmin>
      <ymin>113.88000000000139</ymin>
      <xmax>1012.0223437500008</xmax>
      <ymax>352.60083923339846</ymax>
    </bndbox>
    <attributes>
      <attribute>
        <name>track_id</name>
        <value>304</value>
      </attribute>
      <attribute>
        <name>keyframe</name>
        <value>True</value>
      </attribute>
    </attributes>
  </object>
  <object>
    <name>vehicule</name>
    <occluded>0</occluded>
    <bndbox>
      <xmin>15.550000000000182</xmin>
      <ymin>1275.9673828125005</ymin>
      <xmax>563.2911987304688</xmax>
      <ymax>1573.1742248535156</ymax>
    </bndbox>
    <attributes>
      <attribute>
        <name>track_id</name>
        <value>305</value>
      </attribute>
      <attribute>
        <name>keyframe</name>
        <value>True</value>
      </attribute>
    </attributes>
  </object>
  <object>
    <name>vehicule</name>
    <occluded>0</occluded>
    <bndbox>
      <xmin>185.6875</xmin>
      <ymin>1527.5302734375</ymin>
      <xmax>512.4602355957031</xmax>
      <ymax>1891.6484680175781</ymax>
    </bndbox>
    <attributes>
      <attribute>
        <name>track_id</name>
        <value>306</value>
      </attribute>
      <attribute>
        <name>keyframe</name>
        <value>True</value>
      </attribute>
    </attributes>
  </object>
</annotation>
