<annotation>
  <folder>frame</folder>
  <filename>frame_002167.jpg</filename>
  <source>
    <database>Unknown</database>
    <annotation>Unknown</annotation>
    <image>Unknown</image>
  </source>
  <size>
    <width>2456</width>
    <height>2054</height>
    <depth>3</depth>
  </size>
  <segmented>0</segmented>
  <object>
    <name>vehicule</name>
    <occluded>0</occluded>
    <bndbox>
      <xmin>1153.739843750001</xmin>
      <ymin>707.7790178571429</ymin>
      <xmax>1646.302711704799</xmax>
      <ymax>1071.6504132952011</ymax>
    </bndbox>
    <attributes>
      <attribute>
        <name>track_id</name>
        <value>204</value>
      </attribute>
      <attribute>
        <name>keyframe</name>
        <value>True</value>
      </attribute>
    </attributes>
  </object>
  <object>
    <name>vehicule</name>
    <occluded>0</occluded>
    <bndbox>
      <xmin>1621.528571428572</xmin>
      <ymin>559.8000000000009</ymin>
      <xmax>2090.4216918945312</xmax>
      <ymax>962.312495640346</ymax>
    </bndbox>
    <attributes>
      <attribute>
        <name>track_id</name>
        <value>206</value>
      </attribute>
      <attribute>
        <name>keyframe</name>
        <value>True</value>
      </attribute>
    </attributes>
  </object>
  <object>
    <name>vehicule</name>
    <occluded>0</occluded>
    <bndbox>
      <xmin>1073.7822265625</xmin>
      <ymin>1564.2572544642858</ymin>
      <xmax>1854.8666137695309</xmax>
      <ymax>1947.0932041713163</ymax>
    </bndbox>
    <attributes>
      <attribute>
        <name>track_id</name>
        <value>207</value>
      </attribute>
      <attribute>
        <name>keyframe</name>
        <value>True</value>
      </attribute>
    </attributes>
  </object>
  <object>
    <name>vehicule</name>
    <occluded>0</occluded>
    <bndbox>
      <xmin>1587.9511328125009</xmin>
      <ymin>910.5671093750003</ymin>
      <xmax>2410.45666015625</xmax>
      <ymax>1563.3161035156252</ymax>
    </bndbox>
    <attributes>
      <attribute>
        <name>track_id</name>
        <value>208</value>
      </attribute>
      <attribute>
        <name>keyframe</name>
        <value>True</value>
      </attribute>
    </attributes>
  </object>
  <object>
    <name>vehicule</name>
    <occluded>0</occluded>
    <bndbox>
      <xmin>885.2428571428583</xmin>
      <ymin>446.67142857142994</ymin>
      <xmax>1247.0684770856585</xmax>
      <ymax>816.9300493512835</ymax>
    </bndbox>
    <attributes>
      <attribute>
        <name>track_id</name>
        <value>209</value>
      </attribute>
      <attribute>
        <name>keyframe</name>
        <value>True</value>
      </attribute>
    </attributes>
  </object>
  <object>
    <name>vehicule</name>
    <occluded>0</occluded>
    <bndbox>
      <xmin>831.9977678571429</xmin>
      <ymin>236.92299107142856</ymin>
      <xmax>1078.133510044643</xmax>
      <ymax>493.7117575509193</ymax>
    </bndbox>
    <attributes>
      <attribute>
        <name>track_id</name>
        <value>210</value>
      </attribute>
      <attribute>
        <name>keyframe</name>
        <value>True</value>
      </attribute>
    </attributes>
  </object>
  <object>
    <name>vehicule</name>
    <occluded>0</occluded>
    <bndbox>
      <xmin>454.5148158482152</xmin>
      <ymin>486.3857142857157</ymin>
      <xmax>786.4435215541297</xmax>
      <ymax>887.1742204938616</ymax>
    </bndbox>
    <attributes>
      <attribute>
        <name>track_id</name>
        <value>211</value>
      </attribute>
      <attribute>
        <name>keyframe</name>
        <value>True</value>
      </attribute>
    </attributes>
  </object>
  <object>
    <name>vehicule</name>
    <occluded>0</occluded>
    <bndbox>
      <xmin>954.6616908482143</xmin>
      <ymin>39.50530133928571</ymin>
      <xmax>1300.4183741978236</xmax>
      <ymax>248.30214102608807</ymax>
    </bndbox>
    <attributes>
      <attribute>
        <name>track_id</name>
        <value>212</value>
      </attribute>
      <attribute>
        <name>keyframe</name>
        <value>True</value>
      </attribute>
    </attributes>
  </object>
</annotation>
