<annotation>
  <folder>frame</folder>
  <filename>frame_002326.jpg</filename>
  <source>
    <database>Unknown</database>
    <annotation>Unknown</annotation>
    <image>Unknown</image>
  </source>
  <size>
    <width>2456</width>
    <height>2054</height>
    <depth>3</depth>
  </size>
  <segmented>0</segmented>
  <object>
    <name>vehicule</name>
    <occluded>0</occluded>
    <bndbox>
      <xmin>1486.241666666667</xmin>
      <ymin>521.5475260416666</ymin>
      <xmax>1907.9832407633464</xmax>
      <ymax>868.5382044474276</ymax>
    </bndbox>
    <attributes>
      <attribute>
        <name>track_id</name>
        <value>230</value>
      </attribute>
      <attribute>
        <name>keyframe</name>
        <value>True</value>
      </attribute>
    </attributes>
  </object>
  <object>
    <name>vehicule</name>
    <occluded>0</occluded>
    <bndbox>
      <xmin>454.33984375</xmin>
      <ymin>1666.537109375</ymin>
      <xmax>1275.9680053710927</xmax>
      <ymax>1980.8620117187493</ymax>
    </bndbox>
    <attributes>
      <attribute>
        <name>track_id</name>
        <value>231</value>
      </attribute>
      <attribute>
        <name>keyframe</name>
        <value>True</value>
      </attribute>
    </attributes>
  </object>
  <object>
    <name>vehicule</name>
    <occluded>0</occluded>
    <bndbox>
      <xmin>648.3050130208334</xmin>
      <ymin>289.16699218750017</ymin>
      <xmax>936.2261586507155</xmax>
      <ymax>579.3705551147455</ymax>
    </bndbox>
    <attributes>
      <attribute>
        <name>track_id</name>
        <value>232</value>
      </attribute>
      <attribute>
        <name>keyframe</name>
        <value>True</value>
      </attribute>
    </attributes>
  </object>
  <object>
    <name>vehicule</name>
    <occluded>0</occluded>
    <bndbox>
      <xmin>1090.9916666666675</xmin>
      <ymin>141.89200846354228</ymin>
      <xmax>1327.5513979593914</xmax>
      <ymax>412.3536412556964</ymax>
    </bndbox>
    <attributes>
      <attribute>
        <name>track_id</name>
        <value>233</value>
      </attribute>
      <attribute>
        <name>keyframe</name>
        <value>True</value>
      </attribute>
    </attributes>
  </object>
  <object>
    <name>vehicule</name>
    <occluded>0</occluded>
    <bndbox>
      <xmin>734.146484375</xmin>
      <ymin>14.001953125</ymin>
      <xmax>964.7546691894531</xmax>
      <ymax>234.9625701904297</ymax>
    </bndbox>
    <attributes>
      <attribute>
        <name>track_id</name>
        <value>234</value>
      </attribute>
      <attribute>
        <name>keyframe</name>
        <value>True</value>
      </attribute>
    </attributes>
  </object>
</annotation>
