<annotation>
  <folder>frame</folder>
  <filename>frame_002686.jpg</filename>
  <source>
    <database>Unknown</database>
    <annotation>Unknown</annotation>
    <image>Unknown</image>
  </source>
  <size>
    <width>2456</width>
    <height>2054</height>
    <depth>3</depth>
  </size>
  <segmented>0</segmented>
  <object>
    <name>vehicule</name>
    <occluded>0</occluded>
    <bndbox>
      <xmin>453.7484375</xmin>
      <ymin>876.841015625</ymin>
      <xmax>718.2533203125</xmax>
      <ymax>1144.4953186035152</ymax>
    </bndbox>
    <attributes>
      <attribute>
        <name>track_id</name>
        <value>270</value>
      </attribute>
      <attribute>
        <name>keyframe</name>
        <value>True</value>
      </attribute>
    </attributes>
  </object>
  <object>
    <name>vehicule</name>
    <occluded>0</occluded>
    <bndbox>
      <xmin>645.0959821428571</xmin>
      <ymin>260.5592912946429</ymin>
      <xmax>946.9717450823102</xmax>
      <ymax>439.47209341866596</ymax>
    </bndbox>
    <attributes>
      <attribute>
        <name>track_id</name>
        <value>276</value>
      </attribute>
      <attribute>
        <name>keyframe</name>
        <value>True</value>
      </attribute>
    </attributes>
  </object>
  <object>
    <name>vehicule</name>
    <occluded>0</occluded>
    <bndbox>
      <xmin>1045.358154296875</xmin>
      <ymin>30.375732421875</ymin>
      <xmax>1282.16587677002</xmax>
      <ymax>243.52148056030273</ymax>
    </bndbox>
    <attributes>
      <attribute>
        <name>track_id</name>
        <value>277</value>
      </attribute>
      <attribute>
        <name>keyframe</name>
        <value>True</value>
      </attribute>
    </attributes>
  </object>
</annotation>
