<annotation>
  <folder>frame</folder>
  <filename>frame_002834.jpg</filename>
  <source>
    <database>Unknown</database>
    <annotation>Unknown</annotation>
    <image>Unknown</image>
  </source>
  <size>
    <width>2456</width>
    <height>2054</height>
    <depth>3</depth>
  </size>
  <segmented>0</segmented>
  <object>
    <name>vehicule</name>
    <occluded>0</occluded>
    <bndbox>
      <xmin>1349.4542187500003</xmin>
      <ymin>1105.103125</ymin>
      <xmax>2029.0996899414051</xmax>
      <ymax>1466.1492187500012</ymax>
    </bndbox>
    <attributes>
      <attribute>
        <name>track_id</name>
        <value>286</value>
      </attribute>
      <attribute>
        <name>keyframe</name>
        <value>True</value>
      </attribute>
    </attributes>
  </object>
  <object>
    <name>vehicule</name>
    <occluded>0</occluded>
    <bndbox>
      <xmin>691.8891927083338</xmin>
      <ymin>1393.7076822916667</ymin>
      <xmax>1395.2660359700517</xmax>
      <ymax>1773.3864847819011</ymax>
    </bndbox>
    <attributes>
      <attribute>
        <name>track_id</name>
        <value>287</value>
      </attribute>
      <attribute>
        <name>keyframe</name>
        <value>True</value>
      </attribute>
    </attributes>
  </object>
  <object>
    <name>vehicule</name>
    <occluded>0</occluded>
    <bndbox>
      <xmin>0.0</xmin>
      <ymin>1071.0673828125</ymin>
      <xmax>516.6079406738281</xmax>
      <ymax>1404.1000000000004</ymax>
    </bndbox>
    <attributes>
      <attribute>
        <name>track_id</name>
        <value>288</value>
      </attribute>
      <attribute>
        <name>keyframe</name>
        <value>True</value>
      </attribute>
    </attributes>
  </object>
</annotation>
