<annotation>
  <folder>frame</folder>
  <filename>frame_002184.jpg</filename>
  <source>
    <database>Unknown</database>
    <annotation>Unknown</annotation>
    <image>Unknown</image>
  </source>
  <size>
    <width>2456</width>
    <height>2054</height>
    <depth>3</depth>
  </size>
  <segmented>0</segmented>
  <object>
    <name>vehicule</name>
    <occluded>0</occluded>
    <bndbox>
      <xmin>1652.894965277778</xmin>
      <ymin>991.0572916666674</ymin>
      <xmax>2273.912479654947</xmax>
      <ymax>1427.5684393988713</ymax>
    </bndbox>
    <attributes>
      <attribute>
        <name>track_id</name>
        <value>204</value>
      </attribute>
      <attribute>
        <name>keyframe</name>
        <value>True</value>
      </attribute>
    </attributes>
  </object>
  <object>
    <name>vehicule</name>
    <occluded>0</occluded>
    <bndbox>
      <xmin>1858.1000000000004</xmin>
      <ymin>1613.6000000000004</ymin>
      <xmax>2355.9168090820312</xmax>
      <ymax>1987.1060485839844</ymax>
    </bndbox>
    <attributes>
      <attribute>
        <name>track_id</name>
        <value>207</value>
      </attribute>
      <attribute>
        <name>keyframe</name>
        <value>True</value>
      </attribute>
    </attributes>
  </object>
  <object>
    <name>vehicule</name>
    <occluded>0</occluded>
    <bndbox>
      <xmin>1176.7333333333347</xmin>
      <ymin>679.6879340277779</ymin>
      <xmax>1706.8226047092014</xmax>
      <ymax>1071.0876064724387</ymax>
    </bndbox>
    <attributes>
      <attribute>
        <name>track_id</name>
        <value>209</value>
      </attribute>
      <attribute>
        <name>keyframe</name>
        <value>True</value>
      </attribute>
    </attributes>
  </object>
  <object>
    <name>vehicule</name>
    <occluded>0</occluded>
    <bndbox>
      <xmin>900.8372395833335</xmin>
      <ymin>429.8222222222232</ymin>
      <xmax>1186.4585303412548</xmax>
      <ymax>735.3206549750435</ymax>
    </bndbox>
    <attributes>
      <attribute>
        <name>track_id</name>
        <value>210</value>
      </attribute>
      <attribute>
        <name>keyframe</name>
        <value>True</value>
      </attribute>
    </attributes>
  </object>
  <object>
    <name>vehicule</name>
    <occluded>0</occluded>
    <bndbox>
      <xmin>903.5555555555555</xmin>
      <ymin>899.7890625000002</ymin>
      <xmax>1451.942379421658</xmax>
      <ymax>1408.5761867947044</ymax>
    </bndbox>
    <attributes>
      <attribute>
        <name>track_id</name>
        <value>211</value>
      </attribute>
      <attribute>
        <name>keyframe</name>
        <value>True</value>
      </attribute>
    </attributes>
  </object>
  <object>
    <name>vehicule</name>
    <occluded>0</occluded>
    <bndbox>
      <xmin>203.115234375</xmin>
      <ymin>277.919921875</ymin>
      <xmax>566.3623046875</xmax>
      <ymax>522.317626953125</ymax>
    </bndbox>
    <attributes>
      <attribute>
        <name>track_id</name>
        <value>212</value>
      </attribute>
      <attribute>
        <name>keyframe</name>
        <value>True</value>
      </attribute>
    </attributes>
  </object>
  <object>
    <name>vehicule</name>
    <occluded>0</occluded>
    <bndbox>
      <xmin>51.8888888888897</xmin>
      <ymin>1560.033420138889</ymin>
      <xmax>600.6366441514757</xmax>
      <ymax>1944.5544874403213</ymax>
    </bndbox>
    <attributes>
      <attribute>
        <name>track_id</name>
        <value>213</value>
      </attribute>
      <attribute>
        <name>keyframe</name>
        <value>True</value>
      </attribute>
    </attributes>
  </object>
  <object>
    <name>vehicule</name>
    <occluded>0</occluded>
    <bndbox>
      <xmin>1209.6094835069443</xmin>
      <ymin>6.406684027778384</ymin>
      <xmax>1558.478288438585</xmax>
      <ymax>241.18629794650607</ymax>
    </bndbox>
    <attributes>
      <attribute>
        <name>track_id</name>
        <value>214</value>
      </attribute>
      <attribute>
        <name>keyframe</name>
        <value>True</value>
      </attribute>
    </attributes>
  </object>
</annotation>
