<annotation>
  <folder>frame</folder>
  <filename>frame_002996.jpg</filename>
  <source>
    <database>Unknown</database>
    <annotation>Unknown</annotation>
    <image>Unknown</image>
  </source>
  <size>
    <width>2456</width>
    <height>2054</height>
    <depth>3</depth>
  </size>
  <segmented>0</segmented>
  <object>
    <name>vehicule</name>
    <occluded>0</occluded>
    <bndbox>
      <xmin>647.009765625</xmin>
      <ymin>670.6689453125</ymin>
      <xmax>830.9224609375015</xmax>
      <ymax>922.740896606445</ymax>
    </bndbox>
    <attributes>
      <attribute>
        <name>track_id</name>
        <value>293</value>
      </attribute>
      <attribute>
        <name>keyframe</name>
        <value>True</value>
      </attribute>
    </attributes>
  </object>
  <object>
    <name>vehicule</name>
    <occluded>0</occluded>
    <bndbox>
      <xmin>1645.9736328125</xmin>
      <ymin>728.2392578125</ymin>
      <xmax>2113.083978271483</xmax>
      <ymax>1059.6750610351555</ymax>
    </bndbox>
    <attributes>
      <attribute>
        <name>track_id</name>
        <value>295</value>
      </attribute>
      <attribute>
        <name>keyframe</name>
        <value>True</value>
      </attribute>
    </attributes>
  </object>
  <object>
    <name>vehicule</name>
    <occluded>0</occluded>
    <bndbox>
      <xmin>1272.9000000000015</xmin>
      <ymin>633.3000000000011</ymin>
      <xmax>1633.8691711425781</xmax>
      <ymax>1000.5489501953125</ymax>
    </bndbox>
    <attributes>
      <attribute>
        <name>track_id</name>
        <value>296</value>
      </attribute>
      <attribute>
        <name>keyframe</name>
        <value>True</value>
      </attribute>
    </attributes>
  </object>
  <object>
    <name>vehicule</name>
    <occluded>0</occluded>
    <bndbox>
      <xmin>964.4000000000015</xmin>
      <ymin>600.6000000000004</ymin>
      <xmax>1263.4810485839844</xmax>
      <ymax>1003.6595764160156</ymax>
    </bndbox>
    <attributes>
      <attribute>
        <name>track_id</name>
        <value>302</value>
      </attribute>
      <attribute>
        <name>keyframe</name>
        <value>True</value>
      </attribute>
    </attributes>
  </object>
  <object>
    <name>vehicule</name>
    <occluded>0</occluded>
    <bndbox>
      <xmin>1325.4565104166675</xmin>
      <ymin>425.73912760416715</ymin>
      <xmax>1676.3921854654945</xmax>
      <ymax>728.7287251790361</ymax>
    </bndbox>
    <attributes>
      <attribute>
        <name>track_id</name>
        <value>307</value>
      </attribute>
      <attribute>
        <name>keyframe</name>
        <value>True</value>
      </attribute>
    </attributes>
  </object>
  <object>
    <name>vehicule</name>
    <occluded>0</occluded>
    <bndbox>
      <xmin>785.6932091346154</xmin>
      <ymin>332.85757211538504</ymin>
      <xmax>1006.9232811560997</xmax>
      <ymax>647.2306373009308</ymax>
    </bndbox>
    <attributes>
      <attribute>
        <name>track_id</name>
        <value>308</value>
      </attribute>
      <attribute>
        <name>keyframe</name>
        <value>True</value>
      </attribute>
    </attributes>
  </object>
  <object>
    <name>vehicule</name>
    <occluded>0</occluded>
    <bndbox>
      <xmin>1064.05078125</xmin>
      <ymin>284.3792067307692</ymin>
      <xmax>1294.6287078857422</xmax>
      <ymax>538.0381117600662</ymax>
    </bndbox>
    <attributes>
      <attribute>
        <name>track_id</name>
        <value>310</value>
      </attribute>
      <attribute>
        <name>keyframe</name>
        <value>True</value>
      </attribute>
    </attributes>
  </object>
  <object>
    <name>vehicule</name>
    <occluded>0</occluded>
    <bndbox>
      <xmin>620.7719350961538</xmin>
      <ymin>132.59230769230913</ymin>
      <xmax>913.2727163461545</xmax>
      <ymax>397.9915524996244</ymax>
    </bndbox>
    <attributes>
      <attribute>
        <name>track_id</name>
        <value>312</value>
      </attribute>
      <attribute>
        <name>keyframe</name>
        <value>True</value>
      </attribute>
    </attributes>
  </object>
  <object>
    <name>vehicule</name>
    <occluded>0</occluded>
    <bndbox>
      <xmin>1742.7001953125</xmin>
      <ymin>1059.671875</ymin>
      <xmax>2380.800000000001</xmax>
      <ymax>1380.2000000000007</ymax>
    </bndbox>
    <attributes>
      <attribute>
        <name>track_id</name>
        <value>314</value>
      </attribute>
      <attribute>
        <name>keyframe</name>
        <value>True</value>
      </attribute>
    </attributes>
  </object>
  <object>
    <name>vehicule</name>
    <occluded>0</occluded>
    <bndbox>
      <xmin>1994.9000000000015</xmin>
      <ymin>1296.2000000000007</ymin>
      <xmax>2455.9990234375</xmax>
      <ymax>1641.6426086425781</ymax>
    </bndbox>
    <attributes>
      <attribute>
        <name>track_id</name>
        <value>315</value>
      </attribute>
      <attribute>
        <name>keyframe</name>
        <value>True</value>
      </attribute>
    </attributes>
  </object>
  <object>
    <name>vehicule</name>
    <occluded>0</occluded>
    <bndbox>
      <xmin>1135.9221754807693</xmin>
      <ymin>70.58533653846196</ymin>
      <xmax>1453.3585463303787</xmax>
      <ymax>274.46416954627335</ymax>
    </bndbox>
    <attributes>
      <attribute>
        <name>track_id</name>
        <value>316</value>
      </attribute>
      <attribute>
        <name>keyframe</name>
        <value>True</value>
      </attribute>
    </attributes>
  </object>
  <object>
    <name>vehicule</name>
    <occluded>0</occluded>
    <bndbox>
      <xmin>27.1453125</xmin>
      <ymin>244.29453125</ymin>
      <xmax>378.4314208984371</xmax>
      <ymax>462.1945281982411</ymax>
    </bndbox>
    <attributes>
      <attribute>
        <name>track_id</name>
        <value>317</value>
      </attribute>
      <attribute>
        <name>keyframe</name>
        <value>True</value>
      </attribute>
    </attributes>
  </object>
  <object>
    <name>vehicule</name>
    <occluded>0</occluded>
    <bndbox>
      <xmin>281.68033854166725</xmin>
      <ymin>1680.5360351562501</ymin>
      <xmax>1081.4583658854165</xmax>
      <ymax>2003.6848856608074</ymax>
    </bndbox>
    <attributes>
      <attribute>
        <name>track_id</name>
        <value>318</value>
      </attribute>
      <attribute>
        <name>keyframe</name>
        <value>True</value>
      </attribute>
    </attributes>
  </object>
  <object>
    <name>vehicule</name>
    <occluded>0</occluded>
    <bndbox>
      <xmin>246.40641276041666</xmin>
      <ymin>1359.42529296875</ymin>
      <xmax>946.5998819986968</xmax>
      <ymax>1714.2572937011719</ymax>
    </bndbox>
    <attributes>
      <attribute>
        <name>track_id</name>
        <value>319</value>
      </attribute>
      <attribute>
        <name>keyframe</name>
        <value>True</value>
      </attribute>
    </attributes>
  </object>
  <object>
    <name>vehicule</name>
    <occluded>0</occluded>
    <bndbox>
      <xmin>41.5</xmin>
      <ymin>1069.5222330729168</ymin>
      <xmax>647.8490905761724</xmax>
      <ymax>1413.4183451334636</ymax>
    </bndbox>
    <attributes>
      <attribute>
        <name>track_id</name>
        <value>320</value>
      </attribute>
      <attribute>
        <name>keyframe</name>
        <value>True</value>
      </attribute>
    </attributes>
  </object>
</annotation>
