<annotation>
  <folder>frame</folder>
  <filename>frame_002088.jpg</filename>
  <source>
    <database>Unknown</database>
    <annotation>Unknown</annotation>
    <image>Unknown</image>
  </source>
  <size>
    <width>2456</width>
    <height>2054</height>
    <depth>3</depth>
  </size>
  <segmented>0</segmented>
  <object>
    <name>vehicule</name>
    <occluded>0</occluded>
    <bndbox>
      <xmin>1963.5000000000011</xmin>
      <ymin>1001.1000000000009</ymin>
      <xmax>2444.9641927083335</xmax>
      <ymax>1331.0999450683594</ymax>
    </bndbox>
    <attributes>
      <attribute>
        <name>track_id</name>
        <value>163</value>
      </attribute>
      <attribute>
        <name>keyframe</name>
        <value>True</value>
      </attribute>
    </attributes>
  </object>
  <object>
    <name>vehicule</name>
    <occluded>0</occluded>
    <bndbox>
      <xmin>1239.671875</xmin>
      <ymin>726.7109375000006</ymin>
      <xmax>1737.7426147460938</xmax>
      <ymax>1099.380297851562</ymax>
    </bndbox>
    <attributes>
      <attribute>
        <name>track_id</name>
        <value>183</value>
      </attribute>
      <attribute>
        <name>keyframe</name>
        <value>True</value>
      </attribute>
    </attributes>
  </object>
  <object>
    <name>vehicule</name>
    <occluded>0</occluded>
    <bndbox>
      <xmin>1249.3777777777782</xmin>
      <ymin>1031.4527994791667</ymin>
      <xmax>1872.2523803710938</xmax>
      <ymax>1422.6851298014324</ymax>
    </bndbox>
    <attributes>
      <attribute>
        <name>track_id</name>
        <value>187</value>
      </attribute>
      <attribute>
        <name>keyframe</name>
        <value>True</value>
      </attribute>
    </attributes>
  </object>
  <object>
    <name>vehicule</name>
    <occluded>0</occluded>
    <bndbox>
      <xmin>637.7555555555565</xmin>
      <ymin>717.3780381944445</ymin>
      <xmax>1046.4250861273872</xmax>
      <ymax>1081.3884141710068</ymax>
    </bndbox>
    <attributes>
      <attribute>
        <name>track_id</name>
        <value>191</value>
      </attribute>
      <attribute>
        <name>keyframe</name>
        <value>True</value>
      </attribute>
    </attributes>
  </object>
  <object>
    <name>vehicule</name>
    <occluded>0</occluded>
    <bndbox>
      <xmin>1508.455555555557</xmin>
      <ymin>541.7111111111119</ymin>
      <xmax>2003.448021782769</xmax>
      <ymax>905.1056857638889</ymax>
    </bndbox>
    <attributes>
      <attribute>
        <name>track_id</name>
        <value>193</value>
      </attribute>
      <attribute>
        <name>keyframe</name>
        <value>True</value>
      </attribute>
    </attributes>
  </object>
  <object>
    <name>vehicule</name>
    <occluded>0</occluded>
    <bndbox>
      <xmin>933.3000000000005</xmin>
      <ymin>525.4000000000015</ymin>
      <xmax>1306.0908915201824</xmax>
      <ymax>823.155039469401</ymax>
    </bndbox>
    <attributes>
      <attribute>
        <name>track_id</name>
        <value>195</value>
      </attribute>
      <attribute>
        <name>keyframe</name>
        <value>True</value>
      </attribute>
    </attributes>
  </object>
  <object>
    <name>vehicule</name>
    <occluded>0</occluded>
    <bndbox>
      <xmin>936.8893694196429</xmin>
      <ymin>264.56124441964283</ymin>
      <xmax>1155.0610521589003</xmax>
      <ymax>518.1662920270644</ymax>
    </bndbox>
    <attributes>
      <attribute>
        <name>track_id</name>
        <value>197</value>
      </attribute>
      <attribute>
        <name>keyframe</name>
        <value>True</value>
      </attribute>
    </attributes>
  </object>
  <object>
    <name>vehicule</name>
    <occluded>0</occluded>
    <bndbox>
      <xmin>461.3369791666668</xmin>
      <ymin>407.3632812500004</ymin>
      <xmax>759.6922709147127</xmax>
      <ymax>726.3321350097654</ymax>
    </bndbox>
    <attributes>
      <attribute>
        <name>track_id</name>
        <value>198</value>
      </attribute>
      <attribute>
        <name>keyframe</name>
        <value>True</value>
      </attribute>
    </attributes>
  </object>
  <object>
    <name>vehicule</name>
    <occluded>0</occluded>
    <bndbox>
      <xmin>1147.1635044642858</xmin>
      <ymin>137.37458147321428</ymin>
      <xmax>1424.457291085378</xmax>
      <ymax>400.3492701939163</ymax>
    </bndbox>
    <attributes>
      <attribute>
        <name>track_id</name>
        <value>200</value>
      </attribute>
      <attribute>
        <name>keyframe</name>
        <value>True</value>
      </attribute>
    </attributes>
  </object>
  <object>
    <name>vehicule</name>
    <occluded>0</occluded>
    <bndbox>
      <xmin>1447.181640625</xmin>
      <ymin>1472.8585449218758</ymin>
      <xmax>2162.9207153320312</xmax>
      <ymax>1883.5784423828122</ymax>
    </bndbox>
    <attributes>
      <attribute>
        <name>track_id</name>
        <value>203</value>
      </attribute>
      <attribute>
        <name>keyframe</name>
        <value>True</value>
      </attribute>
    </attributes>
  </object>
  <object>
    <name>vehicule</name>
    <occluded>0</occluded>
    <bndbox>
      <xmin>876.5771484375</xmin>
      <ymin>3.1082031250001214</ymin>
      <xmax>1159.7802734375</xmax>
      <ymax>188.28050994873047</ymax>
    </bndbox>
    <attributes>
      <attribute>
        <name>track_id</name>
        <value>204</value>
      </attribute>
      <attribute>
        <name>keyframe</name>
        <value>True</value>
      </attribute>
    </attributes>
  </object>
  <object>
    <name>vehicule</name>
    <occluded>0</occluded>
    <bndbox>
      <xmin>143.6640625000009</xmin>
      <ymin>1637.5525716145833</ymin>
      <xmax>1052.445910644531</xmax>
      <ymax>2007.8504231770833</ymax>
    </bndbox>
    <attributes>
      <attribute>
        <name>track_id</name>
        <value>205</value>
      </attribute>
      <attribute>
        <name>keyframe</name>
        <value>True</value>
      </attribute>
    </attributes>
  </object>
</annotation>
