<annotation>
  <folder>frame</folder>
  <filename>frame_002418.jpg</filename>
  <source>
    <database>Unknown</database>
    <annotation>Unknown</annotation>
    <image>Unknown</image>
  </source>
  <size>
    <width>2456</width>
    <height>2054</height>
    <depth>3</depth>
  </size>
  <segmented>0</segmented>
  <object>
    <name>vehicule</name>
    <occluded>0</occluded>
    <bndbox>
      <xmin>1363.2894681490384</xmin>
      <ymin>1589.8850510817308</ymin>
      <xmax>2135.1024076021627</xmax>
      <ymax>1966.4988084059485</ymax>
    </bndbox>
    <attributes>
      <attribute>
        <name>track_id</name>
        <value>231</value>
      </attribute>
      <attribute>
        <name>keyframe</name>
        <value>True</value>
      </attribute>
    </attributes>
  </object>
  <object>
    <name>vehicule</name>
    <occluded>0</occluded>
    <bndbox>
      <xmin>327.6303618808962</xmin>
      <ymin>1571.112102004717</ymin>
      <xmax>1111.906558169958</xmax>
      <ymax>1975.694432326981</ymax>
    </bndbox>
    <attributes>
      <attribute>
        <name>track_id</name>
        <value>239</value>
      </attribute>
      <attribute>
        <name>keyframe</name>
        <value>True</value>
      </attribute>
    </attributes>
  </object>
  <object>
    <name>vehicule</name>
    <occluded>0</occluded>
    <bndbox>
      <xmin>1845.0905598958343</xmin>
      <ymin>710.0276692708334</ymin>
      <xmax>2364.351521809896</xmax>
      <ymax>1121.3829874674484</ymax>
    </bndbox>
    <attributes>
      <attribute>
        <name>track_id</name>
        <value>240</value>
      </attribute>
      <attribute>
        <name>keyframe</name>
        <value>True</value>
      </attribute>
    </attributes>
  </object>
  <object>
    <name>vehicule</name>
    <occluded>0</occluded>
    <bndbox>
      <xmin>1289.1666666666679</xmin>
      <ymin>377.0333333333335</ymin>
      <xmax>1611.5585505167644</xmax>
      <ymax>678.9596252441406</ymax>
    </bndbox>
    <attributes>
      <attribute>
        <name>track_id</name>
        <value>241</value>
      </attribute>
      <attribute>
        <name>keyframe</name>
        <value>True</value>
      </attribute>
    </attributes>
  </object>
  <object>
    <name>vehicule</name>
    <occluded>0</occluded>
    <bndbox>
      <xmin>1032.9363606770837</xmin>
      <ymin>107.38509114583363</ymin>
      <xmax>1275.9664571126302</xmax>
      <ymax>343.8866994222005</ymax>
    </bndbox>
    <attributes>
      <attribute>
        <name>track_id</name>
        <value>242</value>
      </attribute>
      <attribute>
        <name>keyframe</name>
        <value>True</value>
      </attribute>
    </attributes>
  </object>
</annotation>
