<annotation>
  <folder>frame</folder>
  <filename>frame_002280.jpg</filename>
  <source>
    <database>Unknown</database>
    <annotation>Unknown</annotation>
    <image>Unknown</image>
  </source>
  <size>
    <width>2456</width>
    <height>2054</height>
    <depth>3</depth>
  </size>
  <segmented>0</segmented>
  <object>
    <name>vehicule</name>
    <occluded>0</occluded>
    <bndbox>
      <xmin>2089.45556640625</xmin>
      <ymin>849.59130859375</ymin>
      <xmax>2456.0</xmax>
      <ymax>1251.0682250976552</ymax>
    </bndbox>
    <attributes>
      <attribute>
        <name>track_id</name>
        <value>220</value>
      </attribute>
      <attribute>
        <name>keyframe</name>
        <value>True</value>
      </attribute>
    </attributes>
  </object>
  <object>
    <name>vehicule</name>
    <occluded>0</occluded>
    <bndbox>
      <xmin>1219.6500000000005</xmin>
      <ymin>379.7500000000009</ymin>
      <xmax>1593.4024353027344</xmax>
      <ymax>690.8905334472656</ymax>
    </bndbox>
    <attributes>
      <attribute>
        <name>track_id</name>
        <value>224</value>
      </attribute>
      <attribute>
        <name>keyframe</name>
        <value>True</value>
      </attribute>
    </attributes>
  </object>
  <object>
    <name>vehicule</name>
    <occluded>0</occluded>
    <bndbox>
      <xmin>0.0</xmin>
      <ymin>180.525390625</ymin>
      <xmax>283.19980468750146</xmax>
      <ymax>488.60015258788917</ymax>
    </bndbox>
    <attributes>
      <attribute>
        <name>track_id</name>
        <value>225</value>
      </attribute>
      <attribute>
        <name>keyframe</name>
        <value>True</value>
      </attribute>
    </attributes>
  </object>
  <object>
    <name>vehicule</name>
    <occluded>0</occluded>
    <bndbox>
      <xmin>914.647705078125</xmin>
      <ymin>66.12500000000136</ymin>
      <xmax>1160.8164978027344</xmax>
      <ymax>308.0982856750488</ymax>
    </bndbox>
    <attributes>
      <attribute>
        <name>track_id</name>
        <value>226</value>
      </attribute>
      <attribute>
        <name>keyframe</name>
        <value>True</value>
      </attribute>
    </attributes>
  </object>
  <object>
    <name>vehicule</name>
    <occluded>0</occluded>
    <bndbox>
      <xmin>529.1244140625004</xmin>
      <ymin>1593.35693359375</ymin>
      <xmax>1338.2087768554684</xmax>
      <ymax>1957.55615234375</ymax>
    </bndbox>
    <attributes>
      <attribute>
        <name>track_id</name>
        <value>227</value>
      </attribute>
      <attribute>
        <name>keyframe</name>
        <value>True</value>
      </attribute>
    </attributes>
  </object>
</annotation>
