<annotation>
  <folder>frame</folder>
  <filename>frame_002015.jpg</filename>
  <source>
    <database>Unknown</database>
    <annotation>Unknown</annotation>
    <image>Unknown</image>
  </source>
  <size>
    <width>2456</width>
    <height>2054</height>
    <depth>3</depth>
  </size>
  <segmented>0</segmented>
  <object>
    <name>vehicule</name>
    <occluded>0</occluded>
    <bndbox>
      <xmin>1528.0000000000005</xmin>
      <ymin>582.4375000000007</ymin>
      <xmax>2045.3605651855469</xmax>
      <ymax>924.9353218078613</ymax>
    </bndbox>
    <attributes>
      <attribute>
        <name>track_id</name>
        <value>156</value>
      </attribute>
      <attribute>
        <name>keyframe</name>
        <value>True</value>
      </attribute>
    </attributes>
  </object>
  <object>
    <name>vehicule</name>
    <occluded>0</occluded>
    <bndbox>
      <xmin>2077.800000000001</xmin>
      <ymin>1248.0</ymin>
      <xmax>2448.0022888183594</xmax>
      <ymax>1548.8386840820312</ymax>
    </bndbox>
    <attributes>
      <attribute>
        <name>track_id</name>
        <value>158</value>
      </attribute>
      <attribute>
        <name>keyframe</name>
        <value>True</value>
      </attribute>
    </attributes>
  </object>
  <object>
    <name>vehicule</name>
    <occluded>0</occluded>
    <bndbox>
      <xmin>754.1919921875005</xmin>
      <ymin>451.6138916015632</ymin>
      <xmax>1096.2523994445803</xmax>
      <ymax>770.5776977539062</ymax>
    </bndbox>
    <attributes>
      <attribute>
        <name>track_id</name>
        <value>163</value>
      </attribute>
      <attribute>
        <name>keyframe</name>
        <value>True</value>
      </attribute>
    </attributes>
  </object>
  <object>
    <name>vehicule</name>
    <occluded>0</occluded>
    <bndbox>
      <xmin>2102.6000000000004</xmin>
      <ymin>949.3000000000011</ymin>
      <xmax>2455.9994201660156</xmax>
      <ymax>1231.5001831054688</ymax>
    </bndbox>
    <attributes>
      <attribute>
        <name>track_id</name>
        <value>164</value>
      </attribute>
      <attribute>
        <name>keyframe</name>
        <value>True</value>
      </attribute>
    </attributes>
  </object>
  <object>
    <name>vehicule</name>
    <occluded>0</occluded>
    <bndbox>
      <xmin>1417.401586914063</xmin>
      <ymin>1269.8969970703126</ymin>
      <xmax>2061.726257324218</xmax>
      <ymax>1730.598175048828</ymax>
    </bndbox>
    <attributes>
      <attribute>
        <name>track_id</name>
        <value>169</value>
      </attribute>
      <attribute>
        <name>keyframe</name>
        <value>True</value>
      </attribute>
    </attributes>
  </object>
  <object>
    <name>vehicule</name>
    <occluded>0</occluded>
    <bndbox>
      <xmin>1244.70703125</xmin>
      <ymin>951.607177734375</ymin>
      <xmax>1811.3005859375007</xmax>
      <ymax>1277.332165527343</ymax>
    </bndbox>
    <attributes>
      <attribute>
        <name>track_id</name>
        <value>173</value>
      </attribute>
      <attribute>
        <name>keyframe</name>
        <value>True</value>
      </attribute>
    </attributes>
  </object>
  <object>
    <name>vehicule</name>
    <occluded>0</occluded>
    <bndbox>
      <xmin>1305.4750000000008</xmin>
      <ymin>287.0625000000009</ymin>
      <xmax>1601.967342376709</xmax>
      <ymax>626.1568298339844</ymax>
    </bndbox>
    <attributes>
      <attribute>
        <name>track_id</name>
        <value>174</value>
      </attribute>
      <attribute>
        <name>keyframe</name>
        <value>True</value>
      </attribute>
    </attributes>
  </object>
  <object>
    <name>vehicule</name>
    <occluded>0</occluded>
    <bndbox>
      <xmin>1324.0875000000008</xmin>
      <ymin>712.0750000000005</ymin>
      <xmax>1835.3143348693848</xmax>
      <ymax>1073.5628776550293</ymax>
    </bndbox>
    <attributes>
      <attribute>
        <name>track_id</name>
        <value>176</value>
      </attribute>
      <attribute>
        <name>keyframe</name>
        <value>True</value>
      </attribute>
    </attributes>
  </object>
  <object>
    <name>vehicule</name>
    <occluded>0</occluded>
    <bndbox>
      <xmin>649.5780029296875</xmin>
      <ymin>686.604736328125</ymin>
      <xmax>1116.725000000001</xmax>
      <ymax>1006.2655029296877</ymax>
    </bndbox>
    <attributes>
      <attribute>
        <name>track_id</name>
        <value>179</value>
      </attribute>
      <attribute>
        <name>keyframe</name>
        <value>True</value>
      </attribute>
    </attributes>
  </object>
  <object>
    <name>vehicule</name>
    <occluded>0</occluded>
    <bndbox>
      <xmin>993.1409423828129</xmin>
      <ymin>329.479248046875</ymin>
      <xmax>1282.5288238525384</xmax>
      <ymax>633.5942932128892</ymax>
    </bndbox>
    <attributes>
      <attribute>
        <name>track_id</name>
        <value>180</value>
      </attribute>
      <attribute>
        <name>keyframe</name>
        <value>True</value>
      </attribute>
    </attributes>
  </object>
  <object>
    <name>vehicule</name>
    <occluded>0</occluded>
    <bndbox>
      <xmin>698.210414341518</xmin>
      <ymin>226.8785714285721</ymin>
      <xmax>929.3948202950608</xmax>
      <ymax>480.8954647609166</ymax>
    </bndbox>
    <attributes>
      <attribute>
        <name>track_id</name>
        <value>183</value>
      </attribute>
      <attribute>
        <name>keyframe</name>
        <value>True</value>
      </attribute>
    </attributes>
  </object>
  <object>
    <name>vehicule</name>
    <occluded>0</occluded>
    <bndbox>
      <xmin>360.4750000000008</xmin>
      <ymin>427.525000000001</ymin>
      <xmax>642.9611721038818</xmax>
      <ymax>765.8112525939941</ymax>
    </bndbox>
    <attributes>
      <attribute>
        <name>track_id</name>
        <value>187</value>
      </attribute>
      <attribute>
        <name>keyframe</name>
        <value>True</value>
      </attribute>
    </attributes>
  </object>
  <object>
    <name>vehicule</name>
    <occluded>0</occluded>
    <bndbox>
      <xmin>994.6298828125</xmin>
      <ymin>168.42727272727345</ymin>
      <xmax>1187.5595703125</xmax>
      <ymax>370.275898326527</ymax>
    </bndbox>
    <attributes>
      <attribute>
        <name>track_id</name>
        <value>188</value>
      </attribute>
      <attribute>
        <name>keyframe</name>
        <value>True</value>
      </attribute>
    </attributes>
  </object>
  <object>
    <name>vehicule</name>
    <occluded>0</occluded>
    <bndbox>
      <xmin>584.4334716796875</xmin>
      <ymin>387.9370605468753</ymin>
      <xmax>715.1559173583973</xmax>
      <ymax>627.5698242187495</ymax>
    </bndbox>
    <attributes>
      <attribute>
        <name>track_id</name>
        <value>190</value>
      </attribute>
      <attribute>
        <name>keyframe</name>
        <value>True</value>
      </attribute>
    </attributes>
  </object>
  <object>
    <name>vehicule</name>
    <occluded>0</occluded>
    <bndbox>
      <xmin>405.23583984375</xmin>
      <ymin>190.5135498046875</ymin>
      <xmax>638.6360351562507</xmax>
      <ymax>417.6434326171875</ymax>
    </bndbox>
    <attributes>
      <attribute>
        <name>track_id</name>
        <value>191</value>
      </attribute>
      <attribute>
        <name>keyframe</name>
        <value>True</value>
      </attribute>
    </attributes>
  </object>
  <object>
    <name>vehicule</name>
    <occluded>0</occluded>
    <bndbox>
      <xmin>1222.748934659091</xmin>
      <ymin>59.06258877840909</ymin>
      <xmax>1493.7542080965914</xmax>
      <ymax>259.5760561856347</ymax>
    </bndbox>
    <attributes>
      <attribute>
        <name>track_id</name>
        <value>193</value>
      </attribute>
      <attribute>
        <name>keyframe</name>
        <value>True</value>
      </attribute>
    </attributes>
  </object>
  <object>
    <name>vehicule</name>
    <occluded>0</occluded>
    <bndbox>
      <xmin>715.1677911931819</xmin>
      <ymin>103.37837357954545</ymin>
      <xmax>928.581818181819</xmax>
      <ymax>252.78541398481815</ymax>
    </bndbox>
    <attributes>
      <attribute>
        <name>track_id</name>
        <value>195</value>
      </attribute>
      <attribute>
        <name>keyframe</name>
        <value>True</value>
      </attribute>
    </attributes>
  </object>
</annotation>
