<annotation>
  <folder>frame</folder>
  <filename>frame_001192.jpg</filename>
  <source>
    <database>Unknown</database>
    <annotation>Unknown</annotation>
    <image>Unknown</image>
  </source>
  <size>
    <width>2456</width>
    <height>2054</height>
    <depth>3</depth>
  </size>
  <segmented>0</segmented>
  <object>
    <name>vehicule</name>
    <occluded>0</occluded>
    <bndbox>
      <xmin>1006.2901785714286</xmin>
      <ymin>1024.4734095982146</ymin>
      <xmax>1486.519555082774</xmax>
      <ymax>1374.1182187034972</ymax>
    </bndbox>
    <attributes>
      <attribute>
        <name>track_id</name>
        <value>46</value>
      </attribute>
      <attribute>
        <name>keyframe</name>
        <value>True</value>
      </attribute>
    </attributes>
  </object>
  <object>
    <name>vehicule</name>
    <occluded>0</occluded>
    <bndbox>
      <xmin>568.4245630129419</xmin>
      <ymin>1110.052034011995</ymin>
      <xmax>1019.7207116945822</xmax>
      <ymax>1408.2391433869964</ymax>
    </bndbox>
    <attributes>
      <attribute>
        <name>track_id</name>
        <value>48</value>
      </attribute>
      <attribute>
        <name>keyframe</name>
        <value>True</value>
      </attribute>
    </attributes>
  </object>
  <object>
    <name>vehicule</name>
    <occluded>0</occluded>
    <bndbox>
      <xmin>201.77995671452703</xmin>
      <ymin>932.34140625</ymin>
      <xmax>590.8479559821047</xmax>
      <ymax>1194.2791381835927</ymax>
    </bndbox>
    <attributes>
      <attribute>
        <name>track_id</name>
        <value>50</value>
      </attribute>
      <attribute>
        <name>keyframe</name>
        <value>True</value>
      </attribute>
    </attributes>
  </object>
  <object>
    <name>vehicule</name>
    <occluded>0</occluded>
    <bndbox>
      <xmin>1091.5541896446077</xmin>
      <ymin>976.3842869178922</ymin>
      <xmax>1610.2419032676546</xmax>
      <ymax>1227.978842581954</ymax>
    </bndbox>
    <attributes>
      <attribute>
        <name>track_id</name>
        <value>56</value>
      </attribute>
      <attribute>
        <name>keyframe</name>
        <value>True</value>
      </attribute>
    </attributes>
  </object>
  <object>
    <name>vehicule</name>
    <occluded>0</occluded>
    <bndbox>
      <xmin>649.3527446546053</xmin>
      <ymin>822.8266858552631</ymin>
      <xmax>1061.8049358167139</xmax>
      <ymax>1069.2567456697159</ymax>
    </bndbox>
    <attributes>
      <attribute>
        <name>track_id</name>
        <value>58</value>
      </attribute>
      <attribute>
        <name>keyframe</name>
        <value>True</value>
      </attribute>
    </attributes>
  </object>
  <object>
    <name>vehicule</name>
    <occluded>0</occluded>
    <bndbox>
      <xmin>157.62465153496697</xmin>
      <ymin>814.6037565390969</ymin>
      <xmax>536.2779169158259</xmax>
      <ymax>1020.4804456937674</ymax>
    </bndbox>
    <attributes>
      <attribute>
        <name>track_id</name>
        <value>60</value>
      </attribute>
      <attribute>
        <name>keyframe</name>
        <value>True</value>
      </attribute>
    </attributes>
  </object>
  <object>
    <name>vehicule</name>
    <occluded>0</occluded>
    <bndbox>
      <xmin>0.0</xmin>
      <ymin>682.0580093312607</ymin>
      <xmax>288.9298636761275</xmax>
      <ymax>880.6891640385795</ymax>
    </bndbox>
    <attributes>
      <attribute>
        <name>track_id</name>
        <value>63</value>
      </attribute>
      <attribute>
        <name>keyframe</name>
        <value>True</value>
      </attribute>
    </attributes>
  </object>
  <object>
    <name>vehicule</name>
    <occluded>0</occluded>
    <bndbox>
      <xmin>544.3666666666672</xmin>
      <ymin>530.3777777777783</ymin>
      <xmax>887.2581210666233</xmax>
      <ymax>733.2461564805773</ymax>
    </bndbox>
    <attributes>
      <attribute>
        <name>track_id</name>
        <value>92</value>
      </attribute>
      <attribute>
        <name>keyframe</name>
        <value>True</value>
      </attribute>
    </attributes>
  </object>
  <object>
    <name>vehicule</name>
    <occluded>0</occluded>
    <bndbox>
      <xmin>969.0668402777784</xmin>
      <ymin>705.3222222222228</ymin>
      <xmax>1344.571313476562</xmax>
      <ymax>907.8724331325955</ymax>
    </bndbox>
    <attributes>
      <attribute>
        <name>track_id</name>
        <value>93</value>
      </attribute>
      <attribute>
        <name>keyframe</name>
        <value>True</value>
      </attribute>
    </attributes>
  </object>
  <object>
    <name>vehicule</name>
    <occluded>0</occluded>
    <bndbox>
      <xmin>186.36269531250036</xmin>
      <ymin>1097.296142578125</ymin>
      <xmax>493.34388732910156</xmax>
      <ymax>1395.5289489746096</ymax>
    </bndbox>
    <attributes>
      <attribute>
        <name>track_id</name>
        <value>94</value>
      </attribute>
      <attribute>
        <name>keyframe</name>
        <value>True</value>
      </attribute>
    </attributes>
  </object>
</annotation>
