<annotation>
  <folder>frame</folder>
  <filename>frame_002382.jpg</filename>
  <source>
    <database>Unknown</database>
    <annotation>Unknown</annotation>
    <image>Unknown</image>
  </source>
  <size>
    <width>2456</width>
    <height>2054</height>
    <depth>3</depth>
  </size>
  <segmented>0</segmented>
  <object>
    <name>vehicule</name>
    <occluded>0</occluded>
    <bndbox>
      <xmin>1243.28125</xmin>
      <ymin>1602.6923828125</ymin>
      <xmax>2015.0941894531243</xmax>
      <ymax>1979.3061401367177</ymax>
    </bndbox>
    <attributes>
      <attribute>
        <name>track_id</name>
        <value>231</value>
      </attribute>
      <attribute>
        <name>keyframe</name>
        <value>True</value>
      </attribute>
    </attributes>
  </object>
  <object>
    <name>vehicule</name>
    <occluded>0</occluded>
    <bndbox>
      <xmin>1826.494140625</xmin>
      <ymin>770.2138020833336</ymin>
      <xmax>2379.0547892252603</xmax>
      <ymax>1145.2530507405609</ymax>
    </bndbox>
    <attributes>
      <attribute>
        <name>track_id</name>
        <value>235</value>
      </attribute>
      <attribute>
        <name>keyframe</name>
        <value>True</value>
      </attribute>
    </attributes>
  </object>
  <object>
    <name>vehicule</name>
    <occluded>0</occluded>
    <bndbox>
      <xmin>1144.8967075892858</xmin>
      <ymin>281.45566406250043</ymin>
      <xmax>1391.5586547851556</xmax>
      <ymax>547.9528525216236</ymax>
    </bndbox>
    <attributes>
      <attribute>
        <name>track_id</name>
        <value>237</value>
      </attribute>
      <attribute>
        <name>keyframe</name>
        <value>True</value>
      </attribute>
    </attributes>
  </object>
  <object>
    <name>vehicule</name>
    <occluded>0</occluded>
    <bndbox>
      <xmin>679.0217633928571</xmin>
      <ymin>224.3000000000003</ymin>
      <xmax>962.9399588448666</xmax>
      <ymax>577.2941785539899</ymax>
    </bndbox>
    <attributes>
      <attribute>
        <name>track_id</name>
        <value>238</value>
      </attribute>
      <attribute>
        <name>keyframe</name>
        <value>True</value>
      </attribute>
    </attributes>
  </object>
  <object>
    <name>vehicule</name>
    <occluded>0</occluded>
    <bndbox>
      <xmin>3.100000000000364</xmin>
      <ymin>1615.2000000000007</ymin>
      <xmax>697.1124267578125</xmax>
      <ymax>1997.9779357910156</ymax>
    </bndbox>
    <attributes>
      <attribute>
        <name>track_id</name>
        <value>239</value>
      </attribute>
      <attribute>
        <name>keyframe</name>
        <value>True</value>
      </attribute>
    </attributes>
  </object>
  <object>
    <name>vehicule</name>
    <occluded>0</occluded>
    <bndbox>
      <xmin>1019.1276506696429</xmin>
      <ymin>19.57142857142857</ymin>
      <xmax>1243.5115923200335</xmax>
      <ymax>257.192143031529</ymax>
    </bndbox>
    <attributes>
      <attribute>
        <name>track_id</name>
        <value>240</value>
      </attribute>
      <attribute>
        <name>keyframe</name>
        <value>True</value>
      </attribute>
    </attributes>
  </object>
</annotation>
