<annotation>
  <folder>frame</folder>
  <filename>frame_001374.jpg</filename>
  <source>
    <database>Unknown</database>
    <annotation>Unknown</annotation>
    <image>Unknown</image>
  </source>
  <size>
    <width>2456</width>
    <height>2054</height>
    <depth>3</depth>
  </size>
  <segmented>0</segmented>
  <object>
    <name>vehicule</name>
    <occluded>0</occluded>
    <bndbox>
      <xmin>1050.034146341464</xmin>
      <ymin>1036.613400342988</ymin>
      <xmax>1523.4164674340225</xmax>
      <ymax>1401.2132050304872</ymax>
    </bndbox>
    <attributes>
      <attribute>
        <name>track_id</name>
        <value>46</value>
      </attribute>
      <attribute>
        <name>keyframe</name>
        <value>True</value>
      </attribute>
    </attributes>
  </object>
  <object>
    <name>vehicule</name>
    <occluded>0</occluded>
    <bndbox>
      <xmin>587.953978638549</xmin>
      <ymin>1116.4912109375</ymin>
      <xmax>1039.2501273201892</xmax>
      <ymax>1414.6783203125015</ymax>
    </bndbox>
    <attributes>
      <attribute>
        <name>track_id</name>
        <value>48</value>
      </attribute>
      <attribute>
        <name>keyframe</name>
        <value>True</value>
      </attribute>
    </attributes>
  </object>
  <object>
    <name>vehicule</name>
    <occluded>0</occluded>
    <bndbox>
      <xmin>203.12977723817568</xmin>
      <ymin>935.860546875</ymin>
      <xmax>592.1977765057534</xmax>
      <ymax>1197.7982788085926</ymax>
    </bndbox>
    <attributes>
      <attribute>
        <name>track_id</name>
        <value>50</value>
      </attribute>
      <attribute>
        <name>keyframe</name>
        <value>True</value>
      </attribute>
    </attributes>
  </object>
  <object>
    <name>vehicule</name>
    <occluded>0</occluded>
    <bndbox>
      <xmin>1109.2609089176829</xmin>
      <ymin>973.2262290396342</ymin>
      <xmax>1627.9486225407297</xmax>
      <ymax>1224.8207847036958</ymax>
    </bndbox>
    <attributes>
      <attribute>
        <name>track_id</name>
        <value>56</value>
      </attribute>
      <attribute>
        <name>keyframe</name>
        <value>True</value>
      </attribute>
    </attributes>
  </object>
  <object>
    <name>vehicule</name>
    <occluded>0</occluded>
    <bndbox>
      <xmin>686.3853077735765</xmin>
      <ymin>848.2598976868327</ymin>
      <xmax>1098.837498935685</xmax>
      <ymax>1094.6899575012856</ymax>
    </bndbox>
    <attributes>
      <attribute>
        <name>track_id</name>
        <value>58</value>
      </attribute>
      <attribute>
        <name>keyframe</name>
        <value>True</value>
      </attribute>
    </attributes>
  </object>
  <object>
    <name>vehicule</name>
    <occluded>0</occluded>
    <bndbox>
      <xmin>178.418007468337</xmin>
      <ymin>816.6641442387114</ymin>
      <xmax>557.071272849196</xmax>
      <ymax>1036.075271794659</ymax>
    </bndbox>
    <attributes>
      <attribute>
        <name>track_id</name>
        <value>60</value>
      </attribute>
      <attribute>
        <name>keyframe</name>
        <value>True</value>
      </attribute>
    </attributes>
  </object>
  <object>
    <name>vehicule</name>
    <occluded>0</occluded>
    <bndbox>
      <xmin>0.0</xmin>
      <ymin>688.6530326594102</ymin>
      <xmax>310.95178849144634</xmax>
      <ymax>890.9664106828799</ymax>
    </bndbox>
    <attributes>
      <attribute>
        <name>track_id</name>
        <value>63</value>
      </attribute>
      <attribute>
        <name>keyframe</name>
        <value>True</value>
      </attribute>
    </attributes>
  </object>
  <object>
    <name>vehicule</name>
    <occluded>0</occluded>
    <bndbox>
      <xmin>1905.9297363281253</xmin>
      <ymin>841.9908203125005</ymin>
      <xmax>2417.098876953125</xmax>
      <ymax>1108.4313354492188</ymax>
    </bndbox>
    <attributes>
      <attribute>
        <name>track_id</name>
        <value>110</value>
      </attribute>
      <attribute>
        <name>keyframe</name>
        <value>True</value>
      </attribute>
    </attributes>
  </object>
</annotation>
