<annotation>
  <folder>frame</folder>
  <filename>frame_002978.jpg</filename>
  <source>
    <database>Unknown</database>
    <annotation>Unknown</annotation>
    <image>Unknown</image>
  </source>
  <size>
    <width>2456</width>
    <height>2054</height>
    <depth>3</depth>
  </size>
  <segmented>0</segmented>
  <object>
    <name>vehicule</name>
    <occluded>0</occluded>
    <bndbox>
      <xmin>647.009765625</xmin>
      <ymin>670.6689453125</ymin>
      <xmax>830.9224609375015</xmax>
      <ymax>922.740896606445</ymax>
    </bndbox>
    <attributes>
      <attribute>
        <name>track_id</name>
        <value>293</value>
      </attribute>
      <attribute>
        <name>keyframe</name>
        <value>True</value>
      </attribute>
    </attributes>
  </object>
  <object>
    <name>vehicule</name>
    <occluded>0</occluded>
    <bndbox>
      <xmin>1645.9736328125</xmin>
      <ymin>728.2392578125</ymin>
      <xmax>2113.083978271483</xmax>
      <ymax>1059.6750610351555</ymax>
    </bndbox>
    <attributes>
      <attribute>
        <name>track_id</name>
        <value>295</value>
      </attribute>
      <attribute>
        <name>keyframe</name>
        <value>True</value>
      </attribute>
    </attributes>
  </object>
  <object>
    <name>vehicule</name>
    <occluded>0</occluded>
    <bndbox>
      <xmin>1272.3363681891037</xmin>
      <ymin>626.0423026842958</ymin>
      <xmax>1628.2835036057693</xmax>
      <ymax>993.8458752754407</ymax>
    </bndbox>
    <attributes>
      <attribute>
        <name>track_id</name>
        <value>296</value>
      </attribute>
      <attribute>
        <name>keyframe</name>
        <value>True</value>
      </attribute>
    </attributes>
  </object>
  <object>
    <name>vehicule</name>
    <occluded>0</occluded>
    <bndbox>
      <xmin>950.4052246093761</xmin>
      <ymin>584.2683593750003</ymin>
      <xmax>1243.2522903442386</xmax>
      <ymax>977.2066940307614</ymax>
    </bndbox>
    <attributes>
      <attribute>
        <name>track_id</name>
        <value>302</value>
      </attribute>
      <attribute>
        <name>keyframe</name>
        <value>True</value>
      </attribute>
    </attributes>
  </object>
  <object>
    <name>vehicule</name>
    <occluded>0</occluded>
    <bndbox>
      <xmin>1238.3210937500003</xmin>
      <ymin>355.8124162946432</ymin>
      <xmax>1593.4020690917964</xmax>
      <ymax>654.6300005231577</ymax>
    </bndbox>
    <attributes>
      <attribute>
        <name>track_id</name>
        <value>307</value>
      </attribute>
      <attribute>
        <name>keyframe</name>
        <value>True</value>
      </attribute>
    </attributes>
  </object>
  <object>
    <name>vehicule</name>
    <occluded>0</occluded>
    <bndbox>
      <xmin>741.4856770833334</xmin>
      <ymin>246.36822916666702</ymin>
      <xmax>962.7157491048177</xmax>
      <ymax>533.757688395183</ymax>
    </bndbox>
    <attributes>
      <attribute>
        <name>track_id</name>
        <value>308</value>
      </attribute>
      <attribute>
        <name>keyframe</name>
        <value>True</value>
      </attribute>
    </attributes>
  </object>
  <object>
    <name>vehicule</name>
    <occluded>0</occluded>
    <bndbox>
      <xmin>1579.953125</xmin>
      <ymin>1049.3141276041667</ymin>
      <xmax>2230.34923095703</xmax>
      <ymax>1388.5623758951813</ymax>
    </bndbox>
    <attributes>
      <attribute>
        <name>track_id</name>
        <value>309</value>
      </attribute>
      <attribute>
        <name>keyframe</name>
        <value>True</value>
      </attribute>
    </attributes>
  </object>
  <object>
    <name>vehicule</name>
    <occluded>0</occluded>
    <bndbox>
      <xmin>1080.9402901785713</xmin>
      <ymin>151.11428571428613</ymin>
      <xmax>1315.969947596959</xmax>
      <ymax>370.563962663923</ymax>
    </bndbox>
    <attributes>
      <attribute>
        <name>track_id</name>
        <value>310</value>
      </attribute>
      <attribute>
        <name>keyframe</name>
        <value>True</value>
      </attribute>
    </attributes>
  </object>
  <object>
    <name>vehicule</name>
    <occluded>0</occluded>
    <bndbox>
      <xmin>825.1732700892868</xmin>
      <ymin>20.000697544642858</ymin>
      <xmax>1111.9351431710384</xmax>
      <ymax>224.7384752546038</ymax>
    </bndbox>
    <attributes>
      <attribute>
        <name>track_id</name>
        <value>312</value>
      </attribute>
      <attribute>
        <name>keyframe</name>
        <value>True</value>
      </attribute>
    </attributes>
  </object>
  <object>
    <name>vehicule</name>
    <occluded>0</occluded>
    <bndbox>
      <xmin>509.34733072916663</xmin>
      <ymin>1682.0992838541667</ymin>
      <xmax>1383.837955729167</xmax>
      <ymax>1983.9750467936199</ymax>
    </bndbox>
    <attributes>
      <attribute>
        <name>track_id</name>
        <value>313</value>
      </attribute>
      <attribute>
        <name>keyframe</name>
        <value>True</value>
      </attribute>
    </attributes>
  </object>
  <object>
    <name>vehicule</name>
    <occluded>0</occluded>
    <bndbox>
      <xmin>276.92714843750093</xmin>
      <ymin>1101.1682942708333</ymin>
      <xmax>952.3066284179682</xmax>
      <ymax>1399.9399739583343</ymax>
    </bndbox>
    <attributes>
      <attribute>
        <name>track_id</name>
        <value>314</value>
      </attribute>
      <attribute>
        <name>keyframe</name>
        <value>True</value>
      </attribute>
    </attributes>
  </object>
  <object>
    <name>vehicule</name>
    <occluded>0</occluded>
    <bndbox>
      <xmin>197.1011067708338</xmin>
      <ymin>1385.4108072916667</ymin>
      <xmax>931.5582112630206</xmax>
      <ymax>1699.7350565592449</ymax>
    </bndbox>
    <attributes>
      <attribute>
        <name>track_id</name>
        <value>315</value>
      </attribute>
      <attribute>
        <name>keyframe</name>
        <value>True</value>
      </attribute>
    </attributes>
  </object>
  <object>
    <name>vehicule</name>
    <occluded>0</occluded>
    <bndbox>
      <xmin>1359.994140625</xmin>
      <ymin>2.066666666666909</ymin>
      <xmax>1677.4305114746094</xmax>
      <ymax>135.37459818522134</ymax>
    </bndbox>
    <attributes>
      <attribute>
        <name>track_id</name>
        <value>316</value>
      </attribute>
      <attribute>
        <name>keyframe</name>
        <value>True</value>
      </attribute>
    </attributes>
  </object>
</annotation>
