<annotation>
  <folder>frame</folder>
  <filename>frame_001607.jpg</filename>
  <source>
    <database>Unknown</database>
    <annotation>Unknown</annotation>
    <image>Unknown</image>
  </source>
  <size>
    <width>2456</width>
    <height>2054</height>
    <depth>3</depth>
  </size>
  <segmented>0</segmented>
  <object>
    <name>vehicule</name>
    <occluded>0</occluded>
    <bndbox>
      <xmin>972.2758091517858</xmin>
      <ymin>20.0</ymin>
      <xmax>1344.285714285715</xmax>
      <ymax>215.17661830357142</ymax>
    </bndbox>
    <attributes>
      <attribute>
        <name>track_id</name>
        <value>134</value>
      </attribute>
      <attribute>
        <name>keyframe</name>
        <value>True</value>
      </attribute>
    </attributes>
  </object>
</annotation>
