<annotation>
  <folder>frame</folder>
  <filename>frame_002332.jpg</filename>
  <source>
    <database>Unknown</database>
    <annotation>Unknown</annotation>
    <image>Unknown</image>
  </source>
  <size>
    <width>2456</width>
    <height>2054</height>
    <depth>3</depth>
  </size>
  <segmented>0</segmented>
  <object>
    <name>vehicule</name>
    <occluded>0</occluded>
    <bndbox>
      <xmin>1753.8916666666667</xmin>
      <ymin>669.3639322916666</ymin>
      <xmax>2251.8720041910806</xmax>
      <ymax>1035.036742655436</ymax>
    </bndbox>
    <attributes>
      <attribute>
        <name>track_id</name>
        <value>230</value>
      </attribute>
      <attribute>
        <name>keyframe</name>
        <value>True</value>
      </attribute>
    </attributes>
  </object>
  <object>
    <name>vehicule</name>
    <occluded>0</occluded>
    <bndbox>
      <xmin>617.0771205357149</xmin>
      <ymin>1642.529575892857</ymin>
      <xmax>1396.006520298549</xmax>
      <ymax>1956.8544782366064</ymax>
    </bndbox>
    <attributes>
      <attribute>
        <name>track_id</name>
        <value>231</value>
      </attribute>
      <attribute>
        <name>keyframe</name>
        <value>True</value>
      </attribute>
    </attributes>
  </object>
  <object>
    <name>vehicule</name>
    <occluded>0</occluded>
    <bndbox>
      <xmin>705.9007161458334</xmin>
      <ymin>412.1095703125003</ymin>
      <xmax>1070.0469655354816</xmax>
      <ymax>734.9765029907226</ymax>
    </bndbox>
    <attributes>
      <attribute>
        <name>track_id</name>
        <value>232</value>
      </attribute>
      <attribute>
        <name>keyframe</name>
        <value>True</value>
      </attribute>
    </attributes>
  </object>
  <object>
    <name>vehicule</name>
    <occluded>0</occluded>
    <bndbox>
      <xmin>1134.5416666666677</xmin>
      <ymin>243.04171549479298</ymin>
      <xmax>1400.6867510477703</xmax>
      <ymax>543.0631108601888</ymax>
    </bndbox>
    <attributes>
      <attribute>
        <name>track_id</name>
        <value>233</value>
      </attribute>
      <attribute>
        <name>keyframe</name>
        <value>True</value>
      </attribute>
    </attributes>
  </object>
  <object>
    <name>vehicule</name>
    <occluded>0</occluded>
    <bndbox>
      <xmin>763.4885602678571</xmin>
      <ymin>51.37220982142857</ymin>
      <xmax>994.0967450823102</xmax>
      <ymax>365.7089385986328</ymax>
    </bndbox>
    <attributes>
      <attribute>
        <name>track_id</name>
        <value>234</value>
      </attribute>
      <attribute>
        <name>keyframe</name>
        <value>True</value>
      </attribute>
    </attributes>
  </object>
</annotation>
