<annotation>
  <folder>frame</folder>
  <filename>frame_000275.jpg</filename>
  <source>
    <database>Unknown</database>
    <annotation>Unknown</annotation>
    <image>Unknown</image>
  </source>
  <size>
    <width>2456</width>
    <height>2054</height>
    <depth>3</depth>
  </size>
  <segmented>0</segmented>
  <object>
    <name>vehicule</name>
    <occluded>0</occluded>
    <bndbox>
      <xmin>641.3046918020375</xmin>
      <ymin>870.0126910104625</ymin>
      <xmax>1103.9699383840673</xmax>
      <ymax>1136.4050860299938</ymax>
    </bndbox>
    <attributes>
      <attribute>
        <name>track_id</name>
        <value>1</value>
      </attribute>
      <attribute>
        <name>keyframe</name>
        <value>True</value>
      </attribute>
    </attributes>
  </object>
  <object>
    <name>vehicule</name>
    <occluded>0</occluded>
    <bndbox>
      <xmin>142.3888810800212</xmin>
      <ymin>682.0263140690377</ymin>
      <xmax>535.9800859140045</xmax>
      <ymax>918.5341296207944</ymax>
    </bndbox>
    <attributes>
      <attribute>
        <name>track_id</name>
        <value>8</value>
      </attribute>
      <attribute>
        <name>keyframe</name>
        <value>True</value>
      </attribute>
    </attributes>
  </object>
  <object>
    <name>vehicule</name>
    <occluded>0</occluded>
    <bndbox>
      <xmin>1882.3758515625002</xmin>
      <ymin>1455.2666015625</ymin>
      <xmax>2456.0</xmax>
      <ymax>1817.9000000000015</ymax>
    </bndbox>
    <attributes>
      <attribute>
        <name>track_id</name>
        <value>13</value>
      </attribute>
      <attribute>
        <name>keyframe</name>
        <value>True</value>
      </attribute>
    </attributes>
  </object>
  <object>
    <name>vehicule</name>
    <occluded>0</occluded>
    <bndbox>
      <xmin>799.1285714285725</xmin>
      <ymin>1042.2645681141778</ymin>
      <xmax>1279.3413196910512</xmax>
      <ymax>1398.3274516580427</ymax>
    </bndbox>
    <attributes>
      <attribute>
        <name>track_id</name>
        <value>326</value>
      </attribute>
      <attribute>
        <name>keyframe</name>
        <value>True</value>
      </attribute>
    </attributes>
  </object>
  <object>
    <name>vehicule</name>
    <occluded>0</occluded>
    <bndbox>
      <xmin>1232.5084443933824</xmin>
      <ymin>1019.6506663602943</ymin>
      <xmax>1723.5316865808832</xmax>
      <ymax>1280.9643626493564</ymax>
    </bndbox>
    <attributes>
      <attribute>
        <name>track_id</name>
        <value>327</value>
      </attribute>
      <attribute>
        <name>keyframe</name>
        <value>True</value>
      </attribute>
    </attributes>
  </object>
  <object>
    <name>vehicule</name>
    <occluded>0</occluded>
    <bndbox>
      <xmin>204.74306955645162</xmin>
      <ymin>911.8829700100806</ymin>
      <xmax>584.0618256599672</xmax>
      <ymax>1187.1408856791836</ymax>
    </bndbox>
    <attributes>
      <attribute>
        <name>track_id</name>
        <value>329</value>
      </attribute>
      <attribute>
        <name>keyframe</name>
        <value>True</value>
      </attribute>
    </attributes>
  </object>
  <object>
    <name>vehicule</name>
    <occluded>0</occluded>
    <bndbox>
      <xmin>1706.3148831708716</xmin>
      <ymin>1125.2346796158256</ymin>
      <xmax>2250.9360989911843</xmax>
      <ymax>1459.3050897720752</ymax>
    </bndbox>
    <attributes>
      <attribute>
        <name>track_id</name>
        <value>331</value>
      </attribute>
      <attribute>
        <name>keyframe</name>
        <value>True</value>
      </attribute>
    </attributes>
  </object>
</annotation>
