<annotation>
  <folder>frame</folder>
  <filename>frame_002875.jpg</filename>
  <source>
    <database>Unknown</database>
    <annotation>Unknown</annotation>
    <image>Unknown</image>
  </source>
  <size>
    <width>2456</width>
    <height>2054</height>
    <depth>3</depth>
  </size>
  <segmented>0</segmented>
  <object>
    <name>vehicule</name>
    <occluded>0</occluded>
    <bndbox>
      <xmin>1767.677734375</xmin>
      <ymin>993.27734375</ymin>
      <xmax>2355.8719726562485</xmax>
      <ymax>1323.1655639648434</ymax>
    </bndbox>
    <attributes>
      <attribute>
        <name>track_id</name>
        <value>291</value>
      </attribute>
      <attribute>
        <name>keyframe</name>
        <value>True</value>
      </attribute>
    </attributes>
  </object>
  <object>
    <name>vehicule</name>
    <occluded>0</occluded>
    <bndbox>
      <xmin>1605.8092447916667</xmin>
      <ymin>1303.45703125</ymin>
      <xmax>2345.8589884440103</xmax>
      <ymax>1701.7703125000007</ymax>
    </bndbox>
    <attributes>
      <attribute>
        <name>track_id</name>
        <value>292</value>
      </attribute>
      <attribute>
        <name>keyframe</name>
        <value>True</value>
      </attribute>
    </attributes>
  </object>
  <object>
    <name>vehicule</name>
    <occluded>0</occluded>
    <bndbox>
      <xmin>703.0266927083334</xmin>
      <ymin>310.6881510416667</ymin>
      <xmax>886.9393880208348</xmax>
      <ymax>516.0886149088534</ymax>
    </bndbox>
    <attributes>
      <attribute>
        <name>track_id</name>
        <value>293</value>
      </attribute>
      <attribute>
        <name>keyframe</name>
        <value>True</value>
      </attribute>
    </attributes>
  </object>
  <object>
    <name>vehicule</name>
    <occluded>0</occluded>
    <bndbox>
      <xmin>512.4175781250002</xmin>
      <ymin>1645.787239583334</ymin>
      <xmax>1287.378894042968</xmax>
      <ymax>1989.1608378092449</ymax>
    </bndbox>
    <attributes>
      <attribute>
        <name>track_id</name>
        <value>294</value>
      </attribute>
      <attribute>
        <name>keyframe</name>
        <value>True</value>
      </attribute>
    </attributes>
  </object>
  <object>
    <name>vehicule</name>
    <occluded>0</occluded>
    <bndbox>
      <xmin>1264.242947048611</xmin>
      <ymin>20.75542534722222</ymin>
      <xmax>1594.4297519259983</xmax>
      <ymax>187.9342620849606</ymax>
    </bndbox>
    <attributes>
      <attribute>
        <name>track_id</name>
        <value>295</value>
      </attribute>
      <attribute>
        <name>keyframe</name>
        <value>True</value>
      </attribute>
    </attributes>
  </object>
</annotation>
