<annotation>
  <folder>frame</folder>
  <filename>frame_002087.jpg</filename>
  <source>
    <database>Unknown</database>
    <annotation>Unknown</annotation>
    <image>Unknown</image>
  </source>
  <size>
    <width>2456</width>
    <height>2054</height>
    <depth>3</depth>
  </size>
  <segmented>0</segmented>
  <object>
    <name>vehicule</name>
    <occluded>0</occluded>
    <bndbox>
      <xmin>1918.9000000000015</xmin>
      <ymin>992.8000000000011</ymin>
      <xmax>2444.9640502929688</xmax>
      <ymax>1331.1000061035156</ymax>
    </bndbox>
    <attributes>
      <attribute>
        <name>track_id</name>
        <value>163</value>
      </attribute>
      <attribute>
        <name>keyframe</name>
        <value>True</value>
      </attribute>
    </attributes>
  </object>
  <object>
    <name>vehicule</name>
    <occluded>0</occluded>
    <bndbox>
      <xmin>1216.50390625</xmin>
      <ymin>714.6082031250007</ymin>
      <xmax>1714.5746459960938</xmax>
      <ymax>1087.2775634765621</ymax>
    </bndbox>
    <attributes>
      <attribute>
        <name>track_id</name>
        <value>183</value>
      </attribute>
      <attribute>
        <name>keyframe</name>
        <value>True</value>
      </attribute>
    </attributes>
  </object>
  <object>
    <name>vehicule</name>
    <occluded>0</occluded>
    <bndbox>
      <xmin>1218.6000000000004</xmin>
      <ymin>1020.7333984375</ymin>
      <xmax>1834.9070434570312</xmax>
      <ymax>1411.9657287597656</ymax>
    </bndbox>
    <attributes>
      <attribute>
        <name>track_id</name>
        <value>187</value>
      </attribute>
      <attribute>
        <name>keyframe</name>
        <value>True</value>
      </attribute>
    </attributes>
  </object>
  <object>
    <name>vehicule</name>
    <occluded>0</occluded>
    <bndbox>
      <xmin>624.2666666666677</xmin>
      <ymin>706.6585286458334</ymin>
      <xmax>1025.6776021321614</xmax>
      <ymax>1070.6689046223958</ymax>
    </bndbox>
    <attributes>
      <attribute>
        <name>track_id</name>
        <value>191</value>
      </attribute>
      <attribute>
        <name>keyframe</name>
        <value>True</value>
      </attribute>
    </attributes>
  </object>
  <object>
    <name>vehicule</name>
    <occluded>0</occluded>
    <bndbox>
      <xmin>1479.0666666666682</xmin>
      <ymin>523.7333333333341</ymin>
      <xmax>1964.719462076823</xmax>
      <ymax>885.3956400553385</ymax>
    </bndbox>
    <attributes>
      <attribute>
        <name>track_id</name>
        <value>193</value>
      </attribute>
      <attribute>
        <name>keyframe</name>
        <value>True</value>
      </attribute>
    </attributes>
  </object>
  <object>
    <name>vehicule</name>
    <occluded>0</occluded>
    <bndbox>
      <xmin>920.8500000000004</xmin>
      <ymin>515.0250000000015</ymin>
      <xmax>1285.3434143066406</xmax>
      <ymax>810.7065200805664</ymax>
    </bndbox>
    <attributes>
      <attribute>
        <name>track_id</name>
        <value>195</value>
      </attribute>
      <attribute>
        <name>keyframe</name>
        <value>True</value>
      </attribute>
    </attributes>
  </object>
  <object>
    <name>vehicule</name>
    <occluded>0</occluded>
    <bndbox>
      <xmin>936.0002790178571</xmin>
      <ymin>255.22488839285714</ymin>
      <xmax>1154.1719617571146</xmax>
      <ymax>508.8299360002787</ymax>
    </bndbox>
    <attributes>
      <attribute>
        <name>track_id</name>
        <value>197</value>
      </attribute>
      <attribute>
        <name>keyframe</name>
        <value>True</value>
      </attribute>
    </attributes>
  </object>
  <object>
    <name>vehicule</name>
    <occluded>0</occluded>
    <bndbox>
      <xmin>457.1843750000001</xmin>
      <ymin>400.44746093750047</ymin>
      <xmax>751.0475219726553</xmax>
      <ymax>719.4163146972654</ymax>
    </bndbox>
    <attributes>
      <attribute>
        <name>track_id</name>
        <value>198</value>
      </attribute>
      <attribute>
        <name>keyframe</name>
        <value>True</value>
      </attribute>
    </attributes>
  </object>
  <object>
    <name>vehicule</name>
    <occluded>0</occluded>
    <bndbox>
      <xmin>1148.9419642857142</xmin>
      <ymin>130.26116071428572</ymin>
      <xmax>1426.2357509068065</xmax>
      <ymax>393.23584943498776</ymax>
    </bndbox>
    <attributes>
      <attribute>
        <name>track_id</name>
        <value>200</value>
      </attribute>
      <attribute>
        <name>keyframe</name>
        <value>True</value>
      </attribute>
    </attributes>
  </object>
  <object>
    <name>vehicule</name>
    <occluded>0</occluded>
    <bndbox>
      <xmin>1400.5</xmin>
      <ymin>1464.300000000001</ymin>
      <xmax>2116.2390747070312</xmax>
      <ymax>1875.0198974609375</ymax>
    </bndbox>
    <attributes>
      <attribute>
        <name>track_id</name>
        <value>203</value>
      </attribute>
      <attribute>
        <name>keyframe</name>
        <value>True</value>
      </attribute>
    </attributes>
  </object>
  <object>
    <name>vehicule</name>
    <occluded>0</occluded>
    <bndbox>
      <xmin>881.504638671875</xmin>
      <ymin>3.109228515625091</ymin>
      <xmax>1164.707763671875</xmax>
      <ymax>183.6122646331787</ymax>
    </bndbox>
    <attributes>
      <attribute>
        <name>track_id</name>
        <value>204</value>
      </attribute>
      <attribute>
        <name>keyframe</name>
        <value>True</value>
      </attribute>
    </attributes>
  </object>
  <object>
    <name>vehicule</name>
    <occluded>0</occluded>
    <bndbox>
      <xmin>105.80000000000109</xmin>
      <ymin>1641.7021484375</ymin>
      <xmax>1014.5818481445312</xmax>
      <ymax>2012.0</ymax>
    </bndbox>
    <attributes>
      <attribute>
        <name>track_id</name>
        <value>205</value>
      </attribute>
      <attribute>
        <name>keyframe</name>
        <value>True</value>
      </attribute>
    </attributes>
  </object>
</annotation>
