<annotation>
  <folder>frame</folder>
  <filename>frame_002466.jpg</filename>
  <source>
    <database>Unknown</database>
    <annotation>Unknown</annotation>
    <image>Unknown</image>
  </source>
  <size>
    <width>2456</width>
    <height>2054</height>
    <depth>3</depth>
  </size>
  <segmented>0</segmented>
  <object>
    <name>vehicule</name>
    <occluded>0</occluded>
    <bndbox>
      <xmin>1722.4250000000006</xmin>
      <ymin>1582.4297851562505</ymin>
      <xmax>2315.979766845703</xmax>
      <ymax>1937.160841369629</ymax>
    </bndbox>
    <attributes>
      <attribute>
        <name>track_id</name>
        <value>231</value>
      </attribute>
      <attribute>
        <name>keyframe</name>
        <value>True</value>
      </attribute>
    </attributes>
  </object>
  <object>
    <name>vehicule</name>
    <occluded>0</occluded>
    <bndbox>
      <xmin>638.5833984375</xmin>
      <ymin>1573.049375000001</ymin>
      <xmax>1408.7061414930565</xmax>
      <ymax>1965.1627661132811</ymax>
    </bndbox>
    <attributes>
      <attribute>
        <name>track_id</name>
        <value>239</value>
      </attribute>
      <attribute>
        <name>keyframe</name>
        <value>True</value>
      </attribute>
    </attributes>
  </object>
  <object>
    <name>vehicule</name>
    <occluded>0</occluded>
    <bndbox>
      <xmin>2078.6767578125</xmin>
      <ymin>858.9189453125</ymin>
      <xmax>2456.0</xmax>
      <ymax>1227.7642578125015</ymax>
    </bndbox>
    <attributes>
      <attribute>
        <name>track_id</name>
        <value>244</value>
      </attribute>
      <attribute>
        <name>keyframe</name>
        <value>True</value>
      </attribute>
    </attributes>
  </object>
  <object>
    <name>vehicule</name>
    <occluded>0</occluded>
    <bndbox>
      <xmin>488.87109375</xmin>
      <ymin>117.6124218750003</ymin>
      <xmax>879.5269885253911</xmax>
      <ymax>438.4902319335946</ymax>
    </bndbox>
    <attributes>
      <attribute>
        <name>track_id</name>
        <value>245</value>
      </attribute>
      <attribute>
        <name>keyframe</name>
        <value>True</value>
      </attribute>
    </attributes>
  </object>
  <object>
    <name>vehicule</name>
    <occluded>0</occluded>
    <bndbox>
      <xmin>36.48876953125</xmin>
      <ymin>155.62958984375018</ymin>
      <xmax>392.89736022949273</xmax>
      <ymax>424.80406188964844</ymax>
    </bndbox>
    <attributes>
      <attribute>
        <name>track_id</name>
        <value>246</value>
      </attribute>
      <attribute>
        <name>keyframe</name>
        <value>True</value>
      </attribute>
    </attributes>
  </object>
  <object>
    <name>vehicule</name>
    <occluded>0</occluded>
    <bndbox>
      <xmin>1233.951953125</xmin>
      <ymin>6.240000000000146</ymin>
      <xmax>1577.8356433105473</xmax>
      <ymax>173.3427947998047</ymax>
    </bndbox>
    <attributes>
      <attribute>
        <name>track_id</name>
        <value>247</value>
      </attribute>
      <attribute>
        <name>keyframe</name>
        <value>True</value>
      </attribute>
    </attributes>
  </object>
  <object>
    <name>vehicule</name>
    <occluded>0</occluded>
    <bndbox>
      <xmin>161.07205636160714</xmin>
      <ymin>1229.061732700893</ymin>
      <xmax>438.362064906529</xmax>
      <ymax>1524.7132524762835</ymax>
    </bndbox>
    <attributes>
      <attribute>
        <name>track_id</name>
        <value>248</value>
      </attribute>
      <attribute>
        <name>keyframe</name>
        <value>True</value>
      </attribute>
    </attributes>
  </object>
  <object>
    <name>vehicule</name>
    <occluded>0</occluded>
    <bndbox>
      <xmin>642.02734375</xmin>
      <ymin>6.240000000000146</ymin>
      <xmax>1006.4567565917969</xmax>
      <ymax>184.5467498779297</ymax>
    </bndbox>
    <attributes>
      <attribute>
        <name>track_id</name>
        <value>249</value>
      </attribute>
      <attribute>
        <name>keyframe</name>
        <value>True</value>
      </attribute>
    </attributes>
  </object>
</annotation>
