<annotation>
  <folder>frame</folder>
  <filename>frame_002917.jpg</filename>
  <source>
    <database>Unknown</database>
    <annotation>Unknown</annotation>
    <image>Unknown</image>
  </source>
  <size>
    <width>2456</width>
    <height>2054</height>
    <depth>3</depth>
  </size>
  <segmented>0</segmented>
  <object>
    <name>vehicule</name>
    <occluded>0</occluded>
    <bndbox>
      <xmin>647.009765625</xmin>
      <ymin>670.6689453125</ymin>
      <xmax>830.9224609375015</xmax>
      <ymax>922.740896606445</ymax>
    </bndbox>
    <attributes>
      <attribute>
        <name>track_id</name>
        <value>293</value>
      </attribute>
      <attribute>
        <name>keyframe</name>
        <value>True</value>
      </attribute>
    </attributes>
  </object>
  <object>
    <name>vehicule</name>
    <occluded>0</occluded>
    <bndbox>
      <xmin>1555.7216796875</xmin>
      <ymin>689.6494140625</ymin>
      <xmax>2022.832025146483</xmax>
      <ymax>1021.0852172851555</ymax>
    </bndbox>
    <attributes>
      <attribute>
        <name>track_id</name>
        <value>295</value>
      </attribute>
      <attribute>
        <name>keyframe</name>
        <value>True</value>
      </attribute>
    </attributes>
  </object>
  <object>
    <name>vehicule</name>
    <occluded>0</occluded>
    <bndbox>
      <xmin>1135.323046875</xmin>
      <ymin>469.617578125</ymin>
      <xmax>1447.1439416503904</xmax>
      <ymax>816.3108764648438</ymax>
    </bndbox>
    <attributes>
      <attribute>
        <name>track_id</name>
        <value>296</value>
      </attribute>
      <attribute>
        <name>keyframe</name>
        <value>True</value>
      </attribute>
    </attributes>
  </object>
  <object>
    <name>vehicule</name>
    <occluded>0</occluded>
    <bndbox>
      <xmin>513.5412109375</xmin>
      <ymin>1008.6294921875</ymin>
      <xmax>1163.932788085937</xmax>
      <ymax>1363.4501953125005</ymax>
    </bndbox>
    <attributes>
      <attribute>
        <name>track_id</name>
        <value>297</value>
      </attribute>
      <attribute>
        <name>keyframe</name>
        <value>True</value>
      </attribute>
    </attributes>
  </object>
  <object>
    <name>vehicule</name>
    <occluded>0</occluded>
    <bndbox>
      <xmin>1259.0833593750008</xmin>
      <ymin>1239.5673828125</ymin>
      <xmax>1966.85927734375</xmax>
      <ymax>1609.9674011230454</ymax>
    </bndbox>
    <attributes>
      <attribute>
        <name>track_id</name>
        <value>299</value>
      </attribute>
      <attribute>
        <name>keyframe</name>
        <value>True</value>
      </attribute>
    </attributes>
  </object>
  <object>
    <name>vehicule</name>
    <occluded>0</occluded>
    <bndbox>
      <xmin>1544.8725781250007</xmin>
      <ymin>1553.2311718750002</ymin>
      <xmax>2266.2444067382808</xmax>
      <ymax>1964.0556774902338</ymax>
    </bndbox>
    <attributes>
      <attribute>
        <name>track_id</name>
        <value>300</value>
      </attribute>
      <attribute>
        <name>keyframe</name>
        <value>True</value>
      </attribute>
    </attributes>
  </object>
  <object>
    <name>vehicule</name>
    <occluded>0</occluded>
    <bndbox>
      <xmin>392.749609375</xmin>
      <ymin>1514.6671875</ymin>
      <xmax>1236.1304077148438</xmax>
      <ymax>1909.8775390625003</ymax>
    </bndbox>
    <attributes>
      <attribute>
        <name>track_id</name>
        <value>301</value>
      </attribute>
      <attribute>
        <name>keyframe</name>
        <value>True</value>
      </attribute>
    </attributes>
  </object>
  <object>
    <name>vehicule</name>
    <occluded>0</occluded>
    <bndbox>
      <xmin>1051.581640625</xmin>
      <ymin>59.0826171875</ymin>
      <xmax>1325.7267578125015</xmax>
      <ymax>322.10252380370946</ymax>
    </bndbox>
    <attributes>
      <attribute>
        <name>track_id</name>
        <value>302</value>
      </attribute>
      <attribute>
        <name>keyframe</name>
        <value>True</value>
      </attribute>
    </attributes>
  </object>
  <object>
    <name>vehicule</name>
    <occluded>0</occluded>
    <bndbox>
      <xmin>9.300000000001091</xmin>
      <ymin>1293.083984375</ymin>
      <xmax>675.3302307128906</xmax>
      <ymax>1607.4000000000015</ymax>
    </bndbox>
    <attributes>
      <attribute>
        <name>track_id</name>
        <value>303</value>
      </attribute>
      <attribute>
        <name>keyframe</name>
        <value>True</value>
      </attribute>
    </attributes>
  </object>
</annotation>
