<annotation>
  <folder>frame</folder>
  <filename>frame_001111.jpg</filename>
  <source>
    <database>Unknown</database>
    <annotation>Unknown</annotation>
    <image>Unknown</image>
  </source>
  <size>
    <width>2456</width>
    <height>2054</height>
    <depth>3</depth>
  </size>
  <segmented>0</segmented>
  <object>
    <name>vehicule</name>
    <occluded>0</occluded>
    <bndbox>
      <xmin>565.4077313026686</xmin>
      <ymin>1111.145200579354</ymin>
      <xmax>1016.7038799843089</xmax>
      <ymax>1409.3323099543554</ymax>
    </bndbox>
    <attributes>
      <attribute>
        <name>track_id</name>
        <value>48</value>
      </attribute>
      <attribute>
        <name>keyframe</name>
        <value>True</value>
      </attribute>
    </attributes>
  </object>
  <object>
    <name>vehicule</name>
    <occluded>0</occluded>
    <bndbox>
      <xmin>201.17921241554055</xmin>
      <ymin>930.7751953125</ymin>
      <xmax>590.2472116831183</xmax>
      <ymax>1192.7129272460927</ymax>
    </bndbox>
    <attributes>
      <attribute>
        <name>track_id</name>
        <value>50</value>
      </attribute>
      <attribute>
        <name>keyframe</name>
        <value>True</value>
      </attribute>
    </attributes>
  </object>
  <object>
    <name>vehicule</name>
    <occluded>0</occluded>
    <bndbox>
      <xmin>1091.0966413909314</xmin>
      <ymin>976.8418351715686</ymin>
      <xmax>1609.7843550139783</xmax>
      <ymax>1228.4363908356304</ymax>
    </bndbox>
    <attributes>
      <attribute>
        <name>track_id</name>
        <value>56</value>
      </attribute>
      <attribute>
        <name>keyframe</name>
        <value>True</value>
      </attribute>
    </attributes>
  </object>
  <object>
    <name>vehicule</name>
    <occluded>0</occluded>
    <bndbox>
      <xmin>644.2911650988523</xmin>
      <ymin>830.2194375797194</ymin>
      <xmax>1056.7433562609608</xmax>
      <ymax>1076.6494973941722</ymax>
    </bndbox>
    <attributes>
      <attribute>
        <name>track_id</name>
        <value>58</value>
      </attribute>
      <attribute>
        <name>keyframe</name>
        <value>True</value>
      </attribute>
    </attributes>
  </object>
  <object>
    <name>vehicule</name>
    <occluded>0</occluded>
    <bndbox>
      <xmin>148.37046565253303</xmin>
      <ymin>813.6867708046531</ymin>
      <xmax>527.0237310333921</xmax>
      <ymax>1013.5398912202935</ymax>
    </bndbox>
    <attributes>
      <attribute>
        <name>track_id</name>
        <value>60</value>
      </attribute>
      <attribute>
        <name>keyframe</name>
        <value>True</value>
      </attribute>
    </attributes>
  </object>
  <object>
    <name>vehicule</name>
    <occluded>0</occluded>
    <bndbox>
      <xmin>0.0</xmin>
      <ymin>679.1228615863149</ymin>
      <xmax>279.1288971374417</xmax>
      <ymax>876.1152245979843</ymax>
    </bndbox>
    <attributes>
      <attribute>
        <name>track_id</name>
        <value>63</value>
      </attribute>
      <attribute>
        <name>keyframe</name>
        <value>True</value>
      </attribute>
    </attributes>
  </object>
  <object>
    <name>vehicule</name>
    <occluded>0</occluded>
    <bndbox>
      <xmin>585.7666666666677</xmin>
      <ymin>571.6333333333338</ymin>
      <xmax>955.267333984375</xmax>
      <ymax>765.2545623779297</ymax>
    </bndbox>
    <attributes>
      <attribute>
        <name>track_id</name>
        <value>83</value>
      </attribute>
      <attribute>
        <name>keyframe</name>
        <value>True</value>
      </attribute>
    </attributes>
  </object>
  <object>
    <name>vehicule</name>
    <occluded>0</occluded>
    <bndbox>
      <xmin>435.20035156250015</xmin>
      <ymin>1245.823828125</ymin>
      <xmax>950.7504064941404</xmax>
      <ymax>1613.1304724121096</ymax>
    </bndbox>
    <attributes>
      <attribute>
        <name>track_id</name>
        <value>84</value>
      </attribute>
      <attribute>
        <name>keyframe</name>
        <value>True</value>
      </attribute>
    </attributes>
  </object>
  <object>
    <name>vehicule</name>
    <occluded>0</occluded>
    <bndbox>
      <xmin>1601.566666666667</xmin>
      <ymin>753.9858723958338</ymin>
      <xmax>2025.4694010416667</xmax>
      <ymax>1000.3696726481115</ymax>
    </bndbox>
    <attributes>
      <attribute>
        <name>track_id</name>
        <value>85</value>
      </attribute>
      <attribute>
        <name>keyframe</name>
        <value>True</value>
      </attribute>
    </attributes>
  </object>
  <object>
    <name>vehicule</name>
    <occluded>0</occluded>
    <bndbox>
      <xmin>2074.50537109375</xmin>
      <ymin>946.35595703125</ymin>
      <xmax>2456.0</xmax>
      <ymax>1222.5420898437496</ymax>
    </bndbox>
    <attributes>
      <attribute>
        <name>track_id</name>
        <value>86</value>
      </attribute>
      <attribute>
        <name>keyframe</name>
        <value>True</value>
      </attribute>
    </attributes>
  </object>
</annotation>
