<annotation>
  <folder>frame</folder>
  <filename>frame_002308.jpg</filename>
  <source>
    <database>Unknown</database>
    <annotation>Unknown</annotation>
    <image>Unknown</image>
  </source>
  <size>
    <width>2456</width>
    <height>2054</height>
    <depth>3</depth>
  </size>
  <segmented>0</segmented>
  <object>
    <name>vehicule</name>
    <occluded>0</occluded>
    <bndbox>
      <xmin>1504.375</xmin>
      <ymin>629.0875000000003</ymin>
      <xmax>2045.4392700195312</xmax>
      <ymax>998.9886131286621</ymax>
    </bndbox>
    <attributes>
      <attribute>
        <name>track_id</name>
        <value>226</value>
      </attribute>
      <attribute>
        <name>keyframe</name>
        <value>True</value>
      </attribute>
    </attributes>
  </object>
  <object>
    <name>vehicule</name>
    <occluded>0</occluded>
    <bndbox>
      <xmin>1077.9447716346156</xmin>
      <ymin>1527.2892728365387</ymin>
      <xmax>1868.94674635667</xmax>
      <ymax>1920.2258634127102</ymax>
    </bndbox>
    <attributes>
      <attribute>
        <name>track_id</name>
        <value>228</value>
      </attribute>
      <attribute>
        <name>keyframe</name>
        <value>True</value>
      </attribute>
    </attributes>
  </object>
  <object>
    <name>vehicule</name>
    <occluded>0</occluded>
    <bndbox>
      <xmin>0.0</xmin>
      <ymin>245.83359375000023</ymin>
      <xmax>236.20833333333334</xmax>
      <ymax>505.71716105143173</ymax>
    </bndbox>
    <attributes>
      <attribute>
        <name>track_id</name>
        <value>229</value>
      </attribute>
      <attribute>
        <name>keyframe</name>
        <value>True</value>
      </attribute>
    </attributes>
  </object>
  <object>
    <name>vehicule</name>
    <occluded>0</occluded>
    <bndbox>
      <xmin>1031.3500000000004</xmin>
      <ymin>143.15000000000146</ymin>
      <xmax>1277.5214462280273</xmax>
      <ymax>409.24108123779297</ymax>
    </bndbox>
    <attributes>
      <attribute>
        <name>track_id</name>
        <value>230</value>
      </attribute>
      <attribute>
        <name>keyframe</name>
        <value>True</value>
      </attribute>
    </attributes>
  </object>
</annotation>
