<annotation>
  <folder>frame</folder>
  <filename>frame_002570.jpg</filename>
  <source>
    <database>Unknown</database>
    <annotation>Unknown</annotation>
    <image>Unknown</image>
  </source>
  <size>
    <width>2456</width>
    <height>2054</height>
    <depth>3</depth>
  </size>
  <segmented>0</segmented>
  <object>
    <name>vehicule</name>
    <occluded>0</occluded>
    <bndbox>
      <xmin>2063.2841796875</xmin>
      <ymin>983.3896484375</ymin>
      <xmax>2456.0</xmax>
      <ymax>1349.1000000000004</ymax>
    </bndbox>
    <attributes>
      <attribute>
        <name>track_id</name>
        <value>254</value>
      </attribute>
      <attribute>
        <name>keyframe</name>
        <value>True</value>
      </attribute>
    </attributes>
  </object>
  <object>
    <name>vehicule</name>
    <occluded>0</occluded>
    <bndbox>
      <xmin>208.1982421875</xmin>
      <ymin>385.90000000000146</ymin>
      <xmax>613.1000000000004</xmax>
      <ymax>717.3396911621094</ymax>
    </bndbox>
    <attributes>
      <attribute>
        <name>track_id</name>
        <value>255</value>
      </attribute>
      <attribute>
        <name>keyframe</name>
        <value>True</value>
      </attribute>
    </attributes>
  </object>
  <object>
    <name>vehicule</name>
    <occluded>0</occluded>
    <bndbox>
      <xmin>1185.4052734375</xmin>
      <ymin>102.69140625</ymin>
      <xmax>1434.7000000000007</xmax>
      <ymax>328.3255310058594</ymax>
    </bndbox>
    <attributes>
      <attribute>
        <name>track_id</name>
        <value>260</value>
      </attribute>
      <attribute>
        <name>keyframe</name>
        <value>True</value>
      </attribute>
    </attributes>
  </object>
  <object>
    <name>vehicule</name>
    <occluded>0</occluded>
    <bndbox>
      <xmin>485.5</xmin>
      <ymin>1582.5107421875</ymin>
      <xmax>1266.630126953125</xmax>
      <ymax>1977.800000000001</ymax>
    </bndbox>
    <attributes>
      <attribute>
        <name>track_id</name>
        <value>261</value>
      </attribute>
      <attribute>
        <name>keyframe</name>
        <value>True</value>
      </attribute>
    </attributes>
  </object>
  <object>
    <name>vehicule</name>
    <occluded>0</occluded>
    <bndbox>
      <xmin>491.4013671875</xmin>
      <ymin>62.2001953125</ymin>
      <xmax>896.3000000000011</xmax>
      <ymax>300.3176849365227</ymax>
    </bndbox>
    <attributes>
      <attribute>
        <name>track_id</name>
        <value>262</value>
      </attribute>
      <attribute>
        <name>keyframe</name>
        <value>True</value>
      </attribute>
    </attributes>
  </object>
</annotation>
