<annotation>
  <folder>frame</folder>
  <filename>frame_002584.jpg</filename>
  <source>
    <database>Unknown</database>
    <annotation>Unknown</annotation>
    <image>Unknown</image>
  </source>
  <size>
    <width>2456</width>
    <height>2054</height>
    <depth>3</depth>
  </size>
  <segmented>0</segmented>
  <object>
    <name>vehicule</name>
    <occluded>0</occluded>
    <bndbox>
      <xmin>1186.183837890625</xmin>
      <ymin>277.7206542968752</ymin>
      <xmax>1435.4785644531257</xmax>
      <ymax>562.490991210937</ymax>
    </bndbox>
    <attributes>
      <attribute>
        <name>track_id</name>
        <value>260</value>
      </attribute>
      <attribute>
        <name>keyframe</name>
        <value>True</value>
      </attribute>
    </attributes>
  </object>
  <object>
    <name>vehicule</name>
    <occluded>0</occluded>
    <bndbox>
      <xmin>1786.4000000000015</xmin>
      <ymin>1604.300000000001</ymin>
      <xmax>2324.7518310546875</xmax>
      <ymax>1999.5861206054688</ymax>
    </bndbox>
    <attributes>
      <attribute>
        <name>track_id</name>
        <value>261</value>
      </attribute>
      <attribute>
        <name>keyframe</name>
        <value>True</value>
      </attribute>
    </attributes>
  </object>
  <object>
    <name>vehicule</name>
    <occluded>0</occluded>
    <bndbox>
      <xmin>698.3000000000002</xmin>
      <ymin>23.3408203125</ymin>
      <xmax>1067.454360961914</xmax>
      <ymax>293.3500000000008</ymax>
    </bndbox>
    <attributes>
      <attribute>
        <name>track_id</name>
        <value>263</value>
      </attribute>
      <attribute>
        <name>keyframe</name>
        <value>True</value>
      </attribute>
    </attributes>
  </object>
  <object>
    <name>vehicule</name>
    <occluded>0</occluded>
    <bndbox>
      <xmin>0.0</xmin>
      <ymin>1655.1419270833333</ymin>
      <xmax>719.9347330729166</xmax>
      <ymax>1996.4230143229167</ymax>
    </bndbox>
    <attributes>
      <attribute>
        <name>track_id</name>
        <value>264</value>
      </attribute>
      <attribute>
        <name>keyframe</name>
        <value>True</value>
      </attribute>
    </attributes>
  </object>
</annotation>
