<annotation>
  <folder>frame</folder>
  <filename>frame_002865.jpg</filename>
  <source>
    <database>Unknown</database>
    <annotation>Unknown</annotation>
    <image>Unknown</image>
  </source>
  <size>
    <width>2456</width>
    <height>2054</height>
    <depth>3</depth>
  </size>
  <segmented>0</segmented>
  <object>
    <name>vehicule</name>
    <occluded>0</occluded>
    <bndbox>
      <xmin>1767.6000000000004</xmin>
      <ymin>1629.2000000000007</ymin>
      <xmax>2327.8693237304688</xmax>
      <ymax>1996.4488525390625</ymax>
    </bndbox>
    <attributes>
      <attribute>
        <name>track_id</name>
        <value>290</value>
      </attribute>
      <attribute>
        <name>keyframe</name>
        <value>True</value>
      </attribute>
    </attributes>
  </object>
  <object>
    <name>vehicule</name>
    <occluded>0</occluded>
    <bndbox>
      <xmin>784.2470703125</xmin>
      <ymin>1022.32421875</ymin>
      <xmax>1372.4413085937485</xmax>
      <ymax>1352.2124389648434</ymax>
    </bndbox>
    <attributes>
      <attribute>
        <name>track_id</name>
        <value>291</value>
      </attribute>
      <attribute>
        <name>keyframe</name>
        <value>True</value>
      </attribute>
    </attributes>
  </object>
  <object>
    <name>vehicule</name>
    <occluded>0</occluded>
    <bndbox>
      <xmin>448.099609375</xmin>
      <ymin>1349.1015625</ymin>
      <xmax>1191.9402465820312</xmax>
      <ymax>1747.4148437500007</ymax>
    </bndbox>
    <attributes>
      <attribute>
        <name>track_id</name>
        <value>292</value>
      </attribute>
      <attribute>
        <name>keyframe</name>
        <value>True</value>
      </attribute>
    </attributes>
  </object>
  <object>
    <name>vehicule</name>
    <occluded>0</occluded>
    <bndbox>
      <xmin>923.9873046875</xmin>
      <ymin>116.69921875</ymin>
      <xmax>1107.9000000000015</xmax>
      <ymax>322.0996826171868</ymax>
    </bndbox>
    <attributes>
      <attribute>
        <name>track_id</name>
        <value>293</value>
      </attribute>
      <attribute>
        <name>keyframe</name>
        <value>True</value>
      </attribute>
    </attributes>
  </object>
</annotation>
