<annotation>
  <folder>frame</folder>
  <filename>frame_001244.jpg</filename>
  <source>
    <database>Unknown</database>
    <annotation>Unknown</annotation>
    <image>Unknown</image>
  </source>
  <size>
    <width>2456</width>
    <height>2054</height>
    <depth>3</depth>
  </size>
  <segmented>0</segmented>
  <object>
    <name>vehicule</name>
    <occluded>0</occluded>
    <bndbox>
      <xmin>1018.5382113821142</xmin>
      <ymin>1018.7966129954268</ymin>
      <xmax>1480.9307300598641</xmax>
      <ymax>1383.396417682926</ymax>
    </bndbox>
    <attributes>
      <attribute>
        <name>track_id</name>
        <value>46</value>
      </attribute>
      <attribute>
        <name>keyframe</name>
        <value>True</value>
      </attribute>
    </attributes>
  </object>
  <object>
    <name>vehicule</name>
    <occluded>0</occluded>
    <bndbox>
      <xmin>570.467867148043</xmin>
      <ymin>1109.370847143308</ymin>
      <xmax>1021.7640158296832</xmax>
      <ymax>1407.5579565183095</ymax>
    </bndbox>
    <attributes>
      <attribute>
        <name>track_id</name>
        <value>48</value>
      </attribute>
      <attribute>
        <name>keyframe</name>
        <value>True</value>
      </attribute>
    </attributes>
  </object>
  <object>
    <name>vehicule</name>
    <occluded>0</occluded>
    <bndbox>
      <xmin>202.16561972128378</xmin>
      <ymin>933.346875</ymin>
      <xmax>591.2336189888615</xmax>
      <ymax>1195.2846069335926</ymax>
    </bndbox>
    <attributes>
      <attribute>
        <name>track_id</name>
        <value>50</value>
      </attribute>
      <attribute>
        <name>keyframe</name>
        <value>True</value>
      </attribute>
    </attributes>
  </object>
  <object>
    <name>vehicule</name>
    <occluded>0</occluded>
    <bndbox>
      <xmin>1092.8148024644308</xmin>
      <ymin>975.9670747586382</ymin>
      <xmax>1611.5025160874777</xmax>
      <ymax>1227.5616304227</ymax>
    </bndbox>
    <attributes>
      <attribute>
        <name>track_id</name>
        <value>56</value>
      </attribute>
      <attribute>
        <name>keyframe</name>
        <value>True</value>
      </attribute>
    </attributes>
  </object>
  <object>
    <name>vehicule</name>
    <occluded>0</occluded>
    <bndbox>
      <xmin>668.3886857762456</xmin>
      <ymin>830.2628238990213</ymin>
      <xmax>1080.840876938354</xmax>
      <ymax>1076.6928837134742</ymax>
    </bndbox>
    <attributes>
      <attribute>
        <name>track_id</name>
        <value>58</value>
      </attribute>
      <attribute>
        <name>keyframe</name>
        <value>True</value>
      </attribute>
    </attributes>
  </object>
  <object>
    <name>vehicule</name>
    <occluded>0</occluded>
    <bndbox>
      <xmin>163.56561037307267</xmin>
      <ymin>815.1924387389868</ymin>
      <xmax>542.2188757539317</xmax>
      <ymax>1024.9361102940222</ymax>
    </bndbox>
    <attributes>
      <attribute>
        <name>track_id</name>
        <value>60</value>
      </attribute>
      <attribute>
        <name>keyframe</name>
        <value>True</value>
      </attribute>
    </attributes>
  </object>
  <object>
    <name>vehicule</name>
    <occluded>0</occluded>
    <bndbox>
      <xmin>0.0</xmin>
      <ymin>683.942301710732</ymin>
      <xmax>295.22184219479004</xmax>
      <ymax>883.6255202226654</ymax>
    </bndbox>
    <attributes>
      <attribute>
        <name>track_id</name>
        <value>63</value>
      </attribute>
      <attribute>
        <name>keyframe</name>
        <value>True</value>
      </attribute>
    </attributes>
  </object>
  <object>
    <name>vehicule</name>
    <occluded>0</occluded>
    <bndbox>
      <xmin>677.383443509616</xmin>
      <ymin>558.451742788462</ymin>
      <xmax>1062.328326416015</xmax>
      <ymax>753.3304955115678</ymax>
    </bndbox>
    <attributes>
      <attribute>
        <name>track_id</name>
        <value>97</value>
      </attribute>
      <attribute>
        <name>keyframe</name>
        <value>True</value>
      </attribute>
    </attributes>
  </object>
  <object>
    <name>vehicule</name>
    <occluded>0</occluded>
    <bndbox>
      <xmin>1621.6367487980774</xmin>
      <ymin>652.0076923076936</ymin>
      <xmax>2010.306157038762</xmax>
      <ymax>869.6344064565806</ymax>
    </bndbox>
    <attributes>
      <attribute>
        <name>track_id</name>
        <value>99</value>
      </attribute>
      <attribute>
        <name>keyframe</name>
        <value>True</value>
      </attribute>
    </attributes>
  </object>
  <object>
    <name>vehicule</name>
    <occluded>0</occluded>
    <bndbox>
      <xmin>927.0615384615389</xmin>
      <ymin>1353.3692307692318</ymin>
      <xmax>1546.02346097506</xmax>
      <ymax>1830.9830768291768</ymax>
    </bndbox>
    <attributes>
      <attribute>
        <name>track_id</name>
        <value>100</value>
      </attribute>
      <attribute>
        <name>keyframe</name>
        <value>True</value>
      </attribute>
    </attributes>
  </object>
  <object>
    <name>vehicule</name>
    <occluded>0</occluded>
    <bndbox>
      <xmin>1646.0363671875007</xmin>
      <ymin>867.7751171875003</ymin>
      <xmax>2015.1164184570312</xmax>
      <ymax>1098.0576416015624</ymax>
    </bndbox>
    <attributes>
      <attribute>
        <name>track_id</name>
        <value>101</value>
      </attribute>
      <attribute>
        <name>keyframe</name>
        <value>True</value>
      </attribute>
    </attributes>
  </object>
  <object>
    <name>vehicule</name>
    <occluded>0</occluded>
    <bndbox>
      <xmin>103.72000000000044</xmin>
      <ymin>1136.4338281250007</ymin>
      <xmax>461.3684844970703</xmax>
      <ymax>1466.3251586914062</ymax>
    </bndbox>
    <attributes>
      <attribute>
        <name>track_id</name>
        <value>102</value>
      </attribute>
      <attribute>
        <name>keyframe</name>
        <value>True</value>
      </attribute>
    </attributes>
  </object>
</annotation>
