<annotation>
  <folder>frame</folder>
  <filename>frame_002623.jpg</filename>
  <source>
    <database>Unknown</database>
    <annotation>Unknown</annotation>
    <image>Unknown</image>
  </source>
  <size>
    <width>2456</width>
    <height>2054</height>
    <depth>3</depth>
  </size>
  <segmented>0</segmented>
  <object>
    <name>vehicule</name>
    <occluded>0</occluded>
    <bndbox>
      <xmin>175.0009765625</xmin>
      <ymin>264.47265625</ymin>
      <xmax>561.1949218750015</xmax>
      <ymax>527.5035125732411</ymax>
    </bndbox>
    <attributes>
      <attribute>
        <name>track_id</name>
        <value>266</value>
      </attribute>
      <attribute>
        <name>keyframe</name>
        <value>True</value>
      </attribute>
    </attributes>
  </object>
  <object>
    <name>vehicule</name>
    <occluded>0</occluded>
    <bndbox>
      <xmin>1661.8000000000002</xmin>
      <ymin>1627.6500000000005</ymin>
      <xmax>2327.8397827148438</xmax>
      <ymax>1977.7484588623047</ymax>
    </bndbox>
    <attributes>
      <attribute>
        <name>track_id</name>
        <value>267</value>
      </attribute>
      <attribute>
        <name>keyframe</name>
        <value>True</value>
      </attribute>
    </attributes>
  </object>
  <object>
    <name>vehicule</name>
    <occluded>0</occluded>
    <bndbox>
      <xmin>969.9767361111112</xmin>
      <ymin>107.23326822916796</ymin>
      <xmax>1306.0494825575088</xmax>
      <ymax>331.78325161404064</ymax>
    </bndbox>
    <attributes>
      <attribute>
        <name>track_id</name>
        <value>268</value>
      </attribute>
      <attribute>
        <name>keyframe</name>
        <value>True</value>
      </attribute>
    </attributes>
  </object>
  <object>
    <name>vehicule</name>
    <occluded>0</occluded>
    <bndbox>
      <xmin>290.49565972222223</xmin>
      <ymin>108.94444444444444</ymin>
      <xmax>643.4777777777791</xmax>
      <ymax>307.5784200032552</ymax>
    </bndbox>
    <attributes>
      <attribute>
        <name>track_id</name>
        <value>269</value>
      </attribute>
      <attribute>
        <name>keyframe</name>
        <value>True</value>
      </attribute>
    </attributes>
  </object>
  <object>
    <name>vehicule</name>
    <occluded>0</occluded>
    <bndbox>
      <xmin>0.30119077620967744</xmin>
      <ymin>888.3060735887096</ymin>
      <xmax>187.52725416614163</xmax>
      <ymax>1183.6564732705394</ymax>
    </bndbox>
    <attributes>
      <attribute>
        <name>track_id</name>
        <value>270</value>
      </attribute>
      <attribute>
        <name>keyframe</name>
        <value>True</value>
      </attribute>
    </attributes>
  </object>
</annotation>
