<annotation>
  <folder>frame</folder>
  <filename>frame_002145.jpg</filename>
  <source>
    <database>Unknown</database>
    <annotation>Unknown</annotation>
    <image>Unknown</image>
  </source>
  <size>
    <width>2456</width>
    <height>2054</height>
    <depth>3</depth>
  </size>
  <segmented>0</segmented>
  <object>
    <name>vehicule</name>
    <occluded>0</occluded>
    <bndbox>
      <xmin>1518.44</xmin>
      <ymin>609.746666666668</ymin>
      <xmax>2017.8933858235678</xmax>
      <ymax>948.8850728352865</ymax>
    </bndbox>
    <attributes>
      <attribute>
        <name>track_id</name>
        <value>200</value>
      </attribute>
      <attribute>
        <name>keyframe</name>
        <value>True</value>
      </attribute>
    </attributes>
  </object>
  <object>
    <name>vehicule</name>
    <occluded>0</occluded>
    <bndbox>
      <xmin>849.1014935661767</xmin>
      <ymin>425.8408777573529</ymin>
      <xmax>1197.2507123161777</xmax>
      <ymax>772.9674068675333</ymax>
    </bndbox>
    <attributes>
      <attribute>
        <name>track_id</name>
        <value>204</value>
      </attribute>
      <attribute>
        <name>keyframe</name>
        <value>True</value>
      </attribute>
    </attributes>
  </object>
  <object>
    <name>vehicule</name>
    <occluded>0</occluded>
    <bndbox>
      <xmin>1523.3609375000005</xmin>
      <ymin>1630.77392578125</ymin>
      <xmax>2309.2246520996086</xmax>
      <ymax>1993.327731323242</ymax>
    </bndbox>
    <attributes>
      <attribute>
        <name>track_id</name>
        <value>205</value>
      </attribute>
      <attribute>
        <name>keyframe</name>
        <value>True</value>
      </attribute>
    </attributes>
  </object>
  <object>
    <name>vehicule</name>
    <occluded>0</occluded>
    <bndbox>
      <xmin>1219.469014246324</xmin>
      <ymin>282.6470588235303</ymin>
      <xmax>1494.883412439683</xmax>
      <ymax>655.8323059082031</ymax>
    </bndbox>
    <attributes>
      <attribute>
        <name>track_id</name>
        <value>206</value>
      </attribute>
      <attribute>
        <name>keyframe</name>
        <value>True</value>
      </attribute>
    </attributes>
  </object>
  <object>
    <name>vehicule</name>
    <occluded>0</occluded>
    <bndbox>
      <xmin>376.6279296875</xmin>
      <ymin>1556.07958984375</ymin>
      <xmax>1134.3889221191403</xmax>
      <ymax>1943.5269958496092</ymax>
    </bndbox>
    <attributes>
      <attribute>
        <name>track_id</name>
        <value>207</value>
      </attribute>
      <attribute>
        <name>keyframe</name>
        <value>True</value>
      </attribute>
    </attributes>
  </object>
  <object>
    <name>vehicule</name>
    <occluded>0</occluded>
    <bndbox>
      <xmin>763.9639583333334</xmin>
      <ymin>544.3322395833334</ymin>
      <xmax>1065.863958333333</xmax>
      <ymax>1050.131787923176</ymax>
    </bndbox>
    <attributes>
      <attribute>
        <name>track_id</name>
        <value>208</value>
      </attribute>
      <attribute>
        <name>keyframe</name>
        <value>True</value>
      </attribute>
    </attributes>
  </object>
  <object>
    <name>vehicule</name>
    <occluded>0</occluded>
    <bndbox>
      <xmin>775.4497691761367</xmin>
      <ymin>216.5826882102278</ymin>
      <xmax>1030.3918789950285</xmax>
      <ymax>441.211894642223</ymax>
    </bndbox>
    <attributes>
      <attribute>
        <name>track_id</name>
        <value>209</value>
      </attribute>
      <attribute>
        <name>keyframe</name>
        <value>True</value>
      </attribute>
    </attributes>
  </object>
  <object>
    <name>vehicule</name>
    <occluded>0</occluded>
    <bndbox>
      <xmin>947.1850142045455</xmin>
      <ymin>36.218181818182615</ymin>
      <xmax>1226.1792602539062</xmax>
      <ymax>225.3430744517933</ymax>
    </bndbox>
    <attributes>
      <attribute>
        <name>track_id</name>
        <value>210</value>
      </attribute>
      <attribute>
        <name>keyframe</name>
        <value>True</value>
      </attribute>
    </attributes>
  </object>
  <object>
    <name>vehicule</name>
    <occluded>0</occluded>
    <bndbox>
      <xmin>541.749041193182</xmin>
      <ymin>70.10909090909198</ymin>
      <xmax>829.5231822620739</xmax>
      <ymax>309.65282786976206</ymax>
    </bndbox>
    <attributes>
      <attribute>
        <name>track_id</name>
        <value>211</value>
      </attribute>
      <attribute>
        <name>keyframe</name>
        <value>True</value>
      </attribute>
    </attributes>
  </object>
</annotation>
