<annotation>
  <folder>frame</folder>
  <filename>frame_002956.jpg</filename>
  <source>
    <database>Unknown</database>
    <annotation>Unknown</annotation>
    <image>Unknown</image>
  </source>
  <size>
    <width>2456</width>
    <height>2054</height>
    <depth>3</depth>
  </size>
  <segmented>0</segmented>
  <object>
    <name>vehicule</name>
    <occluded>0</occluded>
    <bndbox>
      <xmin>647.009765625</xmin>
      <ymin>670.6689453125</ymin>
      <xmax>830.9224609375015</xmax>
      <ymax>922.740896606445</ymax>
    </bndbox>
    <attributes>
      <attribute>
        <name>track_id</name>
        <value>293</value>
      </attribute>
      <attribute>
        <name>keyframe</name>
        <value>True</value>
      </attribute>
    </attributes>
  </object>
  <object>
    <name>vehicule</name>
    <occluded>0</occluded>
    <bndbox>
      <xmin>1645.9736328125</xmin>
      <ymin>728.2392578125</ymin>
      <xmax>2113.083978271483</xmax>
      <ymax>1059.6750610351555</ymax>
    </bndbox>
    <attributes>
      <attribute>
        <name>track_id</name>
        <value>295</value>
      </attribute>
      <attribute>
        <name>keyframe</name>
        <value>True</value>
      </attribute>
    </attributes>
  </object>
  <object>
    <name>vehicule</name>
    <occluded>0</occluded>
    <bndbox>
      <xmin>1270.5649539262824</xmin>
      <ymin>603.2323968349361</ymin>
      <xmax>1610.7285484900842</xmax>
      <ymax>972.779068384415</ymax>
    </bndbox>
    <attributes>
      <attribute>
        <name>track_id</name>
        <value>296</value>
      </attribute>
      <attribute>
        <name>keyframe</name>
        <value>True</value>
      </attribute>
    </attributes>
  </object>
  <object>
    <name>vehicule</name>
    <occluded>0</occluded>
    <bndbox>
      <xmin>907.5721768465909</xmin>
      <ymin>524.2394886363637</ymin>
      <xmax>1181.7172940340924</xmax>
      <ymax>886.8140980113623</ymax>
    </bndbox>
    <attributes>
      <attribute>
        <name>track_id</name>
        <value>302</value>
      </attribute>
      <attribute>
        <name>keyframe</name>
        <value>True</value>
      </attribute>
    </attributes>
  </object>
  <object>
    <name>vehicule</name>
    <occluded>0</occluded>
    <bndbox>
      <xmin>843.3636067708334</xmin>
      <ymin>1216.2889322916672</ymin>
      <xmax>1503.1302083333333</xmax>
      <ymax>1536.8659708658852</ymax>
    </bndbox>
    <attributes>
      <attribute>
        <name>track_id</name>
        <value>305</value>
      </attribute>
      <attribute>
        <name>keyframe</name>
        <value>True</value>
      </attribute>
    </attributes>
  </object>
  <object>
    <name>vehicule</name>
    <occluded>0</occluded>
    <bndbox>
      <xmin>1422.2147135416672</xmin>
      <ymin>1465.3115234375</ymin>
      <xmax>2195.1178426106767</xmax>
      <ymax>1869.8273315429688</ymax>
    </bndbox>
    <attributes>
      <attribute>
        <name>track_id</name>
        <value>306</value>
      </attribute>
      <attribute>
        <name>keyframe</name>
        <value>True</value>
      </attribute>
    </attributes>
  </object>
  <object>
    <name>vehicule</name>
    <occluded>0</occluded>
    <bndbox>
      <xmin>1157.3756835937502</xmin>
      <ymin>129.150390625</ymin>
      <xmax>1412.8998291015623</xmax>
      <ymax>365.6482421875007</ymax>
    </bndbox>
    <attributes>
      <attribute>
        <name>track_id</name>
        <value>307</value>
      </attribute>
      <attribute>
        <name>keyframe</name>
        <value>True</value>
      </attribute>
    </attributes>
  </object>
  <object>
    <name>vehicule</name>
    <occluded>0</occluded>
    <bndbox>
      <xmin>800.747265625</xmin>
      <ymin>48.2375</ymin>
      <xmax>1112.2706115722656</xmax>
      <ymax>238.69690124511652</ymax>
    </bndbox>
    <attributes>
      <attribute>
        <name>track_id</name>
        <value>308</value>
      </attribute>
      <attribute>
        <name>keyframe</name>
        <value>True</value>
      </attribute>
    </attributes>
  </object>
  <object>
    <name>vehicule</name>
    <occluded>0</occluded>
    <bndbox>
      <xmin>172.72500000000082</xmin>
      <ymin>1142.949658203126</ymin>
      <xmax>798.2555923461914</xmax>
      <ymax>1440.9091491699219</ymax>
    </bndbox>
    <attributes>
      <attribute>
        <name>track_id</name>
        <value>309</value>
      </attribute>
      <attribute>
        <name>keyframe</name>
        <value>True</value>
      </attribute>
    </attributes>
  </object>
  <object>
    <name>vehicule</name>
    <occluded>0</occluded>
    <bndbox>
      <xmin>1292.1742788461538</xmin>
      <ymin>9.569230769230881</ymin>
      <xmax>1603.6976247934194</xmax>
      <ymax>151.6537369948167</ymax>
    </bndbox>
    <attributes>
      <attribute>
        <name>track_id</name>
        <value>310</value>
      </attribute>
      <attribute>
        <name>keyframe</name>
        <value>True</value>
      </attribute>
    </attributes>
  </object>
  <object>
    <name>vehicule</name>
    <occluded>0</occluded>
    <bndbox>
      <xmin>0.0</xmin>
      <ymin>1605.8505859375</ymin>
      <xmax>687.7760620117188</xmax>
      <ymax>2012.0</ymax>
    </bndbox>
    <attributes>
      <attribute>
        <name>track_id</name>
        <value>311</value>
      </attribute>
      <attribute>
        <name>keyframe</name>
        <value>True</value>
      </attribute>
    </attributes>
  </object>
</annotation>
