<annotation>
  <folder>frame</folder>
  <filename>frame_002947.jpg</filename>
  <source>
    <database>Unknown</database>
    <annotation>Unknown</annotation>
    <image>Unknown</image>
  </source>
  <size>
    <width>2456</width>
    <height>2054</height>
    <depth>3</depth>
  </size>
  <segmented>0</segmented>
  <object>
    <name>vehicule</name>
    <occluded>0</occluded>
    <bndbox>
      <xmin>647.009765625</xmin>
      <ymin>670.6689453125</ymin>
      <xmax>830.9224609375015</xmax>
      <ymax>922.740896606445</ymax>
    </bndbox>
    <attributes>
      <attribute>
        <name>track_id</name>
        <value>293</value>
      </attribute>
      <attribute>
        <name>keyframe</name>
        <value>True</value>
      </attribute>
    </attributes>
  </object>
  <object>
    <name>vehicule</name>
    <occluded>0</occluded>
    <bndbox>
      <xmin>1645.9736328125</xmin>
      <ymin>728.2392578125</ymin>
      <xmax>2113.083978271483</xmax>
      <ymax>1059.6750610351555</ymax>
    </bndbox>
    <attributes>
      <attribute>
        <name>track_id</name>
        <value>295</value>
      </attribute>
      <attribute>
        <name>keyframe</name>
        <value>True</value>
      </attribute>
    </attributes>
  </object>
  <object>
    <name>vehicule</name>
    <occluded>0</occluded>
    <bndbox>
      <xmin>1269.8402844551283</xmin>
      <ymin>593.9010717147436</ymin>
      <xmax>1603.5469759427583</xmax>
      <ymax>964.1608292017228</ymax>
    </bndbox>
    <attributes>
      <attribute>
        <name>track_id</name>
        <value>296</value>
      </attribute>
      <attribute>
        <name>keyframe</name>
        <value>True</value>
      </attribute>
    </attributes>
  </object>
  <object>
    <name>vehicule</name>
    <occluded>0</occluded>
    <bndbox>
      <xmin>1876.7421875</xmin>
      <ymin>964.7077148437502</ymin>
      <xmax>2437.0587768554688</xmax>
      <ymax>1294.6715881347654</ymax>
    </bndbox>
    <attributes>
      <attribute>
        <name>track_id</name>
        <value>297</value>
      </attribute>
      <attribute>
        <name>keyframe</name>
        <value>True</value>
      </attribute>
    </attributes>
  </object>
  <object>
    <name>vehicule</name>
    <occluded>0</occluded>
    <bndbox>
      <xmin>899.9336825284091</xmin>
      <ymin>424.9339488636377</ymin>
      <xmax>1174.0787997159105</xmax>
      <ymax>787.5085582386363</ymax>
    </bndbox>
    <attributes>
      <attribute>
        <name>track_id</name>
        <value>302</value>
      </attribute>
      <attribute>
        <name>keyframe</name>
        <value>True</value>
      </attribute>
    </attributes>
  </object>
  <object>
    <name>vehicule</name>
    <occluded>0</occluded>
    <bndbox>
      <xmin>1535.7748046875004</xmin>
      <ymin>1195.0681640625007</ymin>
      <xmax>2220.4985717773434</xmax>
      <ymax>1528.039654541015</ymax>
    </bndbox>
    <attributes>
      <attribute>
        <name>track_id</name>
        <value>303</value>
      </attribute>
      <attribute>
        <name>keyframe</name>
        <value>True</value>
      </attribute>
    </attributes>
  </object>
  <object>
    <name>vehicule</name>
    <occluded>0</occluded>
    <bndbox>
      <xmin>86.8232421875</xmin>
      <ymin>286.3000000000011</ymin>
      <xmax>519.7208984375011</xmax>
      <ymax>546.1747741699219</ymax>
    </bndbox>
    <attributes>
      <attribute>
        <name>track_id</name>
        <value>304</value>
      </attribute>
      <attribute>
        <name>keyframe</name>
        <value>True</value>
      </attribute>
    </attributes>
  </object>
  <object>
    <name>vehicule</name>
    <occluded>0</occluded>
    <bndbox>
      <xmin>379.6572265625</xmin>
      <ymin>1237.06640625</ymin>
      <xmax>1008.3244995117184</xmax>
      <ymax>1548.2770568847645</ymax>
    </bndbox>
    <attributes>
      <attribute>
        <name>track_id</name>
        <value>305</value>
      </attribute>
      <attribute>
        <name>keyframe</name>
        <value>True</value>
      </attribute>
    </attributes>
  </object>
  <object>
    <name>vehicule</name>
    <occluded>0</occluded>
    <bndbox>
      <xmin>572.6000000000004</xmin>
      <ymin>1470.5</ymin>
      <xmax>1360.031005859375</xmax>
      <ymax>1875.0158081054688</ymax>
    </bndbox>
    <attributes>
      <attribute>
        <name>track_id</name>
        <value>306</value>
      </attribute>
      <attribute>
        <name>keyframe</name>
        <value>True</value>
      </attribute>
    </attributes>
  </object>
  <object>
    <name>vehicule</name>
    <occluded>0</occluded>
    <bndbox>
      <xmin>1236.8884588068183</xmin>
      <ymin>43.42524857954545</ymin>
      <xmax>1535.9702037464488</xmax>
      <ymax>272.0162003950642</ymax>
    </bndbox>
    <attributes>
      <attribute>
        <name>track_id</name>
        <value>307</value>
      </attribute>
      <attribute>
        <name>keyframe</name>
        <value>True</value>
      </attribute>
    </attributes>
  </object>
  <object>
    <name>vehicule</name>
    <occluded>0</occluded>
    <bndbox>
      <xmin>1011.1259765625</xmin>
      <ymin>1.552734375</ymin>
      <xmax>1322.6493225097656</xmax>
      <ymax>141.5981903076172</ymax>
    </bndbox>
    <attributes>
      <attribute>
        <name>track_id</name>
        <value>308</value>
      </attribute>
      <attribute>
        <name>keyframe</name>
        <value>True</value>
      </attribute>
    </attributes>
  </object>
</annotation>
