<annotation>
  <folder>frame</folder>
  <filename>frame_002580.jpg</filename>
  <source>
    <database>Unknown</database>
    <annotation>Unknown</annotation>
    <image>Unknown</image>
  </source>
  <size>
    <width>2456</width>
    <height>2054</height>
    <depth>3</depth>
  </size>
  <segmented>0</segmented>
  <object>
    <name>vehicule</name>
    <occluded>0</occluded>
    <bndbox>
      <xmin>1162.5833333333333</xmin>
      <ymin>206.40000000000086</ymin>
      <xmax>1411.878059895834</xmax>
      <ymax>482.8724161783855</ymax>
    </bndbox>
    <attributes>
      <attribute>
        <name>track_id</name>
        <value>260</value>
      </attribute>
      <attribute>
        <name>keyframe</name>
        <value>True</value>
      </attribute>
    </attributes>
  </object>
  <object>
    <name>vehicule</name>
    <occluded>0</occluded>
    <bndbox>
      <xmin>1408.2550781250002</xmin>
      <ymin>1591.84814453125</ymin>
      <xmax>2169.146240234375</xmax>
      <ymax>1987.137402343751</ymax>
    </bndbox>
    <attributes>
      <attribute>
        <name>track_id</name>
        <value>261</value>
      </attribute>
      <attribute>
        <name>keyframe</name>
        <value>True</value>
      </attribute>
    </attributes>
  </object>
  <object>
    <name>vehicule</name>
    <occluded>0</occluded>
    <bndbox>
      <xmin>39.3154296875</xmin>
      <ymin>232.33040364583334</ymin>
      <xmax>396.24713541666705</xmax>
      <ymax>470.447893269856</ymax>
    </bndbox>
    <attributes>
      <attribute>
        <name>track_id</name>
        <value>262</value>
      </attribute>
      <attribute>
        <name>keyframe</name>
        <value>True</value>
      </attribute>
    </attributes>
  </object>
  <object>
    <name>vehicule</name>
    <occluded>0</occluded>
    <bndbox>
      <xmin>837.8670572916672</xmin>
      <ymin>0.0</ymin>
      <xmax>1199.2006429036458</xmax>
      <ymax>222.53886922200522</ymax>
    </bndbox>
    <attributes>
      <attribute>
        <name>track_id</name>
        <value>263</value>
      </attribute>
      <attribute>
        <name>keyframe</name>
        <value>True</value>
      </attribute>
    </attributes>
  </object>
</annotation>
