<annotation>
  <folder>frame</folder>
  <filename>frame_002138.jpg</filename>
  <source>
    <database>Unknown</database>
    <annotation>Unknown</annotation>
    <image>Unknown</image>
  </source>
  <size>
    <width>2456</width>
    <height>2054</height>
    <depth>3</depth>
  </size>
  <segmented>0</segmented>
  <object>
    <name>vehicule</name>
    <occluded>0</occluded>
    <bndbox>
      <xmin>1866.9200000000012</xmin>
      <ymin>843.336328125</ymin>
      <xmax>2420.73125</xmax>
      <ymax>1182.9198681640628</ymax>
    </bndbox>
    <attributes>
      <attribute>
        <name>track_id</name>
        <value>197</value>
      </attribute>
      <attribute>
        <name>keyframe</name>
        <value>True</value>
      </attribute>
    </attributes>
  </object>
  <object>
    <name>vehicule</name>
    <occluded>0</occluded>
    <bndbox>
      <xmin>1820.9133984375003</xmin>
      <ymin>1185.6846484375012</ymin>
      <xmax>2445.60322265625</xmax>
      <ymax>1576.8651757812502</ymax>
    </bndbox>
    <attributes>
      <attribute>
        <name>track_id</name>
        <value>198</value>
      </attribute>
      <attribute>
        <name>keyframe</name>
        <value>True</value>
      </attribute>
    </attributes>
  </object>
  <object>
    <name>vehicule</name>
    <occluded>0</occluded>
    <bndbox>
      <xmin>1409.5200000000002</xmin>
      <ymin>521.1733333333342</ymin>
      <xmax>1830.5432963053386</xmax>
      <ymax>848.6745157877604</ymax>
    </bndbox>
    <attributes>
      <attribute>
        <name>track_id</name>
        <value>200</value>
      </attribute>
      <attribute>
        <name>keyframe</name>
        <value>True</value>
      </attribute>
    </attributes>
  </object>
  <object>
    <name>vehicule</name>
    <occluded>0</occluded>
    <bndbox>
      <xmin>804.2507467830891</xmin>
      <ymin>337.42043887867646</ymin>
      <xmax>1115.2357077205888</xmax>
      <ymax>670.4580228917745</ymax>
    </bndbox>
    <attributes>
      <attribute>
        <name>track_id</name>
        <value>204</value>
      </attribute>
      <attribute>
        <name>keyframe</name>
        <value>True</value>
      </attribute>
    </attributes>
  </object>
  <object>
    <name>vehicule</name>
    <occluded>0</occluded>
    <bndbox>
      <xmin>1342.4139204545459</xmin>
      <ymin>1634.0213600852273</ymin>
      <xmax>2223.216679243607</xmax>
      <ymax>1988.801242897727</ymax>
    </bndbox>
    <attributes>
      <attribute>
        <name>track_id</name>
        <value>205</value>
      </attribute>
      <attribute>
        <name>keyframe</name>
        <value>True</value>
      </attribute>
    </attributes>
  </object>
  <object>
    <name>vehicule</name>
    <occluded>0</occluded>
    <bndbox>
      <xmin>1189.9967141544118</xmin>
      <ymin>216.02352941176588</ymin>
      <xmax>1432.091706219842</xmax>
      <ymax>555.8778686523438</ymax>
    </bndbox>
    <attributes>
      <attribute>
        <name>track_id</name>
        <value>206</value>
      </attribute>
      <attribute>
        <name>keyframe</name>
        <value>True</value>
      </attribute>
    </attributes>
  </object>
  <object>
    <name>vehicule</name>
    <occluded>0</occluded>
    <bndbox>
      <xmin>279.020365767046</xmin>
      <ymin>1544.3387606534095</ymin>
      <xmax>1047.6519209428259</xmax>
      <ymax>1955.1175570401272</ymax>
    </bndbox>
    <attributes>
      <attribute>
        <name>track_id</name>
        <value>207</value>
      </attribute>
      <attribute>
        <name>keyframe</name>
        <value>True</value>
      </attribute>
    </attributes>
  </object>
  <object>
    <name>vehicule</name>
    <occluded>0</occluded>
    <bndbox>
      <xmin>556.2819791666668</xmin>
      <ymin>346.81611979166723</ymin>
      <xmax>858.1819791666665</xmax>
      <ymax>852.6156681315099</ymax>
    </bndbox>
    <attributes>
      <attribute>
        <name>track_id</name>
        <value>208</value>
      </attribute>
      <attribute>
        <name>keyframe</name>
        <value>True</value>
      </attribute>
    </attributes>
  </object>
  <object>
    <name>vehicule</name>
    <occluded>0</occluded>
    <bndbox>
      <xmin>777.4325639204545</xmin>
      <ymin>159.14229403409098</ymin>
      <xmax>1060.0983775745738</xmax>
      <ymax>356.0535139604048</ymax>
    </bndbox>
    <attributes>
      <attribute>
        <name>track_id</name>
        <value>209</value>
      </attribute>
      <attribute>
        <name>keyframe</name>
        <value>True</value>
      </attribute>
    </attributes>
  </object>
  <object>
    <name>vehicule</name>
    <occluded>0</occluded>
    <bndbox>
      <xmin>1030.3634588068182</xmin>
      <ymin>4.527272727272827</ymin>
      <xmax>1335.0975341796875</xmax>
      <ymax>173.85168595747515</ymax>
    </bndbox>
    <attributes>
      <attribute>
        <name>track_id</name>
        <value>210</value>
      </attribute>
      <attribute>
        <name>keyframe</name>
        <value>True</value>
      </attribute>
    </attributes>
  </object>
  <object>
    <name>vehicule</name>
    <occluded>0</occluded>
    <bndbox>
      <xmin>710.0968039772728</xmin>
      <ymin>8.763636363636497</ymin>
      <xmax>1029.5438981489701</xmax>
      <ymax>157.15886064009234</ymax>
    </bndbox>
    <attributes>
      <attribute>
        <name>track_id</name>
        <value>211</value>
      </attribute>
      <attribute>
        <name>keyframe</name>
        <value>True</value>
      </attribute>
    </attributes>
  </object>
</annotation>
