<annotation>
  <folder>frame</folder>
  <filename>frame_001390.jpg</filename>
  <source>
    <database>Unknown</database>
    <annotation>Unknown</annotation>
    <image>Unknown</image>
  </source>
  <size>
    <width>2456</width>
    <height>2054</height>
    <depth>3</depth>
  </size>
  <segmented>0</segmented>
  <object>
    <name>vehicule</name>
    <occluded>0</occluded>
    <bndbox>
      <xmin>1053.9105691056916</xmin>
      <ymin>1038.8062357088415</ymin>
      <xmax>1528.6454812646882</xmax>
      <ymax>1403.4060403963408</ymax>
    </bndbox>
    <attributes>
      <attribute>
        <name>track_id</name>
        <value>46</value>
      </attribute>
      <attribute>
        <name>keyframe</name>
        <value>True</value>
      </attribute>
    </attributes>
  </object>
  <object>
    <name>vehicule</name>
    <occluded>0</occluded>
    <bndbox>
      <xmin>591.7262688483391</xmin>
      <ymin>1118.5224609375</ymin>
      <xmax>1043.0224175299795</xmax>
      <ymax>1416.7095703125015</ymax>
    </bndbox>
    <attributes>
      <attribute>
        <name>track_id</name>
        <value>48</value>
      </attribute>
      <attribute>
        <name>keyframe</name>
        <value>True</value>
      </attribute>
    </attributes>
  </object>
  <object>
    <name>vehicule</name>
    <occluded>0</occluded>
    <bndbox>
      <xmin>203.24844277871622</xmin>
      <ymin>936.169921875</ymin>
      <xmax>592.316442046294</xmax>
      <ymax>1198.1076538085927</ymax>
    </bndbox>
    <attributes>
      <attribute>
        <name>track_id</name>
        <value>50</value>
      </attribute>
      <attribute>
        <name>keyframe</name>
        <value>True</value>
      </attribute>
    </attributes>
  </object>
  <object>
    <name>vehicule</name>
    <occluded>0</occluded>
    <bndbox>
      <xmin>1111.2850450965448</xmin>
      <ymin>972.8888941819106</ymin>
      <xmax>1629.9727587195916</xmax>
      <ymax>1224.4834498459722</ymax>
    </bndbox>
    <attributes>
      <attribute>
        <name>track_id</name>
        <value>56</value>
      </attribute>
      <attribute>
        <name>keyframe</name>
        <value>True</value>
      </attribute>
    </attributes>
  </object>
  <object>
    <name>vehicule</name>
    <occluded>0</occluded>
    <bndbox>
      <xmin>688.6002766347865</xmin>
      <ymin>850.4749221530249</ymin>
      <xmax>1101.0524677968951</xmax>
      <ymax>1096.9049819674776</ymax>
    </bndbox>
    <attributes>
      <attribute>
        <name>track_id</name>
        <value>58</value>
      </attribute>
      <attribute>
        <name>keyframe</name>
        <value>True</value>
      </attribute>
    </attributes>
  </object>
  <object>
    <name>vehicule</name>
    <occluded>0</occluded>
    <bndbox>
      <xmin>180.24599480313879</xmin>
      <ymin>816.8452772232929</ymin>
      <xmax>558.8992601839977</xmax>
      <ymax>1037.4462455178145</ymax>
    </bndbox>
    <attributes>
      <attribute>
        <name>track_id</name>
        <value>60</value>
      </attribute>
      <attribute>
        <name>keyframe</name>
        <value>True</value>
      </attribute>
    </attributes>
  </object>
  <object>
    <name>vehicule</name>
    <occluded>0</occluded>
    <bndbox>
      <xmin>0.0</xmin>
      <ymin>689.2328149300168</ymin>
      <xmax>312.887781881804</xmax>
      <ymax>891.8699048933679</ymax>
    </bndbox>
    <attributes>
      <attribute>
        <name>track_id</name>
        <value>63</value>
      </attribute>
      <attribute>
        <name>keyframe</name>
        <value>True</value>
      </attribute>
    </attributes>
  </object>
  <object>
    <name>vehicule</name>
    <occluded>0</occluded>
    <bndbox>
      <xmin>1040.3222222222232</xmin>
      <ymin>647.1444444444447</ymin>
      <xmax>1507.0917358398438</xmax>
      <ymax>875.3118201361763</ymax>
    </bndbox>
    <attributes>
      <attribute>
        <name>track_id</name>
        <value>110</value>
      </attribute>
      <attribute>
        <name>keyframe</name>
        <value>True</value>
      </attribute>
    </attributes>
  </object>
  <object>
    <name>vehicule</name>
    <occluded>0</occluded>
    <bndbox>
      <xmin>1239.1111328125003</xmin>
      <ymin>819.7222873263898</ymin>
      <xmax>1645.3860046386717</xmax>
      <ymax>1057.4225965711805</ymax>
    </bndbox>
    <attributes>
      <attribute>
        <name>track_id</name>
        <value>111</value>
      </attribute>
      <attribute>
        <name>keyframe</name>
        <value>True</value>
      </attribute>
    </attributes>
  </object>
</annotation>
