<annotation>
  <folder>frame</folder>
  <filename>frame_000180.jpg</filename>
  <source>
    <database>Unknown</database>
    <annotation>Unknown</annotation>
    <image>Unknown</image>
  </source>
  <size>
    <width>2456</width>
    <height>2054</height>
    <depth>3</depth>
  </size>
  <segmented>0</segmented>
  <object>
    <name>vehicule</name>
    <occluded>0</occluded>
    <bndbox>
      <xmin>644.5607533727973</xmin>
      <ymin>866.7566294397027</ymin>
      <xmax>1107.225999954827</xmax>
      <ymax>1133.149024459234</ymax>
    </bndbox>
    <attributes>
      <attribute>
        <name>track_id</name>
        <value>1</value>
      </attribute>
      <attribute>
        <name>keyframe</name>
        <value>True</value>
      </attribute>
    </attributes>
  </object>
  <object>
    <name>vehicule</name>
    <occluded>0</occluded>
    <bndbox>
      <xmin>136.20380409911158</xmin>
      <ymin>677.9031364408996</ymin>
      <xmax>529.7950089330949</xmax>
      <ymax>914.4109519926564</ymax>
    </bndbox>
    <attributes>
      <attribute>
        <name>track_id</name>
        <value>8</value>
      </attribute>
      <attribute>
        <name>keyframe</name>
        <value>True</value>
      </attribute>
    </attributes>
  </object>
  <object>
    <name>vehicule</name>
    <occluded>0</occluded>
    <bndbox>
      <xmin>1769.6424246651793</xmin>
      <ymin>1429.3433872767864</ymin>
      <xmax>2379.16592843192</xmax>
      <ymax>1788.6238512311659</ymax>
    </bndbox>
    <attributes>
      <attribute>
        <name>track_id</name>
        <value>13</value>
      </attribute>
      <attribute>
        <name>keyframe</name>
        <value>True</value>
      </attribute>
    </attributes>
  </object>
  <object>
    <name>vehicule</name>
    <occluded>0</occluded>
    <bndbox>
      <xmin>769.2714285714295</xmin>
      <ymin>1033.7312593005954</ymin>
      <xmax>1250.5441284179688</xmax>
      <ymax>1379.1293643043161</ymax>
    </bndbox>
    <attributes>
      <attribute>
        <name>track_id</name>
        <value>326</value>
      </attribute>
      <attribute>
        <name>keyframe</name>
        <value>True</value>
      </attribute>
    </attributes>
  </object>
  <object>
    <name>vehicule</name>
    <occluded>0</occluded>
    <bndbox>
      <xmin>1182.3659362792969</xmin>
      <ymin>1002.9625549316406</ymin>
      <xmax>1668.0218750000008</xmax>
      <ymax>1273.780417919159</ymax>
    </bndbox>
    <attributes>
      <attribute>
        <name>track_id</name>
        <value>327</value>
      </attribute>
      <attribute>
        <name>keyframe</name>
        <value>True</value>
      </attribute>
    </attributes>
  </object>
  <object>
    <name>vehicule</name>
    <occluded>0</occluded>
    <bndbox>
      <xmin>144.03594501201923</xmin>
      <ymin>883.3460036057693</ymin>
      <xmax>528.8468484731823</xmax>
      <ymax>1151.3000000000009</ymax>
    </bndbox>
    <attributes>
      <attribute>
        <name>track_id</name>
        <value>329</value>
      </attribute>
      <attribute>
        <name>keyframe</name>
        <value>True</value>
      </attribute>
    </attributes>
  </object>
  <object>
    <name>vehicule</name>
    <occluded>0</occluded>
    <bndbox>
      <xmin>1668.4645057091345</xmin>
      <ymin>1114.099864783654</ymin>
      <xmax>2213.0857215294473</xmax>
      <ymax>1448.1702749399037</ymax>
    </bndbox>
    <attributes>
      <attribute>
        <name>track_id</name>
        <value>331</value>
      </attribute>
      <attribute>
        <name>keyframe</name>
        <value>True</value>
      </attribute>
    </attributes>
  </object>
</annotation>
