<annotation>
  <folder>frame</folder>
  <filename>frame_001781.jpg</filename>
  <source>
    <database>Unknown</database>
    <annotation>Unknown</annotation>
    <image>Unknown</image>
  </source>
  <size>
    <width>2456</width>
    <height>2054</height>
    <depth>3</depth>
  </size>
  <segmented>0</segmented>
  <object>
    <name>vehicule</name>
    <occluded>0</occluded>
    <bndbox>
      <xmin>1401.1984765625</xmin>
      <ymin>542.88296875</ymin>
      <xmax>1860.9479587402343</xmax>
      <ymax>903.9529150390625</ymax>
    </bndbox>
    <attributes>
      <attribute>
        <name>track_id</name>
        <value>139</value>
      </attribute>
      <attribute>
        <name>keyframe</name>
        <value>True</value>
      </attribute>
    </attributes>
  </object>
  <object>
    <name>vehicule</name>
    <occluded>0</occluded>
    <bndbox>
      <xmin>1191.812972530242</xmin>
      <ymin>663.1827746975819</ymin>
      <xmax>1339.8980707968435</xmax>
      <ymax>899.5509529359878</ymax>
    </bndbox>
    <attributes>
      <attribute>
        <name>track_id</name>
        <value>142</value>
      </attribute>
      <attribute>
        <name>keyframe</name>
        <value>True</value>
      </attribute>
    </attributes>
  </object>
  <object>
    <name>vehicule</name>
    <occluded>0</occluded>
    <bndbox>
      <xmin>1192.4097472622864</xmin>
      <ymin>308.97506844284186</ymin>
      <xmax>1469.4097655728322</xmax>
      <ymax>575.6666730570997</ymax>
    </bndbox>
    <attributes>
      <attribute>
        <name>track_id</name>
        <value>149</value>
      </attribute>
      <attribute>
        <name>keyframe</name>
        <value>True</value>
      </attribute>
    </attributes>
  </object>
  <object>
    <name>vehicule</name>
    <occluded>0</occluded>
    <bndbox>
      <xmin>720.7720703125</xmin>
      <ymin>516.2527734375008</ymin>
      <xmax>960.3968933105465</xmax>
      <ymax>858.6736166381834</ymax>
    </bndbox>
    <attributes>
      <attribute>
        <name>track_id</name>
        <value>153</value>
      </attribute>
      <attribute>
        <name>keyframe</name>
        <value>True</value>
      </attribute>
    </attributes>
  </object>
  <object>
    <name>vehicule</name>
    <occluded>0</occluded>
    <bndbox>
      <xmin>1169.0131818181833</xmin>
      <ymin>102.75580610795454</ymin>
      <xmax>1417.9925153142756</xmax>
      <ymax>360.13588728471234</ymax>
    </bndbox>
    <attributes>
      <attribute>
        <name>track_id</name>
        <value>156</value>
      </attribute>
      <attribute>
        <name>keyframe</name>
        <value>True</value>
      </attribute>
    </attributes>
  </object>
  <object>
    <name>vehicule</name>
    <occluded>0</occluded>
    <bndbox>
      <xmin>1639.5462239583335</xmin>
      <ymin>1030.9048394097222</ymin>
      <xmax>2215.274428304035</xmax>
      <ymax>1363.9018181694878</ymax>
    </bndbox>
    <attributes>
      <attribute>
        <name>track_id</name>
        <value>157</value>
      </attribute>
      <attribute>
        <name>keyframe</name>
        <value>True</value>
      </attribute>
    </attributes>
  </object>
  <object>
    <name>vehicule</name>
    <occluded>0</occluded>
    <bndbox>
      <xmin>730.880126953125</xmin>
      <ymin>102.703369140625</ymin>
      <xmax>1012.5356338500978</xmax>
      <ymax>334.39629516601553</ymax>
    </bndbox>
    <attributes>
      <attribute>
        <name>track_id</name>
        <value>158</value>
      </attribute>
      <attribute>
        <name>keyframe</name>
        <value>True</value>
      </attribute>
    </attributes>
  </object>
</annotation>
