<annotation>
  <folder>frame</folder>
  <filename>frame_002365.jpg</filename>
  <source>
    <database>Unknown</database>
    <annotation>Unknown</annotation>
    <image>Unknown</image>
  </source>
  <size>
    <width>2456</width>
    <height>2054</height>
    <depth>3</depth>
  </size>
  <segmented>0</segmented>
  <object>
    <name>vehicule</name>
    <occluded>0</occluded>
    <bndbox>
      <xmin>908.3143717447916</xmin>
      <ymin>1608.3034179687506</ymin>
      <xmax>1680.127311197916</xmax>
      <ymax>1972.4594042968745</ymax>
    </bndbox>
    <attributes>
      <attribute>
        <name>track_id</name>
        <value>231</value>
      </attribute>
      <attribute>
        <name>keyframe</name>
        <value>True</value>
      </attribute>
    </attributes>
  </object>
  <object>
    <name>vehicule</name>
    <occluded>0</occluded>
    <bndbox>
      <xmin>1527.71484375</xmin>
      <ymin>820.138671875</ymin>
      <xmax>2153.587133789062</xmax>
      <ymax>1274.4554748535156</ymax>
    </bndbox>
    <attributes>
      <attribute>
        <name>track_id</name>
        <value>234</value>
      </attribute>
      <attribute>
        <name>keyframe</name>
        <value>True</value>
      </attribute>
    </attributes>
  </object>
  <object>
    <name>vehicule</name>
    <occluded>0</occluded>
    <bndbox>
      <xmin>1191.6500000000005</xmin>
      <ymin>375.0256835937507</ymin>
      <xmax>1510.9337005615234</xmax>
      <ymax>706.4481628417961</ymax>
    </bndbox>
    <attributes>
      <attribute>
        <name>track_id</name>
        <value>235</value>
      </attribute>
      <attribute>
        <name>keyframe</name>
        <value>True</value>
      </attribute>
    </attributes>
  </object>
  <object>
    <name>vehicule</name>
    <occluded>0</occluded>
    <bndbox>
      <xmin>0.0</xmin>
      <ymin>295.78125</ymin>
      <xmax>258.33925781250036</xmax>
      <ymax>539.9485534667965</ymax>
    </bndbox>
    <attributes>
      <attribute>
        <name>track_id</name>
        <value>236</value>
      </attribute>
      <attribute>
        <name>keyframe</name>
        <value>True</value>
      </attribute>
    </attributes>
  </object>
  <object>
    <name>vehicule</name>
    <occluded>0</occluded>
    <bndbox>
      <xmin>989.0141210937503</xmin>
      <ymin>21.479882812499998</ymin>
      <xmax>1187.2709045410156</xmax>
      <ymax>195.43869812011707</ymax>
    </bndbox>
    <attributes>
      <attribute>
        <name>track_id</name>
        <value>237</value>
      </attribute>
      <attribute>
        <name>keyframe</name>
        <value>True</value>
      </attribute>
    </attributes>
  </object>
</annotation>
