<annotation>
  <folder>frame</folder>
  <filename>frame_002825.jpg</filename>
  <source>
    <database>Unknown</database>
    <annotation>Unknown</annotation>
    <image>Unknown</image>
  </source>
  <size>
    <width>2456</width>
    <height>2054</height>
    <depth>3</depth>
  </size>
  <segmented>0</segmented>
  <object>
    <name>vehicule</name>
    <occluded>0</occluded>
    <bndbox>
      <xmin>1705.4697265625</xmin>
      <ymin>975.6474609375</ymin>
      <xmax>2374.4695312500007</xmax>
      <ymax>1271.2947265625007</ymax>
    </bndbox>
    <attributes>
      <attribute>
        <name>track_id</name>
        <value>284</value>
      </attribute>
      <attribute>
        <name>keyframe</name>
        <value>True</value>
      </attribute>
    </attributes>
  </object>
  <object>
    <name>vehicule</name>
    <occluded>0</occluded>
    <bndbox>
      <xmin>1391.1162109375</xmin>
      <ymin>1339.7646484375</ymin>
      <xmax>1752.1222839355469</xmax>
      <ymax>1613.6313171386719</ymax>
    </bndbox>
    <attributes>
      <attribute>
        <name>track_id</name>
        <value>285</value>
      </attribute>
      <attribute>
        <name>keyframe</name>
        <value>True</value>
      </attribute>
    </attributes>
  </object>
  <object>
    <name>vehicule</name>
    <occluded>0</occluded>
    <bndbox>
      <xmin>578.9000000000015</xmin>
      <ymin>1159.25390625</ymin>
      <xmax>1266.6297607421875</xmax>
      <ymax>1520.300000000001</ymax>
    </bndbox>
    <attributes>
      <attribute>
        <name>track_id</name>
        <value>286</value>
      </attribute>
      <attribute>
        <name>keyframe</name>
        <value>True</value>
      </attribute>
    </attributes>
  </object>
</annotation>
