<annotation>
  <folder>frame</folder>
  <filename>frame_002065.jpg</filename>
  <source>
    <database>Unknown</database>
    <annotation>Unknown</annotation>
    <image>Unknown</image>
  </source>
  <size>
    <width>2456</width>
    <height>2054</height>
    <depth>3</depth>
  </size>
  <segmented>0</segmented>
  <object>
    <name>vehicule</name>
    <occluded>0</occluded>
    <bndbox>
      <xmin>1337.4938151041667</xmin>
      <ymin>772.3812662760416</ymin>
      <xmax>1882.217801920572</xmax>
      <ymax>1129.3812967936199</ymax>
    </bndbox>
    <attributes>
      <attribute>
        <name>track_id</name>
        <value>163</value>
      </attribute>
      <attribute>
        <name>keyframe</name>
        <value>True</value>
      </attribute>
    </attributes>
  </object>
  <object>
    <name>vehicule</name>
    <occluded>0</occluded>
    <bndbox>
      <xmin>1872.3492838541667</xmin>
      <ymin>740.1168619791666</ymin>
      <xmax>2411.2654296875003</xmax>
      <ymax>1109.6020060221351</ymax>
    </bndbox>
    <attributes>
      <attribute>
        <name>track_id</name>
        <value>180</value>
      </attribute>
      <attribute>
        <name>keyframe</name>
        <value>True</value>
      </attribute>
    </attributes>
  </object>
  <object>
    <name>vehicule</name>
    <occluded>0</occluded>
    <bndbox>
      <xmin>850.3973144531252</xmin>
      <ymin>463.55694580078125</ymin>
      <xmax>1201.0109809875485</xmax>
      <ymax>786.4389608383177</ymax>
    </bndbox>
    <attributes>
      <attribute>
        <name>track_id</name>
        <value>183</value>
      </attribute>
      <attribute>
        <name>keyframe</name>
        <value>True</value>
      </attribute>
    </attributes>
  </object>
  <object>
    <name>vehicule</name>
    <occluded>0</occluded>
    <bndbox>
      <xmin>803.150553385417</xmin>
      <ymin>813.2640787760416</ymin>
      <xmax>1298.065876770019</xmax>
      <ymax>1204.491538492838</ymax>
    </bndbox>
    <attributes>
      <attribute>
        <name>track_id</name>
        <value>187</value>
      </attribute>
      <attribute>
        <name>keyframe</name>
        <value>True</value>
      </attribute>
    </attributes>
  </object>
  <object>
    <name>vehicule</name>
    <occluded>0</occluded>
    <bndbox>
      <xmin>1375.612500000001</xmin>
      <ymin>498.5955322265629</ymin>
      <xmax>1798.1181526184082</xmax>
      <ymax>823.017725372314</ymax>
    </bndbox>
    <attributes>
      <attribute>
        <name>track_id</name>
        <value>188</value>
      </attribute>
      <attribute>
        <name>keyframe</name>
        <value>True</value>
      </attribute>
    </attributes>
  </object>
  <object>
    <name>vehicule</name>
    <occluded>0</occluded>
    <bndbox>
      <xmin>1843.6949869791667</xmin>
      <ymin>1094.23046875</ymin>
      <xmax>2095.7877604166665</xmax>
      <ymax>1417.9373046875007</ymax>
    </bndbox>
    <attributes>
      <attribute>
        <name>track_id</name>
        <value>190</value>
      </attribute>
      <attribute>
        <name>keyframe</name>
        <value>True</value>
      </attribute>
    </attributes>
  </object>
  <object>
    <name>vehicule</name>
    <occluded>0</occluded>
    <bndbox>
      <xmin>436.0187500000004</xmin>
      <ymin>476.112500000001</ymin>
      <xmax>710.1858825683594</xmax>
      <ymax>805.1007833480835</ymax>
    </bndbox>
    <attributes>
      <attribute>
        <name>track_id</name>
        <value>191</value>
      </attribute>
      <attribute>
        <name>keyframe</name>
        <value>True</value>
      </attribute>
    </attributes>
  </object>
  <object>
    <name>vehicule</name>
    <occluded>0</occluded>
    <bndbox>
      <xmin>1232.7876708984377</xmin>
      <ymin>264.4238688151042</ymin>
      <xmax>1485.7142351786295</xmax>
      <ymax>565.366771316528</ymax>
    </bndbox>
    <attributes>
      <attribute>
        <name>track_id</name>
        <value>193</value>
      </attribute>
      <attribute>
        <name>keyframe</name>
        <value>True</value>
      </attribute>
    </attributes>
  </object>
  <object>
    <name>vehicule</name>
    <occluded>0</occluded>
    <bndbox>
      <xmin>778.6848388671883</xmin>
      <ymin>331.06783447265707</ymin>
      <xmax>1015.3665771484375</xmax>
      <ymax>567.9596862792969</ymax>
    </bndbox>
    <attributes>
      <attribute>
        <name>track_id</name>
        <value>195</value>
      </attribute>
      <attribute>
        <name>keyframe</name>
        <value>True</value>
      </attribute>
    </attributes>
  </object>
  <object>
    <name>vehicule</name>
    <occluded>0</occluded>
    <bndbox>
      <xmin>904.9314778645834</xmin>
      <ymin>127.36844075520844</ymin>
      <xmax>1129.4606955210368</xmax>
      <ymax>380.97348836262995</ymax>
    </bndbox>
    <attributes>
      <attribute>
        <name>track_id</name>
        <value>197</value>
      </attribute>
      <attribute>
        <name>keyframe</name>
        <value>True</value>
      </attribute>
    </attributes>
  </object>
  <object>
    <name>vehicule</name>
    <occluded>0</occluded>
    <bndbox>
      <xmin>439.29315185546875</xmin>
      <ymin>244.46875000000114</ymin>
      <xmax>682.3230346679702</xmax>
      <ymax>506.4952507019043</ymax>
    </bndbox>
    <attributes>
      <attribute>
        <name>track_id</name>
        <value>198</value>
      </attribute>
      <attribute>
        <name>keyframe</name>
        <value>True</value>
      </attribute>
    </attributes>
  </object>
  <object>
    <name>vehicule</name>
    <occluded>0</occluded>
    <bndbox>
      <xmin>1210.816699218751</xmin>
      <ymin>59.5</ymin>
      <xmax>1495.3709920247395</xmax>
      <ymax>262.3233133951823</ymax>
    </bndbox>
    <attributes>
      <attribute>
        <name>track_id</name>
        <value>200</value>
      </attribute>
      <attribute>
        <name>keyframe</name>
        <value>True</value>
      </attribute>
    </attributes>
  </object>
  <object>
    <name>vehicule</name>
    <occluded>0</occluded>
    <bndbox>
      <xmin>1425.3126085069443</xmin>
      <ymin>1372.000759548611</ymin>
      <xmax>2050.8861070421</xmax>
      <ymax>1711.1445766872819</ymax>
    </bndbox>
    <attributes>
      <attribute>
        <name>track_id</name>
        <value>201</value>
      </attribute>
      <attribute>
        <name>keyframe</name>
        <value>True</value>
      </attribute>
    </attributes>
  </object>
  <object>
    <name>vehicule</name>
    <occluded>0</occluded>
    <bndbox>
      <xmin>1058.1429036458335</xmin>
      <ymin>1625.717556423611</ymin>
      <xmax>1907.7270833333328</xmax>
      <ymax>1961.8419399685315</ymax>
    </bndbox>
    <attributes>
      <attribute>
        <name>track_id</name>
        <value>202</value>
      </attribute>
      <attribute>
        <name>keyframe</name>
        <value>True</value>
      </attribute>
    </attributes>
  </object>
  <object>
    <name>vehicule</name>
    <occluded>0</occluded>
    <bndbox>
      <xmin>422.2595269097227</xmin>
      <ymin>1452.197569444445</ymin>
      <xmax>1119.3228081597217</xmax>
      <ymax>1803.7887742784283</ymax>
    </bndbox>
    <attributes>
      <attribute>
        <name>track_id</name>
        <value>203</value>
      </attribute>
      <attribute>
        <name>keyframe</name>
        <value>True</value>
      </attribute>
    </attributes>
  </object>
</annotation>
