<annotation>
  <folder>frame</folder>
  <filename>frame_000398.jpg</filename>
  <source>
    <database>Unknown</database>
    <annotation>Unknown</annotation>
    <image>Unknown</image>
  </source>
  <size>
    <width>2456</width>
    <height>2054</height>
    <depth>3</depth>
  </size>
  <segmented>0</segmented>
  <object>
    <name>vehicule</name>
    <occluded>0</occluded>
    <bndbox>
      <xmin>1409.337890625</xmin>
      <ymin>1008.9013671875</ymin>
      <xmax>1917.0587585449211</xmax>
      <ymax>1343.9093627929688</ymax>
    </bndbox>
    <attributes>
      <attribute>
        <name>track_id</name>
        <value>8</value>
      </attribute>
      <attribute>
        <name>keyframe</name>
        <value>True</value>
      </attribute>
    </attributes>
  </object>
  <object>
    <name>vehicule</name>
    <occluded>0</occluded>
    <bndbox>
      <xmin>671.6748046875</xmin>
      <ymin>768.7314453125</ymin>
      <xmax>1187.7816162109375</xmax>
      <ymax>1134.347650146483</ymax>
    </bndbox>
    <attributes>
      <attribute>
        <name>track_id</name>
        <value>27</value>
      </attribute>
      <attribute>
        <name>keyframe</name>
        <value>True</value>
      </attribute>
    </attributes>
  </object>
  <object>
    <name>vehicule</name>
    <occluded>0</occluded>
    <bndbox>
      <xmin>1532.7000000000007</xmin>
      <ymin>1567.300000000001</ymin>
      <xmax>2121.1660766601562</xmax>
      <ymax>1969.4473571777344</ymax>
    </bndbox>
    <attributes>
      <attribute>
        <name>track_id</name>
        <value>29</value>
      </attribute>
      <attribute>
        <name>keyframe</name>
        <value>True</value>
      </attribute>
    </attributes>
  </object>
  <object>
    <name>vehicule</name>
    <occluded>0</occluded>
    <bndbox>
      <xmin>0.0</xmin>
      <ymin>462.74609375</ymin>
      <xmax>254.2156433105465</xmax>
      <ymax>626.0578125000011</ymax>
    </bndbox>
    <attributes>
      <attribute>
        <name>track_id</name>
        <value>30</value>
      </attribute>
      <attribute>
        <name>keyframe</name>
        <value>True</value>
      </attribute>
    </attributes>
  </object>
  <object>
    <name>vehicule</name>
    <occluded>0</occluded>
    <bndbox>
      <xmin>534.1669921875</xmin>
      <ymin>1085.1298828125</ymin>
      <xmax>1003.3888854980469</xmax>
      <ymax>1365.1783874511711</ymax>
    </bndbox>
    <attributes>
      <attribute>
        <name>track_id</name>
        <value>31</value>
      </attribute>
      <attribute>
        <name>keyframe</name>
        <value>True</value>
      </attribute>
    </attributes>
  </object>
  <object>
    <name>vehicule</name>
    <occluded>0</occluded>
    <bndbox>
      <xmin>67.40000000000146</xmin>
      <ymin>789.4000000000015</ymin>
      <xmax>500.2712707519531</xmax>
      <ymax>1041.0</ymax>
    </bndbox>
    <attributes>
      <attribute>
        <name>track_id</name>
        <value>32</value>
      </attribute>
      <attribute>
        <name>keyframe</name>
        <value>True</value>
      </attribute>
    </attributes>
  </object>
  <object>
    <name>vehicule</name>
    <occluded>0</occluded>
    <bndbox>
      <xmin>1465.1000000000004</xmin>
      <ymin>1728.300000000001</ymin>
      <xmax>1682.8777313232422</xmax>
      <ymax>2010.944580078125</ymax>
    </bndbox>
    <attributes>
      <attribute>
        <name>track_id</name>
        <value>33</value>
      </attribute>
      <attribute>
        <name>keyframe</name>
        <value>True</value>
      </attribute>
    </attributes>
  </object>
  <object>
    <name>vehicule</name>
    <occluded>0</occluded>
    <bndbox>
      <xmin>233.40000000000146</xmin>
      <ymin>1219.900390625</ymin>
      <xmax>723.3236389160156</xmax>
      <ymax>1562.300000000001</ymax>
    </bndbox>
    <attributes>
      <attribute>
        <name>track_id</name>
        <value>34</value>
      </attribute>
      <attribute>
        <name>keyframe</name>
        <value>True</value>
      </attribute>
    </attributes>
  </object>
</annotation>
