<annotation>
  <folder>frame</folder>
  <filename>frame_002817.jpg</filename>
  <source>
    <database>Unknown</database>
    <annotation>Unknown</annotation>
    <image>Unknown</image>
  </source>
  <size>
    <width>2456</width>
    <height>2054</height>
    <depth>3</depth>
  </size>
  <segmented>0</segmented>
  <object>
    <name>vehicule</name>
    <occluded>0</occluded>
    <bndbox>
      <xmin>964.7848307291666</xmin>
      <ymin>975.6474609375</ymin>
      <xmax>1633.7846354166672</xmax>
      <ymax>1271.2947265625007</ymax>
    </bndbox>
    <attributes>
      <attribute>
        <name>track_id</name>
        <value>284</value>
      </attribute>
      <attribute>
        <name>keyframe</name>
        <value>True</value>
      </attribute>
    </attributes>
  </object>
  <object>
    <name>vehicule</name>
    <occluded>0</occluded>
    <bndbox>
      <xmin>597.525390625</xmin>
      <ymin>1414.8017578125</ymin>
      <xmax>958.5314636230469</xmax>
      <ymax>1688.6684265136719</ymax>
    </bndbox>
    <attributes>
      <attribute>
        <name>track_id</name>
        <value>285</value>
      </attribute>
      <attribute>
        <name>keyframe</name>
        <value>True</value>
      </attribute>
    </attributes>
  </object>
  <object>
    <name>vehicule</name>
    <occluded>0</occluded>
    <bndbox>
      <xmin>51.665625000000006</xmin>
      <ymin>1229.94921875</ymin>
      <xmax>625.5334838867187</xmax>
      <ymax>1574.9520935058595</ymax>
    </bndbox>
    <attributes>
      <attribute>
        <name>track_id</name>
        <value>286</value>
      </attribute>
      <attribute>
        <name>keyframe</name>
        <value>True</value>
      </attribute>
    </attributes>
  </object>
</annotation>
