<annotation>
  <folder>frame</folder>
  <filename>frame_002333.jpg</filename>
  <source>
    <database>Unknown</database>
    <annotation>Unknown</annotation>
    <image>Unknown</image>
  </source>
  <size>
    <width>2456</width>
    <height>2054</height>
    <depth>3</depth>
  </size>
  <segmented>0</segmented>
  <object>
    <name>vehicule</name>
    <occluded>0</occluded>
    <bndbox>
      <xmin>1798.5</xmin>
      <ymin>694.0</ymin>
      <xmax>2309.186798095703</xmax>
      <ymax>1062.7864990234375</ymax>
    </bndbox>
    <attributes>
      <attribute>
        <name>track_id</name>
        <value>230</value>
      </attribute>
      <attribute>
        <name>keyframe</name>
        <value>True</value>
      </attribute>
    </attributes>
  </object>
  <object>
    <name>vehicule</name>
    <occluded>0</occluded>
    <bndbox>
      <xmin>644.2000000000007</xmin>
      <ymin>1638.5283203125</ymin>
      <xmax>1416.012939453125</xmax>
      <ymax>1952.8532226562493</ymax>
    </bndbox>
    <attributes>
      <attribute>
        <name>track_id</name>
        <value>231</value>
      </attribute>
      <attribute>
        <name>keyframe</name>
        <value>True</value>
      </attribute>
    </attributes>
  </object>
  <object>
    <name>vehicule</name>
    <occluded>0</occluded>
    <bndbox>
      <xmin>715.5</xmin>
      <ymin>432.60000000000036</ymin>
      <xmax>1092.3504333496094</xmax>
      <ymax>760.9108276367188</ymax>
    </bndbox>
    <attributes>
      <attribute>
        <name>track_id</name>
        <value>232</value>
      </attribute>
      <attribute>
        <name>keyframe</name>
        <value>True</value>
      </attribute>
    </attributes>
  </object>
  <object>
    <name>vehicule</name>
    <occluded>0</occluded>
    <bndbox>
      <xmin>1141.800000000001</xmin>
      <ymin>259.90000000000146</ymin>
      <xmax>1412.8759765625</xmax>
      <ymax>564.8480224609375</ymax>
    </bndbox>
    <attributes>
      <attribute>
        <name>track_id</name>
        <value>233</value>
      </attribute>
      <attribute>
        <name>keyframe</name>
        <value>True</value>
      </attribute>
    </attributes>
  </object>
  <object>
    <name>vehicule</name>
    <occluded>0</occluded>
    <bndbox>
      <xmin>768.37890625</xmin>
      <ymin>57.6005859375</ymin>
      <xmax>998.9870910644531</xmax>
      <ymax>387.5</ymax>
    </bndbox>
    <attributes>
      <attribute>
        <name>track_id</name>
        <value>234</value>
      </attribute>
      <attribute>
        <name>keyframe</name>
        <value>True</value>
      </attribute>
    </attributes>
  </object>
</annotation>
