<annotation>
  <folder>frame</folder>
  <filename>frame_002901.jpg</filename>
  <source>
    <database>Unknown</database>
    <annotation>Unknown</annotation>
    <image>Unknown</image>
  </source>
  <size>
    <width>2456</width>
    <height>2054</height>
    <depth>3</depth>
  </size>
  <segmented>0</segmented>
  <object>
    <name>vehicule</name>
    <occluded>0</occluded>
    <bndbox>
      <xmin>639.541015625</xmin>
      <ymin>635.8137890625003</ymin>
      <xmax>823.4537109375015</xmax>
      <ymax>887.8857403564452</ymax>
    </bndbox>
    <attributes>
      <attribute>
        <name>track_id</name>
        <value>293</value>
      </attribute>
      <attribute>
        <name>keyframe</name>
        <value>True</value>
      </attribute>
    </attributes>
  </object>
  <object>
    <name>vehicule</name>
    <occluded>0</occluded>
    <bndbox>
      <xmin>1153.5000000000005</xmin>
      <ymin>449.70468750000055</ymin>
      <xmax>1492.9921493530273</xmax>
      <ymax>781.1404907226561</ymax>
    </bndbox>
    <attributes>
      <attribute>
        <name>track_id</name>
        <value>295</value>
      </attribute>
      <attribute>
        <name>keyframe</name>
        <value>True</value>
      </attribute>
    </attributes>
  </object>
  <object>
    <name>vehicule</name>
    <occluded>0</occluded>
    <bndbox>
      <xmin>1037.112060546875</xmin>
      <ymin>177.35009765625</ymin>
      <xmax>1289.2052246093754</xmax>
      <ymax>452.0355529785156</ymax>
    </bndbox>
    <attributes>
      <attribute>
        <name>track_id</name>
        <value>296</value>
      </attribute>
      <attribute>
        <name>keyframe</name>
        <value>True</value>
      </attribute>
    </attributes>
  </object>
  <object>
    <name>vehicule</name>
    <occluded>0</occluded>
    <bndbox>
      <xmin>92.55522017045455</xmin>
      <ymin>1052.8777521306818</ymin>
      <xmax>742.9467973188916</xmax>
      <ymax>1407.6984552556821</ymax>
    </bndbox>
    <attributes>
      <attribute>
        <name>track_id</name>
        <value>297</value>
      </attribute>
      <attribute>
        <name>keyframe</name>
        <value>True</value>
      </attribute>
    </attributes>
  </object>
  <object>
    <name>vehicule</name>
    <occluded>0</occluded>
    <bndbox>
      <xmin>3.11083984375</xmin>
      <ymin>171.126953125</ymin>
      <xmax>312.76621093750146</xmax>
      <ymax>459.03552856445276</ymax>
    </bndbox>
    <attributes>
      <attribute>
        <name>track_id</name>
        <value>298</value>
      </attribute>
      <attribute>
        <name>keyframe</name>
        <value>True</value>
      </attribute>
    </attributes>
  </object>
  <object>
    <name>vehicule</name>
    <occluded>0</occluded>
    <bndbox>
      <xmin>409.96435546875</xmin>
      <ymin>1308.65771484375</ymin>
      <xmax>1156.9287109375</xmax>
      <ymax>1679.0577331542954</ymax>
    </bndbox>
    <attributes>
      <attribute>
        <name>track_id</name>
        <value>299</value>
      </attribute>
      <attribute>
        <name>keyframe</name>
        <value>True</value>
      </attribute>
    </attributes>
  </object>
  <object>
    <name>vehicule</name>
    <occluded>0</occluded>
    <bndbox>
      <xmin>157.1562011718761</xmin>
      <ymin>1674.2935546875</ymin>
      <xmax>956.9751953124996</xmax>
      <ymax>1988.6423126220698</ymax>
    </bndbox>
    <attributes>
      <attribute>
        <name>track_id</name>
        <value>300</value>
      </attribute>
      <attribute>
        <name>keyframe</name>
        <value>True</value>
      </attribute>
    </attributes>
  </object>
</annotation>
