<annotation>
  <folder>frame</folder>
  <filename>frame_000215.jpg</filename>
  <source>
    <database>Unknown</database>
    <annotation>Unknown</annotation>
    <image>Unknown</image>
  </source>
  <size>
    <width>2456</width>
    <height>2054</height>
    <depth>3</depth>
  </size>
  <segmented>0</segmented>
  <object>
    <name>vehicule</name>
    <occluded>0</occluded>
    <bndbox>
      <xmin>643.3611517414647</xmin>
      <ymin>867.9562310710353</ymin>
      <xmax>1106.0263983234945</xmax>
      <ymax>1134.3486260905665</ymax>
    </bndbox>
    <attributes>
      <attribute>
        <name>track_id</name>
        <value>1</value>
      </attribute>
      <attribute>
        <name>keyframe</name>
        <value>True</value>
      </attribute>
    </attributes>
  </object>
  <object>
    <name>vehicule</name>
    <occluded>0</occluded>
    <bndbox>
      <xmin>138.48251667102565</xmin>
      <ymin>679.4222018828452</ymin>
      <xmax>532.073721505009</xmax>
      <ymax>915.930017434602</ymax>
    </bndbox>
    <attributes>
      <attribute>
        <name>track_id</name>
        <value>8</value>
      </attribute>
      <attribute>
        <name>keyframe</name>
        <value>True</value>
      </attribute>
    </attributes>
  </object>
  <object>
    <name>vehicule</name>
    <occluded>0</occluded>
    <bndbox>
      <xmin>1876.1689453125</xmin>
      <ymin>1455.2666015625</ymin>
      <xmax>2456.0</xmax>
      <ymax>1823.0814249674477</ymax>
    </bndbox>
    <attributes>
      <attribute>
        <name>track_id</name>
        <value>13</value>
      </attribute>
      <attribute>
        <name>keyframe</name>
        <value>True</value>
      </attribute>
    </attributes>
  </object>
  <object>
    <name>vehicule</name>
    <occluded>0</occluded>
    <bndbox>
      <xmin>1366.800000000001</xmin>
      <ymin>1557.0</ymin>
      <xmax>2098.0501708984375</xmax>
      <ymax>2054.0</ymax>
    </bndbox>
    <attributes>
      <attribute>
        <name>track_id</name>
        <value>16</value>
      </attribute>
      <attribute>
        <name>keyframe</name>
        <value>True</value>
      </attribute>
    </attributes>
  </object>
  <object>
    <name>vehicule</name>
    <occluded>0</occluded>
    <bndbox>
      <xmin>59.400000000001455</xmin>
      <ymin>454.8000000000011</ymin>
      <xmax>427.9105529785156</xmax>
      <ymax>667.5318298339844</ymax>
    </bndbox>
    <attributes>
      <attribute>
        <name>track_id</name>
        <value>17</value>
      </attribute>
      <attribute>
        <name>keyframe</name>
        <value>True</value>
      </attribute>
    </attributes>
  </object>
  <object>
    <name>vehicule</name>
    <occluded>0</occluded>
    <bndbox>
      <xmin>7.8212890625</xmin>
      <ymin>1121.3974609375</ymin>
      <xmax>420.09375</xmax>
      <ymax>1417.0</ymax>
    </bndbox>
    <attributes>
      <attribute>
        <name>track_id</name>
        <value>18</value>
      </attribute>
      <attribute>
        <name>keyframe</name>
        <value>True</value>
      </attribute>
    </attributes>
  </object>
  <object>
    <name>vehicule</name>
    <occluded>0</occluded>
    <bndbox>
      <xmin>780.2714285714295</xmin>
      <ymin>1036.8751099161257</ymin>
      <xmax>1261.1536199396307</xmax>
      <ymax>1386.2023438556892</ymax>
    </bndbox>
    <attributes>
      <attribute>
        <name>track_id</name>
        <value>326</value>
      </attribute>
      <attribute>
        <name>keyframe</name>
        <value>True</value>
      </attribute>
    </attributes>
  </object>
  <object>
    <name>vehicule</name>
    <occluded>0</occluded>
    <bndbox>
      <xmin>1212.6767578125</xmin>
      <ymin>1016.6000000000004</ymin>
      <xmax>1703.7000000000007</xmax>
      <ymax>1277.9136962890625</ymax>
    </bndbox>
    <attributes>
      <attribute>
        <name>track_id</name>
        <value>327</value>
      </attribute>
      <attribute>
        <name>keyframe</name>
        <value>True</value>
      </attribute>
    </attributes>
  </object>
  <object>
    <name>vehicule</name>
    <occluded>0</occluded>
    <bndbox>
      <xmin>173.14087701612902</xmin>
      <ymin>897.7694367439516</ymin>
      <xmax>552.4596331196446</xmax>
      <ymax>1164.683110194053</ymax>
    </bndbox>
    <attributes>
      <attribute>
        <name>track_id</name>
        <value>329</value>
      </attribute>
      <attribute>
        <name>keyframe</name>
        <value>True</value>
      </attribute>
    </attributes>
  </object>
  <object>
    <name>vehicule</name>
    <occluded>0</occluded>
    <bndbox>
      <xmin>1686.3295764048164</xmin>
      <ymin>1116.6692409690368</ymin>
      <xmax>2230.950792225129</xmax>
      <ymax>1450.7396511252864</ymax>
    </bndbox>
    <attributes>
      <attribute>
        <name>track_id</name>
        <value>331</value>
      </attribute>
      <attribute>
        <name>keyframe</name>
        <value>True</value>
      </attribute>
    </attributes>
  </object>
</annotation>
