<annotation>
  <folder>frame</folder>
  <filename>frame_002491.jpg</filename>
  <source>
    <database>Unknown</database>
    <annotation>Unknown</annotation>
    <image>Unknown</image>
  </source>
  <size>
    <width>2456</width>
    <height>2054</height>
    <depth>3</depth>
  </size>
  <segmented>0</segmented>
  <object>
    <name>vehicule</name>
    <occluded>0</occluded>
    <bndbox>
      <xmin>1721.8474431818186</xmin>
      <ymin>1535.827556818182</ymin>
      <xmax>2277.7684503728697</xmax>
      <ymax>1940.687150989879</ymax>
    </bndbox>
    <attributes>
      <attribute>
        <name>track_id</name>
        <value>239</value>
      </attribute>
      <attribute>
        <name>keyframe</name>
        <value>True</value>
      </attribute>
    </attributes>
  </object>
  <object>
    <name>vehicule</name>
    <occluded>0</occluded>
    <bndbox>
      <xmin>200.61272321428572</xmin>
      <ymin>303.2940848214291</ymin>
      <xmax>660.610946219309</xmax>
      <ymax>597.7483555385043</ymax>
    </bndbox>
    <attributes>
      <attribute>
        <name>track_id</name>
        <value>247</value>
      </attribute>
      <attribute>
        <name>keyframe</name>
        <value>True</value>
      </attribute>
    </attributes>
  </object>
  <object>
    <name>vehicule</name>
    <occluded>0</occluded>
    <bndbox>
      <xmin>780.4388888888897</xmin>
      <ymin>1188.6521267361113</ymin>
      <xmax>1106.183620876736</xmax>
      <ymax>1484.3034294976128</ymax>
    </bndbox>
    <attributes>
      <attribute>
        <name>track_id</name>
        <value>248</value>
      </attribute>
      <attribute>
        <name>keyframe</name>
        <value>True</value>
      </attribute>
    </attributes>
  </object>
  <object>
    <name>vehicule</name>
    <occluded>0</occluded>
    <bndbox>
      <xmin>349.57728794642856</xmin>
      <ymin>94.64916294642899</ymin>
      <xmax>718.4393136160722</xmax>
      <ymax>317.2112448556072</ymax>
    </bndbox>
    <attributes>
      <attribute>
        <name>track_id</name>
        <value>250</value>
      </attribute>
      <attribute>
        <name>keyframe</name>
        <value>True</value>
      </attribute>
    </attributes>
  </object>
  <object>
    <name>vehicule</name>
    <occluded>0</occluded>
    <bndbox>
      <xmin>118.22006138392888</xmin>
      <ymin>1536.7563895089286</ymin>
      <xmax>944.748561314173</xmax>
      <ymax>1990.652779715402</ymax>
    </bndbox>
    <attributes>
      <attribute>
        <name>track_id</name>
        <value>251</value>
      </attribute>
      <attribute>
        <name>keyframe</name>
        <value>True</value>
      </attribute>
    </attributes>
  </object>
</annotation>
