<annotation>
  <folder>frame</folder>
  <filename>frame_000010.jpg</filename>
  <source>
    <database>Unknown</database>
    <annotation>Unknown</annotation>
    <image>Unknown</image>
  </source>
  <size>
    <width>2456</width>
    <height>2054</height>
    <depth>3</depth>
  </size>
  <segmented>0</segmented>
  <object>
    <name>vehicule</name>
    <occluded>0</occluded>
    <bndbox>
      <xmin>2146.11572265625</xmin>
      <ymin>801.36767578125</ymin>
      <xmax>2449.5299179077156</xmax>
      <ymax>1050.3373718261719</ymax>
    </bndbox>
    <attributes>
      <attribute>
        <name>track_id</name>
        <value>0</value>
      </attribute>
      <attribute>
        <name>keyframe</name>
        <value>True</value>
      </attribute>
    </attributes>
  </object>
  <object>
    <name>vehicule</name>
    <occluded>0</occluded>
    <bndbox>
      <xmin>746.4848920036765</xmin>
      <ymin>1026.0616957720595</ymin>
      <xmax>1219.54406379251</xmax>
      <ymax>1371.8922065286076</ymax>
    </bndbox>
    <attributes>
      <attribute>
        <name>track_id</name>
        <value>326</value>
      </attribute>
      <attribute>
        <name>keyframe</name>
        <value>True</value>
      </attribute>
    </attributes>
  </object>
  <object>
    <name>vehicule</name>
    <occluded>0</occluded>
    <bndbox>
      <xmin>309.94091796875</xmin>
      <ymin>774.9530273437504</ymin>
      <xmax>716.0962524414062</xmax>
      <ymax>1002.100122070312</ymax>
    </bndbox>
    <attributes>
      <attribute>
        <name>track_id</name>
        <value>327</value>
      </attribute>
      <attribute>
        <name>keyframe</name>
        <value>True</value>
      </attribute>
    </attributes>
  </object>
  <object>
    <name>vehicule</name>
    <occluded>0</occluded>
    <bndbox>
      <xmin>193.25</xmin>
      <ymin>1093.9170898437505</ymin>
      <xmax>630.5127410888672</xmax>
      <ymax>1383.3355651855463</ymax>
    </bndbox>
    <attributes>
      <attribute>
        <name>track_id</name>
        <value>328</value>
      </attribute>
      <attribute>
        <name>keyframe</name>
        <value>True</value>
      </attribute>
    </attributes>
  </object>
  <object>
    <name>vehicule</name>
    <occluded>0</occluded>
    <bndbox>
      <xmin>40.765625</xmin>
      <ymin>849.6064453125</ymin>
      <xmax>436.9477054371553</xmax>
      <ymax>1101.6882629394531</ymax>
    </bndbox>
    <attributes>
      <attribute>
        <name>track_id</name>
        <value>329</value>
      </attribute>
      <attribute>
        <name>keyframe</name>
        <value>True</value>
      </attribute>
    </attributes>
  </object>
  <object>
    <name>vehicule</name>
    <occluded>0</occluded>
    <bndbox>
      <xmin>2121.2177734375</xmin>
      <ymin>1890.6279296875</ymin>
      <xmax>2456.0</xmax>
      <ymax>2054.0</ymax>
    </bndbox>
    <attributes>
      <attribute>
        <name>track_id</name>
        <value>330</value>
      </attribute>
      <attribute>
        <name>keyframe</name>
        <value>True</value>
      </attribute>
    </attributes>
  </object>
  <object>
    <name>vehicule</name>
    <occluded>0</occluded>
    <bndbox>
      <xmin>1619.945033482143</xmin>
      <ymin>1096.3525390625</ymin>
      <xmax>2164.566249302455</xmax>
      <ymax>1435.57373046875</ymax>
    </bndbox>
    <attributes>
      <attribute>
        <name>track_id</name>
        <value>331</value>
      </attribute>
      <attribute>
        <name>keyframe</name>
        <value>True</value>
      </attribute>
    </attributes>
  </object>
  <object>
    <name>vehicule</name>
    <occluded>0</occluded>
    <bndbox>
      <xmin>478.01708984375</xmin>
      <ymin>558.5833984375004</ymin>
      <xmax>904.41650390625</xmax>
      <ymax>748.4626525878903</ymax>
    </bndbox>
    <attributes>
      <attribute>
        <name>track_id</name>
        <value>332</value>
      </attribute>
      <attribute>
        <name>keyframe</name>
        <value>True</value>
      </attribute>
    </attributes>
  </object>
  <object>
    <name>vehicule</name>
    <occluded>0</occluded>
    <bndbox>
      <xmin>1374.3537109375002</xmin>
      <ymin>883.8511718750005</ymin>
      <xmax>1841.1293212890623</xmax>
      <ymax>1114.1781249999995</ymax>
    </bndbox>
    <attributes>
      <attribute>
        <name>track_id</name>
        <value>333</value>
      </attribute>
      <attribute>
        <name>keyframe</name>
        <value>True</value>
      </attribute>
    </attributes>
  </object>
</annotation>
