<annotation>
  <folder>frame</folder>
  <filename>frame_002563.jpg</filename>
  <source>
    <database>Unknown</database>
    <annotation>Unknown</annotation>
    <image>Unknown</image>
  </source>
  <size>
    <width>2456</width>
    <height>2054</height>
    <depth>3</depth>
  </size>
  <segmented>0</segmented>
  <object>
    <name>vehicule</name>
    <occluded>0</occluded>
    <bndbox>
      <xmin>1458.5</xmin>
      <ymin>774.8666666666668</ymin>
      <xmax>2064.3803507486978</xmax>
      <ymax>1220.4779459635417</ymax>
    </bndbox>
    <attributes>
      <attribute>
        <name>track_id</name>
        <value>254</value>
      </attribute>
      <attribute>
        <name>keyframe</name>
        <value>True</value>
      </attribute>
    </attributes>
  </object>
  <object>
    <name>vehicule</name>
    <occluded>0</occluded>
    <bndbox>
      <xmin>629.3720703125</xmin>
      <ymin>241.70000000000073</ymin>
      <xmax>957.5000000000013</xmax>
      <ymax>546.1729227701823</ymax>
    </bndbox>
    <attributes>
      <attribute>
        <name>track_id</name>
        <value>255</value>
      </attribute>
      <attribute>
        <name>keyframe</name>
        <value>True</value>
      </attribute>
    </attributes>
  </object>
  <object>
    <name>vehicule</name>
    <occluded>0</occluded>
    <bndbox>
      <xmin>1209.610568576389</xmin>
      <ymin>44.59809027777778</ymin>
      <xmax>1502.464230685764</xmax>
      <ymax>270.23221503363715</ymax>
    </bndbox>
    <attributes>
      <attribute>
        <name>track_id</name>
        <value>260</value>
      </attribute>
      <attribute>
        <name>keyframe</name>
        <value>True</value>
      </attribute>
    </attributes>
  </object>
  <object>
    <name>vehicule</name>
    <occluded>0</occluded>
    <bndbox>
      <xmin>0.0</xmin>
      <ymin>1633.341796875</ymin>
      <xmax>690.5419108072916</xmax>
      <ymax>2004.386894395616</ymax>
    </bndbox>
    <attributes>
      <attribute>
        <name>track_id</name>
        <value>261</value>
      </attribute>
      <attribute>
        <name>keyframe</name>
        <value>True</value>
      </attribute>
    </attributes>
  </object>
  <object>
    <name>vehicule</name>
    <occluded>0</occluded>
    <bndbox>
      <xmin>805.7255859375</xmin>
      <ymin>0.0</ymin>
      <xmax>1151.4822692871094</xmax>
      <ymax>178.94444274902344</ymax>
    </bndbox>
    <attributes>
      <attribute>
        <name>track_id</name>
        <value>262</value>
      </attribute>
      <attribute>
        <name>keyframe</name>
        <value>True</value>
      </attribute>
    </attributes>
  </object>
</annotation>
