<annotation>
  <folder>frame</folder>
  <filename>frame_002485.jpg</filename>
  <source>
    <database>Unknown</database>
    <annotation>Unknown</annotation>
    <image>Unknown</image>
  </source>
  <size>
    <width>2456</width>
    <height>2054</height>
    <depth>3</depth>
  </size>
  <segmented>0</segmented>
  <object>
    <name>vehicule</name>
    <occluded>0</occluded>
    <bndbox>
      <xmin>1341.5897727272727</xmin>
      <ymin>1554.5102272727274</ymin>
      <xmax>2080.8561501242907</xmax>
      <ymax>1950.872352738813</ymax>
    </bndbox>
    <attributes>
      <attribute>
        <name>track_id</name>
        <value>239</value>
      </attribute>
      <attribute>
        <name>keyframe</name>
        <value>True</value>
      </attribute>
    </attributes>
  </object>
  <object>
    <name>vehicule</name>
    <occluded>0</occluded>
    <bndbox>
      <xmin>556.7278808593751</xmin>
      <ymin>204.690673828125</ymin>
      <xmax>967.8456848144529</xmax>
      <ymax>445.8098419189446</ymax>
    </bndbox>
    <attributes>
      <attribute>
        <name>track_id</name>
        <value>247</value>
      </attribute>
      <attribute>
        <name>keyframe</name>
        <value>True</value>
      </attribute>
    </attributes>
  </object>
  <object>
    <name>vehicule</name>
    <occluded>0</occluded>
    <bndbox>
      <xmin>610.196289062501</xmin>
      <ymin>1206.2244318181818</ymin>
      <xmax>944.1018870960582</xmax>
      <ymax>1501.8759515935724</ymax>
    </bndbox>
    <attributes>
      <attribute>
        <name>track_id</name>
        <value>248</value>
      </attribute>
      <attribute>
        <name>keyframe</name>
        <value>True</value>
      </attribute>
    </attributes>
  </object>
  <object>
    <name>vehicule</name>
    <occluded>0</occluded>
    <bndbox>
      <xmin>614.32958984375</xmin>
      <ymin>9.300000000001091</ymin>
      <xmax>932.0771484375</xmax>
      <ymax>215.5113983154297</ymax>
    </bndbox>
    <attributes>
      <attribute>
        <name>track_id</name>
        <value>250</value>
      </attribute>
      <attribute>
        <name>keyframe</name>
        <value>True</value>
      </attribute>
    </attributes>
  </object>
  <object>
    <name>vehicule</name>
    <occluded>0</occluded>
    <bndbox>
      <xmin>9.305501302084243</xmin>
      <ymin>1573.2058919270837</ymin>
      <xmax>622.4211018880209</xmax>
      <ymax>1998.4974568684895</ymax>
    </bndbox>
    <attributes>
      <attribute>
        <name>track_id</name>
        <value>251</value>
      </attribute>
      <attribute>
        <name>keyframe</name>
        <value>True</value>
      </attribute>
    </attributes>
  </object>
</annotation>
