<annotation>
  <folder>frame</folder>
  <filename>frame_001730.jpg</filename>
  <source>
    <database>Unknown</database>
    <annotation>Unknown</annotation>
    <image>Unknown</image>
  </source>
  <size>
    <width>2456</width>
    <height>2054</height>
    <depth>3</depth>
  </size>
  <segmented>0</segmented>
  <object>
    <name>vehicule</name>
    <occluded>0</occluded>
    <bndbox>
      <xmin>1347.085714285715</xmin>
      <ymin>511.8428571428584</ymin>
      <xmax>1778.6958748953682</xmax>
      <ymax>862.2319946289062</ymax>
    </bndbox>
    <attributes>
      <attribute>
        <name>track_id</name>
        <value>139</value>
      </attribute>
      <attribute>
        <name>keyframe</name>
        <value>True</value>
      </attribute>
    </attributes>
  </object>
  <object>
    <name>vehicule</name>
    <occluded>0</occluded>
    <bndbox>
      <xmin>1027.7735770089287</xmin>
      <ymin>346.30845424107144</ymin>
      <xmax>1175.8586752755302</xmax>
      <ymax>522.6107077462319</ymax>
    </bndbox>
    <attributes>
      <attribute>
        <name>track_id</name>
        <value>142</value>
      </attribute>
      <attribute>
        <name>keyframe</name>
        <value>True</value>
      </attribute>
    </attributes>
  </object>
  <object>
    <name>vehicule</name>
    <occluded>0</occluded>
    <bndbox>
      <xmin>2047.73828125</xmin>
      <ymin>1041.62109375</ymin>
      <xmax>2456.0</xmax>
      <ymax>1362.1733825683586</ymax>
    </bndbox>
    <attributes>
      <attribute>
        <name>track_id</name>
        <value>145</value>
      </attribute>
      <attribute>
        <name>keyframe</name>
        <value>True</value>
      </attribute>
    </attributes>
  </object>
  <object>
    <name>vehicule</name>
    <occluded>0</occluded>
    <bndbox>
      <xmin>0.6227213541666667</xmin>
      <ymin>392.19492187500026</ymin>
      <xmax>243.57161458333334</xmax>
      <ymax>669.2249938964839</ymax>
    </bndbox>
    <attributes>
      <attribute>
        <name>track_id</name>
        <value>148</value>
      </attribute>
      <attribute>
        <name>keyframe</name>
        <value>True</value>
      </attribute>
    </attributes>
  </object>
  <object>
    <name>vehicule</name>
    <occluded>0</occluded>
    <bndbox>
      <xmin>1157.3439174107145</xmin>
      <ymin>51.971428571429506</ymin>
      <xmax>1501.0140337262835</xmax>
      <ymax>306.25678623744403</ymax>
    </bndbox>
    <attributes>
      <attribute>
        <name>track_id</name>
        <value>149</value>
      </attribute>
      <attribute>
        <name>keyframe</name>
        <value>True</value>
      </attribute>
    </attributes>
  </object>
  <object>
    <name>vehicule</name>
    <occluded>0</occluded>
    <bndbox>
      <xmin>629.6471819196429</xmin>
      <ymin>1173.621595982144</ymin>
      <xmax>1370.3076433454241</xmax>
      <ymax>1587.5797502790176</ymax>
    </bndbox>
    <attributes>
      <attribute>
        <name>track_id</name>
        <value>150</value>
      </attribute>
      <attribute>
        <name>keyframe</name>
        <value>True</value>
      </attribute>
    </attributes>
  </object>
  <object>
    <name>vehicule</name>
    <occluded>0</occluded>
    <bndbox>
      <xmin>402.5764648437503</xmin>
      <ymin>1556.68017578125</ymin>
      <xmax>1177.4685302734374</xmax>
      <ymax>1961.295605468751</ymax>
    </bndbox>
    <attributes>
      <attribute>
        <name>track_id</name>
        <value>151</value>
      </attribute>
      <attribute>
        <name>keyframe</name>
        <value>True</value>
      </attribute>
    </attributes>
  </object>
  <object>
    <name>vehicule</name>
    <occluded>0</occluded>
    <bndbox>
      <xmin>8.0888671875</xmin>
      <ymin>1103.8662109375</ymin>
      <xmax>456.23431396484375</xmax>
      <ymax>1415.0783386230469</ymax>
    </bndbox>
    <attributes>
      <attribute>
        <name>track_id</name>
        <value>152</value>
      </attribute>
      <attribute>
        <name>keyframe</name>
        <value>True</value>
      </attribute>
    </attributes>
  </object>
</annotation>
