<annotation>
  <folder>frame</folder>
  <filename>frame_002950.jpg</filename>
  <source>
    <database>Unknown</database>
    <annotation>Unknown</annotation>
    <image>Unknown</image>
  </source>
  <size>
    <width>2456</width>
    <height>2054</height>
    <depth>3</depth>
  </size>
  <segmented>0</segmented>
  <object>
    <name>vehicule</name>
    <occluded>0</occluded>
    <bndbox>
      <xmin>647.009765625</xmin>
      <ymin>670.6689453125</ymin>
      <xmax>830.9224609375015</xmax>
      <ymax>922.740896606445</ymax>
    </bndbox>
    <attributes>
      <attribute>
        <name>track_id</name>
        <value>293</value>
      </attribute>
      <attribute>
        <name>keyframe</name>
        <value>True</value>
      </attribute>
    </attributes>
  </object>
  <object>
    <name>vehicule</name>
    <occluded>0</occluded>
    <bndbox>
      <xmin>1645.9736328125</xmin>
      <ymin>728.2392578125</ymin>
      <xmax>2113.083978271483</xmax>
      <ymax>1059.6750610351555</ymax>
    </bndbox>
    <attributes>
      <attribute>
        <name>track_id</name>
        <value>295</value>
      </attribute>
      <attribute>
        <name>keyframe</name>
        <value>True</value>
      </attribute>
    </attributes>
  </object>
  <object>
    <name>vehicule</name>
    <occluded>0</occluded>
    <bndbox>
      <xmin>1270.081840945513</xmin>
      <ymin>597.0115134214744</ymin>
      <xmax>1605.9408334585337</xmax>
      <ymax>967.0335755959535</ymax>
    </bndbox>
    <attributes>
      <attribute>
        <name>track_id</name>
        <value>296</value>
      </attribute>
      <attribute>
        <name>keyframe</name>
        <value>True</value>
      </attribute>
    </attributes>
  </object>
  <object>
    <name>vehicule</name>
    <occluded>0</occluded>
    <bndbox>
      <xmin>1938.984375</xmin>
      <ymin>953.8154296875</ymin>
      <xmax>2456.0</xmax>
      <ymax>1283.7793029785153</ymax>
    </bndbox>
    <attributes>
      <attribute>
        <name>track_id</name>
        <value>297</value>
      </attribute>
      <attribute>
        <name>keyframe</name>
        <value>True</value>
      </attribute>
    </attributes>
  </object>
  <object>
    <name>vehicule</name>
    <occluded>0</occluded>
    <bndbox>
      <xmin>902.4798473011364</xmin>
      <ymin>458.03579545454636</ymin>
      <xmax>1176.6249644886377</xmax>
      <ymax>820.6104048295449</ymax>
    </bndbox>
    <attributes>
      <attribute>
        <name>track_id</name>
        <value>302</value>
      </attribute>
      <attribute>
        <name>keyframe</name>
        <value>True</value>
      </attribute>
    </attributes>
  </object>
  <object>
    <name>vehicule</name>
    <occluded>0</occluded>
    <bndbox>
      <xmin>1736.507421875</xmin>
      <ymin>1204.716015625</ymin>
      <xmax>2349.2440258789056</xmax>
      <ymax>1537.6875061035141</ymax>
    </bndbox>
    <attributes>
      <attribute>
        <name>track_id</name>
        <value>303</value>
      </attribute>
      <attribute>
        <name>keyframe</name>
        <value>True</value>
      </attribute>
    </attributes>
  </object>
  <object>
    <name>vehicule</name>
    <occluded>0</occluded>
    <bndbox>
      <xmin>0.0</xmin>
      <ymin>329.8701171875</ymin>
      <xmax>295.6486328125011</xmax>
      <ymax>589.7448913574208</ymax>
    </bndbox>
    <attributes>
      <attribute>
        <name>track_id</name>
        <value>304</value>
      </attribute>
      <attribute>
        <name>keyframe</name>
        <value>True</value>
      </attribute>
    </attributes>
  </object>
  <object>
    <name>vehicule</name>
    <occluded>0</occluded>
    <bndbox>
      <xmin>531.373291015625</xmin>
      <ymin>1233.5540039062503</ymin>
      <xmax>1171.702812194824</xmax>
      <ymax>1548.2770500183099</ymax>
    </bndbox>
    <attributes>
      <attribute>
        <name>track_id</name>
        <value>305</value>
      </attribute>
      <attribute>
        <name>keyframe</name>
        <value>True</value>
      </attribute>
    </attributes>
  </object>
  <object>
    <name>vehicule</name>
    <occluded>0</occluded>
    <bndbox>
      <xmin>853.8582763671877</xmin>
      <ymin>1471.6663818359375</ymin>
      <xmax>1641.2892822265624</xmax>
      <ymax>1876.1821899414062</ymax>
    </bndbox>
    <attributes>
      <attribute>
        <name>track_id</name>
        <value>306</value>
      </attribute>
      <attribute>
        <name>keyframe</name>
        <value>True</value>
      </attribute>
    </attributes>
  </object>
  <object>
    <name>vehicule</name>
    <occluded>0</occluded>
    <bndbox>
      <xmin>1205.479119318182</xmin>
      <ymin>74.82963423295455</ymin>
      <xmax>1485.8933216441762</xmax>
      <ymax>306.8092573686084</ymax>
    </bndbox>
    <attributes>
      <attribute>
        <name>track_id</name>
        <value>307</value>
      </attribute>
      <attribute>
        <name>keyframe</name>
        <value>True</value>
      </attribute>
    </attributes>
  </object>
  <object>
    <name>vehicule</name>
    <occluded>0</occluded>
    <bndbox>
      <xmin>925.54296875</xmin>
      <ymin>10.88916015625</ymin>
      <xmax>1237.0663146972656</xmax>
      <ymax>150.9346160888672</ymax>
    </bndbox>
    <attributes>
      <attribute>
        <name>track_id</name>
        <value>308</value>
      </attribute>
      <attribute>
        <name>keyframe</name>
        <value>True</value>
      </attribute>
    </attributes>
  </object>
  <object>
    <name>vehicule</name>
    <occluded>0</occluded>
    <bndbox>
      <xmin>0.0</xmin>
      <ymin>1168.5986328125</ymin>
      <xmax>429.46875</xmax>
      <ymax>1454.9137878417969</ymax>
    </bndbox>
    <attributes>
      <attribute>
        <name>track_id</name>
        <value>309</value>
      </attribute>
      <attribute>
        <name>keyframe</name>
        <value>True</value>
      </attribute>
    </attributes>
  </object>
</annotation>
