<annotation>
  <folder>frame</folder>
  <filename>frame_001428.jpg</filename>
  <source>
    <database>Unknown</database>
    <annotation>Unknown</annotation>
    <image>Unknown</image>
  </source>
  <size>
    <width>2456</width>
    <height>2054</height>
    <depth>3</depth>
  </size>
  <segmented>0</segmented>
  <object>
    <name>vehicule</name>
    <occluded>0</occluded>
    <bndbox>
      <xmin>1063.1170731707323</xmin>
      <ymin>1044.014219702744</ymin>
      <xmax>1541.0643891125192</xmax>
      <ymax>1408.6140243902432</ymax>
    </bndbox>
    <attributes>
      <attribute>
        <name>track_id</name>
        <value>46</value>
      </attribute>
      <attribute>
        <name>keyframe</name>
        <value>True</value>
      </attribute>
    </attributes>
  </object>
  <object>
    <name>vehicule</name>
    <occluded>0</occluded>
    <bndbox>
      <xmin>600.6854580965909</xmin>
      <ymin>1123.3466796875</ymin>
      <xmax>1051.9816067782313</xmax>
      <ymax>1421.5337890625015</ymax>
    </bndbox>
    <attributes>
      <attribute>
        <name>track_id</name>
        <value>48</value>
      </attribute>
      <attribute>
        <name>keyframe</name>
        <value>True</value>
      </attribute>
    </attributes>
  </object>
  <object>
    <name>vehicule</name>
    <occluded>0</occluded>
    <bndbox>
      <xmin>203.5302734375</xmin>
      <ymin>936.9046875</ymin>
      <xmax>592.5982727050778</xmax>
      <ymax>1198.8424194335926</ymax>
    </bndbox>
    <attributes>
      <attribute>
        <name>track_id</name>
        <value>50</value>
      </attribute>
      <attribute>
        <name>keyframe</name>
        <value>True</value>
      </attribute>
    </attributes>
  </object>
  <object>
    <name>vehicule</name>
    <occluded>0</occluded>
    <bndbox>
      <xmin>1116.0923685213415</xmin>
      <ymin>972.087723894817</ymin>
      <xmax>1634.7800821443884</xmax>
      <ymax>1223.682279558879</ymax>
    </bndbox>
    <attributes>
      <attribute>
        <name>track_id</name>
        <value>56</value>
      </attribute>
      <attribute>
        <name>keyframe</name>
        <value>True</value>
      </attribute>
    </attributes>
  </object>
  <object>
    <name>vehicule</name>
    <occluded>0</occluded>
    <bndbox>
      <xmin>693.8608276801601</xmin>
      <ymin>855.7356052602313</ymin>
      <xmax>1106.3130188422688</xmax>
      <ymax>1102.165665074684</ymax>
    </bndbox>
    <attributes>
      <attribute>
        <name>track_id</name>
        <value>58</value>
      </attribute>
      <attribute>
        <name>keyframe</name>
        <value>True</value>
      </attribute>
    </attributes>
  </object>
  <object>
    <name>vehicule</name>
    <occluded>0</occluded>
    <bndbox>
      <xmin>184.58746472329295</xmin>
      <ymin>817.275468061674</ymin>
      <xmax>563.2407301041519</xmax>
      <ymax>1040.7023081103084</ymax>
    </bndbox>
    <attributes>
      <attribute>
        <name>track_id</name>
        <value>60</value>
      </attribute>
      <attribute>
        <name>keyframe</name>
        <value>True</value>
      </attribute>
    </attributes>
  </object>
  <object>
    <name>vehicule</name>
    <occluded>0</occluded>
    <bndbox>
      <xmin>0.0</xmin>
      <ymin>690.6097978227074</ymin>
      <xmax>317.4857661839036</xmax>
      <ymax>894.0157036432768</ymax>
    </bndbox>
    <attributes>
      <attribute>
        <name>track_id</name>
        <value>63</value>
      </attribute>
      <attribute>
        <name>keyframe</name>
        <value>True</value>
      </attribute>
    </attributes>
  </object>
  <object>
    <name>vehicule</name>
    <occluded>0</occluded>
    <bndbox>
      <xmin>574.0187500000011</xmin>
      <ymin>555.6269042968754</ymin>
      <xmax>920.0166339874268</xmax>
      <ymax>736.4313493728635</ymax>
    </bndbox>
    <attributes>
      <attribute>
        <name>track_id</name>
        <value>112</value>
      </attribute>
      <attribute>
        <name>keyframe</name>
        <value>True</value>
      </attribute>
    </attributes>
  </object>
  <object>
    <name>vehicule</name>
    <occluded>0</occluded>
    <bndbox>
      <xmin>1596.7727929687508</xmin>
      <ymin>737.56279296875</ymin>
      <xmax>1939.885028076172</xmax>
      <ymax>970.9775451660155</ymax>
    </bndbox>
    <attributes>
      <attribute>
        <name>track_id</name>
        <value>113</value>
      </attribute>
      <attribute>
        <name>keyframe</name>
        <value>True</value>
      </attribute>
    </attributes>
  </object>
  <object>
    <name>vehicule</name>
    <occluded>0</occluded>
    <bndbox>
      <xmin>413.4666666666677</xmin>
      <ymin>1273.5671223958343</ymin>
      <xmax>900.7828776041666</xmax>
      <ymax>1615.3024454752601</ymax>
    </bndbox>
    <attributes>
      <attribute>
        <name>track_id</name>
        <value>114</value>
      </attribute>
      <attribute>
        <name>keyframe</name>
        <value>True</value>
      </attribute>
    </attributes>
  </object>
</annotation>
