<annotation>
  <folder>frame</folder>
  <filename>frame_003001.jpg</filename>
  <source>
    <database>Unknown</database>
    <annotation>Unknown</annotation>
    <image>Unknown</image>
  </source>
  <size>
    <width>2456</width>
    <height>2054</height>
    <depth>3</depth>
  </size>
  <segmented>0</segmented>
  <object>
    <name>vehicule</name>
    <occluded>0</occluded>
    <bndbox>
      <xmin>647.009765625</xmin>
      <ymin>670.6689453125</ymin>
      <xmax>830.9224609375015</xmax>
      <ymax>922.740896606445</ymax>
    </bndbox>
    <attributes>
      <attribute>
        <name>track_id</name>
        <value>293</value>
      </attribute>
      <attribute>
        <name>keyframe</name>
        <value>True</value>
      </attribute>
    </attributes>
  </object>
  <object>
    <name>vehicule</name>
    <occluded>0</occluded>
    <bndbox>
      <xmin>1645.9736328125</xmin>
      <ymin>728.2392578125</ymin>
      <xmax>2113.083978271483</xmax>
      <ymax>1059.6750610351555</ymax>
    </bndbox>
    <attributes>
      <attribute>
        <name>track_id</name>
        <value>295</value>
      </attribute>
      <attribute>
        <name>keyframe</name>
        <value>True</value>
      </attribute>
    </attributes>
  </object>
  <object>
    <name>vehicule</name>
    <occluded>0</occluded>
    <bndbox>
      <xmin>1272.9000000000015</xmin>
      <ymin>633.3000000000011</ymin>
      <xmax>1633.8691711425781</xmax>
      <ymax>1000.5489501953125</ymax>
    </bndbox>
    <attributes>
      <attribute>
        <name>track_id</name>
        <value>296</value>
      </attribute>
      <attribute>
        <name>keyframe</name>
        <value>True</value>
      </attribute>
    </attributes>
  </object>
  <object>
    <name>vehicule</name>
    <occluded>0</occluded>
    <bndbox>
      <xmin>964.4000000000015</xmin>
      <ymin>600.6000000000004</ymin>
      <xmax>1263.4810485839844</xmax>
      <ymax>1003.6595764160156</ymax>
    </bndbox>
    <attributes>
      <attribute>
        <name>track_id</name>
        <value>302</value>
      </attribute>
      <attribute>
        <name>keyframe</name>
        <value>True</value>
      </attribute>
    </attributes>
  </object>
  <object>
    <name>vehicule</name>
    <occluded>0</occluded>
    <bndbox>
      <xmin>1348.796191406251</xmin>
      <ymin>442.58967285156314</ymin>
      <xmax>1698.4364601135253</xmax>
      <ymax>746.8830245971678</ymax>
    </bndbox>
    <attributes>
      <attribute>
        <name>track_id</name>
        <value>307</value>
      </attribute>
      <attribute>
        <name>keyframe</name>
        <value>True</value>
      </attribute>
    </attributes>
  </object>
  <object>
    <name>vehicule</name>
    <occluded>0</occluded>
    <bndbox>
      <xmin>796.4658203125</xmin>
      <ymin>353.2060546875</ymin>
      <xmax>1017.6958923339844</xmax>
      <ymax>667.5791198730458</ymax>
    </bndbox>
    <attributes>
      <attribute>
        <name>track_id</name>
        <value>308</value>
      </attribute>
      <attribute>
        <name>keyframe</name>
        <value>True</value>
      </attribute>
    </attributes>
  </object>
  <object>
    <name>vehicule</name>
    <occluded>0</occluded>
    <bndbox>
      <xmin>1064.05078125</xmin>
      <ymin>314.3037109375</ymin>
      <xmax>1294.6287078857422</xmax>
      <ymax>567.9626159667969</ymax>
    </bndbox>
    <attributes>
      <attribute>
        <name>track_id</name>
        <value>310</value>
      </attribute>
      <attribute>
        <name>keyframe</name>
        <value>True</value>
      </attribute>
    </attributes>
  </object>
  <object>
    <name>vehicule</name>
    <occluded>0</occluded>
    <bndbox>
      <xmin>563.3173828125</xmin>
      <ymin>164.90000000000146</ymin>
      <xmax>855.8181640625007</xmax>
      <ymax>459.03700256347656</ymax>
    </bndbox>
    <attributes>
      <attribute>
        <name>track_id</name>
        <value>312</value>
      </attribute>
      <attribute>
        <name>keyframe</name>
        <value>True</value>
      </attribute>
    </attributes>
  </object>
  <object>
    <name>vehicule</name>
    <occluded>0</occluded>
    <bndbox>
      <xmin>2137.939453125</xmin>
      <ymin>1069.0087890625</ymin>
      <xmax>2449.800000000001</xmax>
      <ymax>1389.5369140625007</ymax>
    </bndbox>
    <attributes>
      <attribute>
        <name>track_id</name>
        <value>314</value>
      </attribute>
      <attribute>
        <name>keyframe</name>
        <value>True</value>
      </attribute>
    </attributes>
  </object>
  <object>
    <name>vehicule</name>
    <occluded>0</occluded>
    <bndbox>
      <xmin>1089.240234375</xmin>
      <ymin>108.888671875</ymin>
      <xmax>1406.6766052246094</xmax>
      <ymax>312.7675048828114</ymax>
    </bndbox>
    <attributes>
      <attribute>
        <name>track_id</name>
        <value>316</value>
      </attribute>
      <attribute>
        <name>keyframe</name>
        <value>True</value>
      </attribute>
    </attributes>
  </object>
  <object>
    <name>vehicule</name>
    <occluded>0</occluded>
    <bndbox>
      <xmin>834.08203125</xmin>
      <ymin>1641.6000000000004</ymin>
      <xmax>1633.8600585937493</xmax>
      <ymax>1977.7506408691406</ymax>
    </bndbox>
    <attributes>
      <attribute>
        <name>track_id</name>
        <value>318</value>
      </attribute>
      <attribute>
        <name>keyframe</name>
        <value>True</value>
      </attribute>
    </attributes>
  </object>
  <object>
    <name>vehicule</name>
    <occluded>0</occluded>
    <bndbox>
      <xmin>746.939453125</xmin>
      <ymin>1349.0517578125</ymin>
      <xmax>1447.1329223632802</xmax>
      <ymax>1703.8837585449219</ymax>
    </bndbox>
    <attributes>
      <attribute>
        <name>track_id</name>
        <value>319</value>
      </attribute>
      <attribute>
        <name>keyframe</name>
        <value>True</value>
      </attribute>
    </attributes>
  </object>
  <object>
    <name>vehicule</name>
    <occluded>0</occluded>
    <bndbox>
      <xmin>249.0</xmin>
      <ymin>1025.4000000000015</ymin>
      <xmax>946.0945434570312</xmax>
      <ymax>1408.2311706542969</ymax>
    </bndbox>
    <attributes>
      <attribute>
        <name>track_id</name>
        <value>320</value>
      </attribute>
      <attribute>
        <name>keyframe</name>
        <value>True</value>
      </attribute>
    </attributes>
  </object>
</annotation>
