<annotation>
  <folder>frame</folder>
  <filename>frame_001712.jpg</filename>
  <source>
    <database>Unknown</database>
    <annotation>Unknown</annotation>
    <image>Unknown</image>
  </source>
  <size>
    <width>2456</width>
    <height>2054</height>
    <depth>3</depth>
  </size>
  <segmented>0</segmented>
  <object>
    <name>vehicule</name>
    <occluded>0</occluded>
    <bndbox>
      <xmin>1205.0333496093756</xmin>
      <ymin>345.4706298828137</ymin>
      <xmax>1520.445742034912</xmax>
      <ymax>661.8054176330564</ymax>
    </bndbox>
    <attributes>
      <attribute>
        <name>track_id</name>
        <value>139</value>
      </attribute>
      <attribute>
        <name>keyframe</name>
        <value>True</value>
      </attribute>
    </attributes>
  </object>
  <object>
    <name>vehicule</name>
    <occluded>0</occluded>
    <bndbox>
      <xmin>1121.6564127604167</xmin>
      <ymin>135.35302734375122</ymin>
      <xmax>1269.7415110270183</xmax>
      <ymax>304.9842163085935</ymax>
    </bndbox>
    <attributes>
      <attribute>
        <name>track_id</name>
        <value>142</value>
      </attribute>
      <attribute>
        <name>keyframe</name>
        <value>True</value>
      </attribute>
    </attributes>
  </object>
  <object>
    <name>vehicule</name>
    <occluded>0</occluded>
    <bndbox>
      <xmin>1435.7452148437505</xmin>
      <ymin>1184.1319335937505</ymin>
      <xmax>2101.1969238281245</xmax>
      <ymax>1549.832055664062</ymax>
    </bndbox>
    <attributes>
      <attribute>
        <name>track_id</name>
        <value>143</value>
      </attribute>
      <attribute>
        <name>keyframe</name>
        <value>True</value>
      </attribute>
    </attributes>
  </object>
  <object>
    <name>vehicule</name>
    <occluded>0</occluded>
    <bndbox>
      <xmin>1266.5996484375005</xmin>
      <ymin>1616.2002734375005</ymin>
      <xmax>2053.473876953125</xmax>
      <ymax>1974.166304321289</ymax>
    </bndbox>
    <attributes>
      <attribute>
        <name>track_id</name>
        <value>144</value>
      </attribute>
      <attribute>
        <name>keyframe</name>
        <value>True</value>
      </attribute>
    </attributes>
  </object>
  <object>
    <name>vehicule</name>
    <occluded>0</occluded>
    <bndbox>
      <xmin>277.5600000000006</xmin>
      <ymin>1126.2800000000002</ymin>
      <xmax>980.3144226074219</xmax>
      <ymax>1456.1591247558595</ymax>
    </bndbox>
    <attributes>
      <attribute>
        <name>track_id</name>
        <value>145</value>
      </attribute>
      <attribute>
        <name>keyframe</name>
        <value>True</value>
      </attribute>
    </attributes>
  </object>
  <object>
    <name>vehicule</name>
    <occluded>0</occluded>
    <bndbox>
      <xmin>147.522265625</xmin>
      <ymin>1516.5365234375</ymin>
      <xmax>822.2193359375001</xmax>
      <ymax>1947.8740966796875</ymax>
    </bndbox>
    <attributes>
      <attribute>
        <name>track_id</name>
        <value>146</value>
      </attribute>
      <attribute>
        <name>keyframe</name>
        <value>True</value>
      </attribute>
    </attributes>
  </object>
  <object>
    <name>vehicule</name>
    <occluded>0</occluded>
    <bndbox>
      <xmin>626.778125</xmin>
      <ymin>31.12109375</ymin>
      <xmax>956.6629821777344</xmax>
      <ymax>229.36056518554688</ymax>
    </bndbox>
    <attributes>
      <attribute>
        <name>track_id</name>
        <value>147</value>
      </attribute>
      <attribute>
        <name>keyframe</name>
        <value>True</value>
      </attribute>
    </attributes>
  </object>
  <object>
    <name>vehicule</name>
    <occluded>0</occluded>
    <bndbox>
      <xmin>952.9155468750007</xmin>
      <ymin>46.989453125</ymin>
      <xmax>1267.252601318359</xmax>
      <ymax>248.0473126220706</ymax>
    </bndbox>
    <attributes>
      <attribute>
        <name>track_id</name>
        <value>148</value>
      </attribute>
      <attribute>
        <name>keyframe</name>
        <value>True</value>
      </attribute>
    </attributes>
  </object>
</annotation>
