<annotation>
  <folder>frame</folder>
  <filename>frame_002986.jpg</filename>
  <source>
    <database>Unknown</database>
    <annotation>Unknown</annotation>
    <image>Unknown</image>
  </source>
  <size>
    <width>2456</width>
    <height>2054</height>
    <depth>3</depth>
  </size>
  <segmented>0</segmented>
  <object>
    <name>vehicule</name>
    <occluded>0</occluded>
    <bndbox>
      <xmin>647.009765625</xmin>
      <ymin>670.6689453125</ymin>
      <xmax>830.9224609375015</xmax>
      <ymax>922.740896606445</ymax>
    </bndbox>
    <attributes>
      <attribute>
        <name>track_id</name>
        <value>293</value>
      </attribute>
      <attribute>
        <name>keyframe</name>
        <value>True</value>
      </attribute>
    </attributes>
  </object>
  <object>
    <name>vehicule</name>
    <occluded>0</occluded>
    <bndbox>
      <xmin>1645.9736328125</xmin>
      <ymin>728.2392578125</ymin>
      <xmax>2113.083978271483</xmax>
      <ymax>1059.6750610351555</ymax>
    </bndbox>
    <attributes>
      <attribute>
        <name>track_id</name>
        <value>295</value>
      </attribute>
      <attribute>
        <name>keyframe</name>
        <value>True</value>
      </attribute>
    </attributes>
  </object>
  <object>
    <name>vehicule</name>
    <occluded>0</occluded>
    <bndbox>
      <xmin>1272.9000000000015</xmin>
      <ymin>633.3000000000011</ymin>
      <xmax>1633.8691711425781</xmax>
      <ymax>1000.5489501953125</ymax>
    </bndbox>
    <attributes>
      <attribute>
        <name>track_id</name>
        <value>296</value>
      </attribute>
      <attribute>
        <name>keyframe</name>
        <value>True</value>
      </attribute>
    </attributes>
  </object>
  <object>
    <name>vehicule</name>
    <occluded>0</occluded>
    <bndbox>
      <xmin>964.4000000000015</xmin>
      <ymin>600.6000000000004</ymin>
      <xmax>1263.4810485839844</xmax>
      <ymax>1003.6595764160156</ymax>
    </bndbox>
    <attributes>
      <attribute>
        <name>track_id</name>
        <value>302</value>
      </attribute>
      <attribute>
        <name>keyframe</name>
        <value>True</value>
      </attribute>
    </attributes>
  </object>
  <object>
    <name>vehicule</name>
    <occluded>0</occluded>
    <bndbox>
      <xmin>1278.7771484375003</xmin>
      <ymin>392.0380371093752</ymin>
      <xmax>1632.303636169433</xmax>
      <ymax>692.4201263427726</ymax>
    </bndbox>
    <attributes>
      <attribute>
        <name>track_id</name>
        <value>307</value>
      </attribute>
      <attribute>
        <name>keyframe</name>
        <value>True</value>
      </attribute>
    </attributes>
  </object>
  <object>
    <name>vehicule</name>
    <occluded>0</occluded>
    <bndbox>
      <xmin>763.0627604166667</xmin>
      <ymin>289.5136458333343</ymin>
      <xmax>984.2928324381511</xmax>
      <ymax>598.4899898274741</ymax>
    </bndbox>
    <attributes>
      <attribute>
        <name>track_id</name>
        <value>308</value>
      </attribute>
      <attribute>
        <name>keyframe</name>
        <value>True</value>
      </attribute>
    </attributes>
  </object>
  <object>
    <name>vehicule</name>
    <occluded>0</occluded>
    <bndbox>
      <xmin>1067.1630859375</xmin>
      <ymin>219.375</ymin>
      <xmax>1297.7410125732422</xmax>
      <ymax>464.48376083374023</ymax>
    </bndbox>
    <attributes>
      <attribute>
        <name>track_id</name>
        <value>310</value>
      </attribute>
      <attribute>
        <name>keyframe</name>
        <value>True</value>
      </attribute>
    </attributes>
  </object>
  <object>
    <name>vehicule</name>
    <occluded>0</occluded>
    <bndbox>
      <xmin>738.3744140625004</xmin>
      <ymin>67.67524414062609</ymin>
      <xmax>1025.4373001098638</xmax>
      <ymax>284.75828552246094</ymax>
    </bndbox>
    <attributes>
      <attribute>
        <name>track_id</name>
        <value>312</value>
      </attribute>
      <attribute>
        <name>keyframe</name>
        <value>True</value>
      </attribute>
    </attributes>
  </object>
  <object>
    <name>vehicule</name>
    <occluded>0</occluded>
    <bndbox>
      <xmin>1357.9222656250004</xmin>
      <ymin>1652.061653645834</ymin>
      <xmax>2178.466548665365</xmax>
      <ymax>1985.013393147786</ymax>
    </bndbox>
    <attributes>
      <attribute>
        <name>track_id</name>
        <value>313</value>
      </attribute>
      <attribute>
        <name>keyframe</name>
        <value>True</value>
      </attribute>
    </attributes>
  </object>
  <object>
    <name>vehicule</name>
    <occluded>0</occluded>
    <bndbox>
      <xmin>904.01904296875</xmin>
      <ymin>1071.0847981770833</ymin>
      <xmax>1579.3985229492173</xmax>
      <ymax>1369.8564778645843</ymax>
    </bndbox>
    <attributes>
      <attribute>
        <name>track_id</name>
        <value>314</value>
      </attribute>
      <attribute>
        <name>keyframe</name>
        <value>True</value>
      </attribute>
    </attributes>
  </object>
  <object>
    <name>vehicule</name>
    <occluded>0</occluded>
    <bndbox>
      <xmin>945.0480143229166</xmin>
      <ymin>1347.0279947916667</ymin>
      <xmax>1679.5051188151035</xmax>
      <ymax>1661.3522440592449</ymax>
    </bndbox>
    <attributes>
      <attribute>
        <name>track_id</name>
        <value>315</value>
      </attribute>
      <attribute>
        <name>keyframe</name>
        <value>True</value>
      </attribute>
    </attributes>
  </object>
  <object>
    <name>vehicule</name>
    <occluded>0</occluded>
    <bndbox>
      <xmin>1241.734375</xmin>
      <ymin>8.525000000001</ymin>
      <xmax>1559.1707458496094</xmax>
      <ymax>199.95222091674805</ymax>
    </bndbox>
    <attributes>
      <attribute>
        <name>track_id</name>
        <value>316</value>
      </attribute>
      <attribute>
        <name>keyframe</name>
        <value>True</value>
      </attribute>
    </attributes>
  </object>
  <object>
    <name>vehicule</name>
    <occluded>0</occluded>
    <bndbox>
      <xmin>485.1800130208333</xmin>
      <ymin>60.682031250000364</ymin>
      <xmax>806.0357177734373</xmax>
      <ymax>268.1739451090495</ymax>
    </bndbox>
    <attributes>
      <attribute>
        <name>track_id</name>
        <value>317</value>
      </attribute>
      <attribute>
        <name>keyframe</name>
        <value>True</value>
      </attribute>
    </attributes>
  </object>
</annotation>
