<annotation>
  <folder>frame</folder>
  <filename>frame_002404.jpg</filename>
  <source>
    <database>Unknown</database>
    <annotation>Unknown</annotation>
    <image>Unknown</image>
  </source>
  <size>
    <width>2456</width>
    <height>2054</height>
    <depth>3</depth>
  </size>
  <segmented>0</segmented>
  <object>
    <name>vehicule</name>
    <occluded>0</occluded>
    <bndbox>
      <xmin>1332.4556039663462</xmin>
      <ymin>1593.236553485577</ymin>
      <xmax>2104.2685434194705</xmax>
      <ymax>1969.8503108097946</ymax>
    </bndbox>
    <attributes>
      <attribute>
        <name>track_id</name>
        <value>231</value>
      </attribute>
      <attribute>
        <name>keyframe</name>
        <value>True</value>
      </attribute>
    </attributes>
  </object>
  <object>
    <name>vehicule</name>
    <occluded>0</occluded>
    <bndbox>
      <xmin>2017.5</xmin>
      <ymin>764.39453125</ymin>
      <xmax>2455.2000122070312</xmax>
      <ymax>1131.5795593261719</ymax>
    </bndbox>
    <attributes>
      <attribute>
        <name>track_id</name>
        <value>237</value>
      </attribute>
      <attribute>
        <name>keyframe</name>
        <value>True</value>
      </attribute>
    </attributes>
  </object>
  <object>
    <name>vehicule</name>
    <occluded>0</occluded>
    <bndbox>
      <xmin>1705.1000000000004</xmin>
      <ymin>956.95703125</ymin>
      <xmax>2362.0597534179688</xmax>
      <ymax>1389.5578796386708</ymax>
    </bndbox>
    <attributes>
      <attribute>
        <name>track_id</name>
        <value>238</value>
      </attribute>
      <attribute>
        <name>keyframe</name>
        <value>True</value>
      </attribute>
    </attributes>
  </object>
  <object>
    <name>vehicule</name>
    <occluded>0</occluded>
    <bndbox>
      <xmin>301.32412662146226</xmin>
      <ymin>1574.4003169221698</ymin>
      <xmax>1085.600322910524</xmax>
      <ymax>1978.982647244434</ymax>
    </bndbox>
    <attributes>
      <attribute>
        <name>track_id</name>
        <value>239</value>
      </attribute>
      <attribute>
        <name>keyframe</name>
        <value>True</value>
      </attribute>
    </attributes>
  </object>
  <object>
    <name>vehicule</name>
    <occluded>0</occluded>
    <bndbox>
      <xmin>1266.300000000001</xmin>
      <ymin>392.1162109375</ymin>
      <xmax>1627.6362762451172</xmax>
      <ymax>732.9028015136719</ymax>
    </bndbox>
    <attributes>
      <attribute>
        <name>track_id</name>
        <value>240</value>
      </attribute>
      <attribute>
        <name>keyframe</name>
        <value>True</value>
      </attribute>
    </attributes>
  </object>
  <object>
    <name>vehicule</name>
    <occluded>0</occluded>
    <bndbox>
      <xmin>1092.041796875</xmin>
      <ymin>136.2754687500004</ymin>
      <xmax>1303.9772369384766</xmax>
      <ymax>371.27415954589776</ymax>
    </bndbox>
    <attributes>
      <attribute>
        <name>track_id</name>
        <value>241</value>
      </attribute>
      <attribute>
        <name>keyframe</name>
        <value>True</value>
      </attribute>
    </attributes>
  </object>
</annotation>
