<annotation>
  <folder>frame</folder>
  <filename>frame_000994.jpg</filename>
  <source>
    <database>Unknown</database>
    <annotation>Unknown</annotation>
    <image>Unknown</image>
  </source>
  <size>
    <width>2456</width>
    <height>2054</height>
    <depth>3</depth>
  </size>
  <segmented>0</segmented>
  <object>
    <name>vehicule</name>
    <occluded>0</occluded>
    <bndbox>
      <xmin>570.5217312587781</xmin>
      <ymin>1114.554961815309</ymin>
      <xmax>1021.8178799404184</xmax>
      <ymax>1412.7420711903105</ymax>
    </bndbox>
    <attributes>
      <attribute>
        <name>track_id</name>
        <value>48</value>
      </attribute>
      <attribute>
        <name>keyframe</name>
        <value>True</value>
      </attribute>
    </attributes>
  </object>
  <object>
    <name>vehicule</name>
    <occluded>0</occluded>
    <bndbox>
      <xmin>200.31147065033784</xmin>
      <ymin>928.512890625</ymin>
      <xmax>589.3794699179156</xmax>
      <ymax>1190.4506225585926</ymax>
    </bndbox>
    <attributes>
      <attribute>
        <name>track_id</name>
        <value>50</value>
      </attribute>
      <attribute>
        <name>keyframe</name>
        <value>True</value>
      </attribute>
    </attributes>
  </object>
  <object>
    <name>vehicule</name>
    <occluded>0</occluded>
    <bndbox>
      <xmin>1090.435738357843</xmin>
      <ymin>977.5027382046569</ymin>
      <xmax>1609.12345198089</xmax>
      <ymax>1229.0972938687187</ymax>
    </bndbox>
    <attributes>
      <attribute>
        <name>track_id</name>
        <value>56</value>
      </attribute>
      <attribute>
        <name>keyframe</name>
        <value>True</value>
      </attribute>
    </attributes>
  </object>
  <object>
    <name>vehicule</name>
    <occluded>0</occluded>
    <bndbox>
      <xmin>627.9117647058831</xmin>
      <ymin>827.3289439994749</ymin>
      <xmax>1037.0013420040868</xmax>
      <ymax>1073.7590038139276</ymax>
    </bndbox>
    <attributes>
      <attribute>
        <name>track_id</name>
        <value>58</value>
      </attribute>
      <attribute>
        <name>keyframe</name>
        <value>True</value>
      </attribute>
    </attributes>
  </object>
  <object>
    <name>vehicule</name>
    <occluded>0</occluded>
    <bndbox>
      <xmin>137.48047420565644</xmin>
      <ymin>812.2227817300977</ymin>
      <xmax>516.1337395865154</xmax>
      <ymax>1006.6472537759951</ymax>
    </bndbox>
    <attributes>
      <attribute>
        <name>track_id</name>
        <value>60</value>
      </attribute>
      <attribute>
        <name>keyframe</name>
        <value>True</value>
      </attribute>
    </attributes>
  </object>
  <object>
    <name>vehicule</name>
    <occluded>0</occluded>
    <bndbox>
      <xmin>0.0</xmin>
      <ymin>674.8832037325045</ymin>
      <xmax>264.97194547045103</xmax>
      <ymax>869.5084231837911</ymax>
    </bndbox>
    <attributes>
      <attribute>
        <name>track_id</name>
        <value>63</value>
      </attribute>
      <attribute>
        <name>keyframe</name>
        <value>True</value>
      </attribute>
    </attributes>
  </object>
  <object>
    <name>vehicule</name>
    <occluded>0</occluded>
    <bndbox>
      <xmin>1599.1546875000004</xmin>
      <ymin>1709.1666666666672</ymin>
      <xmax>2258.935469563803</xmax>
      <ymax>2054.0</ymax>
    </bndbox>
    <attributes>
      <attribute>
        <name>track_id</name>
        <value>73</value>
      </attribute>
      <attribute>
        <name>keyframe</name>
        <value>True</value>
      </attribute>
    </attributes>
  </object>
  <object>
    <name>vehicule</name>
    <occluded>0</occluded>
    <bndbox>
      <xmin>767.3000000000011</xmin>
      <ymin>584.564453125</ymin>
      <xmax>1156.6431579589844</xmax>
      <ymax>786.8216644287095</ymax>
    </bndbox>
    <attributes>
      <attribute>
        <name>track_id</name>
        <value>74</value>
      </attribute>
      <attribute>
        <name>keyframe</name>
        <value>True</value>
      </attribute>
    </attributes>
  </object>
  <object>
    <name>vehicule</name>
    <occluded>0</occluded>
    <bndbox>
      <xmin>171.20000000000073</xmin>
      <ymin>1188.9000000000015</ymin>
      <xmax>625.0189514160156</xmax>
      <ymax>1510.3902587890625</ymax>
    </bndbox>
    <attributes>
      <attribute>
        <name>track_id</name>
        <value>75</value>
      </attribute>
      <attribute>
        <name>keyframe</name>
        <value>True</value>
      </attribute>
    </attributes>
  </object>
  <object>
    <name>vehicule</name>
    <occluded>0</occluded>
    <bndbox>
      <xmin>1846.2314453125</xmin>
      <ymin>856.8720703125</ymin>
      <xmax>2308.1761718750004</xmax>
      <ymax>1085.089624023436</ymax>
    </bndbox>
    <attributes>
      <attribute>
        <name>track_id</name>
        <value>76</value>
      </attribute>
      <attribute>
        <name>keyframe</name>
        <value>True</value>
      </attribute>
    </attributes>
  </object>
</annotation>
