<annotation>
  <folder>frame</folder>
  <filename>frame_002515.jpg</filename>
  <source>
    <database>Unknown</database>
    <annotation>Unknown</annotation>
    <image>Unknown</image>
  </source>
  <size>
    <width>2456</width>
    <height>2054</height>
    <depth>3</depth>
  </size>
  <segmented>0</segmented>
  <object>
    <name>vehicule</name>
    <occluded>0</occluded>
    <bndbox>
      <xmin>1617.5321044921875</xmin>
      <ymin>1130.47412109375</ymin>
      <xmax>1907.3385314941406</xmax>
      <ymax>1426.12485961914</ymax>
    </bndbox>
    <attributes>
      <attribute>
        <name>track_id</name>
        <value>248</value>
      </attribute>
      <attribute>
        <name>keyframe</name>
        <value>True</value>
      </attribute>
    </attributes>
  </object>
  <object>
    <name>vehicule</name>
    <occluded>0</occluded>
    <bndbox>
      <xmin>0.0</xmin>
      <ymin>228.23860677083334</ymin>
      <xmax>219.93326822916669</xmax>
      <ymax>476.6814107259118</ymax>
    </bndbox>
    <attributes>
      <attribute>
        <name>track_id</name>
        <value>252</value>
      </attribute>
      <attribute>
        <name>keyframe</name>
        <value>True</value>
      </attribute>
    </attributes>
  </object>
  <object>
    <name>vehicule</name>
    <occluded>0</occluded>
    <bndbox>
      <xmin>799.4970703125</xmin>
      <ymin>174.2998046875</ymin>
      <xmax>1151.5</xmax>
      <ymax>427.95683898925745</ymax>
    </bndbox>
    <attributes>
      <attribute>
        <name>track_id</name>
        <value>253</value>
      </attribute>
      <attribute>
        <name>keyframe</name>
        <value>True</value>
      </attribute>
    </attributes>
  </object>
  <object>
    <name>vehicule</name>
    <occluded>0</occluded>
    <bndbox>
      <xmin>832.48974609375</xmin>
      <ymin>27.985253906250364</ymin>
      <xmax>1131.2647460937515</xmax>
      <ymax>266.0846771240231</ymax>
    </bndbox>
    <attributes>
      <attribute>
        <name>track_id</name>
        <value>254</value>
      </attribute>
      <attribute>
        <name>keyframe</name>
        <value>True</value>
      </attribute>
    </attributes>
  </object>
  <object>
    <name>vehicule</name>
    <occluded>0</occluded>
    <bndbox>
      <xmin>1166.7314453125</xmin>
      <ymin>9.3369140625</ymin>
      <xmax>1468.9183959960938</xmax>
      <ymax>194.50437927246094</ymax>
    </bndbox>
    <attributes>
      <attribute>
        <name>track_id</name>
        <value>255</value>
      </attribute>
      <attribute>
        <name>keyframe</name>
        <value>True</value>
      </attribute>
    </attributes>
  </object>
  <object>
    <name>vehicule</name>
    <occluded>0</occluded>
    <bndbox>
      <xmin>14.53333333333406</xmin>
      <ymin>1652.0055338541667</ymin>
      <xmax>665.9915161132812</xmax>
      <ymax>2007.8450622558594</ymax>
    </bndbox>
    <attributes>
      <attribute>
        <name>track_id</name>
        <value>256</value>
      </attribute>
      <attribute>
        <name>keyframe</name>
        <value>True</value>
      </attribute>
    </attributes>
  </object>
  <object>
    <name>vehicule</name>
    <occluded>0</occluded>
    <bndbox>
      <xmin>647.318359375</xmin>
      <ymin>0.0</ymin>
      <xmax>942.9698791503906</xmax>
      <ymax>147.82286071777344</ymax>
    </bndbox>
    <attributes>
      <attribute>
        <name>track_id</name>
        <value>257</value>
      </attribute>
      <attribute>
        <name>keyframe</name>
        <value>True</value>
      </attribute>
    </attributes>
  </object>
</annotation>
