<annotation>
  <folder>frame</folder>
  <filename>frame_002646.jpg</filename>
  <source>
    <database>Unknown</database>
    <annotation>Unknown</annotation>
    <image>Unknown</image>
  </source>
  <size>
    <width>2456</width>
    <height>2054</height>
    <depth>3</depth>
  </size>
  <segmented>0</segmented>
  <object>
    <name>vehicule</name>
    <occluded>0</occluded>
    <bndbox>
      <xmin>7.228578629032258</xmin>
      <ymin>883.6885395665323</ymin>
      <xmax>277.5896926387664</xmax>
      <ymax>1172.1131770964594</ymax>
    </bndbox>
    <attributes>
      <attribute>
        <name>track_id</name>
        <value>270</value>
      </attribute>
      <attribute>
        <name>keyframe</name>
        <value>True</value>
      </attribute>
    </attributes>
  </object>
  <object>
    <name>vehicule</name>
    <occluded>0</occluded>
    <bndbox>
      <xmin>432.2705078125</xmin>
      <ymin>256.8000000000011</ymin>
      <xmax>802.9000000000015</xmax>
      <ymax>533.7212829589844</ymax>
    </bndbox>
    <attributes>
      <attribute>
        <name>track_id</name>
        <value>271</value>
      </attribute>
      <attribute>
        <name>keyframe</name>
        <value>True</value>
      </attribute>
    </attributes>
  </object>
  <object>
    <name>vehicule</name>
    <occluded>0</occluded>
    <bndbox>
      <xmin>0.0</xmin>
      <ymin>234.8671875</ymin>
      <xmax>385.8513671875007</xmax>
      <ymax>477.707772827147</ymax>
    </bndbox>
    <attributes>
      <attribute>
        <name>track_id</name>
        <value>272</value>
      </attribute>
      <attribute>
        <name>keyframe</name>
        <value>True</value>
      </attribute>
    </attributes>
  </object>
  <object>
    <name>vehicule</name>
    <occluded>0</occluded>
    <bndbox>
      <xmin>1475.1201171875</xmin>
      <ymin>1601.1611328125</ymin>
      <xmax>2257.9000000000015</xmax>
      <ymax>1968.4000000000015</ymax>
    </bndbox>
    <attributes>
      <attribute>
        <name>track_id</name>
        <value>273</value>
      </attribute>
      <attribute>
        <name>keyframe</name>
        <value>True</value>
      </attribute>
    </attributes>
  </object>
</annotation>
