<annotation>
  <folder>frame</folder>
  <filename>frame_002877.jpg</filename>
  <source>
    <database>Unknown</database>
    <annotation>Unknown</annotation>
    <image>Unknown</image>
  </source>
  <size>
    <width>2456</width>
    <height>2054</height>
    <depth>3</depth>
  </size>
  <segmented>0</segmented>
  <object>
    <name>vehicule</name>
    <occluded>0</occluded>
    <bndbox>
      <xmin>1962.7037760416667</xmin>
      <ymin>997.4267578125</ymin>
      <xmax>2455.6399088541657</xmax>
      <ymax>1327.3149780273434</ymax>
    </bndbox>
    <attributes>
      <attribute>
        <name>track_id</name>
        <value>291</value>
      </attribute>
      <attribute>
        <name>keyframe</name>
        <value>True</value>
      </attribute>
    </attributes>
  </object>
  <object>
    <name>vehicule</name>
    <occluded>0</occluded>
    <bndbox>
      <xmin>1823.6578776041667</xmin>
      <ymin>1297.2330729166667</ymin>
      <xmax>2456.0</xmax>
      <ymax>1695.5463541666675</ymax>
    </bndbox>
    <attributes>
      <attribute>
        <name>track_id</name>
        <value>292</value>
      </attribute>
      <attribute>
        <name>keyframe</name>
        <value>True</value>
      </attribute>
    </attributes>
  </object>
  <object>
    <name>vehicule</name>
    <occluded>0</occluded>
    <bndbox>
      <xmin>681.2421875</xmin>
      <ymin>348.943603515625</ymin>
      <xmax>865.1548828125015</xmax>
      <ymax>557.4540531158441</ymax>
    </bndbox>
    <attributes>
      <attribute>
        <name>track_id</name>
        <value>293</value>
      </attribute>
      <attribute>
        <name>keyframe</name>
        <value>True</value>
      </attribute>
    </attributes>
  </object>
  <object>
    <name>vehicule</name>
    <occluded>0</occluded>
    <bndbox>
      <xmin>770.983154296875</xmin>
      <ymin>1628.4098144531258</ymin>
      <xmax>1545.944470214843</xmax>
      <ymax>1986.3080871582029</ymax>
    </bndbox>
    <attributes>
      <attribute>
        <name>track_id</name>
        <value>294</value>
      </attribute>
      <attribute>
        <name>keyframe</name>
        <value>True</value>
      </attribute>
    </attributes>
  </object>
  <object>
    <name>vehicule</name>
    <occluded>0</occluded>
    <bndbox>
      <xmin>1212.3735894097222</xmin>
      <ymin>41.51085069444444</ymin>
      <xmax>1523.878394232856</xmax>
      <ymax>215.59754333496028</ymax>
    </bndbox>
    <attributes>
      <attribute>
        <name>track_id</name>
        <value>295</value>
      </attribute>
      <attribute>
        <name>keyframe</name>
        <value>True</value>
      </attribute>
    </attributes>
  </object>
</annotation>
