<annotation>
  <folder>frame</folder>
  <filename>frame_001778.jpg</filename>
  <source>
    <database>Unknown</database>
    <annotation>Unknown</annotation>
    <image>Unknown</image>
  </source>
  <size>
    <width>2456</width>
    <height>2054</height>
    <depth>3</depth>
  </size>
  <segmented>0</segmented>
  <object>
    <name>vehicule</name>
    <occluded>0</occluded>
    <bndbox>
      <xmin>1398.95779296875</xmin>
      <ymin>541.3891796875</ymin>
      <xmax>1860.5726185302733</xmax>
      <ymax>902.4591259765625</ymax>
    </bndbox>
    <attributes>
      <attribute>
        <name>track_id</name>
        <value>139</value>
      </attribute>
      <attribute>
        <name>keyframe</name>
        <value>True</value>
      </attribute>
    </attributes>
  </object>
  <object>
    <name>vehicule</name>
    <occluded>0</occluded>
    <bndbox>
      <xmin>1177.356665826613</xmin>
      <ymin>649.3241620463721</ymin>
      <xmax>1325.4417640932145</xmax>
      <ymax>883.2875957858175</ymax>
    </bndbox>
    <attributes>
      <attribute>
        <name>track_id</name>
        <value>142</value>
      </attribute>
      <attribute>
        <name>keyframe</name>
        <value>True</value>
      </attribute>
    </attributes>
  </object>
  <object>
    <name>vehicule</name>
    <occluded>0</occluded>
    <bndbox>
      <xmin>1191.452140090812</xmin>
      <ymin>308.49630241720087</ymin>
      <xmax>1468.4521584013578</xmax>
      <ymax>575.1879070314586</ymax>
    </bndbox>
    <attributes>
      <attribute>
        <name>track_id</name>
        <value>149</value>
      </attribute>
      <attribute>
        <name>keyframe</name>
        <value>True</value>
      </attribute>
    </attributes>
  </object>
  <object>
    <name>vehicule</name>
    <occluded>0</occluded>
    <bndbox>
      <xmin>716.10390625</xmin>
      <ymin>498.9791601562506</ymin>
      <xmax>955.7287292480465</xmax>
      <ymax>832.5317262268063</ymax>
    </bndbox>
    <attributes>
      <attribute>
        <name>track_id</name>
        <value>153</value>
      </attribute>
      <attribute>
        <name>keyframe</name>
        <value>True</value>
      </attribute>
    </attributes>
  </object>
  <object>
    <name>vehicule</name>
    <occluded>0</occluded>
    <bndbox>
      <xmin>1169.6788411458347</xmin>
      <ymin>94.14095052083333</ymin>
      <xmax>1424.881612141927</xmax>
      <ymax>351.5210316975911</ymax>
    </bndbox>
    <attributes>
      <attribute>
        <name>track_id</name>
        <value>156</value>
      </attribute>
      <attribute>
        <name>keyframe</name>
        <value>True</value>
      </attribute>
    </attributes>
  </object>
  <object>
    <name>vehicule</name>
    <occluded>0</occluded>
    <bndbox>
      <xmin>1360.4925130208333</xmin>
      <ymin>1028.8299696180557</ymin>
      <xmax>1936.220717366535</xmax>
      <ymax>1361.8269483778213</ymax>
    </bndbox>
    <attributes>
      <attribute>
        <name>track_id</name>
        <value>157</value>
      </attribute>
      <attribute>
        <name>keyframe</name>
        <value>True</value>
      </attribute>
    </attributes>
  </object>
  <object>
    <name>vehicule</name>
    <occluded>0</occluded>
    <bndbox>
      <xmin>766.825</xmin>
      <ymin>62.85703125</ymin>
      <xmax>1053.140155029297</xmax>
      <ymax>289.1147521972656</ymax>
    </bndbox>
    <attributes>
      <attribute>
        <name>track_id</name>
        <value>158</value>
      </attribute>
      <attribute>
        <name>keyframe</name>
        <value>True</value>
      </attribute>
    </attributes>
  </object>
</annotation>
