<annotation>
  <folder>frame</folder>
  <filename>frame_002969.jpg</filename>
  <source>
    <database>Unknown</database>
    <annotation>Unknown</annotation>
    <image>Unknown</image>
  </source>
  <size>
    <width>2456</width>
    <height>2054</height>
    <depth>3</depth>
  </size>
  <segmented>0</segmented>
  <object>
    <name>vehicule</name>
    <occluded>0</occluded>
    <bndbox>
      <xmin>647.009765625</xmin>
      <ymin>670.6689453125</ymin>
      <xmax>830.9224609375015</xmax>
      <ymax>922.740896606445</ymax>
    </bndbox>
    <attributes>
      <attribute>
        <name>track_id</name>
        <value>293</value>
      </attribute>
      <attribute>
        <name>keyframe</name>
        <value>True</value>
      </attribute>
    </attributes>
  </object>
  <object>
    <name>vehicule</name>
    <occluded>0</occluded>
    <bndbox>
      <xmin>1645.9736328125</xmin>
      <ymin>728.2392578125</ymin>
      <xmax>2113.083978271483</xmax>
      <ymax>1059.6750610351555</ymax>
    </bndbox>
    <attributes>
      <attribute>
        <name>track_id</name>
        <value>295</value>
      </attribute>
      <attribute>
        <name>keyframe</name>
        <value>True</value>
      </attribute>
    </attributes>
  </object>
  <object>
    <name>vehicule</name>
    <occluded>0</occluded>
    <bndbox>
      <xmin>1271.6116987179496</xmin>
      <ymin>616.7109775641032</ymin>
      <xmax>1621.1019310584436</xmax>
      <ymax>985.2276360927484</ymax>
    </bndbox>
    <attributes>
      <attribute>
        <name>track_id</name>
        <value>296</value>
      </attribute>
      <attribute>
        <name>keyframe</name>
        <value>True</value>
      </attribute>
    </attributes>
  </object>
  <object>
    <name>vehicule</name>
    <occluded>0</occluded>
    <bndbox>
      <xmin>932.4119419642864</xmin>
      <ymin>563.2705357142859</ymin>
      <xmax>1217.243886893137</xmax>
      <ymax>943.1958452497202</ymax>
    </bndbox>
    <attributes>
      <attribute>
        <name>track_id</name>
        <value>302</value>
      </attribute>
      <attribute>
        <name>keyframe</name>
        <value>True</value>
      </attribute>
    </attributes>
  </object>
  <object>
    <name>vehicule</name>
    <occluded>0</occluded>
    <bndbox>
      <xmin>1774.4054361979167</xmin>
      <ymin>1143.1529947916667</ymin>
      <xmax>2385.3650716145835</xmax>
      <ymax>1463.7300333658848</ymax>
    </bndbox>
    <attributes>
      <attribute>
        <name>track_id</name>
        <value>305</value>
      </attribute>
      <attribute>
        <name>keyframe</name>
        <value>True</value>
      </attribute>
    </attributes>
  </object>
  <object>
    <name>vehicule</name>
    <occluded>0</occluded>
    <bndbox>
      <xmin>1190.5816406250003</xmin>
      <ymin>274.33333333333394</ymin>
      <xmax>1479.2913960774738</xmax>
      <ymax>550.300791422526</ymax>
    </bndbox>
    <attributes>
      <attribute>
        <name>track_id</name>
        <value>307</value>
      </attribute>
      <attribute>
        <name>keyframe</name>
        <value>True</value>
      </attribute>
    </attributes>
  </object>
  <object>
    <name>vehicule</name>
    <occluded>0</occluded>
    <bndbox>
      <xmin>736.2666666666677</xmin>
      <ymin>167.53385416666666</ymin>
      <xmax>978.2766825358073</xmax>
      <ymax>449.70868733723967</ymax>
    </bndbox>
    <attributes>
      <attribute>
        <name>track_id</name>
        <value>308</value>
      </attribute>
      <attribute>
        <name>keyframe</name>
        <value>True</value>
      </attribute>
    </attributes>
  </object>
  <object>
    <name>vehicule</name>
    <occluded>0</occluded>
    <bndbox>
      <xmin>923.2908528645843</xmin>
      <ymin>1088.2373046875</ymin>
      <xmax>1580.4350311279295</xmax>
      <ymax>1392.705422973633</ymax>
    </bndbox>
    <attributes>
      <attribute>
        <name>track_id</name>
        <value>309</value>
      </attribute>
      <attribute>
        <name>keyframe</name>
        <value>True</value>
      </attribute>
    </attributes>
  </object>
  <object>
    <name>vehicule</name>
    <occluded>0</occluded>
    <bndbox>
      <xmin>1114.86328125</xmin>
      <ymin>77.76666666666763</ymin>
      <xmax>1404.5985066731773</xmax>
      <ymax>270.2348276774089</ymax>
    </bndbox>
    <attributes>
      <attribute>
        <name>track_id</name>
        <value>310</value>
      </attribute>
      <attribute>
        <name>keyframe</name>
        <value>True</value>
      </attribute>
    </attributes>
  </object>
  <object>
    <name>vehicule</name>
    <occluded>0</occluded>
    <bndbox>
      <xmin>1146.78857421875</xmin>
      <ymin>1566.9500325520833</ymin>
      <xmax>1931.0675659179688</xmax>
      <ymax>1931.0910481770836</ymax>
    </bndbox>
    <attributes>
      <attribute>
        <name>track_id</name>
        <value>311</value>
      </attribute>
      <attribute>
        <name>keyframe</name>
        <value>True</value>
      </attribute>
    </attributes>
  </object>
</annotation>
