<annotation>
  <folder>frame</folder>
  <filename>frame_001992.jpg</filename>
  <source>
    <database>Unknown</database>
    <annotation>Unknown</annotation>
    <image>Unknown</image>
  </source>
  <size>
    <width>2456</width>
    <height>2054</height>
    <depth>3</depth>
  </size>
  <segmented>0</segmented>
  <object>
    <name>vehicule</name>
    <occluded>0</occluded>
    <bndbox>
      <xmin>2285.078125</xmin>
      <ymin>1247.8994140625</ymin>
      <xmax>2456.0</xmax>
      <ymax>1445.6000000000004</ymax>
    </bndbox>
    <attributes>
      <attribute>
        <name>track_id</name>
        <value>142</value>
      </attribute>
      <attribute>
        <name>keyframe</name>
        <value>True</value>
      </attribute>
    </attributes>
  </object>
  <object>
    <name>vehicule</name>
    <occluded>0</occluded>
    <bndbox>
      <xmin>1810.000000000001</xmin>
      <ymin>692.4500000000007</ymin>
      <xmax>2362.388717651367</xmax>
      <ymax>1055.6126403808594</ymax>
    </bndbox>
    <attributes>
      <attribute>
        <name>track_id</name>
        <value>149</value>
      </attribute>
      <attribute>
        <name>keyframe</name>
        <value>True</value>
      </attribute>
    </attributes>
  </object>
  <object>
    <name>vehicule</name>
    <occluded>0</occluded>
    <bndbox>
      <xmin>1266.9500000000007</xmin>
      <ymin>361.0001953125002</ymin>
      <xmax>1595.2708587646484</xmax>
      <ymax>675.9654266357429</ymax>
    </bndbox>
    <attributes>
      <attribute>
        <name>track_id</name>
        <value>156</value>
      </attribute>
      <attribute>
        <name>keyframe</name>
        <value>True</value>
      </attribute>
    </attributes>
  </object>
  <object>
    <name>vehicule</name>
    <occluded>0</occluded>
    <bndbox>
      <xmin>1438.2502929687507</xmin>
      <ymin>1042.5850585937505</ymin>
      <xmax>2001.4123657226555</xmax>
      <ymax>1446.1823364257807</ymax>
    </bndbox>
    <attributes>
      <attribute>
        <name>track_id</name>
        <value>158</value>
      </attribute>
      <attribute>
        <name>keyframe</name>
        <value>True</value>
      </attribute>
    </attributes>
  </object>
  <object>
    <name>vehicule</name>
    <occluded>0</occluded>
    <bndbox>
      <xmin>655.3997070312507</xmin>
      <ymin>348.5</ymin>
      <xmax>926.224211120606</xmax>
      <ymax>671.3781127929688</ymax>
    </bndbox>
    <attributes>
      <attribute>
        <name>track_id</name>
        <value>163</value>
      </attribute>
      <attribute>
        <name>keyframe</name>
        <value>True</value>
      </attribute>
    </attributes>
  </object>
  <object>
    <name>vehicule</name>
    <occluded>0</occluded>
    <bndbox>
      <xmin>1435.0987304687505</xmin>
      <ymin>760.9286132812504</ymin>
      <xmax>1923.6434570312495</xmax>
      <ymax>1089.8656982421871</ymax>
    </bndbox>
    <attributes>
      <attribute>
        <name>track_id</name>
        <value>164</value>
      </attribute>
      <attribute>
        <name>keyframe</name>
        <value>True</value>
      </attribute>
    </attributes>
  </object>
  <object>
    <name>vehicule</name>
    <occluded>0</occluded>
    <bndbox>
      <xmin>1045.970703125</xmin>
      <ymin>1110.0234375</ymin>
      <xmax>1593.7426025390614</xmax>
      <ymax>1552.0404113769528</ymax>
    </bndbox>
    <attributes>
      <attribute>
        <name>track_id</name>
        <value>169</value>
      </attribute>
      <attribute>
        <name>keyframe</name>
        <value>True</value>
      </attribute>
    </attributes>
  </object>
  <object>
    <name>vehicule</name>
    <occluded>0</occluded>
    <bndbox>
      <xmin>809.8100328947369</xmin>
      <ymin>820.6931023848684</ymin>
      <xmax>1339.1735647101152</xmax>
      <ymax>1146.4180901778363</ymax>
    </bndbox>
    <attributes>
      <attribute>
        <name>track_id</name>
        <value>173</value>
      </attribute>
      <attribute>
        <name>keyframe</name>
        <value>True</value>
      </attribute>
    </attributes>
  </object>
  <object>
    <name>vehicule</name>
    <occluded>0</occluded>
    <bndbox>
      <xmin>1215.59033203125</xmin>
      <ymin>130.76064453125036</ymin>
      <xmax>1439.748730468751</xmax>
      <ymax>397.4166625976559</ymax>
    </bndbox>
    <attributes>
      <attribute>
        <name>track_id</name>
        <value>174</value>
      </attribute>
      <attribute>
        <name>keyframe</name>
        <value>True</value>
      </attribute>
    </attributes>
  </object>
  <object>
    <name>vehicule</name>
    <occluded>0</occluded>
    <bndbox>
      <xmin>1019.4209960937505</xmin>
      <ymin>509.3849609375002</ymin>
      <xmax>1389.8924804687495</xmax>
      <ymax>848.7115356445311</ymax>
    </bndbox>
    <attributes>
      <attribute>
        <name>track_id</name>
        <value>176</value>
      </attribute>
      <attribute>
        <name>keyframe</name>
        <value>True</value>
      </attribute>
    </attributes>
  </object>
  <object>
    <name>vehicule</name>
    <occluded>0</occluded>
    <bndbox>
      <xmin>509.14340049342104</xmin>
      <ymin>585.071134868421</ymin>
      <xmax>905.1958926552221</xmax>
      <ymax>889.180509868421</ymax>
    </bndbox>
    <attributes>
      <attribute>
        <name>track_id</name>
        <value>179</value>
      </attribute>
      <attribute>
        <name>keyframe</name>
        <value>True</value>
      </attribute>
    </attributes>
  </object>
  <object>
    <name>vehicule</name>
    <occluded>0</occluded>
    <bndbox>
      <xmin>942.546142578125</xmin>
      <ymin>224.07973632812536</ymin>
      <xmax>1166.6021972656254</xmax>
      <ymax>504.8287612915042</ymax>
    </bndbox>
    <attributes>
      <attribute>
        <name>track_id</name>
        <value>180</value>
      </attribute>
      <attribute>
        <name>keyframe</name>
        <value>True</value>
      </attribute>
    </attributes>
  </object>
  <object>
    <name>vehicule</name>
    <occluded>0</occluded>
    <bndbox>
      <xmin>670.87158203125</xmin>
      <ymin>149.25</ymin>
      <xmax>907.5000061035153</xmax>
      <ymax>369.41485595703125</ymax>
    </bndbox>
    <attributes>
      <attribute>
        <name>track_id</name>
        <value>183</value>
      </attribute>
      <attribute>
        <name>keyframe</name>
        <value>True</value>
      </attribute>
    </attributes>
  </object>
  <object>
    <name>vehicule</name>
    <occluded>0</occluded>
    <bndbox>
      <xmin>329.9654575892858</xmin>
      <ymin>376.5384486607145</ymin>
      <xmax>566.4919778006412</xmax>
      <ymax>672.1690150669643</ymax>
    </bndbox>
    <attributes>
      <attribute>
        <name>track_id</name>
        <value>187</value>
      </attribute>
      <attribute>
        <name>keyframe</name>
        <value>True</value>
      </attribute>
    </attributes>
  </object>
  <object>
    <name>vehicule</name>
    <occluded>0</occluded>
    <bndbox>
      <xmin>980.377421875</xmin>
      <ymin>61.47600000000136</ymin>
      <xmax>1174.9889651489257</xmax>
      <ymax>260.3560662841797</ymax>
    </bndbox>
    <attributes>
      <attribute>
        <name>track_id</name>
        <value>188</value>
      </attribute>
      <attribute>
        <name>keyframe</name>
        <value>True</value>
      </attribute>
    </attributes>
  </object>
  <object>
    <name>vehicule</name>
    <occluded>0</occluded>
    <bndbox>
      <xmin>479.0107421875</xmin>
      <ymin>258.387939453125</ymin>
      <xmax>609.7331878662098</xmax>
      <ymax>413.99902038574146</ymax>
    </bndbox>
    <attributes>
      <attribute>
        <name>track_id</name>
        <value>190</value>
      </attribute>
      <attribute>
        <name>keyframe</name>
        <value>True</value>
      </attribute>
    </attributes>
  </object>
  <object>
    <name>vehicule</name>
    <occluded>0</occluded>
    <bndbox>
      <xmin>431.29990234375055</xmin>
      <ymin>125.15000000000055</ymin>
      <xmax>683.3957916259769</xmax>
      <ymax>375.62950134277344</ymax>
    </bndbox>
    <attributes>
      <attribute>
        <name>track_id</name>
        <value>191</value>
      </attribute>
      <attribute>
        <name>keyframe</name>
        <value>True</value>
      </attribute>
    </attributes>
  </object>
  <object>
    <name>vehicule</name>
    <occluded>0</occluded>
    <bndbox>
      <xmin>1132.76318359375</xmin>
      <ymin>1660.1426269531253</ymin>
      <xmax>1965.6116577148423</xmax>
      <ymax>1965.14594116211</ymax>
    </bndbox>
    <attributes>
      <attribute>
        <name>track_id</name>
        <value>192</value>
      </attribute>
      <attribute>
        <name>keyframe</name>
        <value>True</value>
      </attribute>
    </attributes>
  </object>
  <object>
    <name>vehicule</name>
    <occluded>0</occluded>
    <bndbox>
      <xmin>1283.435546875</xmin>
      <ymin>3.1123046875</ymin>
      <xmax>1573.1514160156257</xmax>
      <ymax>169.60769653320312</ymax>
    </bndbox>
    <attributes>
      <attribute>
        <name>track_id</name>
        <value>193</value>
      </attribute>
      <attribute>
        <name>keyframe</name>
        <value>True</value>
      </attribute>
    </attributes>
  </object>
</annotation>
