<annotation>
  <folder>frame</folder>
  <filename>frame_000169.jpg</filename>
  <source>
    <database>Unknown</database>
    <annotation>Unknown</annotation>
    <image>Unknown</image>
  </source>
  <size>
    <width>2456</width>
    <height>2054</height>
    <depth>3</depth>
  </size>
  <segmented>0</segmented>
  <object>
    <name>vehicule</name>
    <occluded>0</occluded>
    <bndbox>
      <xmin>644.9377710283591</xmin>
      <ymin>866.3796117841409</ymin>
      <xmax>1107.6030176103889</xmax>
      <ymax>1132.7720068036722</ymax>
    </bndbox>
    <attributes>
      <attribute>
        <name>track_id</name>
        <value>1</value>
      </attribute>
      <attribute>
        <name>keyframe</name>
        <value>True</value>
      </attribute>
    </attributes>
  </object>
  <object>
    <name>vehicule</name>
    <occluded>0</occluded>
    <bndbox>
      <xmin>135.48763729079573</xmin>
      <ymin>677.4257158734309</ymin>
      <xmax>529.078842124779</xmax>
      <ymax>913.9335314251877</ymax>
    </bndbox>
    <attributes>
      <attribute>
        <name>track_id</name>
        <value>8</value>
      </attribute>
      <attribute>
        <name>keyframe</name>
        <value>True</value>
      </attribute>
    </attributes>
  </object>
  <object>
    <name>vehicule</name>
    <occluded>0</occluded>
    <bndbox>
      <xmin>1631.8391927083333</xmin>
      <ymin>1395.6476562500004</ymin>
      <xmax>2233.045857747396</xmax>
      <ymax>1734.9029907226552</ymax>
    </bndbox>
    <attributes>
      <attribute>
        <name>track_id</name>
        <value>13</value>
      </attribute>
      <attribute>
        <name>keyframe</name>
        <value>True</value>
      </attribute>
    </attributes>
  </object>
  <object>
    <name>vehicule</name>
    <occluded>0</occluded>
    <bndbox>
      <xmin>170.51139322916669</xmin>
      <ymin>461.03111979166715</ymin>
      <xmax>524.4224568684895</xmax>
      <ymax>658.1753906250002</ymax>
    </bndbox>
    <attributes>
      <attribute>
        <name>track_id</name>
        <value>15</value>
      </attribute>
      <attribute>
        <name>keyframe</name>
        <value>True</value>
      </attribute>
    </attributes>
  </object>
  <object>
    <name>vehicule</name>
    <occluded>0</occluded>
    <bndbox>
      <xmin>765.8142857142866</xmin>
      <ymin>1032.7431919642859</ymin>
      <xmax>1247.209716796875</xmax>
      <ymax>1376.9064278738847</ymax>
    </bndbox>
    <attributes>
      <attribute>
        <name>track_id</name>
        <value>326</value>
      </attribute>
      <attribute>
        <name>keyframe</name>
        <value>True</value>
      </attribute>
    </attributes>
  </object>
  <object>
    <name>vehicule</name>
    <occluded>0</occluded>
    <bndbox>
      <xmin>1162.7530517578125</xmin>
      <ymin>995.8206787109375</ymin>
      <xmax>1660.0125000000005</xmax>
      <ymax>1271.1059436798096</ymax>
    </bndbox>
    <attributes>
      <attribute>
        <name>track_id</name>
        <value>327</value>
      </attribute>
      <attribute>
        <name>keyframe</name>
        <value>True</value>
      </attribute>
    </attributes>
  </object>
  <object>
    <name>vehicule</name>
    <occluded>0</occluded>
    <bndbox>
      <xmin>127.57189002403847</xmin>
      <ymin>874.5679837740385</ymin>
      <xmax>517.8749408428489</xmax>
      <ymax>1146.900000000001</ymax>
    </bndbox>
    <attributes>
      <attribute>
        <name>track_id</name>
        <value>329</value>
      </attribute>
      <attribute>
        <name>keyframe</name>
        <value>True</value>
      </attribute>
    </attributes>
  </object>
  <object>
    <name>vehicule</name>
    <occluded>0</occluded>
    <bndbox>
      <xmin>1662.1806640625</xmin>
      <ymin>1114.1005256204048</ymin>
      <xmax>2206.8018798828125</xmax>
      <ymax>1448.2466825597426</ymax>
    </bndbox>
    <attributes>
      <attribute>
        <name>track_id</name>
        <value>331</value>
      </attribute>
      <attribute>
        <name>keyframe</name>
        <value>True</value>
      </attribute>
    </attributes>
  </object>
</annotation>
