<annotation>
  <folder>frame</folder>
  <filename>frame_001825.jpg</filename>
  <source>
    <database>Unknown</database>
    <annotation>Unknown</annotation>
    <image>Unknown</image>
  </source>
  <size>
    <width>2456</width>
    <height>2054</height>
    <depth>3</depth>
  </size>
  <segmented>0</segmented>
  <object>
    <name>vehicule</name>
    <occluded>0</occluded>
    <bndbox>
      <xmin>1417.9227723817567</xmin>
      <ymin>544.1914590371622</ymin>
      <xmax>1866.4801942567574</xmax>
      <ymax>905.2614053262247</ymax>
    </bndbox>
    <attributes>
      <attribute>
        <name>track_id</name>
        <value>139</value>
      </attribute>
      <attribute>
        <name>keyframe</name>
        <value>True</value>
      </attribute>
    </attributes>
  </object>
  <object>
    <name>vehicule</name>
    <occluded>0</occluded>
    <bndbox>
      <xmin>1259.3947736591313</xmin>
      <ymin>721.2987630208336</ymin>
      <xmax>1407.4798719257328</xmax>
      <ymax>965.9132387418261</ymax>
    </bndbox>
    <attributes>
      <attribute>
        <name>track_id</name>
        <value>142</value>
      </attribute>
      <attribute>
        <name>keyframe</name>
        <value>True</value>
      </attribute>
    </attributes>
  </object>
  <object>
    <name>vehicule</name>
    <occluded>0</occluded>
    <bndbox>
      <xmin>1206.4546524439102</xmin>
      <ymin>315.9969701522436</ymin>
      <xmax>1483.454670754456</xmax>
      <ymax>582.6885747665013</ymax>
    </bndbox>
    <attributes>
      <attribute>
        <name>track_id</name>
        <value>149</value>
      </attribute>
      <attribute>
        <name>keyframe</name>
        <value>True</value>
      </attribute>
    </attributes>
  </object>
  <object>
    <name>vehicule</name>
    <occluded>0</occluded>
    <bndbox>
      <xmin>741.9345377604167</xmin>
      <ymin>600.0749414062504</ymin>
      <xmax>981.5593607584632</xmax>
      <ymax>960.2323388671869</ymax>
    </bndbox>
    <attributes>
      <attribute>
        <name>track_id</name>
        <value>153</value>
      </attribute>
      <attribute>
        <name>keyframe</name>
        <value>True</value>
      </attribute>
    </attributes>
  </object>
  <object>
    <name>vehicule</name>
    <occluded>0</occluded>
    <bndbox>
      <xmin>1171.5031818181826</xmin>
      <ymin>104.00072798295454</ymin>
      <xmax>1420.482515314275</xmax>
      <ymax>361.3808091597124</ymax>
    </bndbox>
    <attributes>
      <attribute>
        <name>track_id</name>
        <value>156</value>
      </attribute>
      <attribute>
        <name>keyframe</name>
        <value>True</value>
      </attribute>
    </attributes>
  </object>
  <object>
    <name>vehicule</name>
    <occluded>0</occluded>
    <bndbox>
      <xmin>625.4905672940341</xmin>
      <ymin>359.91772904829634</ymin>
      <xmax>846.4901766690356</xmax>
      <ymax>627.0051608692514</ymax>
    </bndbox>
    <attributes>
      <attribute>
        <name>track_id</name>
        <value>158</value>
      </attribute>
      <attribute>
        <name>keyframe</name>
        <value>True</value>
      </attribute>
    </attributes>
  </object>
  <object>
    <name>vehicule</name>
    <occluded>0</occluded>
    <bndbox>
      <xmin>2167.9267578125</xmin>
      <ymin>1150.615234375</ymin>
      <xmax>2456.0</xmax>
      <ymax>1467.9840332031235</ymax>
    </bndbox>
    <attributes>
      <attribute>
        <name>track_id</name>
        <value>161</value>
      </attribute>
      <attribute>
        <name>keyframe</name>
        <value>True</value>
      </attribute>
    </attributes>
  </object>
  <object>
    <name>vehicule</name>
    <occluded>0</occluded>
    <bndbox>
      <xmin>654.2099609375</xmin>
      <ymin>198.599609375</ymin>
      <xmax>893.9000000000015</xmax>
      <ymax>423.40000000000146</ymax>
    </bndbox>
    <attributes>
      <attribute>
        <name>track_id</name>
        <value>163</value>
      </attribute>
      <attribute>
        <name>keyframe</name>
        <value>True</value>
      </attribute>
    </attributes>
  </object>
  <object>
    <name>vehicule</name>
    <occluded>0</occluded>
    <bndbox>
      <xmin>1037.9683593750005</xmin>
      <ymin>67.91669170673077</ymin>
      <xmax>1318.2911353478064</xmax>
      <ymax>245.70005047137798</ymax>
    </bndbox>
    <attributes>
      <attribute>
        <name>track_id</name>
        <value>164</value>
      </attribute>
      <attribute>
        <name>keyframe</name>
        <value>True</value>
      </attribute>
    </attributes>
  </object>
  <object>
    <name>vehicule</name>
    <occluded>0</occluded>
    <bndbox>
      <xmin>1058.1279296875</xmin>
      <ymin>1057.2000000000007</ymin>
      <xmax>1732.20556640625</xmax>
      <ymax>1355.9691467285156</ymax>
    </bndbox>
    <attributes>
      <attribute>
        <name>track_id</name>
        <value>165</value>
      </attribute>
      <attribute>
        <name>keyframe</name>
        <value>True</value>
      </attribute>
    </attributes>
  </object>
  <object>
    <name>vehicule</name>
    <occluded>0</occluded>
    <bndbox>
      <xmin>82.80000000000109</xmin>
      <ymin>1383.9560546875</ymin>
      <xmax>895.043701171875</xmax>
      <ymax>1720.0651550292969</ymax>
    </bndbox>
    <attributes>
      <attribute>
        <name>track_id</name>
        <value>166</value>
      </attribute>
      <attribute>
        <name>keyframe</name>
        <value>True</value>
      </attribute>
    </attributes>
  </object>
  <object>
    <name>vehicule</name>
    <occluded>0</occluded>
    <bndbox>
      <xmin>745.6611328125</xmin>
      <ymin>58.20000000000073</ymin>
      <xmax>1044.4247741699219</xmax>
      <ymax>232.47286987304688</ymax>
    </bndbox>
    <attributes>
      <attribute>
        <name>track_id</name>
        <value>169</value>
      </attribute>
      <attribute>
        <name>keyframe</name>
        <value>True</value>
      </attribute>
    </attributes>
  </object>
</annotation>
