<annotation>
  <folder>frame</folder>
  <filename>frame_001953.jpg</filename>
  <source>
    <database>Unknown</database>
    <annotation>Unknown</annotation>
    <image>Unknown</image>
  </source>
  <size>
    <width>2456</width>
    <height>2054</height>
    <depth>3</depth>
  </size>
  <segmented>0</segmented>
  <object>
    <name>vehicule</name>
    <occluded>0</occluded>
    <bndbox>
      <xmin>1746.3422154017858</xmin>
      <ymin>750.9832589285714</ymin>
      <xmax>2285.113101632254</xmax>
      <ymax>1118.3186349051327</ymax>
    </bndbox>
    <attributes>
      <attribute>
        <name>track_id</name>
        <value>139</value>
      </attribute>
      <attribute>
        <name>keyframe</name>
        <value>True</value>
      </attribute>
    </attributes>
  </object>
  <object>
    <name>vehicule</name>
    <occluded>0</occluded>
    <bndbox>
      <xmin>1525.09921875</xmin>
      <ymin>844.66328125</ymin>
      <xmax>1704.2970123291002</xmax>
      <ymax>1098.2645629882797</ymax>
    </bndbox>
    <attributes>
      <attribute>
        <name>track_id</name>
        <value>142</value>
      </attribute>
      <attribute>
        <name>keyframe</name>
        <value>True</value>
      </attribute>
    </attributes>
  </object>
  <object>
    <name>vehicule</name>
    <occluded>0</occluded>
    <bndbox>
      <xmin>1332.9428571428573</xmin>
      <ymin>462.3857142857144</ymin>
      <xmax>1754.859135219029</xmax>
      <ymax>808.6414184570312</ymax>
    </bndbox>
    <attributes>
      <attribute>
        <name>track_id</name>
        <value>149</value>
      </attribute>
      <attribute>
        <name>keyframe</name>
        <value>True</value>
      </attribute>
    </attributes>
  </object>
  <object>
    <name>vehicule</name>
    <occluded>0</occluded>
    <bndbox>
      <xmin>1174.0874430338542</xmin>
      <ymin>160.7927408854167</ymin>
      <xmax>1423.0667765299465</xmax>
      <ymax>418.95047442118334</ymax>
    </bndbox>
    <attributes>
      <attribute>
        <name>track_id</name>
        <value>156</value>
      </attribute>
      <attribute>
        <name>keyframe</name>
        <value>True</value>
      </attribute>
    </attributes>
  </object>
  <object>
    <name>vehicule</name>
    <occluded>0</occluded>
    <bndbox>
      <xmin>1217.0185267857148</xmin>
      <ymin>993.7136160714288</ymin>
      <xmax>1736.660702078682</xmax>
      <ymax>1344.3706656319753</ymax>
    </bndbox>
    <attributes>
      <attribute>
        <name>track_id</name>
        <value>158</value>
      </attribute>
      <attribute>
        <name>keyframe</name>
        <value>True</value>
      </attribute>
    </attributes>
  </object>
  <object>
    <name>vehicule</name>
    <occluded>0</occluded>
    <bndbox>
      <xmin>632.2567545572916</xmin>
      <ymin>282.47821723090277</ymin>
      <xmax>878.144431559244</xmax>
      <ymax>552.0750000000006</ymax>
    </bndbox>
    <attributes>
      <attribute>
        <name>track_id</name>
        <value>163</value>
      </attribute>
      <attribute>
        <name>keyframe</name>
        <value>True</value>
      </attribute>
    </attributes>
  </object>
  <object>
    <name>vehicule</name>
    <occluded>0</occluded>
    <bndbox>
      <xmin>1047.563671875</xmin>
      <ymin>521.0500558035716</ymin>
      <xmax>1367.2384695870533</xmax>
      <ymax>834.8924874441961</ymax>
    </bndbox>
    <attributes>
      <attribute>
        <name>track_id</name>
        <value>164</value>
      </attribute>
      <attribute>
        <name>keyframe</name>
        <value>True</value>
      </attribute>
    </attributes>
  </object>
  <object>
    <name>vehicule</name>
    <occluded>0</occluded>
    <bndbox>
      <xmin>842.1142857142859</xmin>
      <ymin>1019.7852120535715</ymin>
      <xmax>1347.2183837890625</xmax>
      <ymax>1395.1019016810812</ymax>
    </bndbox>
    <attributes>
      <attribute>
        <name>track_id</name>
        <value>169</value>
      </attribute>
      <attribute>
        <name>keyframe</name>
        <value>True</value>
      </attribute>
    </attributes>
  </object>
  <object>
    <name>vehicule</name>
    <occluded>0</occluded>
    <bndbox>
      <xmin>698.9441324869791</xmin>
      <ymin>788.6103922526041</ymin>
      <xmax>1164.8016995747878</xmax>
      <ymax>1114.3353800455723</ymax>
    </bndbox>
    <attributes>
      <attribute>
        <name>track_id</name>
        <value>173</value>
      </attribute>
      <attribute>
        <name>keyframe</name>
        <value>True</value>
      </attribute>
    </attributes>
  </object>
  <object>
    <name>vehicule</name>
    <occluded>0</occluded>
    <bndbox>
      <xmin>1232.9659830729167</xmin>
      <ymin>1.8166666666666818</ymin>
      <xmax>1492.8784505208343</xmax>
      <ymax>187.21819051106772</ymax>
    </bndbox>
    <attributes>
      <attribute>
        <name>track_id</name>
        <value>174</value>
      </attribute>
      <attribute>
        <name>keyframe</name>
        <value>True</value>
      </attribute>
    </attributes>
  </object>
  <object>
    <name>vehicule</name>
    <occluded>0</occluded>
    <bndbox>
      <xmin>902.2674479166668</xmin>
      <ymin>337.129242621528</ymin>
      <xmax>1176.6261795043936</xmax>
      <ymax>634.6678220113109</ymax>
    </bndbox>
    <attributes>
      <attribute>
        <name>track_id</name>
        <value>176</value>
      </attribute>
      <attribute>
        <name>keyframe</name>
        <value>True</value>
      </attribute>
    </attributes>
  </object>
  <object>
    <name>vehicule</name>
    <occluded>0</occluded>
    <bndbox>
      <xmin>406.8714285714294</xmin>
      <ymin>488.1857142857152</ymin>
      <xmax>726.1025129045759</xmax>
      <ymax>792.2582484654018</ymax>
    </bndbox>
    <attributes>
      <attribute>
        <name>track_id</name>
        <value>179</value>
      </attribute>
      <attribute>
        <name>keyframe</name>
        <value>True</value>
      </attribute>
    </attributes>
  </object>
  <object>
    <name>vehicule</name>
    <occluded>0</occluded>
    <bndbox>
      <xmin>944.3087531887755</xmin>
      <ymin>112.80839445153062</ymin>
      <xmax>1181.51582429847</xmax>
      <ymax>371.6943586077002</ymax>
    </bndbox>
    <attributes>
      <attribute>
        <name>track_id</name>
        <value>180</value>
      </attribute>
      <attribute>
        <name>keyframe</name>
        <value>True</value>
      </attribute>
    </attributes>
  </object>
  <object>
    <name>vehicule</name>
    <occluded>0</occluded>
    <bndbox>
      <xmin>690.0769856770834</xmin>
      <ymin>85.55416666666672</ymin>
      <xmax>947.9511283874501</xmax>
      <ymax>307.1728515625</ymax>
    </bndbox>
    <attributes>
      <attribute>
        <name>track_id</name>
        <value>183</value>
      </attribute>
      <attribute>
        <name>keyframe</name>
        <value>True</value>
      </attribute>
    </attributes>
  </object>
  <object>
    <name>vehicule</name>
    <occluded>0</occluded>
    <bndbox>
      <xmin>1612.3865234375007</xmin>
      <ymin>1576.9001953125007</ymin>
      <xmax>2335.9552490234373</xmax>
      <ymax>1987.7077758789055</ymax>
    </bndbox>
    <attributes>
      <attribute>
        <name>track_id</name>
        <value>185</value>
      </attribute>
      <attribute>
        <name>keyframe</name>
        <value>True</value>
      </attribute>
    </attributes>
  </object>
  <object>
    <name>vehicule</name>
    <occluded>0</occluded>
    <bndbox>
      <xmin>858.94482421875</xmin>
      <ymin>1379.322265625</ymin>
      <xmax>1666.8494262695312</xmax>
      <ymax>1758.9665832519531</ymax>
    </bndbox>
    <attributes>
      <attribute>
        <name>track_id</name>
        <value>186</value>
      </attribute>
      <attribute>
        <name>keyframe</name>
        <value>True</value>
      </attribute>
    </attributes>
  </object>
  <object>
    <name>vehicule</name>
    <occluded>0</occluded>
    <bndbox>
      <xmin>454.36640625</xmin>
      <ymin>94.606640625</ymin>
      <xmax>750.0179260253906</xmax>
      <ymax>298.44864440917956</ymax>
    </bndbox>
    <attributes>
      <attribute>
        <name>track_id</name>
        <value>187</value>
      </attribute>
      <attribute>
        <name>keyframe</name>
        <value>True</value>
      </attribute>
    </attributes>
  </object>
  <object>
    <name>vehicule</name>
    <occluded>0</occluded>
    <bndbox>
      <xmin>997.36984375</xmin>
      <ymin>10.464000000000233</ymin>
      <xmax>1213.845512084961</xmax>
      <ymax>177.8230780029297</ymax>
    </bndbox>
    <attributes>
      <attribute>
        <name>track_id</name>
        <value>188</value>
      </attribute>
      <attribute>
        <name>keyframe</name>
        <value>True</value>
      </attribute>
    </attributes>
  </object>
</annotation>
