<annotation>
  <folder>frame</folder>
  <filename>frame_001851.jpg</filename>
  <source>
    <database>Unknown</database>
    <annotation>Unknown</annotation>
    <image>Unknown</image>
  </source>
  <size>
    <width>2456</width>
    <height>2054</height>
    <depth>3</depth>
  </size>
  <segmented>0</segmented>
  <object>
    <name>vehicule</name>
    <occluded>0</occluded>
    <bndbox>
      <xmin>1421.2029666385135</xmin>
      <ymin>536.5372149493244</ymin>
      <xmax>1869.7603885135143</xmax>
      <ymax>897.6071612383869</ymax>
    </bndbox>
    <attributes>
      <attribute>
        <name>track_id</name>
        <value>139</value>
      </attribute>
      <attribute>
        <name>keyframe</name>
        <value>True</value>
      </attribute>
    </attributes>
  </object>
  <object>
    <name>vehicule</name>
    <occluded>0</occluded>
    <bndbox>
      <xmin>1273.1674770057625</xmin>
      <ymin>729.9129557291672</ymin>
      <xmax>1421.252575272364</xmax>
      <ymax>977.9642399348256</ymax>
    </bndbox>
    <attributes>
      <attribute>
        <name>track_id</name>
        <value>142</value>
      </attribute>
      <attribute>
        <name>keyframe</name>
        <value>True</value>
      </attribute>
    </attributes>
  </object>
  <object>
    <name>vehicule</name>
    <occluded>0</occluded>
    <bndbox>
      <xmin>1214.753914596688</xmin>
      <ymin>320.14627570779913</ymin>
      <xmax>1491.7539329072338</xmax>
      <ymax>586.837880322057</ymax>
    </bndbox>
    <attributes>
      <attribute>
        <name>track_id</name>
        <value>149</value>
      </attribute>
      <attribute>
        <name>keyframe</name>
        <value>True</value>
      </attribute>
    </attributes>
  </object>
  <object>
    <name>vehicule</name>
    <occluded>0</occluded>
    <bndbox>
      <xmin>746.511931818182</xmin>
      <ymin>634.2609197443181</ymin>
      <xmax>991.2350874467327</xmax>
      <ymax>994.4183172052545</ymax>
    </bndbox>
    <attributes>
      <attribute>
        <name>track_id</name>
        <value>153</value>
      </attribute>
      <attribute>
        <name>keyframe</name>
        <value>True</value>
      </attribute>
    </attributes>
  </object>
  <object>
    <name>vehicule</name>
    <occluded>0</occluded>
    <bndbox>
      <xmin>1172.974545454546</xmin>
      <ymin>104.73636363636363</ymin>
      <xmax>1421.9538789506382</xmax>
      <ymax>362.11644481312146</ymax>
    </bndbox>
    <attributes>
      <attribute>
        <name>track_id</name>
        <value>156</value>
      </attribute>
      <attribute>
        <name>keyframe</name>
        <value>True</value>
      </attribute>
    </attributes>
  </object>
  <object>
    <name>vehicule</name>
    <occluded>0</occluded>
    <bndbox>
      <xmin>623.2509765625</xmin>
      <ymin>405.6666666666679</ymin>
      <xmax>844.2505859375015</xmax>
      <ymax>686.8427530924479</ymax>
    </bndbox>
    <attributes>
      <attribute>
        <name>track_id</name>
        <value>158</value>
      </attribute>
      <attribute>
        <name>keyframe</name>
        <value>True</value>
      </attribute>
    </attributes>
  </object>
  <object>
    <name>vehicule</name>
    <occluded>0</occluded>
    <bndbox>
      <xmin>636.7417968750002</xmin>
      <ymin>220.97473958333345</ymin>
      <xmax>899.2374287923182</xmax>
      <ymax>455.5507324218743</ymax>
    </bndbox>
    <attributes>
      <attribute>
        <name>track_id</name>
        <value>163</value>
      </attribute>
      <attribute>
        <name>keyframe</name>
        <value>True</value>
      </attribute>
    </attributes>
  </object>
  <object>
    <name>vehicule</name>
    <occluded>0</occluded>
    <bndbox>
      <xmin>909.9955078125</xmin>
      <ymin>148.147265625</ymin>
      <xmax>1162.409059448242</xmax>
      <ymax>414.205368347168</ymax>
    </bndbox>
    <attributes>
      <attribute>
        <name>track_id</name>
        <value>164</value>
      </attribute>
      <attribute>
        <name>keyframe</name>
        <value>True</value>
      </attribute>
    </attributes>
  </object>
  <object>
    <name>vehicule</name>
    <occluded>0</occluded>
    <bndbox>
      <xmin>1407.6000000000004</xmin>
      <ymin>1002.7000000000007</ymin>
      <xmax>2086.0918579101562</xmax>
      <ymax>1382.4003295898438</ymax>
    </bndbox>
    <attributes>
      <attribute>
        <name>track_id</name>
        <value>168</value>
      </attribute>
      <attribute>
        <name>keyframe</name>
        <value>True</value>
      </attribute>
    </attributes>
  </object>
  <object>
    <name>vehicule</name>
    <occluded>0</occluded>
    <bndbox>
      <xmin>390.2298828125</xmin>
      <ymin>165.8607421875</ymin>
      <xmax>717.0314270019531</xmax>
      <ymax>396.1556610107415</ymax>
    </bndbox>
    <attributes>
      <attribute>
        <name>track_id</name>
        <value>169</value>
      </attribute>
      <attribute>
        <name>keyframe</name>
        <value>True</value>
      </attribute>
    </attributes>
  </object>
  <object>
    <name>vehicule</name>
    <occluded>0</occluded>
    <bndbox>
      <xmin>39.1826171875</xmin>
      <ymin>191.391015625</ymin>
      <xmax>378.432073974609</xmax>
      <ymax>409.240625</ymax>
    </bndbox>
    <attributes>
      <attribute>
        <name>track_id</name>
        <value>170</value>
      </attribute>
      <attribute>
        <name>keyframe</name>
        <value>True</value>
      </attribute>
    </attributes>
  </object>
  <object>
    <name>vehicule</name>
    <occluded>0</occluded>
    <bndbox>
      <xmin>426.3572265625</xmin>
      <ymin>10.88000000000029</ymin>
      <xmax>762.4663269042969</xmax>
      <ymax>202.59616394042968</ymax>
    </bndbox>
    <attributes>
      <attribute>
        <name>track_id</name>
        <value>171</value>
      </attribute>
      <attribute>
        <name>keyframe</name>
        <value>True</value>
      </attribute>
    </attributes>
  </object>
  <object>
    <name>vehicule</name>
    <occluded>0</occluded>
    <bndbox>
      <xmin>0.0</xmin>
      <ymin>1359.0</ymin>
      <xmax>1184.4706420898438</xmax>
      <ymax>1981.5</ymax>
    </bndbox>
    <attributes>
      <attribute>
        <name>track_id</name>
        <value>172</value>
      </attribute>
      <attribute>
        <name>keyframe</name>
        <value>True</value>
      </attribute>
    </attributes>
  </object>
  <object>
    <name>vehicule</name>
    <occluded>0</occluded>
    <bndbox>
      <xmin>791.8978794642858</xmin>
      <ymin>0.0</ymin>
      <xmax>1108.9155944824229</xmax>
      <ymax>190.20298156738343</ymax>
    </bndbox>
    <attributes>
      <attribute>
        <name>track_id</name>
        <value>173</value>
      </attribute>
      <attribute>
        <name>keyframe</name>
        <value>True</value>
      </attribute>
    </attributes>
  </object>
  <object>
    <name>vehicule</name>
    <occluded>0</occluded>
    <bndbox>
      <xmin>1277.8330078125</xmin>
      <ymin>0.0</ymin>
      <xmax>1546.2982060750335</xmax>
      <ymax>145.33299255371094</ymax>
    </bndbox>
    <attributes>
      <attribute>
        <name>track_id</name>
        <value>174</value>
      </attribute>
      <attribute>
        <name>keyframe</name>
        <value>True</value>
      </attribute>
    </attributes>
  </object>
</annotation>
