<annotation>
  <folder>frame</folder>
  <filename>frame_002905.jpg</filename>
  <source>
    <database>Unknown</database>
    <annotation>Unknown</annotation>
    <image>Unknown</image>
  </source>
  <size>
    <width>2456</width>
    <height>2054</height>
    <depth>3</depth>
  </size>
  <segmented>0</segmented>
  <object>
    <name>vehicule</name>
    <occluded>0</occluded>
    <bndbox>
      <xmin>641.408203125</xmin>
      <ymin>644.5275781250002</ymin>
      <xmax>825.3208984375015</xmax>
      <ymax>896.5995294189452</ymax>
    </bndbox>
    <attributes>
      <attribute>
        <name>track_id</name>
        <value>293</value>
      </attribute>
      <attribute>
        <name>keyframe</name>
        <value>True</value>
      </attribute>
    </attributes>
  </object>
  <object>
    <name>vehicule</name>
    <occluded>0</occluded>
    <bndbox>
      <xmin>1237.8714285714293</xmin>
      <ymin>513.0590122767857</ymin>
      <xmax>1643.596963065011</xmax>
      <ymax>844.4948154994412</ymax>
    </bndbox>
    <attributes>
      <attribute>
        <name>track_id</name>
        <value>295</value>
      </attribute>
      <attribute>
        <name>keyframe</name>
        <value>True</value>
      </attribute>
    </attributes>
  </object>
  <object>
    <name>vehicule</name>
    <occluded>0</occluded>
    <bndbox>
      <xmin>1027.8906808035715</xmin>
      <ymin>233.57142857142856</ymin>
      <xmax>1283.9803000313898</xmax>
      <ymax>555.5154985700335</ymax>
    </bndbox>
    <attributes>
      <attribute>
        <name>track_id</name>
        <value>296</value>
      </attribute>
      <attribute>
        <name>keyframe</name>
        <value>True</value>
      </attribute>
    </attributes>
  </object>
  <object>
    <name>vehicule</name>
    <occluded>0</occluded>
    <bndbox>
      <xmin>176.29953835227272</xmin>
      <ymin>1038.166104403409</ymin>
      <xmax>826.6911155007099</xmax>
      <ymax>1392.9868075284094</ymax>
    </bndbox>
    <attributes>
      <attribute>
        <name>track_id</name>
        <value>297</value>
      </attribute>
      <attribute>
        <name>keyframe</name>
        <value>True</value>
      </attribute>
    </attributes>
  </object>
  <object>
    <name>vehicule</name>
    <occluded>0</occluded>
    <bndbox>
      <xmin>647.263671875</xmin>
      <ymin>1273.9796316964287</ymin>
      <xmax>1394.22802734375</xmax>
      <ymax>1644.379650006974</ymax>
    </bndbox>
    <attributes>
      <attribute>
        <name>track_id</name>
        <value>299</value>
      </attribute>
      <attribute>
        <name>keyframe</name>
        <value>True</value>
      </attribute>
    </attributes>
  </object>
  <object>
    <name>vehicule</name>
    <occluded>0</occluded>
    <bndbox>
      <xmin>557.9534040178571</xmin>
      <ymin>1639.3770089285717</ymin>
      <xmax>1357.7723981584807</xmax>
      <ymax>1981.7501229422433</ymax>
    </bndbox>
    <attributes>
      <attribute>
        <name>track_id</name>
        <value>300</value>
      </attribute>
      <attribute>
        <name>keyframe</name>
        <value>True</value>
      </attribute>
    </attributes>
  </object>
</annotation>
