<annotation>
  <folder>frame</folder>
  <filename>frame_001300.jpg</filename>
  <source>
    <database>Unknown</database>
    <annotation>Unknown</annotation>
    <image>Unknown</image>
  </source>
  <size>
    <width>2456</width>
    <height>2054</height>
    <depth>3</depth>
  </size>
  <segmented>0</segmented>
  <object>
    <name>vehicule</name>
    <occluded>0</occluded>
    <bndbox>
      <xmin>1032.105691056911</xmin>
      <ymin>1026.4715367759147</ymin>
      <xmax>1499.232278467194</xmax>
      <ymax>1391.071341463414</ymax>
    </bndbox>
    <attributes>
      <attribute>
        <name>track_id</name>
        <value>46</value>
      </attribute>
      <attribute>
        <name>keyframe</name>
        <value>True</value>
      </attribute>
    </attributes>
  </object>
  <object>
    <name>vehicule</name>
    <occluded>0</occluded>
    <bndbox>
      <xmin>572.6683485243055</xmin>
      <ymin>1108.6372612847222</ymin>
      <xmax>1023.9644972059458</xmax>
      <ymax>1406.8243706597236</ymax>
    </bndbox>
    <attributes>
      <attribute>
        <name>track_id</name>
        <value>48</value>
      </attribute>
      <attribute>
        <name>keyframe</name>
        <value>True</value>
      </attribute>
    </attributes>
  </object>
  <object>
    <name>vehicule</name>
    <occluded>0</occluded>
    <bndbox>
      <xmin>202.58094911317568</xmin>
      <ymin>934.4296875</ymin>
      <xmax>591.6489483807534</xmax>
      <ymax>1196.3674194335927</ymax>
    </bndbox>
    <attributes>
      <attribute>
        <name>track_id</name>
        <value>50</value>
      </attribute>
      <attribute>
        <name>keyframe</name>
        <value>True</value>
      </attribute>
    </attributes>
  </object>
  <object>
    <name>vehicule</name>
    <occluded>0</occluded>
    <bndbox>
      <xmin>1099.8992790904472</xmin>
      <ymin>974.7864027566056</ymin>
      <xmax>1618.586992713494</xmax>
      <ymax>1226.3809584206674</ymax>
    </bndbox>
    <attributes>
      <attribute>
        <name>track_id</name>
        <value>56</value>
      </attribute>
      <attribute>
        <name>keyframe</name>
        <value>True</value>
      </attribute>
    </attributes>
  </object>
  <object>
    <name>vehicule</name>
    <occluded>0</occluded>
    <bndbox>
      <xmin>676.1410767904804</xmin>
      <ymin>838.015409530694</ymin>
      <xmax>1088.593267952589</xmax>
      <ymax>1084.4454693451466</ymax>
    </bndbox>
    <attributes>
      <attribute>
        <name>track_id</name>
        <value>58</value>
      </attribute>
      <attribute>
        <name>keyframe</name>
        <value>True</value>
      </attribute>
    </attributes>
  </object>
  <object>
    <name>vehicule</name>
    <occluded>0</occluded>
    <bndbox>
      <xmin>169.96356604487886</xmin>
      <ymin>815.826404185022</ymin>
      <xmax>548.6168314257378</xmax>
      <ymax>1029.734518325066</ymax>
    </bndbox>
    <attributes>
      <attribute>
        <name>track_id</name>
        <value>60</value>
      </attribute>
      <attribute>
        <name>keyframe</name>
        <value>True</value>
      </attribute>
    </attributes>
  </object>
  <object>
    <name>vehicule</name>
    <occluded>0</occluded>
    <bndbox>
      <xmin>0.0</xmin>
      <ymin>685.9715396578549</ymin>
      <xmax>301.997819061042</xmax>
      <ymax>886.7877499593732</ymax>
    </bndbox>
    <attributes>
      <attribute>
        <name>track_id</name>
        <value>63</value>
      </attribute>
      <attribute>
        <name>keyframe</name>
        <value>True</value>
      </attribute>
    </attributes>
  </object>
  <object>
    <name>vehicule</name>
    <occluded>0</occluded>
    <bndbox>
      <xmin>95.20000000000073</xmin>
      <ymin>483.85400390625</ymin>
      <xmax>414.44847106933594</xmax>
      <ymax>683.6252105712883</ymax>
    </bndbox>
    <attributes>
      <attribute>
        <name>track_id</name>
        <value>104</value>
      </attribute>
      <attribute>
        <name>keyframe</name>
        <value>True</value>
      </attribute>
    </attributes>
  </object>
  <object>
    <name>vehicule</name>
    <occluded>0</occluded>
    <bndbox>
      <xmin>1075.8714285714295</xmin>
      <ymin>1525.9571428571435</ymin>
      <xmax>1654.9781450544085</xmax>
      <ymax>1922.7680358886719</ymax>
    </bndbox>
    <attributes>
      <attribute>
        <name>track_id</name>
        <value>105</value>
      </attribute>
      <attribute>
        <name>keyframe</name>
        <value>True</value>
      </attribute>
    </attributes>
  </object>
  <object>
    <name>vehicule</name>
    <occluded>0</occluded>
    <bndbox>
      <xmin>1231.1800000000014</xmin>
      <ymin>707.4833203125003</ymin>
      <xmax>1646.3295959472657</xmax>
      <ymax>940.896763305664</ymax>
    </bndbox>
    <attributes>
      <attribute>
        <name>track_id</name>
        <value>106</value>
      </attribute>
      <attribute>
        <name>keyframe</name>
        <value>True</value>
      </attribute>
    </attributes>
  </object>
  <object>
    <name>vehicule</name>
    <occluded>0</occluded>
    <bndbox>
      <xmin>60.5</xmin>
      <ymin>1104.9701822916668</ymin>
      <xmax>378.63808186848956</xmax>
      <ymax>1412.727030436198</ymax>
    </bndbox>
    <attributes>
      <attribute>
        <name>track_id</name>
        <value>107</value>
      </attribute>
      <attribute>
        <name>keyframe</name>
        <value>True</value>
      </attribute>
    </attributes>
  </object>
</annotation>
