<annotation>
  <folder>frame</folder>
  <filename>frame_002492.jpg</filename>
  <source>
    <database>Unknown</database>
    <annotation>Unknown</annotation>
    <image>Unknown</image>
  </source>
  <size>
    <width>2456</width>
    <height>2054</height>
    <depth>3</depth>
  </size>
  <segmented>0</segmented>
  <object>
    <name>vehicule</name>
    <occluded>0</occluded>
    <bndbox>
      <xmin>1785.2237215909095</xmin>
      <ymin>1532.7137784090912</ymin>
      <xmax>2310.587167080966</xmax>
      <ymax>1938.9896173650568</ymax>
    </bndbox>
    <attributes>
      <attribute>
        <name>track_id</name>
        <value>239</value>
      </attribute>
      <attribute>
        <name>keyframe</name>
        <value>True</value>
      </attribute>
    </attributes>
  </object>
  <object>
    <name>vehicule</name>
    <occluded>0</occluded>
    <bndbox>
      <xmin>137.4811662946429</xmin>
      <ymin>319.7470424107149</ymin>
      <xmax>607.2554731096552</xmax>
      <ymax>624.8683336530412</ymax>
    </bndbox>
    <attributes>
      <attribute>
        <name>track_id</name>
        <value>247</value>
      </attribute>
      <attribute>
        <name>keyframe</name>
        <value>True</value>
      </attribute>
    </attributes>
  </object>
  <object>
    <name>vehicule</name>
    <occluded>0</occluded>
    <bndbox>
      <xmin>810.8666666666674</xmin>
      <ymin>1185.1942708333336</ymin>
      <xmax>1133.8469136555989</xmax>
      <ymax>1480.8455301920574</ymax>
    </bndbox>
    <attributes>
      <attribute>
        <name>track_id</name>
        <value>248</value>
      </attribute>
      <attribute>
        <name>keyframe</name>
        <value>True</value>
      </attribute>
    </attributes>
  </object>
  <object>
    <name>vehicule</name>
    <occluded>0</occluded>
    <bndbox>
      <xmin>303.7847377232143</xmin>
      <ymin>111.0989955357145</ymin>
      <xmax>682.8696568080367</xmax>
      <ymax>333.6610774448927</ymax>
    </bndbox>
    <attributes>
      <attribute>
        <name>track_id</name>
        <value>250</value>
      </attribute>
      <attribute>
        <name>keyframe</name>
        <value>True</value>
      </attribute>
    </attributes>
  </object>
  <object>
    <name>vehicule</name>
    <occluded>0</occluded>
    <bndbox>
      <xmin>140.00407366071443</xmin>
      <ymin>1530.0876674107144</ymin>
      <xmax>1002.9898018973201</xmax>
      <ymax>1988.8763898577013</ymax>
    </bndbox>
    <attributes>
      <attribute>
        <name>track_id</name>
        <value>251</value>
      </attribute>
      <attribute>
        <name>keyframe</name>
        <value>True</value>
      </attribute>
    </attributes>
  </object>
</annotation>
