<annotation>
  <folder>frame</folder>
  <filename>frame_001790.jpg</filename>
  <source>
    <database>Unknown</database>
    <annotation>Unknown</annotation>
    <image>Unknown</image>
  </source>
  <size>
    <width>2456</width>
    <height>2054</height>
    <depth>3</depth>
  </size>
  <segmented>0</segmented>
  <object>
    <name>vehicule</name>
    <occluded>0</occluded>
    <bndbox>
      <xmin>1407.92052734375</xmin>
      <ymin>547.3643359375</ymin>
      <xmax>1862.0739793701175</xmax>
      <ymax>908.4342822265625</ymax>
    </bndbox>
    <attributes>
      <attribute>
        <name>track_id</name>
        <value>139</value>
      </attribute>
      <attribute>
        <name>keyframe</name>
        <value>True</value>
      </attribute>
    </attributes>
  </object>
  <object>
    <name>vehicule</name>
    <occluded>0</occluded>
    <bndbox>
      <xmin>1226.94970703125</xmin>
      <ymin>696.3461425781261</ymin>
      <xmax>1375.0348052978516</xmax>
      <ymax>937.5238098144528</ymax>
    </bndbox>
    <attributes>
      <attribute>
        <name>track_id</name>
        <value>142</value>
      </attribute>
      <attribute>
        <name>keyframe</name>
        <value>True</value>
      </attribute>
    </attributes>
  </object>
  <object>
    <name>vehicule</name>
    <occluded>0</occluded>
    <bndbox>
      <xmin>1195.2825687767095</xmin>
      <ymin>310.41136651976495</ymin>
      <xmax>1472.2825870872553</xmax>
      <ymax>577.1029711340228</ymax>
    </bndbox>
    <attributes>
      <attribute>
        <name>track_id</name>
        <value>149</value>
      </attribute>
      <attribute>
        <name>keyframe</name>
        <value>True</value>
      </attribute>
    </attributes>
  </object>
  <object>
    <name>vehicule</name>
    <occluded>0</occluded>
    <bndbox>
      <xmin>731.042041015625</xmin>
      <ymin>554.6901269531261</ymin>
      <xmax>970.6668640136716</xmax>
      <ymax>914.8475244140625</ymax>
    </bndbox>
    <attributes>
      <attribute>
        <name>track_id</name>
        <value>153</value>
      </attribute>
      <attribute>
        <name>keyframe</name>
        <value>True</value>
      </attribute>
    </attributes>
  </object>
  <object>
    <name>vehicule</name>
    <occluded>0</occluded>
    <bndbox>
      <xmin>1169.5225000000014</xmin>
      <ymin>103.01044921875</ymin>
      <xmax>1418.5018334960937</xmax>
      <ymax>360.3905303955078</ymax>
    </bndbox>
    <attributes>
      <attribute>
        <name>track_id</name>
        <value>156</value>
      </attribute>
      <attribute>
        <name>keyframe</name>
        <value>True</value>
      </attribute>
    </attributes>
  </object>
  <object>
    <name>vehicule</name>
    <occluded>0</occluded>
    <bndbox>
      <xmin>650.0353338068181</xmin>
      <ymin>224.1084872159091</ymin>
      <xmax>904.9818181818191</xmax>
      <ymax>472.1070284756743</ymax>
    </bndbox>
    <attributes>
      <attribute>
        <name>track_id</name>
        <value>158</value>
      </attribute>
      <attribute>
        <name>keyframe</name>
        <value>True</value>
      </attribute>
    </attributes>
  </object>
  <object>
    <name>vehicule</name>
    <occluded>0</occluded>
    <bndbox>
      <xmin>572.1505859375</xmin>
      <ymin>1501.461484375001</ymin>
      <xmax>1438.5837500000002</xmax>
      <ymax>1937.1358496093749</ymax>
    </bndbox>
    <attributes>
      <attribute>
        <name>track_id</name>
        <value>159</value>
      </attribute>
      <attribute>
        <name>keyframe</name>
        <value>True</value>
      </attribute>
    </attributes>
  </object>
  <object>
    <name>vehicule</name>
    <occluded>0</occluded>
    <bndbox>
      <xmin>105.0340576171875</xmin>
      <ymin>1088.6769042968763</ymin>
      <xmax>816.463134765625</xmax>
      <ymax>1459.037219238281</ymax>
    </bndbox>
    <attributes>
      <attribute>
        <name>track_id</name>
        <value>160</value>
      </attribute>
      <attribute>
        <name>keyframe</name>
        <value>True</value>
      </attribute>
    </attributes>
  </object>
  <object>
    <name>vehicule</name>
    <occluded>0</occluded>
    <bndbox>
      <xmin>944.8369140625</xmin>
      <ymin>0.0</ymin>
      <xmax>1321.4035949707031</xmax>
      <ymax>164.00596618652344</ymax>
    </bndbox>
    <attributes>
      <attribute>
        <name>track_id</name>
        <value>163</value>
      </attribute>
      <attribute>
        <name>keyframe</name>
        <value>True</value>
      </attribute>
    </attributes>
  </object>
</annotation>
