<annotation>
  <folder>frame</folder>
  <filename>frame_002864.jpg</filename>
  <source>
    <database>Unknown</database>
    <annotation>Unknown</annotation>
    <image>Unknown</image>
  </source>
  <size>
    <width>2456</width>
    <height>2054</height>
    <depth>3</depth>
  </size>
  <segmented>0</segmented>
  <object>
    <name>vehicule</name>
    <occluded>0</occluded>
    <bndbox>
      <xmin>2250.0</xmin>
      <ymin>1000.4755859375</ymin>
      <xmax>2456.0</xmax>
      <ymax>1311.800000000001</ymax>
    </bndbox>
    <attributes>
      <attribute>
        <name>track_id</name>
        <value>288</value>
      </attribute>
      <attribute>
        <name>keyframe</name>
        <value>True</value>
      </attribute>
    </attributes>
  </object>
  <object>
    <name>vehicule</name>
    <occluded>0</occluded>
    <bndbox>
      <xmin>1654.0226562500002</xmin>
      <ymin>1626.0985351562504</ymin>
      <xmax>2306.084661865235</xmax>
      <ymax>1999.560656738281</ymax>
    </bndbox>
    <attributes>
      <attribute>
        <name>track_id</name>
        <value>290</value>
      </attribute>
      <attribute>
        <name>keyframe</name>
        <value>True</value>
      </attribute>
    </attributes>
  </object>
  <object>
    <name>vehicule</name>
    <occluded>0</occluded>
    <bndbox>
      <xmin>692.9583333333333</xmin>
      <ymin>1023.3756510416666</ymin>
      <xmax>1281.1525716145818</xmax>
      <ymax>1340.801438395182</ymax>
    </bndbox>
    <attributes>
      <attribute>
        <name>track_id</name>
        <value>291</value>
      </attribute>
      <attribute>
        <name>keyframe</name>
        <value>True</value>
      </attribute>
    </attributes>
  </object>
  <object>
    <name>vehicule</name>
    <occluded>0</occluded>
    <bndbox>
      <xmin>345.3997395833333</xmin>
      <ymin>1356.36328125</ymin>
      <xmax>1089.2403767903645</xmax>
      <ymax>1754.6765625000007</ymax>
    </bndbox>
    <attributes>
      <attribute>
        <name>track_id</name>
        <value>292</value>
      </attribute>
      <attribute>
        <name>keyframe</name>
        <value>True</value>
      </attribute>
    </attributes>
  </object>
  <object>
    <name>vehicule</name>
    <occluded>0</occluded>
    <bndbox>
      <xmin>947.8466796875</xmin>
      <ymin>103.19954427083333</ymin>
      <xmax>1132.800000000001</xmax>
      <ymax>299.27800191243415</ymax>
    </bndbox>
    <attributes>
      <attribute>
        <name>track_id</name>
        <value>293</value>
      </attribute>
      <attribute>
        <name>keyframe</name>
        <value>True</value>
      </attribute>
    </attributes>
  </object>
</annotation>
