<annotation>
  <folder>frame</folder>
  <filename>frame_002122.jpg</filename>
  <source>
    <database>Unknown</database>
    <annotation>Unknown</annotation>
    <image>Unknown</image>
  </source>
  <size>
    <width>2456</width>
    <height>2054</height>
    <depth>3</depth>
  </size>
  <segmented>0</segmented>
  <object>
    <name>vehicule</name>
    <occluded>0</occluded>
    <bndbox>
      <xmin>1767.5000000000011</xmin>
      <ymin>1177.633203125001</ymin>
      <xmax>2335.8792928059897</xmax>
      <ymax>1571.6884073893234</ymax>
    </bndbox>
    <attributes>
      <attribute>
        <name>track_id</name>
        <value>191</value>
      </attribute>
      <attribute>
        <name>keyframe</name>
        <value>True</value>
      </attribute>
    </attributes>
  </object>
  <object>
    <name>vehicule</name>
    <occluded>0</occluded>
    <bndbox>
      <xmin>1790.1696614583343</xmin>
      <ymin>883.2555338541666</ymin>
      <xmax>2346.576778157552</xmax>
      <ymax>1185.1994588216141</ymax>
    </bndbox>
    <attributes>
      <attribute>
        <name>track_id</name>
        <value>195</value>
      </attribute>
      <attribute>
        <name>keyframe</name>
        <value>True</value>
      </attribute>
    </attributes>
  </object>
  <object>
    <name>vehicule</name>
    <occluded>0</occluded>
    <bndbox>
      <xmin>1319.23076923077</xmin>
      <ymin>619.2846153846157</ymin>
      <xmax>1800.741192157452</xmax>
      <ymax>971.5799912672776</ymax>
    </bndbox>
    <attributes>
      <attribute>
        <name>track_id</name>
        <value>197</value>
      </attribute>
      <attribute>
        <name>keyframe</name>
        <value>True</value>
      </attribute>
    </attributes>
  </object>
  <object>
    <name>vehicule</name>
    <occluded>0</occluded>
    <bndbox>
      <xmin>962.7769230769239</xmin>
      <ymin>832.3384615384616</ymin>
      <xmax>1501.9472867525542</xmax>
      <ymax>1228.6429842435396</ymax>
    </bndbox>
    <attributes>
      <attribute>
        <name>track_id</name>
        <value>198</value>
      </attribute>
      <attribute>
        <name>keyframe</name>
        <value>True</value>
      </attribute>
    </attributes>
  </object>
  <object>
    <name>vehicule</name>
    <occluded>0</occluded>
    <bndbox>
      <xmin>1251.0307692307692</xmin>
      <ymin>352.87008713942316</ymin>
      <xmax>1529.0023263784556</xmax>
      <ymax>632.1183974045966</ymax>
    </bndbox>
    <attributes>
      <attribute>
        <name>track_id</name>
        <value>200</value>
      </attribute>
      <attribute>
        <name>keyframe</name>
        <value>True</value>
      </attribute>
    </attributes>
  </object>
  <object>
    <name>vehicule</name>
    <occluded>0</occluded>
    <bndbox>
      <xmin>739.9771183894235</xmin>
      <ymin>180.0261418269231</ymin>
      <xmax>1020.2933443509615</xmax>
      <ymax>453.7577542818512</ymax>
    </bndbox>
    <attributes>
      <attribute>
        <name>track_id</name>
        <value>204</value>
      </attribute>
      <attribute>
        <name>keyframe</name>
        <value>True</value>
      </attribute>
    </attributes>
  </object>
  <object>
    <name>vehicule</name>
    <occluded>0</occluded>
    <bndbox>
      <xmin>1022.4390775240385</xmin>
      <ymin>1615.130634014423</ymin>
      <xmax>1931.2209256685687</xmax>
      <ymax>1985.428485576923</ymax>
    </bndbox>
    <attributes>
      <attribute>
        <name>track_id</name>
        <value>205</value>
      </attribute>
      <attribute>
        <name>keyframe</name>
        <value>True</value>
      </attribute>
    </attributes>
  </object>
  <object>
    <name>vehicule</name>
    <occluded>0</occluded>
    <bndbox>
      <xmin>1143.2762169471155</xmin>
      <ymin>95.53846153846224</ymin>
      <xmax>1386.5384615384623</xmax>
      <ymax>356.81376882699817</ymax>
    </bndbox>
    <attributes>
      <attribute>
        <name>track_id</name>
        <value>206</value>
      </attribute>
      <attribute>
        <name>keyframe</name>
        <value>True</value>
      </attribute>
    </attributes>
  </object>
  <object>
    <name>vehicule</name>
    <occluded>0</occluded>
    <bndbox>
      <xmin>45.666666666666664</xmin>
      <ymin>1567.0</ymin>
      <xmax>789.4394327799479</xmax>
      <ymax>1938.3304239908855</ymax>
    </bndbox>
    <attributes>
      <attribute>
        <name>track_id</name>
        <value>207</value>
      </attribute>
      <attribute>
        <name>keyframe</name>
        <value>True</value>
      </attribute>
    </attributes>
  </object>
  <object>
    <name>vehicule</name>
    <occluded>0</occluded>
    <bndbox>
      <xmin>355.0384615384627</xmin>
      <ymin>50.23090444711572</ymin>
      <xmax>710.8000042255109</xmax>
      <ymax>465.4991750863877</ymax>
    </bndbox>
    <attributes>
      <attribute>
        <name>track_id</name>
        <value>208</value>
      </attribute>
      <attribute>
        <name>keyframe</name>
        <value>True</value>
      </attribute>
    </attributes>
  </object>
  <object>
    <name>vehicule</name>
    <occluded>0</occluded>
    <bndbox>
      <xmin>929.4921875</xmin>
      <ymin>39.13859675480769</ymin>
      <xmax>1216.1185302734375</xmax>
      <ymax>232.09010432316705</ymax>
    </bndbox>
    <attributes>
      <attribute>
        <name>track_id</name>
        <value>209</value>
      </attribute>
      <attribute>
        <name>keyframe</name>
        <value>True</value>
      </attribute>
    </attributes>
  </object>
</annotation>
