<annotation>
  <folder>frame</folder>
  <filename>frame_002284.jpg</filename>
  <source>
    <database>Unknown</database>
    <annotation>Unknown</annotation>
    <image>Unknown</image>
  </source>
  <size>
    <width>2456</width>
    <height>2054</height>
    <depth>3</depth>
  </size>
  <segmented>0</segmented>
  <object>
    <name>vehicule</name>
    <occluded>0</occluded>
    <bndbox>
      <xmin>1325.4591796875002</xmin>
      <ymin>463.75937500000055</ymin>
      <xmax>1755.2318206787104</xmax>
      <ymax>802.9282287597653</ymax>
    </bndbox>
    <attributes>
      <attribute>
        <name>track_id</name>
        <value>224</value>
      </attribute>
      <attribute>
        <name>keyframe</name>
        <value>True</value>
      </attribute>
    </attributes>
  </object>
  <object>
    <name>vehicule</name>
    <occluded>0</occluded>
    <bndbox>
      <xmin>945.7649414062503</xmin>
      <ymin>120.57500000000118</ymin>
      <xmax>1205.9424743652344</xmax>
      <ymax>376.5648307800293</ymax>
    </bndbox>
    <attributes>
      <attribute>
        <name>track_id</name>
        <value>226</value>
      </attribute>
      <attribute>
        <name>keyframe</name>
        <value>True</value>
      </attribute>
    </attributes>
  </object>
  <object>
    <name>vehicule</name>
    <occluded>0</occluded>
    <bndbox>
      <xmin>864.45654296875</xmin>
      <ymin>1576.24072265625</ymin>
      <xmax>1673.540905761718</xmax>
      <ymax>1940.43994140625</ymax>
    </bndbox>
    <attributes>
      <attribute>
        <name>track_id</name>
        <value>227</value>
      </attribute>
      <attribute>
        <name>keyframe</name>
        <value>True</value>
      </attribute>
    </attributes>
  </object>
</annotation>
