<annotation>
  <folder>frame</folder>
  <filename>frame_000656.jpg</filename>
  <source>
    <database>Unknown</database>
    <annotation>Unknown</annotation>
    <image>Unknown</image>
  </source>
  <size>
    <width>2456</width>
    <height>2054</height>
    <depth>3</depth>
  </size>
  <segmented>0</segmented>
  <object>
    <name>vehicule</name>
    <occluded>0</occluded>
    <bndbox>
      <xmin>1004.3586095861486</xmin>
      <ymin>1021.5848553631756</ymin>
      <xmax>1497.1590424408785</xmax>
      <ymax>1371.1195403227932</ymax>
    </bndbox>
    <attributes>
      <attribute>
        <name>track_id</name>
        <value>46</value>
      </attribute>
      <attribute>
        <name>keyframe</name>
        <value>True</value>
      </attribute>
    </attributes>
  </object>
  <object>
    <name>vehicule</name>
    <occluded>0</occluded>
    <bndbox>
      <xmin>549.4281220518878</xmin>
      <ymin>1105.5280940448126</ymin>
      <xmax>1029.2109772764961</xmax>
      <ymax>1406.3056147967643</ymax>
    </bndbox>
    <attributes>
      <attribute>
        <name>track_id</name>
        <value>48</value>
      </attribute>
      <attribute>
        <name>keyframe</name>
        <value>True</value>
      </attribute>
    </attributes>
  </object>
  <object>
    <name>vehicule</name>
    <occluded>0</occluded>
    <bndbox>
      <xmin>41.4833984375</xmin>
      <ymin>869.8500000000013</ymin>
      <xmax>408.51222229003906</xmax>
      <ymax>1129.176986694336</ymax>
    </bndbox>
    <attributes>
      <attribute>
        <name>track_id</name>
        <value>50</value>
      </attribute>
      <attribute>
        <name>keyframe</name>
        <value>True</value>
      </attribute>
    </attributes>
  </object>
</annotation>
