<annotation>
  <folder>frame</folder>
  <filename>frame_001014.jpg</filename>
  <source>
    <database>Unknown</database>
    <annotation>Unknown</annotation>
    <image>Unknown</image>
  </source>
  <size>
    <width>2456</width>
    <height>2054</height>
    <depth>3</depth>
  </size>
  <segmented>0</segmented>
  <object>
    <name>vehicule</name>
    <occluded>0</occluded>
    <bndbox>
      <xmin>569.6475432320927</xmin>
      <ymin>1113.9720966467696</ymin>
      <xmax>1020.943691913733</xmax>
      <ymax>1412.159206021771</ymax>
    </bndbox>
    <attributes>
      <attribute>
        <name>track_id</name>
        <value>48</value>
      </attribute>
      <attribute>
        <name>keyframe</name>
        <value>True</value>
      </attribute>
    </attributes>
  </object>
  <object>
    <name>vehicule</name>
    <occluded>0</occluded>
    <bndbox>
      <xmin>200.45980257601352</xmin>
      <ymin>928.899609375</ymin>
      <xmax>589.5278018435913</xmax>
      <ymax>1190.8373413085926</ymax>
    </bndbox>
    <attributes>
      <attribute>
        <name>track_id</name>
        <value>50</value>
      </attribute>
      <attribute>
        <name>keyframe</name>
        <value>True</value>
      </attribute>
    </attributes>
  </object>
  <object>
    <name>vehicule</name>
    <occluded>0</occluded>
    <bndbox>
      <xmin>1090.5487132352941</xmin>
      <ymin>977.3897633272059</ymin>
      <xmax>1609.236426858341</xmax>
      <ymax>1228.9843189912676</ymax>
    </bndbox>
    <attributes>
      <attribute>
        <name>track_id</name>
        <value>56</value>
      </attribute>
      <attribute>
        <name>keyframe</name>
        <value>True</value>
      </attribute>
    </attributes>
  </object>
  <object>
    <name>vehicule</name>
    <occluded>0</occluded>
    <bndbox>
      <xmin>630.0882352941184</xmin>
      <ymin>827.764917607668</ymin>
      <xmax>1040.7062734395515</xmax>
      <ymax>1074.194977422121</ymax>
    </bndbox>
    <attributes>
      <attribute>
        <name>track_id</name>
        <value>58</value>
      </attribute>
      <attribute>
        <name>keyframe</name>
        <value>True</value>
      </attribute>
    </attributes>
  </object>
  <object>
    <name>vehicule</name>
    <occluded>0</occluded>
    <bndbox>
      <xmin>138.63947385649442</xmin>
      <ymin>812.5125861993715</ymin>
      <xmax>517.2927392373534</xmax>
      <ymax>1006.9370582452689</ymax>
    </bndbox>
    <attributes>
      <attribute>
        <name>track_id</name>
        <value>60</value>
      </attribute>
      <attribute>
        <name>keyframe</name>
        <value>True</value>
      </attribute>
    </attributes>
  </object>
  <object>
    <name>vehicule</name>
    <occluded>0</occluded>
    <bndbox>
      <xmin>0.0</xmin>
      <ymin>675.6079315707627</ymin>
      <xmax>267.39193720839813</xmax>
      <ymax>870.6377909469011</ymax>
    </bndbox>
    <attributes>
      <attribute>
        <name>track_id</name>
        <value>63</value>
      </attribute>
      <attribute>
        <name>keyframe</name>
        <value>True</value>
      </attribute>
    </attributes>
  </object>
  <object>
    <name>vehicule</name>
    <occluded>0</occluded>
    <bndbox>
      <xmin>1439.4282714843753</xmin>
      <ymin>1640.8770019531253</ymin>
      <xmax>2043.6261352539054</xmax>
      <ymax>2029.723913574218</ymax>
    </bndbox>
    <attributes>
      <attribute>
        <name>track_id</name>
        <value>75</value>
      </attribute>
      <attribute>
        <name>keyframe</name>
        <value>True</value>
      </attribute>
    </attributes>
  </object>
  <object>
    <name>vehicule</name>
    <occluded>0</occluded>
    <bndbox>
      <xmin>73.85000000000036</xmin>
      <ymin>518.9630859375002</ymin>
      <xmax>394.87095947265516</xmax>
      <ymax>692.7894683837885</ymax>
    </bndbox>
    <attributes>
      <attribute>
        <name>track_id</name>
        <value>76</value>
      </attribute>
      <attribute>
        <name>keyframe</name>
        <value>True</value>
      </attribute>
    </attributes>
  </object>
  <object>
    <name>vehicule</name>
    <occluded>0</occluded>
    <bndbox>
      <xmin>270.2527734375006</xmin>
      <ymin>1240.6642578125</ymin>
      <xmax>781.6433496093753</xmax>
      <ymax>1564.8739709472654</ymax>
    </bndbox>
    <attributes>
      <attribute>
        <name>track_id</name>
        <value>77</value>
      </attribute>
      <attribute>
        <name>keyframe</name>
        <value>True</value>
      </attribute>
    </attributes>
  </object>
</annotation>
