<annotation>
  <folder>frame</folder>
  <filename>frame_002643.jpg</filename>
  <source>
    <database>Unknown</database>
    <annotation>Unknown</annotation>
    <image>Unknown</image>
  </source>
  <size>
    <width>2456</width>
    <height>2054</height>
    <depth>3</depth>
  </size>
  <segmented>0</segmented>
  <object>
    <name>vehicule</name>
    <occluded>0</occluded>
    <bndbox>
      <xmin>3.100000000000364</xmin>
      <ymin>504.2000000000007</ymin>
      <xmax>283.1546936035156</xmax>
      <ymax>776.4692993164062</ymax>
    </bndbox>
    <attributes>
      <attribute>
        <name>track_id</name>
        <value>268</value>
      </attribute>
      <attribute>
        <name>keyframe</name>
        <value>True</value>
      </attribute>
    </attributes>
  </object>
  <object>
    <name>vehicule</name>
    <occluded>0</occluded>
    <bndbox>
      <xmin>6.325006300403225</xmin>
      <ymin>884.2908266129032</ymin>
      <xmax>265.84241805538056</xmax>
      <ymax>1173.6188244235134</ymax>
    </bndbox>
    <attributes>
      <attribute>
        <name>track_id</name>
        <value>270</value>
      </attribute>
      <attribute>
        <name>keyframe</name>
        <value>True</value>
      </attribute>
    </attributes>
  </object>
  <object>
    <name>vehicule</name>
    <occluded>0</occluded>
    <bndbox>
      <xmin>598.4576171875</xmin>
      <ymin>195.16921875000043</ymin>
      <xmax>959.7798437500012</xmax>
      <ymax>453.42851318359465</ymax>
    </bndbox>
    <attributes>
      <attribute>
        <name>track_id</name>
        <value>271</value>
      </attribute>
      <attribute>
        <name>keyframe</name>
        <value>True</value>
      </attribute>
    </attributes>
  </object>
  <object>
    <name>vehicule</name>
    <occluded>0</occluded>
    <bndbox>
      <xmin>121.18359375</xmin>
      <ymin>193.78687500000086</ymin>
      <xmax>516.5605468750007</xmax>
      <ymax>436.62746032714784</ymax>
    </bndbox>
    <attributes>
      <attribute>
        <name>track_id</name>
        <value>272</value>
      </attribute>
      <attribute>
        <name>keyframe</name>
        <value>True</value>
      </attribute>
    </attributes>
  </object>
  <object>
    <name>vehicule</name>
    <occluded>0</occluded>
    <bndbox>
      <xmin>1170.7513671875</xmin>
      <ymin>1591.83828125</ymin>
      <xmax>1956.3383740234374</xmax>
      <ymax>1949.7356530761724</ymax>
    </bndbox>
    <attributes>
      <attribute>
        <name>track_id</name>
        <value>273</value>
      </attribute>
      <attribute>
        <name>keyframe</name>
        <value>True</value>
      </attribute>
    </attributes>
  </object>
</annotation>
