<annotation>
  <folder>frame</folder>
  <filename>frame_002504.jpg</filename>
  <source>
    <database>Unknown</database>
    <annotation>Unknown</annotation>
    <image>Unknown</image>
  </source>
  <size>
    <width>2456</width>
    <height>2054</height>
    <depth>3</depth>
  </size>
  <segmented>0</segmented>
  <object>
    <name>vehicule</name>
    <occluded>0</occluded>
    <bndbox>
      <xmin>1176.0</xmin>
      <ymin>1143.7000000000007</ymin>
      <xmax>1465.8064270019531</xmax>
      <ymax>1439.3507385253906</ymax>
    </bndbox>
    <attributes>
      <attribute>
        <name>track_id</name>
        <value>248</value>
      </attribute>
      <attribute>
        <name>keyframe</name>
        <value>True</value>
      </attribute>
    </attributes>
  </object>
  <object>
    <name>vehicule</name>
    <occluded>0</occluded>
    <bndbox>
      <xmin>1033.1826171875</xmin>
      <ymin>1489.1845703125</ymin>
      <xmax>1932.6255737304673</xmax>
      <ymax>1952.8656250000004</ymax>
    </bndbox>
    <attributes>
      <attribute>
        <name>track_id</name>
        <value>251</value>
      </attribute>
      <attribute>
        <name>keyframe</name>
        <value>True</value>
      </attribute>
    </attributes>
  </object>
  <object>
    <name>vehicule</name>
    <occluded>0</occluded>
    <bndbox>
      <xmin>254.18804253472223</xmin>
      <ymin>77.46571180555556</ymin>
      <xmax>587.848863389757</xmax>
      <ymax>316.5686221652561</ymax>
    </bndbox>
    <attributes>
      <attribute>
        <name>track_id</name>
        <value>252</value>
      </attribute>
      <attribute>
        <name>keyframe</name>
        <value>True</value>
      </attribute>
    </attributes>
  </object>
  <object>
    <name>vehicule</name>
    <occluded>0</occluded>
    <bndbox>
      <xmin>1138.0966796875</xmin>
      <ymin>31.760000000000947</ymin>
      <xmax>1427.8394226074215</xmax>
      <ymax>258.0353179931641</ymax>
    </bndbox>
    <attributes>
      <attribute>
        <name>track_id</name>
        <value>253</value>
      </attribute>
      <attribute>
        <name>keyframe</name>
        <value>True</value>
      </attribute>
    </attributes>
  </object>
  <object>
    <name>vehicule</name>
    <occluded>0</occluded>
    <bndbox>
      <xmin>967.8671875</xmin>
      <ymin>0.0</ymin>
      <xmax>1251.0702209472656</xmax>
      <ymax>182.05625915527344</ymax>
    </bndbox>
    <attributes>
      <attribute>
        <name>track_id</name>
        <value>254</value>
      </attribute>
      <attribute>
        <name>keyframe</name>
        <value>True</value>
      </attribute>
    </attributes>
  </object>
</annotation>
