<annotation>
  <folder>frame</folder>
  <filename>frame_001305.jpg</filename>
  <source>
    <database>Unknown</database>
    <annotation>Unknown</annotation>
    <image>Unknown</image>
  </source>
  <size>
    <width>2456</width>
    <height>2054</height>
    <depth>3</depth>
  </size>
  <segmented>0</segmented>
  <object>
    <name>vehicule</name>
    <occluded>0</occluded>
    <bndbox>
      <xmin>1033.317073170732</xmin>
      <ymin>1027.156797827744</ymin>
      <xmax>1500.866345289277</xmax>
      <ymax>1391.7566025152432</ymax>
    </bndbox>
    <attributes>
      <attribute>
        <name>track_id</name>
        <value>46</value>
      </attribute>
      <attribute>
        <name>keyframe</name>
        <value>True</value>
      </attribute>
    </attributes>
  </object>
  <object>
    <name>vehicule</name>
    <occluded>0</occluded>
    <bndbox>
      <xmin>572.8648200757576</xmin>
      <ymin>1108.5717625473485</ymin>
      <xmax>1024.1609687573978</xmax>
      <ymax>1406.75887192235</ymax>
    </bndbox>
    <attributes>
      <attribute>
        <name>track_id</name>
        <value>48</value>
      </attribute>
      <attribute>
        <name>keyframe</name>
        <value>True</value>
      </attribute>
    </attributes>
  </object>
  <object>
    <name>vehicule</name>
    <occluded>0</occluded>
    <bndbox>
      <xmin>202.61803209459458</xmin>
      <ymin>934.5263671875</ymin>
      <xmax>591.6860313621723</xmax>
      <ymax>1196.4640991210927</ymax>
    </bndbox>
    <attributes>
      <attribute>
        <name>track_id</name>
        <value>50</value>
      </attribute>
      <attribute>
        <name>keyframe</name>
        <value>True</value>
      </attribute>
    </attributes>
  </object>
  <object>
    <name>vehicule</name>
    <occluded>0</occluded>
    <bndbox>
      <xmin>1100.5318216463415</xmin>
      <ymin>974.680985613567</ymin>
      <xmax>1619.2195352693884</xmax>
      <ymax>1226.275541277629</ymax>
    </bndbox>
    <attributes>
      <attribute>
        <name>track_id</name>
        <value>56</value>
      </attribute>
      <attribute>
        <name>keyframe</name>
        <value>True</value>
      </attribute>
    </attributes>
  </object>
  <object>
    <name>vehicule</name>
    <occluded>0</occluded>
    <bndbox>
      <xmin>676.8332545596086</xmin>
      <ymin>838.707604676379</ymin>
      <xmax>1089.2854457217172</xmax>
      <ymax>1085.1376644908319</ymax>
    </bndbox>
    <attributes>
      <attribute>
        <name>track_id</name>
        <value>58</value>
      </attribute>
      <attribute>
        <name>keyframe</name>
        <value>True</value>
      </attribute>
    </attributes>
  </object>
  <object>
    <name>vehicule</name>
    <occluded>0</occluded>
    <bndbox>
      <xmin>170.5348120870044</xmin>
      <ymin>815.8830082427038</ymin>
      <xmax>549.1880774678634</xmax>
      <ymax>1030.1629476135518</ymax>
    </bndbox>
    <attributes>
      <attribute>
        <name>track_id</name>
        <value>60</value>
      </attribute>
      <attribute>
        <name>keyframe</name>
        <value>True</value>
      </attribute>
    </attributes>
  </object>
  <object>
    <name>vehicule</name>
    <occluded>0</occluded>
    <bndbox>
      <xmin>0.0</xmin>
      <ymin>686.1527216174195</ymin>
      <xmax>302.60281699552877</xmax>
      <ymax>887.0700919001507</ymax>
    </bndbox>
    <attributes>
      <attribute>
        <name>track_id</name>
        <value>63</value>
      </attribute>
      <attribute>
        <name>keyframe</name>
        <value>True</value>
      </attribute>
    </attributes>
  </object>
  <object>
    <name>vehicule</name>
    <occluded>0</occluded>
    <bndbox>
      <xmin>1460.0704101562505</xmin>
      <ymin>1662.1180664062504</ymin>
      <xmax>2069.557366943359</xmax>
      <ymax>2048.0328216552734</ymax>
    </bndbox>
    <attributes>
      <attribute>
        <name>track_id</name>
        <value>105</value>
      </attribute>
      <attribute>
        <name>keyframe</name>
        <value>True</value>
      </attribute>
    </attributes>
  </object>
  <object>
    <name>vehicule</name>
    <occluded>0</occluded>
    <bndbox>
      <xmin>861.6142857142867</xmin>
      <ymin>629.0142299107143</ymin>
      <xmax>1249.6823425292969</xmax>
      <ymax>855.3876351492743</ymax>
    </bndbox>
    <attributes>
      <attribute>
        <name>track_id</name>
        <value>106</value>
      </attribute>
      <attribute>
        <name>keyframe</name>
        <value>True</value>
      </attribute>
    </attributes>
  </object>
  <object>
    <name>vehicule</name>
    <occluded>0</occluded>
    <bndbox>
      <xmin>237.25</xmin>
      <ymin>1210.8500000000004</ymin>
      <xmax>693.7397918701172</xmax>
      <ymax>1548.0181732177734</ymax>
    </bndbox>
    <attributes>
      <attribute>
        <name>track_id</name>
        <value>107</value>
      </attribute>
      <attribute>
        <name>keyframe</name>
        <value>True</value>
      </attribute>
    </attributes>
  </object>
</annotation>
