<annotation>
  <folder>frame</folder>
  <filename>frame_001165.jpg</filename>
  <source>
    <database>Unknown</database>
    <annotation>Unknown</annotation>
    <image>Unknown</image>
  </source>
  <size>
    <width>2456</width>
    <height>2054</height>
    <depth>3</depth>
  </size>
  <segmented>0</segmented>
  <object>
    <name>vehicule</name>
    <occluded>0</occluded>
    <bndbox>
      <xmin>567.363616635101</xmin>
      <ymin>1110.4057271938132</ymin>
      <xmax>1018.6597653167413</xmax>
      <ymax>1408.5928365688146</ymax>
    </bndbox>
    <attributes>
      <attribute>
        <name>track_id</name>
        <value>48</value>
      </attribute>
      <attribute>
        <name>keyframe</name>
        <value>True</value>
      </attribute>
    </attributes>
  </object>
  <object>
    <name>vehicule</name>
    <occluded>0</occluded>
    <bndbox>
      <xmin>201.57970861486487</xmin>
      <ymin>931.8193359375</ymin>
      <xmax>590.6477078824427</xmax>
      <ymax>1193.7570678710927</ymax>
    </bndbox>
    <attributes>
      <attribute>
        <name>track_id</name>
        <value>50</value>
      </attribute>
      <attribute>
        <name>keyframe</name>
        <value>True</value>
      </attribute>
    </attributes>
  </object>
  <object>
    <name>vehicule</name>
    <occluded>0</occluded>
    <bndbox>
      <xmin>1091.401673560049</xmin>
      <ymin>976.5368030024509</ymin>
      <xmax>1610.0893871830958</xmax>
      <ymax>1228.1313586665128</ymax>
    </bndbox>
    <attributes>
      <attribute>
        <name>track_id</name>
        <value>56</value>
      </attribute>
      <attribute>
        <name>keyframe</name>
        <value>True</value>
      </attribute>
    </attributes>
  </object>
  <object>
    <name>vehicule</name>
    <occluded>0</occluded>
    <bndbox>
      <xmin>648.2607421875</xmin>
      <ymin>826.7020399305555</ymin>
      <xmax>1060.7129333496086</xmax>
      <ymax>1073.1320997450084</ymax>
    </bndbox>
    <attributes>
      <attribute>
        <name>track_id</name>
        <value>58</value>
      </attribute>
      <attribute>
        <name>keyframe</name>
        <value>True</value>
      </attribute>
    </attributes>
  </object>
  <object>
    <name>vehicule</name>
    <occluded>0</occluded>
    <bndbox>
      <xmin>154.539922907489</xmin>
      <ymin>814.2980946276157</ymin>
      <xmax>533.193188288348</xmax>
      <ymax>1018.1669275359427</ymax>
    </bndbox>
    <attributes>
      <attribute>
        <name>track_id</name>
        <value>60</value>
      </attribute>
      <attribute>
        <name>keyframe</name>
        <value>True</value>
      </attribute>
    </attributes>
  </object>
  <object>
    <name>vehicule</name>
    <occluded>0</occluded>
    <bndbox>
      <xmin>0.0</xmin>
      <ymin>681.0796267496121</ymin>
      <xmax>285.6628748298989</xmax>
      <ymax>879.1645175583811</ymax>
    </bndbox>
    <attributes>
      <attribute>
        <name>track_id</name>
        <value>63</value>
      </attribute>
      <attribute>
        <name>keyframe</name>
        <value>True</value>
      </attribute>
    </attributes>
  </object>
  <object>
    <name>vehicule</name>
    <occluded>0</occluded>
    <bndbox>
      <xmin>1274.3747265625002</xmin>
      <ymin>1554.5080468750007</ymin>
      <xmax>1925.1105273437502</xmax>
      <ymax>1994.6598876953126</ymax>
    </bndbox>
    <attributes>
      <attribute>
        <name>track_id</name>
        <value>89</value>
      </attribute>
      <attribute>
        <name>keyframe</name>
        <value>True</value>
      </attribute>
    </attributes>
  </object>
  <object>
    <name>vehicule</name>
    <occluded>0</occluded>
    <bndbox>
      <xmin>992.4800000000007</xmin>
      <ymin>689.3800000000003</ymin>
      <xmax>1382.8365417480468</xmax>
      <ymax>873.9856109619141</ymax>
    </bndbox>
    <attributes>
      <attribute>
        <name>track_id</name>
        <value>90</value>
      </attribute>
      <attribute>
        <name>keyframe</name>
        <value>True</value>
      </attribute>
    </attributes>
  </object>
</annotation>
