<annotation>
  <folder>frame</folder>
  <filename>frame_000003.jpg</filename>
  <source>
    <database>Unknown</database>
    <annotation>Unknown</annotation>
    <image>Unknown</image>
  </source>
  <size>
    <width>2456</width>
    <height>2054</height>
    <depth>3</depth>
  </size>
  <segmented>0</segmented>
  <object>
    <name>vehicule</name>
    <occluded>0</occluded>
    <bndbox>
      <xmin>742.6406824448529</xmin>
      <ymin>1015.8233915441178</ymin>
      <xmax>1215.6881275850187</xmax>
      <ymax>1374.455280977137</ymax>
    </bndbox>
    <attributes>
      <attribute>
        <name>track_id</name>
        <value>326</value>
      </attribute>
      <attribute>
        <name>keyframe</name>
        <value>True</value>
      </attribute>
    </attributes>
  </object>
  <object>
    <name>vehicule</name>
    <occluded>0</occluded>
    <bndbox>
      <xmin>100.6611328125</xmin>
      <ymin>707.2379394531258</ymin>
      <xmax>488.13311767578125</xmax>
      <ymax>928.1872253417969</ymax>
    </bndbox>
    <attributes>
      <attribute>
        <name>track_id</name>
        <value>327</value>
      </attribute>
      <attribute>
        <name>keyframe</name>
        <value>True</value>
      </attribute>
    </attributes>
  </object>
  <object>
    <name>vehicule</name>
    <occluded>0</occluded>
    <bndbox>
      <xmin>11.945068359375</xmin>
      <ymin>979.537841796875</ymin>
      <xmax>345.7540710449216</xmax>
      <ymax>1265.8529968261719</ymax>
    </bndbox>
    <attributes>
      <attribute>
        <name>track_id</name>
        <value>328</value>
      </attribute>
      <attribute>
        <name>keyframe</name>
        <value>True</value>
      </attribute>
    </attributes>
  </object>
  <object>
    <name>vehicule</name>
    <occluded>0</occluded>
    <bndbox>
      <xmin>40.765625</xmin>
      <ymin>849.6064453125</ymin>
      <xmax>425.39541087431064</xmax>
      <ymax>1101.6882629394531</ymax>
    </bndbox>
    <attributes>
      <attribute>
        <name>track_id</name>
        <value>329</value>
      </attribute>
      <attribute>
        <name>keyframe</name>
        <value>True</value>
      </attribute>
    </attributes>
  </object>
  <object>
    <name>vehicule</name>
    <occluded>0</occluded>
    <bndbox>
      <xmin>1512.0249511718753</xmin>
      <ymin>1630.761962890625</ymin>
      <xmax>2109.552432250977</xmax>
      <ymax>2015.897496032715</ymax>
    </bndbox>
    <attributes>
      <attribute>
        <name>track_id</name>
        <value>330</value>
      </attribute>
      <attribute>
        <name>keyframe</name>
        <value>True</value>
      </attribute>
    </attributes>
  </object>
  <object>
    <name>vehicule</name>
    <occluded>0</occluded>
    <bndbox>
      <xmin>1608.1190569196428</xmin>
      <ymin>1091.3732421875</ymin>
      <xmax>2152.7402727399553</xmax>
      <ymax>1430.59443359375</ymax>
    </bndbox>
    <attributes>
      <attribute>
        <name>track_id</name>
        <value>331</value>
      </attribute>
      <attribute>
        <name>keyframe</name>
        <value>True</value>
      </attribute>
    </attributes>
  </object>
  <object>
    <name>vehicule</name>
    <occluded>0</occluded>
    <bndbox>
      <xmin>1018.748291015625</xmin>
      <ymin>651.20849609375</ymin>
      <xmax>1435.0192565917969</xmax>
      <ymax>897.0660705566406</ymax>
    </bndbox>
    <attributes>
      <attribute>
        <name>track_id</name>
        <value>332</value>
      </attribute>
      <attribute>
        <name>keyframe</name>
        <value>True</value>
      </attribute>
    </attributes>
  </object>
  <object>
    <name>vehicule</name>
    <occluded>0</occluded>
    <bndbox>
      <xmin>1915.818115234375</xmin>
      <ymin>1012.223388671875</ymin>
      <xmax>2362.408726501466</xmax>
      <ymax>1255.7695999145508</ymax>
    </bndbox>
    <attributes>
      <attribute>
        <name>track_id</name>
        <value>333</value>
      </attribute>
      <attribute>
        <name>keyframe</name>
        <value>True</value>
      </attribute>
    </attributes>
  </object>
</annotation>
