<annotation>
  <folder>frame</folder>
  <filename>frame_002910.jpg</filename>
  <source>
    <database>Unknown</database>
    <annotation>Unknown</annotation>
    <image>Unknown</image>
  </source>
  <size>
    <width>2456</width>
    <height>2054</height>
    <depth>3</depth>
  </size>
  <segmented>0</segmented>
  <object>
    <name>vehicule</name>
    <occluded>0</occluded>
    <bndbox>
      <xmin>643.7421875</xmin>
      <ymin>655.4198144531251</ymin>
      <xmax>827.6548828125015</xmax>
      <ymax>907.4917657470701</ymax>
    </bndbox>
    <attributes>
      <attribute>
        <name>track_id</name>
        <value>293</value>
      </attribute>
      <attribute>
        <name>keyframe</name>
        <value>True</value>
      </attribute>
    </attributes>
  </object>
  <object>
    <name>vehicule</name>
    <occluded>0</occluded>
    <bndbox>
      <xmin>1391.2285714285726</xmin>
      <ymin>619.7603236607142</ymin>
      <xmax>1848.108115059989</xmax>
      <ymax>951.1961268833697</ymax>
    </bndbox>
    <attributes>
      <attribute>
        <name>track_id</name>
        <value>295</value>
      </attribute>
      <attribute>
        <name>keyframe</name>
        <value>True</value>
      </attribute>
    </attributes>
  </object>
  <object>
    <name>vehicule</name>
    <occluded>0</occluded>
    <bndbox>
      <xmin>1063.4817801339289</xmin>
      <ymin>351.42857142857144</ymin>
      <xmax>1339.5536751883371</xmax>
      <ymax>664.4398847307477</ymax>
    </bndbox>
    <attributes>
      <attribute>
        <name>track_id</name>
        <value>296</value>
      </attribute>
      <attribute>
        <name>keyframe</name>
        <value>True</value>
      </attribute>
    </attributes>
  </object>
  <object>
    <name>vehicule</name>
    <occluded>0</occluded>
    <bndbox>
      <xmin>280.97993607954544</xmin>
      <ymin>1019.7765447443181</ymin>
      <xmax>931.3715132279826</xmax>
      <ymax>1374.5972478693186</ymax>
    </bndbox>
    <attributes>
      <attribute>
        <name>track_id</name>
        <value>297</value>
      </attribute>
      <attribute>
        <name>keyframe</name>
        <value>True</value>
      </attribute>
    </attributes>
  </object>
  <object>
    <name>vehicule</name>
    <occluded>0</occluded>
    <bndbox>
      <xmin>911.794921875</xmin>
      <ymin>1240.6356026785713</ymin>
      <xmax>1658.75927734375</xmax>
      <ymax>1611.0356209891168</ymax>
    </bndbox>
    <attributes>
      <attribute>
        <name>track_id</name>
        <value>299</value>
      </attribute>
      <attribute>
        <name>keyframe</name>
        <value>True</value>
      </attribute>
    </attributes>
  </object>
  <object>
    <name>vehicule</name>
    <occluded>0</occluded>
    <bndbox>
      <xmin>998.0964006696428</xmin>
      <ymin>1628.2620535714286</ymin>
      <xmax>1797.9153948102662</xmax>
      <ymax>1970.6351675851001</ymax>
    </bndbox>
    <attributes>
      <attribute>
        <name>track_id</name>
        <value>300</value>
      </attribute>
      <attribute>
        <name>keyframe</name>
        <value>True</value>
      </attribute>
    </attributes>
  </object>
  <object>
    <name>vehicule</name>
    <occluded>0</occluded>
    <bndbox>
      <xmin>3.111002604166667</xmin>
      <ymin>1549.3147786458333</ymin>
      <xmax>747.942647298177</xmax>
      <ymax>1927.9368347167972</ymax>
    </bndbox>
    <attributes>
      <attribute>
        <name>track_id</name>
        <value>301</value>
      </attribute>
      <attribute>
        <name>keyframe</name>
        <value>True</value>
      </attribute>
    </attributes>
  </object>
  <object>
    <name>vehicule</name>
    <occluded>0</occluded>
    <bndbox>
      <xmin>1130.4228515625</xmin>
      <ymin>4.133463541666666</ymin>
      <xmax>1444.0100219726567</xmax>
      <ymax>219.40180765787713</ymax>
    </bndbox>
    <attributes>
      <attribute>
        <name>track_id</name>
        <value>302</value>
      </attribute>
      <attribute>
        <name>keyframe</name>
        <value>True</value>
      </attribute>
    </attributes>
  </object>
</annotation>
