<annotation>
  <folder>frame</folder>
  <filename>frame_002306.jpg</filename>
  <source>
    <database>Unknown</database>
    <annotation>Unknown</annotation>
    <image>Unknown</image>
  </source>
  <size>
    <width>2456</width>
    <height>2054</height>
    <depth>3</depth>
  </size>
  <segmented>0</segmented>
  <object>
    <name>vehicule</name>
    <occluded>0</occluded>
    <bndbox>
      <xmin>1414.125</xmin>
      <ymin>580.0625000000002</ymin>
      <xmax>1922.5103149414062</xmax>
      <ymax>939.8584785461426</ymax>
    </bndbox>
    <attributes>
      <attribute>
        <name>track_id</name>
        <value>226</value>
      </attribute>
      <attribute>
        <name>keyframe</name>
        <value>True</value>
      </attribute>
    </attributes>
  </object>
  <object>
    <name>vehicule</name>
    <occluded>0</occluded>
    <bndbox>
      <xmin>954.893028846154</xmin>
      <ymin>1518.1856971153848</ymin>
      <xmax>1750.207417179987</xmax>
      <ymax>1919.7470435509313</ymax>
    </bndbox>
    <attributes>
      <attribute>
        <name>track_id</name>
        <value>228</value>
      </attribute>
      <attribute>
        <name>keyframe</name>
        <value>True</value>
      </attribute>
    </attributes>
  </object>
  <object>
    <name>vehicule</name>
    <occluded>0</occluded>
    <bndbox>
      <xmin>0.0</xmin>
      <ymin>214.70000000000073</ymin>
      <xmax>341.5</xmax>
      <ymax>480.8206787109375</ymax>
    </bndbox>
    <attributes>
      <attribute>
        <name>track_id</name>
        <value>229</value>
      </attribute>
      <attribute>
        <name>keyframe</name>
        <value>True</value>
      </attribute>
    </attributes>
  </object>
  <object>
    <name>vehicule</name>
    <occluded>0</occluded>
    <bndbox>
      <xmin>1017.8500000000004</xmin>
      <ymin>101.65000000000146</ymin>
      <xmax>1247.4379145304363</xmax>
      <ymax>363.5967483520508</ymax>
    </bndbox>
    <attributes>
      <attribute>
        <name>track_id</name>
        <value>230</value>
      </attribute>
      <attribute>
        <name>keyframe</name>
        <value>True</value>
      </attribute>
    </attributes>
  </object>
</annotation>
