<annotation>
  <folder>frame</folder>
  <filename>frame_001795.jpg</filename>
  <source>
    <database>Unknown</database>
    <annotation>Unknown</annotation>
    <image>Unknown</image>
  </source>
  <size>
    <width>2456</width>
    <height>2054</height>
    <depth>3</depth>
  </size>
  <segmented>0</segmented>
  <object>
    <name>vehicule</name>
    <occluded>0</occluded>
    <bndbox>
      <xmin>550.1422526041667</xmin>
      <ymin>590.8078515625006</ymin>
      <xmax>898.213059895834</xmax>
      <ymax>816.4125065104162</ymax>
    </bndbox>
    <attributes>
      <attribute>
        <name>keyframe</name>
        <value>True</value>
      </attribute>
      <attribute>
        <name>track_id</name>
        <value>201</value>
      </attribute>
    </attributes>
  </object>
  <object>
    <name>vehicule</name>
    <occluded>0</occluded>
    <bndbox>
      <xmin>1225.4541015625</xmin>
      <ymin>428.6533333333343</ymin>
      <xmax>1546.3715364583338</xmax>
      <ymax>637.4294840494791</ymax>
    </bndbox>
    <attributes>
      <attribute>
        <name>keyframe</name>
        <value>True</value>
      </attribute>
      <attribute>
        <name>track_id</name>
        <value>211</value>
      </attribute>
    </attributes>
  </object>
  <object>
    <name>vehicule</name>
    <occluded>0</occluded>
    <bndbox>
      <xmin>1088.0554036458334</xmin>
      <ymin>633.0066666666671</ymin>
      <xmax>1422.1000000000008</xmax>
      <ymax>875.7776967366536</ymax>
    </bndbox>
    <attributes>
      <attribute>
        <name>keyframe</name>
        <value>True</value>
      </attribute>
      <attribute>
        <name>track_id</name>
        <value>233</value>
      </attribute>
    </attributes>
  </object>
  <object>
    <name>vehicule</name>
    <occluded>0</occluded>
    <bndbox>
      <xmin>811.1304036458333</xmin>
      <ymin>414.02755208333355</ymin>
      <xmax>1113.0499479166679</xmax>
      <ymax>615.5703169759109</ymax>
    </bndbox>
    <attributes>
      <attribute>
        <name>keyframe</name>
        <value>True</value>
      </attribute>
      <attribute>
        <name>track_id</name>
        <value>250</value>
      </attribute>
    </attributes>
  </object>
  <object>
    <name>vehicule</name>
    <occluded>0</occluded>
    <bndbox>
      <xmin>1522.2496744791667</xmin>
      <ymin>278.54000000000053</ymin>
      <xmax>1776.8600000000004</xmax>
      <ymax>469.40684814453124</ymax>
    </bndbox>
    <attributes>
      <attribute>
        <name>keyframe</name>
        <value>True</value>
      </attribute>
      <attribute>
        <name>track_id</name>
        <value>270</value>
      </attribute>
    </attributes>
  </object>
  <object>
    <name>vehicule</name>
    <occluded>0</occluded>
    <bndbox>
      <xmin>1396.9132080078125</xmin>
      <ymin>1334.857226562501</ymin>
      <xmax>1963.8413330078129</xmax>
      <ymax>1615.8224853515624</ymax>
    </bndbox>
    <attributes>
      <attribute>
        <name>keyframe</name>
        <value>True</value>
      </attribute>
      <attribute>
        <name>track_id</name>
        <value>275</value>
      </attribute>
    </attributes>
  </object>
  <object>
    <name>vehicule</name>
    <occluded>0</occluded>
    <bndbox>
      <xmin>1729.85498046875</xmin>
      <ymin>1564.61669921875</ymin>
      <xmax>2313.629010009765</xmax>
      <ymax>1870.602246093751</ymax>
    </bndbox>
    <attributes>
      <attribute>
        <name>keyframe</name>
        <value>True</value>
      </attribute>
      <attribute>
        <name>track_id</name>
        <value>287</value>
      </attribute>
    </attributes>
  </object>
  <object>
    <name>vehicule</name>
    <occluded>0</occluded>
    <bndbox>
      <xmin>1206.3758789062513</xmin>
      <ymin>1102.71982421875</ymin>
      <xmax>1745.3843093872072</xmax>
      <ymax>1416.3594505310068</ymax>
    </bndbox>
    <attributes>
      <attribute>
        <name>keyframe</name>
        <value>True</value>
      </attribute>
      <attribute>
        <name>track_id</name>
        <value>288</value>
      </attribute>
    </attributes>
  </object>
  <object>
    <name>vehicule</name>
    <occluded>0</occluded>
    <bndbox>
      <xmin>197.20263671875</xmin>
      <ymin>0.0</ymin>
      <xmax>337.50743103027344</xmax>
      <ymax>133.33468627929688</ymax>
    </bndbox>
    <attributes>
      <attribute>
        <name>keyframe</name>
        <value>True</value>
      </attribute>
      <attribute>
        <name>track_id</name>
        <value>289</value>
      </attribute>
    </attributes>
  </object>
</annotation>
