<annotation>
  <folder>frame</folder>
  <filename>frame_001943.jpg</filename>
  <source>
    <database>Unknown</database>
    <annotation>Unknown</annotation>
    <image>Unknown</image>
  </source>
  <size>
    <width>2456</width>
    <height>2054</height>
    <depth>3</depth>
  </size>
  <segmented>0</segmented>
  <object>
    <name>vehicule</name>
    <occluded>0</occluded>
    <bndbox>
      <xmin>14.70703125</xmin>
      <ymin>721.8118164062503</ymin>
      <xmax>313.27500000000055</xmax>
      <ymax>970.8242248535148</ymax>
    </bndbox>
    <attributes>
      <attribute>
        <name>keyframe</name>
        <value>True</value>
      </attribute>
      <attribute>
        <name>track_id</name>
        <value>304</value>
      </attribute>
    </attributes>
  </object>
  <object>
    <name>vehicule</name>
    <occluded>0</occluded>
    <bndbox>
      <xmin>657.5285295758929</xmin>
      <ymin>587.4714285714296</ymin>
      <xmax>991.0071428571443</xmax>
      <ymax>815.3292388916016</ymax>
    </bndbox>
    <attributes>
      <attribute>
        <name>keyframe</name>
        <value>True</value>
      </attribute>
      <attribute>
        <name>track_id</name>
        <value>305</value>
      </attribute>
    </attributes>
  </object>
  <object>
    <name>vehicule</name>
    <occluded>0</occluded>
    <bndbox>
      <xmin>2206.470703125</xmin>
      <ymin>1203.494140625</ymin>
      <xmax>2456.0</xmax>
      <ymax>1439.975201416015</ymax>
    </bndbox>
    <attributes>
      <attribute>
        <name>keyframe</name>
        <value>True</value>
      </attribute>
      <attribute>
        <name>track_id</name>
        <value>307</value>
      </attribute>
    </attributes>
  </object>
  <object>
    <name>vehicule</name>
    <occluded>0</occluded>
    <bndbox>
      <xmin>2022.830078125</xmin>
      <ymin>1598.6953125</ymin>
      <xmax>2456.0</xmax>
      <ymax>1888.0775390625004</ymax>
    </bndbox>
    <attributes>
      <attribute>
        <name>keyframe</name>
        <value>True</value>
      </attribute>
      <attribute>
        <name>track_id</name>
        <value>309</value>
      </attribute>
    </attributes>
  </object>
  <object>
    <name>vehicule</name>
    <occluded>0</occluded>
    <bndbox>
      <xmin>1126.5517578125</xmin>
      <ymin>1292.6676432291667</ymin>
      <xmax>1700.4335205078119</xmax>
      <ymax>1600.7231119791675</ymax>
    </bndbox>
    <attributes>
      <attribute>
        <name>keyframe</name>
        <value>True</value>
      </attribute>
      <attribute>
        <name>track_id</name>
        <value>310</value>
      </attribute>
    </attributes>
  </object>
  <object>
    <name>vehicule</name>
    <occluded>0</occluded>
    <bndbox>
      <xmin>1706.4613560267858</xmin>
      <ymin>305.39369419642964</ymin>
      <xmax>1977.5392857142865</xmax>
      <ymax>460.1014426095145</ymax>
    </bndbox>
    <attributes>
      <attribute>
        <name>keyframe</name>
        <value>True</value>
      </attribute>
      <attribute>
        <name>track_id</name>
        <value>311</value>
      </attribute>
    </attributes>
  </object>
  <object>
    <name>vehicule</name>
    <occluded>0</occluded>
    <bndbox>
      <xmin>1846.847881610577</xmin>
      <ymin>118.2822265625</ymin>
      <xmax>2087.332256610577</xmax>
      <ymax>277.0004119873047</ymax>
    </bndbox>
    <attributes>
      <attribute>
        <name>keyframe</name>
        <value>True</value>
      </attribute>
      <attribute>
        <name>track_id</name>
        <value>312</value>
      </attribute>
    </attributes>
  </object>
  <object>
    <name>vehicule</name>
    <occluded>0</occluded>
    <bndbox>
      <xmin>331.4500000000003</xmin>
      <ymin>1133.4385253906253</ymin>
      <xmax>788.9192199707031</xmax>
      <ymax>1390.1816101074219</ymax>
    </bndbox>
    <attributes>
      <attribute>
        <name>keyframe</name>
        <value>True</value>
      </attribute>
      <attribute>
        <name>track_id</name>
        <value>313</value>
      </attribute>
    </attributes>
  </object>
  <object>
    <name>vehicule</name>
    <occluded>0</occluded>
    <bndbox>
      <xmin>1973.8079427083333</xmin>
      <ymin>223.13606770833334</ymin>
      <xmax>2257.322194417318</xmax>
      <ymax>372.51788838704425</ymax>
    </bndbox>
    <attributes>
      <attribute>
        <name>keyframe</name>
        <value>True</value>
      </attribute>
      <attribute>
        <name>track_id</name>
        <value>314</value>
      </attribute>
    </attributes>
  </object>
  <object>
    <name>vehicule</name>
    <occluded>0</occluded>
    <bndbox>
      <xmin>108.73125000000005</xmin>
      <ymin>1476.9310913085938</ymin>
      <xmax>559.9844360351562</xmax>
      <ymax>1785.0310668945312</ymax>
    </bndbox>
    <attributes>
      <attribute>
        <name>keyframe</name>
        <value>True</value>
      </attribute>
      <attribute>
        <name>track_id</name>
        <value>315</value>
      </attribute>
    </attributes>
  </object>
</annotation>
