<annotation>
  <folder>frame</folder>
  <filename>frame_002166.jpg</filename>
  <source>
    <database>Unknown</database>
    <annotation>Unknown</annotation>
    <image>Unknown</image>
  </source>
  <size>
    <width>2456</width>
    <height>2054</height>
    <depth>3</depth>
  </size>
  <segmented>0</segmented>
  <object>
    <name>vehicule</name>
    <occluded>0</occluded>
    <bndbox>
      <xmin>1843.452880859375</xmin>
      <ymin>392.88564453125</ymin>
      <xmax>2031.4692187500004</xmax>
      <ymax>605.578685760498</ymax>
    </bndbox>
    <attributes>
      <attribute>
        <name>keyframe</name>
        <value>True</value>
      </attribute>
      <attribute>
        <name>track_id</name>
        <value>333</value>
      </attribute>
    </attributes>
  </object>
  <object>
    <name>vehicule</name>
    <occluded>0</occluded>
    <bndbox>
      <xmin>1156.39345703125</xmin>
      <ymin>415.4642578125</ymin>
      <xmax>1446.7383819580077</xmax>
      <ymax>574.2162109375</ymax>
    </bndbox>
    <attributes>
      <attribute>
        <name>keyframe</name>
        <value>True</value>
      </attribute>
      <attribute>
        <name>track_id</name>
        <value>334</value>
      </attribute>
    </attributes>
  </object>
  <object>
    <name>vehicule</name>
    <occluded>0</occluded>
    <bndbox>
      <xmin>1554.3626302083335</xmin>
      <ymin>194.78190104166666</ymin>
      <xmax>1816.092030843099</xmax>
      <ymax>319.2667490641276</ymax>
    </bndbox>
    <attributes>
      <attribute>
        <name>keyframe</name>
        <value>True</value>
      </attribute>
      <attribute>
        <name>track_id</name>
        <value>335</value>
      </attribute>
    </attributes>
  </object>
  <object>
    <name>vehicule</name>
    <occluded>0</occluded>
    <bndbox>
      <xmin>2089.648003472222</xmin>
      <ymin>229.01475694444446</ymin>
      <xmax>2317.144066704644</xmax>
      <ymax>378.3965776231554</ymax>
    </bndbox>
    <attributes>
      <attribute>
        <name>keyframe</name>
        <value>True</value>
      </attribute>
      <attribute>
        <name>track_id</name>
        <value>337</value>
      </attribute>
    </attributes>
  </object>
</annotation>
