<annotation>
  <folder>frame</folder>
  <filename>frame_000513.jpg</filename>
  <source>
    <database>Unknown</database>
    <annotation>Unknown</annotation>
    <image>Unknown</image>
  </source>
  <size>
    <width>2456</width>
    <height>2054</height>
    <depth>3</depth>
  </size>
  <segmented>0</segmented>
  <object>
    <name>vehicule</name>
    <occluded>0</occluded>
    <bndbox>
      <xmin>222.4666573660714</xmin>
      <ymin>714.5785714285729</ymin>
      <xmax>672.6214285714293</xmax>
      <ymax>980.0182473318918</ymax>
    </bndbox>
    <attributes>
      <attribute>
        <name>keyframe</name>
        <value>True</value>
      </attribute>
      <attribute>
        <name>track_id</name>
        <value>2</value>
      </attribute>
    </attributes>
  </object>
  <object>
    <name>vehicule</name>
    <occluded>0</occluded>
    <bndbox>
      <xmin>979.5388532366071</xmin>
      <ymin>490.800000000001</ymin>
      <xmax>1271.7071428571435</xmax>
      <ymax>721.3351451328823</ymax>
    </bndbox>
    <attributes>
      <attribute>
        <name>keyframe</name>
        <value>True</value>
      </attribute>
      <attribute>
        <name>track_id</name>
        <value>12</value>
      </attribute>
    </attributes>
  </object>
  <object>
    <name>vehicule</name>
    <occluded>0</occluded>
    <bndbox>
      <xmin>1409.330845424107</xmin>
      <ymin>412.9752092633931</ymin>
      <xmax>1679.7917829241073</xmax>
      <ymax>627.7240992954796</ymax>
    </bndbox>
    <attributes>
      <attribute>
        <name>keyframe</name>
        <value>True</value>
      </attribute>
      <attribute>
        <name>track_id</name>
        <value>28</value>
      </attribute>
    </attributes>
  </object>
  <object>
    <name>vehicule</name>
    <occluded>0</occluded>
    <bndbox>
      <xmin>498.25013950892856</xmin>
      <ymin>458.0106724330357</ymin>
      <xmax>829.1396344866079</xmax>
      <ymax>711.9183643886018</ymax>
    </bndbox>
    <attributes>
      <attribute>
        <name>keyframe</name>
        <value>True</value>
      </attribute>
      <attribute>
        <name>track_id</name>
        <value>37</value>
      </attribute>
    </attributes>
  </object>
  <object>
    <name>vehicule</name>
    <occluded>0</occluded>
    <bndbox>
      <xmin>1683.5389229910713</xmin>
      <ymin>332.9071428571438</ymin>
      <xmax>1949.5785714285726</xmax>
      <ymax>506.2023359026228</ymax>
    </bndbox>
    <attributes>
      <attribute>
        <name>keyframe</name>
        <value>True</value>
      </attribute>
      <attribute>
        <name>track_id</name>
        <value>40</value>
      </attribute>
    </attributes>
  </object>
  <object>
    <name>vehicule</name>
    <occluded>0</occluded>
    <bndbox>
      <xmin>947.8262416294642</xmin>
      <ymin>360.92857142857196</ymin>
      <xmax>1257.5428571428583</xmax>
      <ymax>540.9368416922433</ymax>
    </bndbox>
    <attributes>
      <attribute>
        <name>keyframe</name>
        <value>True</value>
      </attribute>
      <attribute>
        <name>track_id</name>
        <value>87</value>
      </attribute>
    </attributes>
  </object>
  <object>
    <name>vehicule</name>
    <occluded>0</occluded>
    <bndbox>
      <xmin>962.9907924107142</xmin>
      <ymin>730.3214285714291</ymin>
      <xmax>1318.6000000000004</xmax>
      <ymax>990.2290605817523</ymax>
    </bndbox>
    <attributes>
      <attribute>
        <name>keyframe</name>
        <value>True</value>
      </attribute>
      <attribute>
        <name>track_id</name>
        <value>90</value>
      </attribute>
    </attributes>
  </object>
  <object>
    <name>vehicule</name>
    <occluded>0</occluded>
    <bndbox>
      <xmin>1941.22314453125</xmin>
      <ymin>278.41029575892856</ymin>
      <xmax>2250.3231445312485</xmax>
      <ymax>427.4866049630301</ymax>
    </bndbox>
    <attributes>
      <attribute>
        <name>keyframe</name>
        <value>True</value>
      </attribute>
      <attribute>
        <name>track_id</name>
        <value>95</value>
      </attribute>
    </attributes>
  </object>
  <object>
    <name>vehicule</name>
    <occluded>0</occluded>
    <bndbox>
      <xmin>1667.9536830357142</xmin>
      <ymin>249.1428571428574</ymin>
      <xmax>1910.899926321847</xmax>
      <ymax>394.1418647766113</ymax>
    </bndbox>
    <attributes>
      <attribute>
        <name>keyframe</name>
        <value>True</value>
      </attribute>
      <attribute>
        <name>track_id</name>
        <value>99</value>
      </attribute>
    </attributes>
  </object>
  <object>
    <name>vehicule</name>
    <occluded>0</occluded>
    <bndbox>
      <xmin>522.8000000000011</xmin>
      <ymin>67.5849609375</ymin>
      <xmax>785.1045532226562</xmax>
      <ymax>205.6226043701172</ymax>
    </bndbox>
    <attributes>
      <attribute>
        <name>keyframe</name>
        <value>True</value>
      </attribute>
      <attribute>
        <name>track_id</name>
        <value>103</value>
      </attribute>
    </attributes>
  </object>
  <object>
    <name>vehicule</name>
    <occluded>0</occluded>
    <bndbox>
      <xmin>2002.59765625</xmin>
      <ymin>131.08203125</ymin>
      <xmax>2284.1944274902344</xmax>
      <ymax>244.27289581298828</ymax>
    </bndbox>
    <attributes>
      <attribute>
        <name>keyframe</name>
        <value>True</value>
      </attribute>
      <attribute>
        <name>track_id</name>
        <value>104</value>
      </attribute>
    </attributes>
  </object>
  <object>
    <name>vehicule</name>
    <occluded>0</occluded>
    <bndbox>
      <xmin>2079.8984375</xmin>
      <ymin>205.623046875</ymin>
      <xmax>2375.2989807128906</xmax>
      <ymax>332.61766815185547</ymax>
    </bndbox>
    <attributes>
      <attribute>
        <name>keyframe</name>
        <value>True</value>
      </attribute>
      <attribute>
        <name>track_id</name>
        <value>105</value>
      </attribute>
    </attributes>
  </object>
</annotation>
