<annotation>
  <folder>frame</folder>
  <filename>frame_000867.jpg</filename>
  <source>
    <database>Unknown</database>
    <annotation>Unknown</annotation>
    <image>Unknown</image>
  </source>
  <size>
    <width>2456</width>
    <height>2054</height>
    <depth>3</depth>
  </size>
  <segmented>0</segmented>
  <object>
    <name>vehicule</name>
    <occluded>0</occluded>
    <bndbox>
      <xmin>521.0631199048921</xmin>
      <ymin>581.0740489130437</ymin>
      <xmax>892.5015285326086</xmax>
      <ymax>801.8873451564634</ymax>
    </bndbox>
    <attributes>
      <attribute>
        <name>keyframe</name>
        <value>True</value>
      </attribute>
      <attribute>
        <name>track_id</name>
        <value>154</value>
      </attribute>
    </attributes>
  </object>
  <object>
    <name>vehicule</name>
    <occluded>0</occluded>
    <bndbox>
      <xmin>1248.5587211277175</xmin>
      <ymin>469.18260869565336</ymin>
      <xmax>1584.227063519023</xmax>
      <ymax>687.7791834292204</ymax>
    </bndbox>
    <attributes>
      <attribute>
        <name>keyframe</name>
        <value>True</value>
      </attribute>
      <attribute>
        <name>track_id</name>
        <value>156</value>
      </attribute>
    </attributes>
  </object>
  <object>
    <name>vehicule</name>
    <occluded>0</occluded>
    <bndbox>
      <xmin>482.5071428571442</xmin>
      <ymin>66.45591517857156</ymin>
      <xmax>772.75881086077</xmax>
      <ymax>207.23975001743838</ymax>
    </bndbox>
    <attributes>
      <attribute>
        <name>keyframe</name>
        <value>True</value>
      </attribute>
      <attribute>
        <name>track_id</name>
        <value>157</value>
      </attribute>
    </attributes>
  </object>
  <object>
    <name>vehicule</name>
    <occluded>0</occluded>
    <bndbox>
      <xmin>1269.2557444852946</xmin>
      <ymin>146.83915441176492</ymin>
      <xmax>1558.1057444852931</xmax>
      <ymax>298.6924075855923</ymax>
    </bndbox>
    <attributes>
      <attribute>
        <name>keyframe</name>
        <value>True</value>
      </attribute>
      <attribute>
        <name>track_id</name>
        <value>158</value>
      </attribute>
    </attributes>
  </object>
  <object>
    <name>vehicule</name>
    <occluded>0</occluded>
    <bndbox>
      <xmin>2057.9215959821436</xmin>
      <ymin>260.12220982142907</ymin>
      <xmax>2357.7964006696425</xmax>
      <ymax>422.97257908412365</ymax>
    </bndbox>
    <attributes>
      <attribute>
        <name>keyframe</name>
        <value>True</value>
      </attribute>
      <attribute>
        <name>track_id</name>
        <value>159</value>
      </attribute>
    </attributes>
  </object>
  <object>
    <name>vehicule</name>
    <occluded>0</occluded>
    <bndbox>
      <xmin>101.45000000000027</xmin>
      <ymin>1359.756201171875</ymin>
      <xmax>491.3612365722656</xmax>
      <ymax>1693.8061828613281</ymax>
    </bndbox>
    <attributes>
      <attribute>
        <name>keyframe</name>
        <value>True</value>
      </attribute>
      <attribute>
        <name>track_id</name>
        <value>160</value>
      </attribute>
    </attributes>
  </object>
</annotation>
