<annotation>
  <folder>frame</folder>
  <filename>frame_000939.jpg</filename>
  <source>
    <database>Unknown</database>
    <annotation>Unknown</annotation>
    <image>Unknown</image>
  </source>
  <size>
    <width>2456</width>
    <height>2054</height>
    <depth>3</depth>
  </size>
  <segmented>0</segmented>
  <object>
    <name>vehicule</name>
    <occluded>0</occluded>
    <bndbox>
      <xmin>46.9140625</xmin>
      <ymin>0.0</ymin>
      <xmax>239.10000000000036</xmax>
      <ymax>107.10000000000036</ymax>
    </bndbox>
    <attributes>
      <attribute>
        <name>keyframe</name>
        <value>True</value>
      </attribute>
      <attribute>
        <name>track_id</name>
        <value>164</value>
      </attribute>
    </attributes>
  </object>
  <object>
    <name>vehicule</name>
    <occluded>0</occluded>
    <bndbox>
      <xmin>528.39453125</xmin>
      <ymin>70.6919921875</ymin>
      <xmax>858.6412353515625</xmax>
      <ymax>225.2134765625</ymax>
    </bndbox>
    <attributes>
      <attribute>
        <name>keyframe</name>
        <value>True</value>
      </attribute>
      <attribute>
        <name>track_id</name>
        <value>165</value>
      </attribute>
    </attributes>
  </object>
</annotation>
