<annotation>
  <folder>frame</folder>
  <filename>frame_001830.jpg</filename>
  <source>
    <database>Unknown</database>
    <annotation>Unknown</annotation>
    <image>Unknown</image>
  </source>
  <size>
    <width>2456</width>
    <height>2054</height>
    <depth>3</depth>
  </size>
  <segmented>0</segmented>
  <object>
    <name>vehicule</name>
    <occluded>0</occluded>
    <bndbox>
      <xmin>381.64206112132354</xmin>
      <ymin>733.2509306066178</ymin>
      <xmax>861.24705882353</xmax>
      <ymax>1005.1489164464612</ymax>
    </bndbox>
    <attributes>
      <attribute>
        <name>keyframe</name>
        <value>True</value>
      </attribute>
      <attribute>
        <name>track_id</name>
        <value>211</value>
      </attribute>
    </attributes>
  </object>
  <object>
    <name>vehicule</name>
    <occluded>0</occluded>
    <bndbox>
      <xmin>1638.6350000000004</xmin>
      <ymin>549.715000000001</ymin>
      <xmax>1920.7619972229004</xmax>
      <ymax>820.9737533569336</ymax>
    </bndbox>
    <attributes>
      <attribute>
        <name>keyframe</name>
        <value>True</value>
      </attribute>
      <attribute>
        <name>track_id</name>
        <value>270</value>
      </attribute>
    </attributes>
  </object>
  <object>
    <name>vehicule</name>
    <occluded>0</occluded>
    <bndbox>
      <xmin>1292.5284231085527</xmin>
      <ymin>1346.4561574835527</ymin>
      <xmax>1802.8973989386297</xmax>
      <ymax>1604.752391614412</ymax>
    </bndbox>
    <attributes>
      <attribute>
        <name>keyframe</name>
        <value>True</value>
      </attribute>
      <attribute>
        <name>track_id</name>
        <value>292</value>
      </attribute>
    </attributes>
  </object>
  <object>
    <name>vehicule</name>
    <occluded>0</occluded>
    <bndbox>
      <xmin>983.6698467548076</xmin>
      <ymin>1496.2329477163462</ymin>
      <xmax>1560.8538461538474</xmax>
      <ymax>1841.6784128042368</ymax>
    </bndbox>
    <attributes>
      <attribute>
        <name>keyframe</name>
        <value>True</value>
      </attribute>
      <attribute>
        <name>track_id</name>
        <value>293</value>
      </attribute>
    </attributes>
  </object>
  <object>
    <name>vehicule</name>
    <occluded>0</occluded>
    <bndbox>
      <xmin>609.4720000000001</xmin>
      <ymin>1116.0754843750003</ymin>
      <xmax>1045.5452307128908</xmax>
      <ymax>1374.1226770019532</ymax>
    </bndbox>
    <attributes>
      <attribute>
        <name>keyframe</name>
        <value>True</value>
      </attribute>
      <attribute>
        <name>track_id</name>
        <value>294</value>
      </attribute>
    </attributes>
  </object>
  <object>
    <name>vehicule</name>
    <occluded>0</occluded>
    <bndbox>
      <xmin>400.25217391304375</xmin>
      <ymin>1257.8607252038046</ymin>
      <xmax>870.579274053159</xmax>
      <ymax>1577.8561361561651</ymax>
    </bndbox>
    <attributes>
      <attribute>
        <name>keyframe</name>
        <value>True</value>
      </attribute>
      <attribute>
        <name>track_id</name>
        <value>295</value>
      </attribute>
    </attributes>
  </object>
</annotation>
