<annotation>
  <folder>frame</folder>
  <filename>frame_002212.jpg</filename>
  <source>
    <database>Unknown</database>
    <annotation>Unknown</annotation>
    <image>Unknown</image>
  </source>
  <size>
    <width>2456</width>
    <height>2054</height>
    <depth>3</depth>
  </size>
  <segmented>0</segmented>
  <object>
    <name>vehicule</name>
    <occluded>0</occluded>
    <bndbox>
      <xmin>2293.3603515625</xmin>
      <ymin>773.9853515625</ymin>
      <xmax>2456.0</xmax>
      <ymax>985.6000000000004</ymax>
    </bndbox>
    <attributes>
      <attribute>
        <name>keyframe</name>
        <value>True</value>
      </attribute>
      <attribute>
        <name>track_id</name>
        <value>333</value>
      </attribute>
    </attributes>
  </object>
  <object>
    <name>vehicule</name>
    <occluded>0</occluded>
    <bndbox>
      <xmin>1848.9376103940222</xmin>
      <ymin>650.4782608695652</ymin>
      <xmax>2135.9904811693273</xmax>
      <ymax>886.9648490574049</ymax>
    </bndbox>
    <attributes>
      <attribute>
        <name>keyframe</name>
        <value>True</value>
      </attribute>
      <attribute>
        <name>track_id</name>
        <value>337</value>
      </attribute>
    </attributes>
  </object>
  <object>
    <name>vehicule</name>
    <occluded>0</occluded>
    <bndbox>
      <xmin>1656.0666934742646</xmin>
      <ymin>30.741176470588364</ymin>
      <xmax>1845.2923063390394</xmax>
      <ymax>202.4490598790786</ymax>
    </bndbox>
    <attributes>
      <attribute>
        <name>keyframe</name>
        <value>True</value>
      </attribute>
      <attribute>
        <name>track_id</name>
        <value>340</value>
      </attribute>
    </attributes>
  </object>
  <object>
    <name>vehicule</name>
    <occluded>0</occluded>
    <bndbox>
      <xmin>49.80000000000048</xmin>
      <ymin>1436.855598958334</ymin>
      <xmax>604.7858174641926</xmax>
      <ymax>1765.7113749186199</ymax>
    </bndbox>
    <attributes>
      <attribute>
        <name>keyframe</name>
        <value>True</value>
      </attribute>
      <attribute>
        <name>track_id</name>
        <value>341</value>
      </attribute>
    </attributes>
  </object>
</annotation>
