<annotation>
  <folder>frame</folder>
  <filename>frame_002740.jpg</filename>
  <source>
    <database>Unknown</database>
    <annotation>Unknown</annotation>
    <image>Unknown</image>
  </source>
  <size>
    <width>2456</width>
    <height>2054</height>
    <depth>3</depth>
  </size>
  <segmented>0</segmented>
  <object>
    <name>vehicule</name>
    <occluded>0</occluded>
    <bndbox>
      <xmin>1394.23388671875</xmin>
      <ymin>321.734375</ymin>
      <xmax>1662.1680664062515</xmax>
      <ymax>516.263546752929</ymax>
    </bndbox>
    <attributes>
      <attribute>
        <name>keyframe</name>
        <value>True</value>
      </attribute>
      <attribute>
        <name>track_id</name>
        <value>358</value>
      </attribute>
    </attributes>
  </object>
  <object>
    <name>vehicule</name>
    <occluded>0</occluded>
    <bndbox>
      <xmin>995.75634765625</xmin>
      <ymin>273.0458984375</ymin>
      <xmax>1306.6274087743814</xmax>
      <ymax>512.9720069037539</ymax>
    </bndbox>
    <attributes>
      <attribute>
        <name>keyframe</name>
        <value>True</value>
      </attribute>
      <attribute>
        <name>track_id</name>
        <value>369</value>
      </attribute>
    </attributes>
  </object>
  <object>
    <name>vehicule</name>
    <occluded>0</occluded>
    <bndbox>
      <xmin>1596.0416917067307</xmin>
      <ymin>430.373790564904</ymin>
      <xmax>1851.8181482909972</xmax>
      <ymax>619.968138846079</ymax>
    </bndbox>
    <attributes>
      <attribute>
        <name>keyframe</name>
        <value>True</value>
      </attribute>
      <attribute>
        <name>track_id</name>
        <value>371</value>
      </attribute>
    </attributes>
  </object>
  <object>
    <name>vehicule</name>
    <occluded>0</occluded>
    <bndbox>
      <xmin>1566.4604077308006</xmin>
      <ymin>314.4006906147876</ymin>
      <xmax>1904.9156811683</xmax>
      <ymax>459.66626373490334</ymax>
    </bndbox>
    <attributes>
      <attribute>
        <name>keyframe</name>
        <value>True</value>
      </attribute>
      <attribute>
        <name>track_id</name>
        <value>381</value>
      </attribute>
    </attributes>
  </object>
  <object>
    <name>vehicule</name>
    <occluded>0</occluded>
    <bndbox>
      <xmin>1910.2721454326922</xmin>
      <ymin>368.55776442307706</ymin>
      <xmax>2119.599879807694</xmax>
      <ymax>547.4677131535454</ymax>
    </bndbox>
    <attributes>
      <attribute>
        <name>keyframe</name>
        <value>True</value>
      </attribute>
      <attribute>
        <name>track_id</name>
        <value>399</value>
      </attribute>
    </attributes>
  </object>
  <object>
    <name>vehicule</name>
    <occluded>0</occluded>
    <bndbox>
      <xmin>1469.3879825367646</xmin>
      <ymin>201.26675091911773</ymin>
      <xmax>1869.5598575367646</xmax>
      <ymax>382.83178082634356</ymax>
    </bndbox>
    <attributes>
      <attribute>
        <name>keyframe</name>
        <value>True</value>
      </attribute>
      <attribute>
        <name>track_id</name>
        <value>402</value>
      </attribute>
    </attributes>
  </object>
  <object>
    <name>vehicule</name>
    <occluded>0</occluded>
    <bndbox>
      <xmin>1072.952631578948</xmin>
      <ymin>581.9263157894748</ymin>
      <xmax>1566.7455074912623</xmax>
      <ymax>911.1114742881373</ymax>
    </bndbox>
    <attributes>
      <attribute>
        <name>keyframe</name>
        <value>True</value>
      </attribute>
      <attribute>
        <name>track_id</name>
        <value>403</value>
      </attribute>
    </attributes>
  </object>
  <object>
    <name>vehicule</name>
    <occluded>0</occluded>
    <bndbox>
      <xmin>2031.8330078125</xmin>
      <ymin>210.15755208333334</ymin>
      <xmax>2377.61686706543</xmax>
      <ymax>379.7100296020514</ymax>
    </bndbox>
    <attributes>
      <attribute>
        <name>keyframe</name>
        <value>True</value>
      </attribute>
      <attribute>
        <name>track_id</name>
        <value>404</value>
      </attribute>
    </attributes>
  </object>
  <object>
    <name>vehicule</name>
    <occluded>0</occluded>
    <bndbox>
      <xmin>389.02500000000055</xmin>
      <ymin>370.1548583984379</ymin>
      <xmax>682.9779205322266</xmax>
      <ymax>592.0994415283203</ymax>
    </bndbox>
    <attributes>
      <attribute>
        <name>keyframe</name>
        <value>True</value>
      </attribute>
      <attribute>
        <name>track_id</name>
        <value>405</value>
      </attribute>
    </attributes>
  </object>
</annotation>
