<annotation>
  <folder>frame</folder>
  <filename>frame_001089.jpg</filename>
  <source>
    <database>Unknown</database>
    <annotation>Unknown</annotation>
    <image>Unknown</image>
  </source>
  <size>
    <width>2456</width>
    <height>2054</height>
    <depth>3</depth>
  </size>
  <segmented>0</segmented>
  <object>
    <name>vehicule</name>
    <occluded>0</occluded>
    <bndbox>
      <xmin>2263.7509765625</xmin>
      <ymin>830.9443359375</ymin>
      <xmax>2456.0</xmax>
      <ymax>1062.300000000001</ymax>
    </bndbox>
    <attributes>
      <attribute>
        <name>keyframe</name>
        <value>True</value>
      </attribute>
      <attribute>
        <name>track_id</name>
        <value>171</value>
      </attribute>
    </attributes>
  </object>
  <object>
    <name>vehicule</name>
    <occluded>0</occluded>
    <bndbox>
      <xmin>1826.9461538461542</xmin>
      <ymin>584.9230769230772</ymin>
      <xmax>2113.023924607497</xmax>
      <ymax>844.8228489802434</ymax>
    </bndbox>
    <attributes>
      <attribute>
        <name>keyframe</name>
        <value>True</value>
      </attribute>
      <attribute>
        <name>track_id</name>
        <value>172</value>
      </attribute>
    </attributes>
  </object>
  <object>
    <name>vehicule</name>
    <occluded>0</occluded>
    <bndbox>
      <xmin>1757.856689453125</xmin>
      <ymin>2.1000000000008185</ymin>
      <xmax>1884.8513107299805</xmax>
      <ymax>138.1229705810547</ymax>
    </bndbox>
    <attributes>
      <attribute>
        <name>keyframe</name>
        <value>True</value>
      </attribute>
      <attribute>
        <name>track_id</name>
        <value>173</value>
      </attribute>
    </attributes>
  </object>
</annotation>
