<annotation>
  <folder>frame</folder>
  <filename>frame_001734.jpg</filename>
  <source>
    <database>Unknown</database>
    <annotation>Unknown</annotation>
    <image>Unknown</image>
  </source>
  <size>
    <width>2456</width>
    <height>2054</height>
    <depth>3</depth>
  </size>
  <segmented>0</segmented>
  <object>
    <name>vehicule</name>
    <occluded>0</occluded>
    <bndbox>
      <xmin>868.4429572610294</xmin>
      <ymin>332.7502068014709</ymin>
      <xmax>1190.82403732556</xmax>
      <ymax>546.7150719633396</ymax>
    </bndbox>
    <attributes>
      <attribute>
        <name>keyframe</name>
        <value>True</value>
      </attribute>
      <attribute>
        <name>track_id</name>
        <value>194</value>
      </attribute>
    </attributes>
  </object>
  <object>
    <name>vehicule</name>
    <occluded>0</occluded>
    <bndbox>
      <xmin>1159.4789638831967</xmin>
      <ymin>408.4823770491807</ymin>
      <xmax>1465.7938348861037</xmax>
      <ymax>595.4248918679468</ymax>
    </bndbox>
    <attributes>
      <attribute>
        <name>keyframe</name>
        <value>True</value>
      </attribute>
      <attribute>
        <name>track_id</name>
        <value>201</value>
      </attribute>
    </attributes>
  </object>
  <object>
    <name>vehicule</name>
    <occluded>0</occluded>
    <bndbox>
      <xmin>903.9993785511364</xmin>
      <ymin>595.9541903409096</ymin>
      <xmax>1331.7898001930926</xmax>
      <ymax>846.9017116199836</ymax>
    </bndbox>
    <attributes>
      <attribute>
        <name>keyframe</name>
        <value>True</value>
      </attribute>
      <attribute>
        <name>track_id</name>
        <value>207</value>
      </attribute>
    </attributes>
  </object>
  <object>
    <name>vehicule</name>
    <occluded>0</occluded>
    <bndbox>
      <xmin>1438.594345337567</xmin>
      <ymin>331.8213047292781</ymin>
      <xmax>1762.8187594000676</xmax>
      <ymax>503.03199503689456</ymax>
    </bndbox>
    <attributes>
      <attribute>
        <name>keyframe</name>
        <value>True</value>
      </attribute>
      <attribute>
        <name>track_id</name>
        <value>211</value>
      </attribute>
    </attributes>
  </object>
  <object>
    <name>vehicule</name>
    <occluded>0</occluded>
    <bndbox>
      <xmin>1362.1600000000008</xmin>
      <ymin>654.40556640625</ymin>
      <xmax>1698.7493225097655</xmax>
      <ymax>895.7018664441141</ymax>
    </bndbox>
    <attributes>
      <attribute>
        <name>keyframe</name>
        <value>True</value>
      </attribute>
      <attribute>
        <name>track_id</name>
        <value>215</value>
      </attribute>
    </attributes>
  </object>
  <object>
    <name>vehicule</name>
    <occluded>0</occluded>
    <bndbox>
      <xmin>1643.2915364583334</xmin>
      <ymin>390.2466666666672</ymin>
      <xmax>1885.1133333333335</xmax>
      <ymax>574.6969563802083</ymax>
    </bndbox>
    <attributes>
      <attribute>
        <name>keyframe</name>
        <value>True</value>
      </attribute>
      <attribute>
        <name>track_id</name>
        <value>233</value>
      </attribute>
    </attributes>
  </object>
  <object>
    <name>vehicule</name>
    <occluded>0</occluded>
    <bndbox>
      <xmin>1168.9688819679054</xmin>
      <ymin>287.2648648648659</ymin>
      <xmax>1456.5162162162173</xmax>
      <ymax>444.4915383828653</ymax>
    </bndbox>
    <attributes>
      <attribute>
        <name>keyframe</name>
        <value>True</value>
      </attribute>
      <attribute>
        <name>track_id</name>
        <value>250</value>
      </attribute>
    </attributes>
  </object>
  <object>
    <name>vehicule</name>
    <occluded>0</occluded>
    <bndbox>
      <xmin>1629.2221498842596</xmin>
      <ymin>231.12222222222286</ymin>
      <xmax>1957.8319277162905</xmax>
      <ymax>359.9372479474103</ymax>
    </bndbox>
    <attributes>
      <attribute>
        <name>keyframe</name>
        <value>True</value>
      </attribute>
      <attribute>
        <name>track_id</name>
        <value>270</value>
      </attribute>
    </attributes>
  </object>
  <object>
    <name>vehicule</name>
    <occluded>0</occluded>
    <bndbox>
      <xmin>713.726258116884</xmin>
      <ymin>1277.2579951298703</ymin>
      <xmax>1286.7432534750405</xmax>
      <ymax>1578.432157442166</ymax>
    </bndbox>
    <attributes>
      <attribute>
        <name>keyframe</name>
        <value>True</value>
      </attribute>
      <attribute>
        <name>track_id</name>
        <value>275</value>
      </attribute>
    </attributes>
  </object>
  <object>
    <name>vehicule</name>
    <occluded>0</occluded>
    <bndbox>
      <xmin>37.025390625</xmin>
      <ymin>0.0</ymin>
      <xmax>301.3000000000011</xmax>
      <ymax>175.3000000000011</ymax>
    </bndbox>
    <attributes>
      <attribute>
        <name>keyframe</name>
        <value>True</value>
      </attribute>
      <attribute>
        <name>track_id</name>
        <value>277</value>
      </attribute>
    </attributes>
  </object>
  <object>
    <name>vehicule</name>
    <occluded>0</occluded>
    <bndbox>
      <xmin>634.4889494243421</xmin>
      <ymin>95.23298725328948</ymin>
      <xmax>988.0598478618435</xmax>
      <ymax>235.7106789036801</ymax>
    </bndbox>
    <attributes>
      <attribute>
        <name>keyframe</name>
        <value>True</value>
      </attribute>
      <attribute>
        <name>track_id</name>
        <value>281</value>
      </attribute>
    </attributes>
  </object>
  <object>
    <name>vehicule</name>
    <occluded>0</occluded>
    <bndbox>
      <xmin>1316.878543526786</xmin>
      <ymin>143.89285714285845</ymin>
      <xmax>1633.8738377162376</xmax>
      <ymax>286.9234831673758</ymax>
    </bndbox>
    <attributes>
      <attribute>
        <name>keyframe</name>
        <value>True</value>
      </attribute>
      <attribute>
        <name>track_id</name>
        <value>282</value>
      </attribute>
    </attributes>
  </object>
  <object>
    <name>vehicule</name>
    <occluded>0</occluded>
    <bndbox>
      <xmin>1940.978740985577</xmin>
      <ymin>168.38138521634616</ymin>
      <xmax>2228.575871394231</xmax>
      <ymax>321.0036057692308</ymax>
    </bndbox>
    <attributes>
      <attribute>
        <name>keyframe</name>
        <value>True</value>
      </attribute>
      <attribute>
        <name>track_id</name>
        <value>284</value>
      </attribute>
    </attributes>
  </object>
  <object>
    <name>vehicule</name>
    <occluded>0</occluded>
    <bndbox>
      <xmin>1661.2911658653845</xmin>
      <ymin>133.87823016826923</ymin>
      <xmax>1931.2676673302283</xmax>
      <ymax>245.39590747539813</ymax>
    </bndbox>
    <attributes>
      <attribute>
        <name>keyframe</name>
        <value>True</value>
      </attribute>
      <attribute>
        <name>track_id</name>
        <value>285</value>
      </attribute>
    </attributes>
  </object>
</annotation>
