<annotation>
  <folder>frame</folder>
  <filename>frame_000320.jpg</filename>
  <source>
    <database>Unknown</database>
    <annotation>Unknown</annotation>
    <image>Unknown</image>
  </source>
  <size>
    <width>2456</width>
    <height>2054</height>
    <depth>3</depth>
  </size>
  <segmented>0</segmented>
  <object>
    <name>vehicule</name>
    <occluded>0</occluded>
    <bndbox>
      <xmin>1345.0878597861843</xmin>
      <ymin>390.39803659539473</ymin>
      <xmax>1633.093599706664</xmax>
      <ymax>583.6877308092609</ymax>
    </bndbox>
    <attributes>
      <attribute>
        <name>keyframe</name>
        <value>True</value>
      </attribute>
      <attribute>
        <name>track_id</name>
        <value>2</value>
      </attribute>
    </attributes>
  </object>
  <object>
    <name>vehicule</name>
    <occluded>0</occluded>
    <bndbox>
      <xmin>971.095068059816</xmin>
      <ymin>282.2963489743099</ymin>
      <xmax>1255.0095211848163</xmax>
      <ymax>458.4091785641533</ymax>
    </bndbox>
    <attributes>
      <attribute>
        <name>keyframe</name>
        <value>True</value>
      </attribute>
      <attribute>
        <name>track_id</name>
        <value>4</value>
      </attribute>
    </attributes>
  </object>
  <object>
    <name>vehicule</name>
    <occluded>0</occluded>
    <bndbox>
      <xmin>1410.052441406251</xmin>
      <ymin>297.36752929687555</ymin>
      <xmax>1666.808349609375</xmax>
      <ymax>431.3953094482422</ymax>
    </bndbox>
    <attributes>
      <attribute>
        <name>keyframe</name>
        <value>True</value>
      </attribute>
      <attribute>
        <name>track_id</name>
        <value>12</value>
      </attribute>
    </attributes>
  </object>
  <object>
    <name>vehicule</name>
    <occluded>0</occluded>
    <bndbox>
      <xmin>1631.9746532654494</xmin>
      <ymin>331.6329990344101</ymin>
      <xmax>1916.597309515451</xmax>
      <ymax>483.65078162718316</ymax>
    </bndbox>
    <attributes>
      <attribute>
        <name>keyframe</name>
        <value>True</value>
      </attribute>
      <attribute>
        <name>track_id</name>
        <value>28</value>
      </attribute>
    </attributes>
  </object>
  <object>
    <name>vehicule</name>
    <occluded>0</occluded>
    <bndbox>
      <xmin>1273.265052356021</xmin>
      <ymin>230.33037467277487</ymin>
      <xmax>1587.265052356021</xmax>
      <ymax>357.3046941307827</ymax>
    </bndbox>
    <attributes>
      <attribute>
        <name>keyframe</name>
        <value>True</value>
      </attribute>
      <attribute>
        <name>track_id</name>
        <value>37</value>
      </attribute>
    </attributes>
  </object>
  <object>
    <name>vehicule</name>
    <occluded>0</occluded>
    <bndbox>
      <xmin>1811.3984375</xmin>
      <ymin>272.009765625</ymin>
      <xmax>2067.840310668945</xmax>
      <ymax>410.0546875</ymax>
    </bndbox>
    <attributes>
      <attribute>
        <name>keyframe</name>
        <value>True</value>
      </attribute>
      <attribute>
        <name>track_id</name>
        <value>40</value>
      </attribute>
    </attributes>
  </object>
  <object>
    <name>vehicule</name>
    <occluded>0</occluded>
    <bndbox>
      <xmin>2033.1044921875</xmin>
      <ymin>280.0569490131579</ymin>
      <xmax>2317.99880756579</xmax>
      <ymax>443.119903725071</ymax>
    </bndbox>
    <attributes>
      <attribute>
        <name>keyframe</name>
        <value>True</value>
      </attribute>
      <attribute>
        <name>track_id</name>
        <value>58</value>
      </attribute>
    </attributes>
  </object>
  <object>
    <name>vehicule</name>
    <occluded>0</occluded>
    <bndbox>
      <xmin>228.39973958333354</xmin>
      <ymin>4.891927083333333</ymin>
      <xmax>531.0616834852432</xmax>
      <ymax>137.3722652859158</ymax>
    </bndbox>
    <attributes>
      <attribute>
        <name>keyframe</name>
        <value>True</value>
      </attribute>
      <attribute>
        <name>track_id</name>
        <value>60</value>
      </attribute>
    </attributes>
  </object>
  <object>
    <name>vehicule</name>
    <occluded>0</occluded>
    <bndbox>
      <xmin>411.7308872767857</xmin>
      <ymin>42.930106026785715</ymin>
      <xmax>690.5669163295202</xmax>
      <ymax>197.5390385219029</ymax>
    </bndbox>
    <attributes>
      <attribute>
        <name>keyframe</name>
        <value>True</value>
      </attribute>
      <attribute>
        <name>track_id</name>
        <value>62</value>
      </attribute>
    </attributes>
  </object>
  <object>
    <name>vehicule</name>
    <occluded>0</occluded>
    <bndbox>
      <xmin>947.5555245535714</xmin>
      <ymin>100.92762276785756</ymin>
      <xmax>1234.9498726981026</xmax>
      <ymax>247.27058846609827</ymax>
    </bndbox>
    <attributes>
      <attribute>
        <name>keyframe</name>
        <value>True</value>
      </attribute>
      <attribute>
        <name>track_id</name>
        <value>67</value>
      </attribute>
    </attributes>
  </object>
  <object>
    <name>vehicule</name>
    <occluded>0</occluded>
    <bndbox>
      <xmin>556.5945870535714</xmin>
      <ymin>131.64020647321428</ymin>
      <xmax>832.6698739188058</xmax>
      <ymax>289.0773707798549</ymax>
    </bndbox>
    <attributes>
      <attribute>
        <name>keyframe</name>
        <value>True</value>
      </attribute>
      <attribute>
        <name>track_id</name>
        <value>71</value>
      </attribute>
    </attributes>
  </object>
  <object>
    <name>vehicule</name>
    <occluded>0</occluded>
    <bndbox>
      <xmin>1406.234375</xmin>
      <ymin>116.34486607142857</ymin>
      <xmax>1704.6380859375004</xmax>
      <ymax>254.36890629359652</ymax>
    </bndbox>
    <attributes>
      <attribute>
        <name>keyframe</name>
        <value>True</value>
      </attribute>
      <attribute>
        <name>track_id</name>
        <value>72</value>
      </attribute>
    </attributes>
  </object>
  <object>
    <name>vehicule</name>
    <occluded>0</occluded>
    <bndbox>
      <xmin>2024.0419921875</xmin>
      <ymin>829.0400390625</ymin>
      <xmax>2456.0</xmax>
      <ymax>1124.4028930664062</ymax>
    </bndbox>
    <attributes>
      <attribute>
        <name>keyframe</name>
        <value>True</value>
      </attribute>
      <attribute>
        <name>track_id</name>
        <value>73</value>
      </attribute>
    </attributes>
  </object>
  <object>
    <name>vehicule</name>
    <occluded>0</occluded>
    <bndbox>
      <xmin>1463.8800000000006</xmin>
      <ymin>824.5331250000006</ymin>
      <xmax>1893.82255859375</xmax>
      <ymax>1114.4652722167964</ymax>
    </bndbox>
    <attributes>
      <attribute>
        <name>keyframe</name>
        <value>True</value>
      </attribute>
      <attribute>
        <name>track_id</name>
        <value>74</value>
      </attribute>
    </attributes>
  </object>
  <object>
    <name>vehicule</name>
    <occluded>0</occluded>
    <bndbox>
      <xmin>1144.315384615386</xmin>
      <ymin>473.7076923076938</ymin>
      <xmax>1511.2672682542068</xmax>
      <ymax>699.884028508113</ymax>
    </bndbox>
    <attributes>
      <attribute>
        <name>keyframe</name>
        <value>True</value>
      </attribute>
      <attribute>
        <name>track_id</name>
        <value>75</value>
      </attribute>
    </attributes>
  </object>
  <object>
    <name>vehicule</name>
    <occluded>0</occluded>
    <bndbox>
      <xmin>940.615384615386</xmin>
      <ymin>550.1846153846161</ymin>
      <xmax>1376.2014958308293</xmax>
      <ymax>763.6548567551833</ymax>
    </bndbox>
    <attributes>
      <attribute>
        <name>keyframe</name>
        <value>True</value>
      </attribute>
      <attribute>
        <name>track_id</name>
        <value>76</value>
      </attribute>
    </attributes>
  </object>
  <object>
    <name>vehicule</name>
    <occluded>0</occluded>
    <bndbox>
      <xmin>286.472900390625</xmin>
      <ymin>454.6691650390628</ymin>
      <xmax>612.271752929686</xmax>
      <ymax>709.2907961331882</ymax>
    </bndbox>
    <attributes>
      <attribute>
        <name>keyframe</name>
        <value>True</value>
      </attribute>
      <attribute>
        <name>track_id</name>
        <value>77</value>
      </attribute>
    </attributes>
  </object>
  <object>
    <name>vehicule</name>
    <occluded>0</occluded>
    <bndbox>
      <xmin>1543.364955357143</xmin>
      <ymin>200.21958705357142</ymin>
      <xmax>1866.373011997768</xmax>
      <ymax>341.01797267368863</ymax>
    </bndbox>
    <attributes>
      <attribute>
        <name>keyframe</name>
        <value>True</value>
      </attribute>
      <attribute>
        <name>track_id</name>
        <value>78</value>
      </attribute>
    </attributes>
  </object>
  <object>
    <name>vehicule</name>
    <occluded>0</occluded>
    <bndbox>
      <xmin>322.60000000000093</xmin>
      <ymin>263.9333333333343</ymin>
      <xmax>647.4352111816406</xmax>
      <ymax>479.3069254557292</ymax>
    </bndbox>
    <attributes>
      <attribute>
        <name>keyframe</name>
        <value>True</value>
      </attribute>
      <attribute>
        <name>track_id</name>
        <value>79</value>
      </attribute>
    </attributes>
  </object>
  <object>
    <name>vehicule</name>
    <occluded>0</occluded>
    <bndbox>
      <xmin>2178.7379150390625</xmin>
      <ymin>119.1422119140625</ymin>
      <xmax>2445.9921875</xmax>
      <ymax>284.78736877441406</ymax>
    </bndbox>
    <attributes>
      <attribute>
        <name>keyframe</name>
        <value>True</value>
      </attribute>
      <attribute>
        <name>track_id</name>
        <value>80</value>
      </attribute>
    </attributes>
  </object>
  <object>
    <name>vehicule</name>
    <occluded>0</occluded>
    <bndbox>
      <xmin>16.575000000000273</xmin>
      <ymin>326.560791015625</ymin>
      <xmax>311.4288673400879</xmax>
      <ymax>531.5301971435547</ymax>
    </bndbox>
    <attributes>
      <attribute>
        <name>keyframe</name>
        <value>True</value>
      </attribute>
      <attribute>
        <name>track_id</name>
        <value>81</value>
      </attribute>
    </attributes>
  </object>
  <object>
    <name>vehicule</name>
    <occluded>0</occluded>
    <bndbox>
      <xmin>1116.3234375</xmin>
      <ymin>325.5678385416667</ymin>
      <xmax>1399.6725830649887</xmax>
      <ymax>521.9572175311073</ymax>
    </bndbox>
    <attributes>
      <attribute>
        <name>keyframe</name>
        <value>True</value>
      </attribute>
      <attribute>
        <name>track_id</name>
        <value>420</value>
      </attribute>
    </attributes>
  </object>
</annotation>
