<annotation>
  <folder>frame</folder>
  <filename>frame_000317.jpg</filename>
  <source>
    <database>Unknown</database>
    <annotation>Unknown</annotation>
    <image>Unknown</image>
  </source>
  <size>
    <width>2456</width>
    <height>2054</height>
    <depth>3</depth>
  </size>
  <segmented>0</segmented>
  <object>
    <name>vehicule</name>
    <occluded>0</occluded>
    <bndbox>
      <xmin>1345.5695209703947</xmin>
      <ymin>390.6234991776316</ymin>
      <xmax>1633.4130840694625</xmax>
      <ymax>583.7509969516425</ymax>
    </bndbox>
    <attributes>
      <attribute>
        <name>keyframe</name>
        <value>True</value>
      </attribute>
      <attribute>
        <name>track_id</name>
        <value>2</value>
      </attribute>
    </attributes>
  </object>
  <object>
    <name>vehicule</name>
    <occluded>0</occluded>
    <bndbox>
      <xmin>971.1244727760736</xmin>
      <ymin>282.32575728527615</ymin>
      <xmax>1255.038925901074</xmax>
      <ymax>458.43858687511954</ymax>
    </bndbox>
    <attributes>
      <attribute>
        <name>keyframe</name>
        <value>True</value>
      </attribute>
      <attribute>
        <name>track_id</name>
        <value>4</value>
      </attribute>
    </attributes>
  </object>
  <object>
    <name>vehicule</name>
    <occluded>0</occluded>
    <bndbox>
      <xmin>1409.992990291821</xmin>
      <ymin>297.41903794232593</ymin>
      <xmax>1667.0462897805608</xmax>
      <ymax>431.505786671358</ymax>
    </bndbox>
    <attributes>
      <attribute>
        <name>keyframe</name>
        <value>True</value>
      </attribute>
      <attribute>
        <name>track_id</name>
        <value>12</value>
      </attribute>
    </attributes>
  </object>
  <object>
    <name>vehicule</name>
    <occluded>0</occluded>
    <bndbox>
      <xmin>1632.9052405196628</xmin>
      <ymin>331.4468815835674</ymin>
      <xmax>1917.5278967696643</xmax>
      <ymax>483.4646641763405</ymax>
    </bndbox>
    <attributes>
      <attribute>
        <name>keyframe</name>
        <value>True</value>
      </attribute>
      <attribute>
        <name>track_id</name>
        <value>28</value>
      </attribute>
    </attributes>
  </object>
  <object>
    <name>vehicule</name>
    <occluded>0</occluded>
    <bndbox>
      <xmin>1273.5797099967278</xmin>
      <ymin>230.4150901914267</ymin>
      <xmax>1587.5797099967278</xmax>
      <ymax>357.3894096494345</ymax>
    </bndbox>
    <attributes>
      <attribute>
        <name>keyframe</name>
        <value>True</value>
      </attribute>
      <attribute>
        <name>track_id</name>
        <value>37</value>
      </attribute>
    </attributes>
  </object>
  <object>
    <name>vehicule</name>
    <occluded>0</occluded>
    <bndbox>
      <xmin>1813.0201526988637</xmin>
      <ymin>271.8939098011364</ymin>
      <xmax>2070.387668124112</xmax>
      <ymax>409.9388316761364</ymax>
    </bndbox>
    <attributes>
      <attribute>
        <name>keyframe</name>
        <value>True</value>
      </attribute>
      <attribute>
        <name>track_id</name>
        <value>40</value>
      </attribute>
    </attributes>
  </object>
  <object>
    <name>vehicule</name>
    <occluded>0</occluded>
    <bndbox>
      <xmin>2051.8486328125</xmin>
      <ymin>278.32118626644734</ymin>
      <xmax>2342.848509457237</xmax>
      <ymax>436.58130284359464</ymax>
    </bndbox>
    <attributes>
      <attribute>
        <name>keyframe</name>
        <value>True</value>
      </attribute>
      <attribute>
        <name>track_id</name>
        <value>58</value>
      </attribute>
    </attributes>
  </object>
  <object>
    <name>vehicule</name>
    <occluded>0</occluded>
    <bndbox>
      <xmin>245.8745442708334</xmin>
      <ymin>8.560872395833334</ymin>
      <xmax>559.5893608940975</xmax>
      <ymax>149.33548143174914</ymax>
    </bndbox>
    <attributes>
      <attribute>
        <name>keyframe</name>
        <value>True</value>
      </attribute>
      <attribute>
        <name>track_id</name>
        <value>60</value>
      </attribute>
    </attributes>
  </object>
  <object>
    <name>vehicule</name>
    <occluded>0</occluded>
    <bndbox>
      <xmin>506.3853236607143</xmin>
      <ymin>53.578683035714285</ymin>
      <xmax>785.2213527134487</xmax>
      <ymax>208.18761553083147</ymax>
    </bndbox>
    <attributes>
      <attribute>
        <name>keyframe</name>
        <value>True</value>
      </attribute>
      <attribute>
        <name>track_id</name>
        <value>62</value>
      </attribute>
    </attributes>
  </object>
  <object>
    <name>vehicule</name>
    <occluded>0</occluded>
    <bndbox>
      <xmin>1010.2638113839286</xmin>
      <ymin>102.1110491071439</ymin>
      <xmax>1297.65815952846</xmax>
      <ymax>248.45401480538465</ymax>
    </bndbox>
    <attributes>
      <attribute>
        <name>keyframe</name>
        <value>True</value>
      </attribute>
      <attribute>
        <name>track_id</name>
        <value>67</value>
      </attribute>
    </attributes>
  </object>
  <object>
    <name>vehicule</name>
    <occluded>0</occluded>
    <bndbox>
      <xmin>2139.6162109375</xmin>
      <ymin>782.1123046875</ymin>
      <xmax>2456.0</xmax>
      <ymax>1002.9285034179684</ymax>
    </bndbox>
    <attributes>
      <attribute>
        <name>keyframe</name>
        <value>True</value>
      </attribute>
      <attribute>
        <name>track_id</name>
        <value>69</value>
      </attribute>
    </attributes>
  </object>
  <object>
    <name>vehicule</name>
    <occluded>0</occluded>
    <bndbox>
      <xmin>703.3087332589286</xmin>
      <ymin>137.55608258928572</ymin>
      <xmax>979.3840201241629</xmax>
      <ymax>294.99324689592635</ymax>
    </bndbox>
    <attributes>
      <attribute>
        <name>keyframe</name>
        <value>True</value>
      </attribute>
      <attribute>
        <name>track_id</name>
        <value>71</value>
      </attribute>
    </attributes>
  </object>
  <object>
    <name>vehicule</name>
    <occluded>0</occluded>
    <bndbox>
      <xmin>1448.8291015625</xmin>
      <ymin>119.89439174107143</ymin>
      <xmax>1747.2328125000004</xmax>
      <ymax>257.9184319632394</ymax>
    </bndbox>
    <attributes>
      <attribute>
        <name>keyframe</name>
        <value>True</value>
      </attribute>
      <attribute>
        <name>track_id</name>
        <value>72</value>
      </attribute>
    </attributes>
  </object>
  <object>
    <name>vehicule</name>
    <occluded>0</occluded>
    <bndbox>
      <xmin>1862.0677083333333</xmin>
      <ymin>787.62890625</ymin>
      <xmax>2298.362996419271</xmax>
      <ymax>1082.9917602539062</ymax>
    </bndbox>
    <attributes>
      <attribute>
        <name>keyframe</name>
        <value>True</value>
      </attribute>
      <attribute>
        <name>track_id</name>
        <value>73</value>
      </attribute>
    </attributes>
  </object>
  <object>
    <name>vehicule</name>
    <occluded>0</occluded>
    <bndbox>
      <xmin>1335.411263020834</xmin>
      <ymin>782.0258463541674</ymin>
      <xmax>1737.0120910644528</xmax>
      <ymax>1060.906945800781</ymax>
    </bndbox>
    <attributes>
      <attribute>
        <name>keyframe</name>
        <value>True</value>
      </attribute>
      <attribute>
        <name>track_id</name>
        <value>74</value>
      </attribute>
    </attributes>
  </object>
  <object>
    <name>vehicule</name>
    <occluded>0</occluded>
    <bndbox>
      <xmin>1006.0615384615398</xmin>
      <ymin>443.1307692307707</ymin>
      <xmax>1364.0980647160457</xmax>
      <ymax>660.3838618351863</ymax>
    </bndbox>
    <attributes>
      <attribute>
        <name>keyframe</name>
        <value>True</value>
      </attribute>
      <attribute>
        <name>track_id</name>
        <value>75</value>
      </attribute>
    </attributes>
  </object>
  <object>
    <name>vehicule</name>
    <occluded>0</occluded>
    <bndbox>
      <xmin>797.2615384615397</xmin>
      <ymin>508.138461538462</ymin>
      <xmax>1221.3870685283955</xmax>
      <ymax>715.872555072491</ymax>
    </bndbox>
    <attributes>
      <attribute>
        <name>keyframe</name>
        <value>True</value>
      </attribute>
      <attribute>
        <name>track_id</name>
        <value>76</value>
      </attribute>
    </attributes>
  </object>
  <object>
    <name>vehicule</name>
    <occluded>0</occluded>
    <bndbox>
      <xmin>258.28125</xmin>
      <ymin>432.3766601562502</ymin>
      <xmax>584.080102539061</xmax>
      <ymax>680.6209024282607</ymax>
    </bndbox>
    <attributes>
      <attribute>
        <name>keyframe</name>
        <value>True</value>
      </attribute>
      <attribute>
        <name>track_id</name>
        <value>77</value>
      </attribute>
    </attributes>
  </object>
  <object>
    <name>vehicule</name>
    <occluded>0</occluded>
    <bndbox>
      <xmin>1648.66796875</xmin>
      <ymin>210.8681640625</ymin>
      <xmax>1971.676025390625</xmax>
      <ymax>351.6665496826172</ymax>
    </bndbox>
    <attributes>
      <attribute>
        <name>keyframe</name>
        <value>True</value>
      </attribute>
      <attribute>
        <name>track_id</name>
        <value>78</value>
      </attribute>
    </attributes>
  </object>
  <object>
    <name>vehicule</name>
    <occluded>0</occluded>
    <bndbox>
      <xmin>204.04000000000087</xmin>
      <ymin>233.0047265625006</ymin>
      <xmax>518.1399047851562</xmax>
      <ymax>447.3280328369139</ymax>
    </bndbox>
    <attributes>
      <attribute>
        <name>keyframe</name>
        <value>True</value>
      </attribute>
      <attribute>
        <name>track_id</name>
        <value>79</value>
      </attribute>
    </attributes>
  </object>
  <object>
    <name>vehicule</name>
    <occluded>0</occluded>
    <bndbox>
      <xmin>0.0</xmin>
      <ymin>301.697265625</ymin>
      <xmax>229.6415252685547</xmax>
      <ymax>508.7537078857422</ymax>
    </bndbox>
    <attributes>
      <attribute>
        <name>keyframe</name>
        <value>True</value>
      </attribute>
      <attribute>
        <name>track_id</name>
        <value>81</value>
      </attribute>
    </attributes>
  </object>
  <object>
    <name>vehicule</name>
    <occluded>0</occluded>
    <bndbox>
      <xmin>1117.4783203125</xmin>
      <ymin>325.57408854166664</ymin>
      <xmax>1400.5362343567042</xmax>
      <ymax>521.8084424652408</ymax>
    </bndbox>
    <attributes>
      <attribute>
        <name>keyframe</name>
        <value>True</value>
      </attribute>
      <attribute>
        <name>track_id</name>
        <value>420</value>
      </attribute>
    </attributes>
  </object>
</annotation>
