<annotation>
  <folder>frame</folder>
  <filename>frame_001341.jpg</filename>
  <source>
    <database>Unknown</database>
    <annotation>Unknown</annotation>
    <image>Unknown</image>
  </source>
  <size>
    <width>2456</width>
    <height>2054</height>
    <depth>3</depth>
  </size>
  <segmented>0</segmented>
  <object>
    <name>vehicule</name>
    <occluded>0</occluded>
    <bndbox>
      <xmin>111.58406250000044</xmin>
      <ymin>0.0</ymin>
      <xmax>389.4703662109372</xmax>
      <ymax>93.86679382324219</ymax>
    </bndbox>
    <attributes>
      <attribute>
        <name>keyframe</name>
        <value>True</value>
      </attribute>
      <attribute>
        <name>track_id</name>
        <value>184</value>
      </attribute>
    </attributes>
  </object>
  <object>
    <name>vehicule</name>
    <occluded>0</occluded>
    <bndbox>
      <xmin>1033.5519194950332</xmin>
      <ymin>298.8701947951159</ymin>
      <xmax>1358.2718866861585</xmax>
      <ymax>484.4255949690717</ymax>
    </bndbox>
    <attributes>
      <attribute>
        <name>keyframe</name>
        <value>True</value>
      </attribute>
      <attribute>
        <name>track_id</name>
        <value>194</value>
      </attribute>
    </attributes>
  </object>
  <object>
    <name>vehicule</name>
    <occluded>0</occluded>
    <bndbox>
      <xmin>2249.9482421875</xmin>
      <ymin>822.1513671875</ymin>
      <xmax>2456.0</xmax>
      <ymax>1040.2000000000007</ymax>
    </bndbox>
    <attributes>
      <attribute>
        <name>keyframe</name>
        <value>True</value>
      </attribute>
      <attribute>
        <name>track_id</name>
        <value>197</value>
      </attribute>
    </attributes>
  </object>
  <object>
    <name>vehicule</name>
    <occluded>0</occluded>
    <bndbox>
      <xmin>88.30000000000109</xmin>
      <ymin>57.4052734375</ymin>
      <xmax>360.5874938964844</xmax>
      <ymax>187.15800781250073</ymax>
    </bndbox>
    <attributes>
      <attribute>
        <name>keyframe</name>
        <value>True</value>
      </attribute>
      <attribute>
        <name>track_id</name>
        <value>200</value>
      </attribute>
    </attributes>
  </object>
  <object>
    <name>vehicule</name>
    <occluded>0</occluded>
    <bndbox>
      <xmin>1285.5024857954545</xmin>
      <ymin>356.2000000000007</ymin>
      <xmax>1584.236363636364</xmax>
      <ymax>533.9293171275746</ymax>
    </bndbox>
    <attributes>
      <attribute>
        <name>keyframe</name>
        <value>True</value>
      </attribute>
      <attribute>
        <name>track_id</name>
        <value>201</value>
      </attribute>
    </attributes>
  </object>
  <object>
    <name>vehicule</name>
    <occluded>0</occluded>
    <bndbox>
      <xmin>1568.4117838541665</xmin>
      <ymin>599.188888888889</ymin>
      <xmax>1940.3591973198784</xmax>
      <ymax>824.9196455213759</ymax>
    </bndbox>
    <attributes>
      <attribute>
        <name>keyframe</name>
        <value>True</value>
      </attribute>
      <attribute>
        <name>track_id</name>
        <value>203</value>
      </attribute>
    </attributes>
  </object>
  <object>
    <name>vehicule</name>
    <occluded>0</occluded>
    <bndbox>
      <xmin>1394.5828559027786</xmin>
      <ymin>650.7016493055562</ymin>
      <xmax>1833.9146111382377</xmax>
      <ymax>923.0819837782118</ymax>
    </bndbox>
    <attributes>
      <attribute>
        <name>keyframe</name>
        <value>True</value>
      </attribute>
      <attribute>
        <name>track_id</name>
        <value>204</value>
      </attribute>
    </attributes>
  </object>
  <object>
    <name>vehicule</name>
    <occluded>0</occluded>
    <bndbox>
      <xmin>1594.8555555555567</xmin>
      <ymin>892.4880208333335</ymin>
      <xmax>2098.3320041232637</xmax>
      <ymax>1173.3870815700955</ymax>
    </bndbox>
    <attributes>
      <attribute>
        <name>keyframe</name>
        <value>True</value>
      </attribute>
      <attribute>
        <name>track_id</name>
        <value>205</value>
      </attribute>
    </attributes>
  </object>
  <object>
    <name>vehicule</name>
    <occluded>0</occluded>
    <bndbox>
      <xmin>908.2805175781252</xmin>
      <ymin>450.28564453125</ymin>
      <xmax>1266.9275127410883</xmax>
      <ymax>649.6888404846186</ymax>
    </bndbox>
    <attributes>
      <attribute>
        <name>keyframe</name>
        <value>True</value>
      </attribute>
      <attribute>
        <name>track_id</name>
        <value>206</value>
      </attribute>
    </attributes>
  </object>
  <object>
    <name>vehicule</name>
    <occluded>0</occluded>
    <bndbox>
      <xmin>1805.099853515625</xmin>
      <ymin>300.0859375</ymin>
      <xmax>2112.4607910156265</xmax>
      <ymax>469.723388671875</ymax>
    </bndbox>
    <attributes>
      <attribute>
        <name>keyframe</name>
        <value>True</value>
      </attribute>
      <attribute>
        <name>track_id</name>
        <value>207</value>
      </attribute>
    </attributes>
  </object>
  <object>
    <name>vehicule</name>
    <occluded>0</occluded>
    <bndbox>
      <xmin>1179.8011067708335</xmin>
      <ymin>142.16162109375</ymin>
      <xmax>1511.3780598958342</xmax>
      <ymax>266.4052200317383</ymax>
    </bndbox>
    <attributes>
      <attribute>
        <name>keyframe</name>
        <value>True</value>
      </attribute>
      <attribute>
        <name>track_id</name>
        <value>208</value>
      </attribute>
    </attributes>
  </object>
  <object>
    <name>vehicule</name>
    <occluded>0</occluded>
    <bndbox>
      <xmin>362.4851074218752</xmin>
      <ymin>336.6945800781257</ymin>
      <xmax>699.5978698730469</xmax>
      <ymax>527.1827110290526</ymax>
    </bndbox>
    <attributes>
      <attribute>
        <name>keyframe</name>
        <value>True</value>
      </attribute>
      <attribute>
        <name>track_id</name>
        <value>209</value>
      </attribute>
    </attributes>
  </object>
  <object>
    <name>vehicule</name>
    <occluded>0</occluded>
    <bndbox>
      <xmin>1797.458281250001</xmin>
      <ymin>160.89833984375</ymin>
      <xmax>2144.4992431640626</xmax>
      <ymax>290.6537261962891</ymax>
    </bndbox>
    <attributes>
      <attribute>
        <name>keyframe</name>
        <value>True</value>
      </attribute>
      <attribute>
        <name>track_id</name>
        <value>210</value>
      </attribute>
    </attributes>
  </object>
  <object>
    <name>vehicule</name>
    <occluded>0</occluded>
    <bndbox>
      <xmin>2010.9398871527778</xmin>
      <ymin>258.9670138888889</ymin>
      <xmax>2338.222222222222</xmax>
      <ymax>399.7653995090061</ymax>
    </bndbox>
    <attributes>
      <attribute>
        <name>keyframe</name>
        <value>True</value>
      </attribute>
      <attribute>
        <name>track_id</name>
        <value>211</value>
      </attribute>
    </attributes>
  </object>
  <object>
    <name>vehicule</name>
    <occluded>0</occluded>
    <bndbox>
      <xmin>128.47827148437523</xmin>
      <ymin>396.7100830078125</ymin>
      <xmax>461.4764099121094</xmax>
      <ymax>619.6671752929688</ymax>
    </bndbox>
    <attributes>
      <attribute>
        <name>keyframe</name>
        <value>True</value>
      </attribute>
      <attribute>
        <name>track_id</name>
        <value>212</value>
      </attribute>
    </attributes>
  </object>
</annotation>
