<annotation>
  <folder>frame</folder>
  <filename>frame_001241.jpg</filename>
  <source>
    <database>Unknown</database>
    <annotation>Unknown</annotation>
    <image>Unknown</image>
  </source>
  <size>
    <width>2456</width>
    <height>2054</height>
    <depth>3</depth>
  </size>
  <segmented>0</segmented>
  <object>
    <name>vehicule</name>
    <occluded>0</occluded>
    <bndbox>
      <xmin>1569.033333333334</xmin>
      <ymin>804.6333333333338</ymin>
      <xmax>2029.985616048177</xmax>
      <ymax>1063.2363840738933</ymax>
    </bndbox>
    <attributes>
      <attribute>
        <name>keyframe</name>
        <value>True</value>
      </attribute>
      <attribute>
        <name>track_id</name>
        <value>182</value>
      </attribute>
    </attributes>
  </object>
  <object>
    <name>vehicule</name>
    <occluded>0</occluded>
    <bndbox>
      <xmin>1099.644444444445</xmin>
      <ymin>546.1000000000009</ymin>
      <xmax>1507.9301045735676</xmax>
      <ymax>769.6449822319878</ymax>
    </bndbox>
    <attributes>
      <attribute>
        <name>keyframe</name>
        <value>True</value>
      </attribute>
      <attribute>
        <name>track_id</name>
        <value>183</value>
      </attribute>
    </attributes>
  </object>
  <object>
    <name>vehicule</name>
    <occluded>0</occluded>
    <bndbox>
      <xmin>836.4000000000015</xmin>
      <ymin>74.0</ymin>
      <xmax>1152.923828125</xmax>
      <ymax>253.3582000732422</ymax>
    </bndbox>
    <attributes>
      <attribute>
        <name>keyframe</name>
        <value>True</value>
      </attribute>
      <attribute>
        <name>track_id</name>
        <value>184</value>
      </attribute>
    </attributes>
  </object>
  <object>
    <name>vehicule</name>
    <occluded>0</occluded>
    <bndbox>
      <xmin>621.150000000001</xmin>
      <ymin>327.9125000000008</ymin>
      <xmax>959.3097515106201</xmax>
      <ymax>517.3799514770508</ymax>
    </bndbox>
    <attributes>
      <attribute>
        <name>keyframe</name>
        <value>True</value>
      </attribute>
      <attribute>
        <name>track_id</name>
        <value>185</value>
      </attribute>
    </attributes>
  </object>
  <object>
    <name>vehicule</name>
    <occluded>0</occluded>
    <bndbox>
      <xmin>2042.9287109375</xmin>
      <ymin>1501.244140625</ymin>
      <xmax>2456.0</xmax>
      <ymax>1838.0559692382812</ymax>
    </bndbox>
    <attributes>
      <attribute>
        <name>keyframe</name>
        <value>True</value>
      </attribute>
      <attribute>
        <name>track_id</name>
        <value>186</value>
      </attribute>
    </attributes>
  </object>
  <object>
    <name>vehicule</name>
    <occluded>0</occluded>
    <bndbox>
      <xmin>80.96666666666715</xmin>
      <ymin>401.544921875</ymin>
      <xmax>366.20641072591144</xmax>
      <ymax>580.9938507080078</ymax>
    </bndbox>
    <attributes>
      <attribute>
        <name>keyframe</name>
        <value>True</value>
      </attribute>
      <attribute>
        <name>track_id</name>
        <value>187</value>
      </attribute>
    </attributes>
  </object>
  <object>
    <name>vehicule</name>
    <occluded>0</occluded>
    <bndbox>
      <xmin>83.73333333333358</xmin>
      <ymin>305.8536458333335</ymin>
      <xmax>331.23753865559894</xmax>
      <ymax>453.07802327473956</ymax>
    </bndbox>
    <attributes>
      <attribute>
        <name>keyframe</name>
        <value>True</value>
      </attribute>
      <attribute>
        <name>track_id</name>
        <value>188</value>
      </attribute>
    </attributes>
  </object>
  <object>
    <name>vehicule</name>
    <occluded>0</occluded>
    <bndbox>
      <xmin>2233.409765625</xmin>
      <ymin>214.7333984375</ymin>
      <xmax>2456.0</xmax>
      <ymax>355.5317840576172</ymax>
    </bndbox>
    <attributes>
      <attribute>
        <name>keyframe</name>
        <value>True</value>
      </attribute>
      <attribute>
        <name>track_id</name>
        <value>189</value>
      </attribute>
    </attributes>
  </object>
  <object>
    <name>vehicule</name>
    <occluded>0</occluded>
    <bndbox>
      <xmin>179.72568359374998</xmin>
      <ymin>192.10171875000052</ymin>
      <xmax>303.9068206787109</xmax>
      <ymax>334.54911346435546</ymax>
    </bndbox>
    <attributes>
      <attribute>
        <name>keyframe</name>
        <value>True</value>
      </attribute>
      <attribute>
        <name>track_id</name>
        <value>191</value>
      </attribute>
    </attributes>
  </object>
</annotation>
