<annotation>
  <folder>frame</folder>
  <filename>frame_001647.jpg</filename>
  <source>
    <database>Unknown</database>
    <annotation>Unknown</annotation>
    <image>Unknown</image>
  </source>
  <size>
    <width>2456</width>
    <height>2054</height>
    <depth>3</depth>
  </size>
  <segmented>0</segmented>
  <object>
    <name>vehicule</name>
    <occluded>0</occluded>
    <bndbox>
      <xmin>1015.3861142113095</xmin>
      <ymin>294.8643043154762</ymin>
      <xmax>1338.2849631817273</xmax>
      <ymax>502.54005127391457</ymax>
    </bndbox>
    <attributes>
      <attribute>
        <name>keyframe</name>
        <value>True</value>
      </attribute>
      <attribute>
        <name>track_id</name>
        <value>194</value>
      </attribute>
    </attributes>
  </object>
  <object>
    <name>vehicule</name>
    <occluded>0</occluded>
    <bndbox>
      <xmin>1209.6448759191176</xmin>
      <ymin>371.0813993566176</ymin>
      <xmax>1515.444093306472</xmax>
      <ymax>556.9777480419472</ymax>
    </bndbox>
    <attributes>
      <attribute>
        <name>keyframe</name>
        <value>True</value>
      </attribute>
      <attribute>
        <name>track_id</name>
        <value>201</value>
      </attribute>
    </attributes>
  </object>
  <object>
    <name>vehicule</name>
    <occluded>0</occluded>
    <bndbox>
      <xmin>1425.0697544642858</xmin>
      <ymin>411.02557663690476</ymin>
      <xmax>1832.4861356282754</xmax>
      <ymax>648.1132715854328</ymax>
    </bndbox>
    <attributes>
      <attribute>
        <name>keyframe</name>
        <value>True</value>
      </attribute>
      <attribute>
        <name>track_id</name>
        <value>207</value>
      </attribute>
    </attributes>
  </object>
  <object>
    <name>vehicule</name>
    <occluded>0</occluded>
    <bndbox>
      <xmin>1489.2705913686498</xmin>
      <ymin>312.5160897810829</ymin>
      <xmax>1813.4950054311505</xmax>
      <ymax>483.72678008869934</ymax>
    </bndbox>
    <attributes>
      <attribute>
        <name>keyframe</name>
        <value>True</value>
      </attribute>
      <attribute>
        <name>track_id</name>
        <value>211</value>
      </attribute>
    </attributes>
  </object>
  <object>
    <name>vehicule</name>
    <occluded>0</occluded>
    <bndbox>
      <xmin>1741.148388671875</xmin>
      <ymin>410.95234375</ymin>
      <xmax>2000.0889629351589</xmax>
      <ymax>624.9167463291186</ymax>
    </bndbox>
    <attributes>
      <attribute>
        <name>keyframe</name>
        <value>True</value>
      </attribute>
      <attribute>
        <name>track_id</name>
        <value>215</value>
      </attribute>
    </attributes>
  </object>
  <object>
    <name>vehicule</name>
    <occluded>0</occluded>
    <bndbox>
      <xmin>1819.0605725740131</xmin>
      <ymin>294.7387952302632</ymin>
      <xmax>2070.886494030486</xmax>
      <ymax>442.7267294300039</ymax>
    </bndbox>
    <attributes>
      <attribute>
        <name>keyframe</name>
        <value>True</value>
      </attribute>
      <attribute>
        <name>track_id</name>
        <value>233</value>
      </attribute>
    </attributes>
  </object>
  <object>
    <name>vehicule</name>
    <occluded>0</occluded>
    <bndbox>
      <xmin>1272.6363809121622</xmin>
      <ymin>266.5259459459468</ymin>
      <xmax>1561.3864864864877</xmax>
      <ymax>414.0010312467008</ymax>
    </bndbox>
    <attributes>
      <attribute>
        <name>keyframe</name>
        <value>True</value>
      </attribute>
      <attribute>
        <name>track_id</name>
        <value>250</value>
      </attribute>
    </attributes>
  </object>
  <object>
    <name>vehicule</name>
    <occluded>0</occluded>
    <bndbox>
      <xmin>42.0986328125</xmin>
      <ymin>0.0</ymin>
      <xmax>249.5</xmax>
      <ymax>115.40000000000146</ymax>
    </bndbox>
    <attributes>
      <attribute>
        <name>keyframe</name>
        <value>True</value>
      </attribute>
      <attribute>
        <name>track_id</name>
        <value>263</value>
      </attribute>
    </attributes>
  </object>
  <object>
    <name>vehicule</name>
    <occluded>0</occluded>
    <bndbox>
      <xmin>1127.31201171875</xmin>
      <ymin>163.226806640625</ymin>
      <xmax>1415.8163085937485</xmax>
      <ymax>299.365243530272</ymax>
    </bndbox>
    <attributes>
      <attribute>
        <name>keyframe</name>
        <value>True</value>
      </attribute>
      <attribute>
        <name>track_id</name>
        <value>265</value>
      </attribute>
    </attributes>
  </object>
  <object>
    <name>vehicule</name>
    <occluded>0</occluded>
    <bndbox>
      <xmin>493.4111328125</xmin>
      <ymin>78.732421875</ymin>
      <xmax>766.4111328125</xmax>
      <ymax>209.24543609619104</ymax>
    </bndbox>
    <attributes>
      <attribute>
        <name>keyframe</name>
        <value>True</value>
      </attribute>
      <attribute>
        <name>track_id</name>
        <value>266</value>
      </attribute>
    </attributes>
  </object>
  <object>
    <name>vehicule</name>
    <occluded>0</occluded>
    <bndbox>
      <xmin>1695.34765625</xmin>
      <ymin>833.357421875</ymin>
      <xmax>2116.1537658691395</xmax>
      <ymax>1082.323376464843</ymax>
    </bndbox>
    <attributes>
      <attribute>
        <name>keyframe</name>
        <value>True</value>
      </attribute>
      <attribute>
        <name>track_id</name>
        <value>267</value>
      </attribute>
    </attributes>
  </object>
  <object>
    <name>vehicule</name>
    <occluded>0</occluded>
    <bndbox>
      <xmin>1424.6800000000007</xmin>
      <ymin>867.5400000000009</ymin>
      <xmax>1837.3692687988282</xmax>
      <ymax>1140.215966796875</ymax>
    </bndbox>
    <attributes>
      <attribute>
        <name>keyframe</name>
        <value>True</value>
      </attribute>
      <attribute>
        <name>track_id</name>
        <value>268</value>
      </attribute>
    </attributes>
  </object>
  <object>
    <name>vehicule</name>
    <occluded>0</occluded>
    <bndbox>
      <xmin>1644.65625</xmin>
      <ymin>706.6533203125</ymin>
      <xmax>2013.7127380371094</xmax>
      <ymax>919.3690399169918</ymax>
    </bndbox>
    <attributes>
      <attribute>
        <name>keyframe</name>
        <value>True</value>
      </attribute>
      <attribute>
        <name>track_id</name>
        <value>269</value>
      </attribute>
    </attributes>
  </object>
  <object>
    <name>vehicule</name>
    <occluded>0</occluded>
    <bndbox>
      <xmin>1767.7248802083334</xmin>
      <ymin>239.22266666666667</ymin>
      <xmax>2096.3017581380213</xmax>
      <ymax>345.4758009847005</ymax>
    </bndbox>
    <attributes>
      <attribute>
        <name>keyframe</name>
        <value>True</value>
      </attribute>
      <attribute>
        <name>track_id</name>
        <value>270</value>
      </attribute>
    </attributes>
  </object>
  <object>
    <name>vehicule</name>
    <occluded>0</occluded>
    <bndbox>
      <xmin>1451.328857421875</xmin>
      <ymin>140.032958984375</ymin>
      <xmax>1747.020941162109</xmax>
      <ymax>256.74717712402344</ymax>
    </bndbox>
    <attributes>
      <attribute>
        <name>keyframe</name>
        <value>True</value>
      </attribute>
      <attribute>
        <name>track_id</name>
        <value>271</value>
      </attribute>
    </attributes>
  </object>
  <object>
    <name>vehicule</name>
    <occluded>0</occluded>
    <bndbox>
      <xmin>2023.6082589285713</xmin>
      <ymin>210.00000000000105</ymin>
      <xmax>2281.5142857142864</xmax>
      <ymax>346.78965432303295</ymax>
    </bndbox>
    <attributes>
      <attribute>
        <name>keyframe</name>
        <value>True</value>
      </attribute>
      <attribute>
        <name>track_id</name>
        <value>272</value>
      </attribute>
    </attributes>
  </object>
  <object>
    <name>vehicule</name>
    <occluded>0</occluded>
    <bndbox>
      <xmin>181.8222222222232</xmin>
      <ymin>321.5222222222233</ymin>
      <xmax>495.45809597439234</xmax>
      <ymax>512.172376844618</ymax>
    </bndbox>
    <attributes>
      <attribute>
        <name>keyframe</name>
        <value>True</value>
      </attribute>
      <attribute>
        <name>track_id</name>
        <value>273</value>
      </attribute>
    </attributes>
  </object>
</annotation>
