<annotation>
  <folder>frame</folder>
  <filename>frame_000994.jpg</filename>
  <source>
    <database>Unknown</database>
    <annotation>Unknown</annotation>
    <image>Unknown</image>
  </source>
  <size>
    <width>2456</width>
    <height>2054</height>
    <depth>3</depth>
  </size>
  <segmented>0</segmented>
  <object>
    <name>vehicule</name>
    <occluded>0</occluded>
    <bndbox>
      <xmin>1666.890234375</xmin>
      <ymin>142.954296875</ymin>
      <xmax>1771.7988342285157</xmax>
      <ymax>283.7526824951172</ymax>
    </bndbox>
    <attributes>
      <attribute>
        <name>keyframe</name>
        <value>True</value>
      </attribute>
      <attribute>
        <name>track_id</name>
        <value>167</value>
      </attribute>
    </attributes>
  </object>
  <object>
    <name>vehicule</name>
    <occluded>0</occluded>
    <bndbox>
      <xmin>1752.472265625</xmin>
      <ymin>33.6810546875</ymin>
      <xmax>1890.5048828125005</xmax>
      <ymax>184.91685638427734</ymax>
    </bndbox>
    <attributes>
      <attribute>
        <name>keyframe</name>
        <value>True</value>
      </attribute>
      <attribute>
        <name>track_id</name>
        <value>169</value>
      </attribute>
    </attributes>
  </object>
</annotation>
