<annotation>
  <folder>frame</folder>
  <filename>frame_001939.jpg</filename>
  <source>
    <database>Unknown</database>
    <annotation>Unknown</annotation>
    <image>Unknown</image>
  </source>
  <size>
    <width>2456</width>
    <height>2054</height>
    <depth>3</depth>
  </size>
  <segmented>0</segmented>
  <object>
    <name>vehicule</name>
    <occluded>0</occluded>
    <bndbox>
      <xmin>107.14011346726193</xmin>
      <ymin>674.057142857144</ymin>
      <xmax>537.9809523809535</xmax>
      <ymax>921.7338089715867</ymax>
    </bndbox>
    <attributes>
      <attribute>
        <name>keyframe</name>
        <value>True</value>
      </attribute>
      <attribute>
        <name>track_id</name>
        <value>304</value>
      </attribute>
    </attributes>
  </object>
  <object>
    <name>vehicule</name>
    <occluded>0</occluded>
    <bndbox>
      <xmin>870.6089993990385</xmin>
      <ymin>533.8724759615395</ymin>
      <xmax>1180.9552391639136</xmax>
      <ymax>746.9308835543119</ymax>
    </bndbox>
    <attributes>
      <attribute>
        <name>keyframe</name>
        <value>True</value>
      </attribute>
      <attribute>
        <name>track_id</name>
        <value>305</value>
      </attribute>
    </attributes>
  </object>
  <object>
    <name>vehicule</name>
    <occluded>0</occluded>
    <bndbox>
      <xmin>2032.19140625</xmin>
      <ymin>1200.3818359375</ymin>
      <xmax>2455.412109375</xmax>
      <ymax>1436.862896728515</ymax>
    </bndbox>
    <attributes>
      <attribute>
        <name>keyframe</name>
        <value>True</value>
      </attribute>
      <attribute>
        <name>track_id</name>
        <value>307</value>
      </attribute>
    </attributes>
  </object>
  <object>
    <name>vehicule</name>
    <occluded>0</occluded>
    <bndbox>
      <xmin>2156.740234375</xmin>
      <ymin>1352.8359375</ymin>
      <xmax>2456.0</xmax>
      <ymax>1685.8331787109364</ymax>
    </bndbox>
    <attributes>
      <attribute>
        <name>keyframe</name>
        <value>True</value>
      </attribute>
      <attribute>
        <name>track_id</name>
        <value>308</value>
      </attribute>
    </attributes>
  </object>
  <object>
    <name>vehicule</name>
    <occluded>0</occluded>
    <bndbox>
      <xmin>1600.915625</xmin>
      <ymin>1564.905552455357</ymin>
      <xmax>2172.998308454241</xmax>
      <ymax>1854.2877790178575</ymax>
    </bndbox>
    <attributes>
      <attribute>
        <name>keyframe</name>
        <value>True</value>
      </attribute>
      <attribute>
        <name>track_id</name>
        <value>309</value>
      </attribute>
    </attributes>
  </object>
  <object>
    <name>vehicule</name>
    <occluded>0</occluded>
    <bndbox>
      <xmin>810.3603515625</xmin>
      <ymin>1278.5593098958334</ymin>
      <xmax>1398.2069287109368</xmax>
      <ymax>1586.6147786458341</ymax>
    </bndbox>
    <attributes>
      <attribute>
        <name>keyframe</name>
        <value>True</value>
      </attribute>
      <attribute>
        <name>track_id</name>
        <value>310</value>
      </attribute>
    </attributes>
  </object>
  <object>
    <name>vehicule</name>
    <occluded>0</occluded>
    <bndbox>
      <xmin>1827.389927455357</xmin>
      <ymin>289.38108258928594</ymin>
      <xmax>2098.467857142858</xmax>
      <ymax>429.86929975237166</ymax>
    </bndbox>
    <attributes>
      <attribute>
        <name>keyframe</name>
        <value>True</value>
      </attribute>
      <attribute>
        <name>track_id</name>
        <value>311</value>
      </attribute>
    </attributes>
  </object>
  <object>
    <name>vehicule</name>
    <occluded>0</occluded>
    <bndbox>
      <xmin>1980.9088792067307</xmin>
      <ymin>132.6455078125</ymin>
      <xmax>2221.393254206731</xmax>
      <ymax>291.3636932373047</ymax>
    </bndbox>
    <attributes>
      <attribute>
        <name>keyframe</name>
        <value>True</value>
      </attribute>
      <attribute>
        <name>track_id</name>
        <value>312</value>
      </attribute>
    </attributes>
  </object>
  <object>
    <name>vehicule</name>
    <occluded>0</occluded>
    <bndbox>
      <xmin>66.29000000000006</xmin>
      <ymin>1127.208798828125</ymin>
      <xmax>478.95183715820315</xmax>
      <ymax>1377.733172607422</ymax>
    </bndbox>
    <attributes>
      <attribute>
        <name>keyframe</name>
        <value>True</value>
      </attribute>
      <attribute>
        <name>track_id</name>
        <value>313</value>
      </attribute>
    </attributes>
  </object>
  <object>
    <name>vehicule</name>
    <occluded>0</occluded>
    <bndbox>
      <xmin>2168.833984375</xmin>
      <ymin>248.033203125</ymin>
      <xmax>2452.3482360839844</xmax>
      <ymax>397.41502380371094</ymax>
    </bndbox>
    <attributes>
      <attribute>
        <name>keyframe</name>
        <value>True</value>
      </attribute>
      <attribute>
        <name>track_id</name>
        <value>314</value>
      </attribute>
    </attributes>
  </object>
</annotation>
