<annotation>
  <folder>frame</folder>
  <filename>frame_001899.jpg</filename>
  <source>
    <database>Unknown</database>
    <annotation>Unknown</annotation>
    <image>Unknown</image>
  </source>
  <size>
    <width>2456</width>
    <height>2054</height>
    <depth>3</depth>
  </size>
  <segmented>0</segmented>
  <object>
    <name>vehicule</name>
    <occluded>0</occluded>
    <bndbox>
      <xmin>348.8646484375</xmin>
      <ymin>646.9998437500002</ymin>
      <xmax>723.2173437500012</xmax>
      <ymax>867.9700073242187</ymax>
    </bndbox>
    <attributes>
      <attribute>
        <name>keyframe</name>
        <value>True</value>
      </attribute>
      <attribute>
        <name>track_id</name>
        <value>298</value>
      </attribute>
    </attributes>
  </object>
  <object>
    <name>vehicule</name>
    <occluded>0</occluded>
    <bndbox>
      <xmin>1957.4794921875</xmin>
      <ymin>1180.3857421875</ymin>
      <xmax>2430.05</xmax>
      <ymax>1432.4769531250004</ymax>
    </bndbox>
    <attributes>
      <attribute>
        <name>keyframe</name>
        <value>True</value>
      </attribute>
      <attribute>
        <name>track_id</name>
        <value>299</value>
      </attribute>
    </attributes>
  </object>
  <object>
    <name>vehicule</name>
    <occluded>0</occluded>
    <bndbox>
      <xmin>1048.7078575721155</xmin>
      <ymin>490.33846153846275</ymin>
      <xmax>1393.1000000000006</xmax>
      <ymax>719.6389394906851</ymax>
    </bndbox>
    <attributes>
      <attribute>
        <name>keyframe</name>
        <value>True</value>
      </attribute>
      <attribute>
        <name>track_id</name>
        <value>300</value>
      </attribute>
    </attributes>
  </object>
  <object>
    <name>vehicule</name>
    <occluded>0</occluded>
    <bndbox>
      <xmin>807.2630859375</xmin>
      <ymin>1115.0798828125</ymin>
      <xmax>1305.2211914062495</xmax>
      <ymax>1401.3856140136716</ymax>
    </bndbox>
    <attributes>
      <attribute>
        <name>keyframe</name>
        <value>True</value>
      </attribute>
      <attribute>
        <name>track_id</name>
        <value>303</value>
      </attribute>
    </attributes>
  </object>
  <object>
    <name>vehicule</name>
    <occluded>0</occluded>
    <bndbox>
      <xmin>1692.6917067307693</xmin>
      <ymin>284.62740384615387</ymin>
      <xmax>1998.5094801682696</xmax>
      <ymax>452.7159811166617</ymax>
    </bndbox>
    <attributes>
      <attribute>
        <name>keyframe</name>
        <value>True</value>
      </attribute>
      <attribute>
        <name>track_id</name>
        <value>304</value>
      </attribute>
    </attributes>
  </object>
</annotation>
