<annotation>
  <folder>frame</folder>
  <filename>frame_002863.jpg</filename>
  <source>
    <database>Unknown</database>
    <annotation>Unknown</annotation>
    <image>Unknown</image>
  </source>
  <size>
    <width>2456</width>
    <height>2054</height>
    <depth>3</depth>
  </size>
  <segmented>0</segmented>
  <object>
    <name>vehicule</name>
    <occluded>0</occluded>
    <bndbox>
      <xmin>159.31953125</xmin>
      <ymin>959.3248828125004</ymin>
      <xmax>612.8101363877125</xmax>
      <ymax>1238.0816172143961</ymax>
    </bndbox>
    <attributes>
      <attribute>
        <name>keyframe</name>
        <value>True</value>
      </attribute>
      <attribute>
        <name>track_id</name>
        <value>399</value>
      </attribute>
    </attributes>
  </object>
  <object>
    <name>vehicule</name>
    <occluded>0</occluded>
    <bndbox>
      <xmin>226.99392361111111</xmin>
      <ymin>614.4444444444445</ymin>
      <xmax>690.8444444444455</xmax>
      <ymax>886.5731540256077</ymax>
    </bndbox>
    <attributes>
      <attribute>
        <name>keyframe</name>
        <value>True</value>
      </attribute>
      <attribute>
        <name>track_id</name>
        <value>404</value>
      </attribute>
    </attributes>
  </object>
</annotation>
