<annotation>
  <folder>frame</folder>
  <filename>frame_001208.jpg</filename>
  <source>
    <database>Unknown</database>
    <annotation>Unknown</annotation>
    <image>Unknown</image>
  </source>
  <size>
    <width>2456</width>
    <height>2054</height>
    <depth>3</depth>
  </size>
  <segmented>0</segmented>
  <object>
    <name>vehicule</name>
    <occluded>0</occluded>
    <bndbox>
      <xmin>2089.8369140625</xmin>
      <ymin>623.3000000000011</ymin>
      <xmax>2194.7455139160156</xmax>
      <ymax>827.6214447021484</ymax>
    </bndbox>
    <attributes>
      <attribute>
        <name>keyframe</name>
        <value>True</value>
      </attribute>
      <attribute>
        <name>track_id</name>
        <value>177</value>
      </attribute>
    </attributes>
  </object>
  <object>
    <name>vehicule</name>
    <occluded>0</occluded>
    <bndbox>
      <xmin>544.2787946428574</xmin>
      <ymin>335.0716517857147</ymin>
      <xmax>882.9925109863273</xmax>
      <ymax>521.1766287667405</ymax>
    </bndbox>
    <attributes>
      <attribute>
        <name>keyframe</name>
        <value>True</value>
      </attribute>
      <attribute>
        <name>track_id</name>
        <value>180</value>
      </attribute>
    </attributes>
  </object>
  <object>
    <name>vehicule</name>
    <occluded>0</occluded>
    <bndbox>
      <xmin>837.1450570913462</xmin>
      <ymin>1503.7922926682693</ymin>
      <xmax>1430.6450570913462</xmax>
      <ymax>1796.4320631760818</ymax>
    </bndbox>
    <attributes>
      <attribute>
        <name>keyframe</name>
        <value>True</value>
      </attribute>
      <attribute>
        <name>track_id</name>
        <value>181</value>
      </attribute>
    </attributes>
  </object>
  <object>
    <name>vehicule</name>
    <occluded>0</occluded>
    <bndbox>
      <xmin>44.18000000000029</xmin>
      <ymin>375.40859375</ymin>
      <xmax>310.7751965332034</xmax>
      <ymax>574.2166015625004</ymax>
    </bndbox>
    <attributes>
      <attribute>
        <name>keyframe</name>
        <value>True</value>
      </attribute>
      <attribute>
        <name>track_id</name>
        <value>182</value>
      </attribute>
    </attributes>
  </object>
  <object>
    <name>vehicule</name>
    <occluded>0</occluded>
    <bndbox>
      <xmin>0.0</xmin>
      <ymin>258.9052734375</ymin>
      <xmax>259.4570617675781</xmax>
      <ymax>430.0719451904297</ymax>
    </bndbox>
    <attributes>
      <attribute>
        <name>keyframe</name>
        <value>True</value>
      </attribute>
      <attribute>
        <name>track_id</name>
        <value>183</value>
      </attribute>
    </attributes>
  </object>
</annotation>
