<annotation>
  <folder>frame</folder>
  <filename>frame_001714.jpg</filename>
  <source>
    <database>Unknown</database>
    <annotation>Unknown</annotation>
    <image>Unknown</image>
  </source>
  <size>
    <width>2456</width>
    <height>2054</height>
    <depth>3</depth>
  </size>
  <segmented>0</segmented>
  <object>
    <name>vehicule</name>
    <occluded>0</occluded>
    <bndbox>
      <xmin>990.8066214767157</xmin>
      <ymin>281.783678002451</ymin>
      <xmax>1313.3067288759332</xmax>
      <ymax>494.30276886468056</ymax>
    </bndbox>
    <attributes>
      <attribute>
        <name>keyframe</name>
        <value>True</value>
      </attribute>
      <attribute>
        <name>track_id</name>
        <value>194</value>
      </attribute>
    </attributes>
  </object>
  <object>
    <name>vehicule</name>
    <occluded>0</occluded>
    <bndbox>
      <xmin>1225.344422387295</xmin>
      <ymin>391.0735655737705</ymin>
      <xmax>1531.5407523291549</xmax>
      <ymax>577.7755824308265</ymax>
    </bndbox>
    <attributes>
      <attribute>
        <name>keyframe</name>
        <value>True</value>
      </attribute>
      <attribute>
        <name>track_id</name>
        <value>201</value>
      </attribute>
    </attributes>
  </object>
  <object>
    <name>vehicule</name>
    <occluded>0</occluded>
    <bndbox>
      <xmin>1414.2049560546875</xmin>
      <ymin>441.41705322265625</ymin>
      <xmax>1772.263580044832</xmax>
      <ymax>677.091521245782</ymax>
    </bndbox>
    <attributes>
      <attribute>
        <name>keyframe</name>
        <value>True</value>
      </attribute>
      <attribute>
        <name>track_id</name>
        <value>207</value>
      </attribute>
    </attributes>
  </object>
  <object>
    <name>vehicule</name>
    <occluded>0</occluded>
    <bndbox>
      <xmin>1450.2440570688502</xmin>
      <ymin>327.3833242814171</ymin>
      <xmax>1774.468471131351</xmax>
      <ymax>498.5940145890336</ymax>
    </bndbox>
    <attributes>
      <attribute>
        <name>keyframe</name>
        <value>True</value>
      </attribute>
      <attribute>
        <name>track_id</name>
        <value>211</value>
      </attribute>
    </attributes>
  </object>
  <object>
    <name>vehicule</name>
    <occluded>0</occluded>
    <bndbox>
      <xmin>1638.21767578125</xmin>
      <ymin>544.664453125</ymin>
      <xmax>1901.2511700459333</xmax>
      <ymax>768.5134792305032</ymax>
    </bndbox>
    <attributes>
      <attribute>
        <name>keyframe</name>
        <value>True</value>
      </attribute>
      <attribute>
        <name>track_id</name>
        <value>215</value>
      </attribute>
    </attributes>
  </object>
  <object>
    <name>vehicule</name>
    <occluded>0</occluded>
    <bndbox>
      <xmin>1726.700927734375</xmin>
      <ymin>347.6326171875003</ymin>
      <xmax>1970.4595089285713</xmax>
      <ymax>502.4461778477257</ymax>
    </bndbox>
    <attributes>
      <attribute>
        <name>keyframe</name>
        <value>True</value>
      </attribute>
      <attribute>
        <name>track_id</name>
        <value>233</value>
      </attribute>
    </attributes>
  </object>
  <object>
    <name>vehicule</name>
    <occluded>0</occluded>
    <bndbox>
      <xmin>1192.8004909206081</xmin>
      <ymin>282.49729729729825</ymin>
      <xmax>1480.6243243243255</xmax>
      <ymax>437.4822263975401</ymax>
    </bndbox>
    <attributes>
      <attribute>
        <name>keyframe</name>
        <value>True</value>
      </attribute>
      <attribute>
        <name>track_id</name>
        <value>250</value>
      </attribute>
    </attributes>
  </object>
  <object>
    <name>vehicule</name>
    <occluded>0</occluded>
    <bndbox>
      <xmin>1663.4390312500004</xmin>
      <ymin>229.93200000000033</ymin>
      <xmax>1992.0461049804687</xmax>
      <ymax>350.1090884399414</ymax>
    </bndbox>
    <attributes>
      <attribute>
        <name>keyframe</name>
        <value>True</value>
      </attribute>
      <attribute>
        <name>track_id</name>
        <value>270</value>
      </attribute>
    </attributes>
  </object>
  <object>
    <name>vehicule</name>
    <occluded>0</occluded>
    <bndbox>
      <xmin>191.80039062499998</xmin>
      <ymin>45.6849609375</ymin>
      <xmax>528.9330078125007</xmax>
      <ymax>192.66644287109338</ymax>
    </bndbox>
    <attributes>
      <attribute>
        <name>keyframe</name>
        <value>True</value>
      </attribute>
      <attribute>
        <name>track_id</name>
        <value>274</value>
      </attribute>
    </attributes>
  </object>
  <object>
    <name>vehicule</name>
    <occluded>0</occluded>
    <bndbox>
      <xmin>500.200000000001</xmin>
      <ymin>1264.3162064985795</ymin>
      <xmax>1072.2870261452415</xmax>
      <ymax>1571.216224809125</ymax>
    </bndbox>
    <attributes>
      <attribute>
        <name>keyframe</name>
        <value>True</value>
      </attribute>
      <attribute>
        <name>track_id</name>
        <value>275</value>
      </attribute>
    </attributes>
  </object>
  <object>
    <name>vehicule</name>
    <occluded>0</occluded>
    <bndbox>
      <xmin>752.8125887784091</xmin>
      <ymin>87.15628551136483</ymin>
      <xmax>1058.5838778409097</xmax>
      <ymax>264.4312885631212</ymax>
    </bndbox>
    <attributes>
      <attribute>
        <name>keyframe</name>
        <value>True</value>
      </attribute>
      <attribute>
        <name>track_id</name>
        <value>277</value>
      </attribute>
    </attributes>
  </object>
  <object>
    <name>vehicule</name>
    <occluded>0</occluded>
    <bndbox>
      <xmin>2042.2841796875</xmin>
      <ymin>962.4462890625</ymin>
      <xmax>2456.0</xmax>
      <ymax>1262.800000000001</ymax>
    </bndbox>
    <attributes>
      <attribute>
        <name>keyframe</name>
        <value>True</value>
      </attribute>
      <attribute>
        <name>track_id</name>
        <value>279</value>
      </attribute>
    </attributes>
  </object>
  <object>
    <name>vehicule</name>
    <occluded>0</occluded>
    <bndbox>
      <xmin>1400.9650781250007</xmin>
      <ymin>650.2564453125</ymin>
      <xmax>1785.4050622558593</xmax>
      <ymax>898.7953094482422</ymax>
    </bndbox>
    <attributes>
      <attribute>
        <name>keyframe</name>
        <value>True</value>
      </attribute>
      <attribute>
        <name>track_id</name>
        <value>280</value>
      </attribute>
    </attributes>
  </object>
  <object>
    <name>vehicule</name>
    <occluded>0</occluded>
    <bndbox>
      <xmin>1461.8935546875</xmin>
      <ymin>124.07146661931819</ymin>
      <xmax>1787.8645596590918</xmax>
      <ymax>264.5491582697088</ymax>
    </bndbox>
    <attributes>
      <attribute>
        <name>keyframe</name>
        <value>True</value>
      </attribute>
      <attribute>
        <name>track_id</name>
        <value>281</value>
      </attribute>
    </attributes>
  </object>
  <object>
    <name>vehicule</name>
    <occluded>0</occluded>
    <bndbox>
      <xmin>1998.0864062500002</xmin>
      <ymin>203.0059179687505</ymin>
      <xmax>2256.112014770508</xmax>
      <ymax>342.5892761230469</ymax>
    </bndbox>
    <attributes>
      <attribute>
        <name>keyframe</name>
        <value>True</value>
      </attribute>
      <attribute>
        <name>track_id</name>
        <value>282</value>
      </attribute>
    </attributes>
  </object>
  <object>
    <name>vehicule</name>
    <occluded>0</occluded>
    <bndbox>
      <xmin>247.65492187500058</xmin>
      <ymin>1514.6921875</ymin>
      <xmax>695.0378112792969</xmax>
      <ymax>1812.9371215820313</ymax>
    </bndbox>
    <attributes>
      <attribute>
        <name>keyframe</name>
        <value>True</value>
      </attribute>
      <attribute>
        <name>track_id</name>
        <value>283</value>
      </attribute>
    </attributes>
  </object>
</annotation>
