<annotation>
  <folder>frame</folder>
  <filename>frame_002438.jpg</filename>
  <source>
    <database>Unknown</database>
    <annotation>Unknown</annotation>
    <image>Unknown</image>
  </source>
  <size>
    <width>2456</width>
    <height>2054</height>
    <depth>3</depth>
  </size>
  <segmented>0</segmented>
  <object>
    <name>vehicule</name>
    <occluded>0</occluded>
    <bndbox>
      <xmin>14.31396484375</xmin>
      <ymin>708.0164062500007</ymin>
      <xmax>377.5244140625</xmax>
      <ymax>968.4893005371086</ymax>
    </bndbox>
    <attributes>
      <attribute>
        <name>keyframe</name>
        <value>True</value>
      </attribute>
      <attribute>
        <name>track_id</name>
        <value>351</value>
      </attribute>
    </attributes>
  </object>
  <object>
    <name>vehicule</name>
    <occluded>0</occluded>
    <bndbox>
      <xmin>1384.9534375</xmin>
      <ymin>114.82515624999999</ymin>
      <xmax>1714.6880625</xmax>
      <ymax>272.20400000000075</ymax>
    </bndbox>
    <attributes>
      <attribute>
        <name>keyframe</name>
        <value>True</value>
      </attribute>
      <attribute>
        <name>track_id</name>
        <value>352</value>
      </attribute>
    </attributes>
  </object>
  <object>
    <name>vehicule</name>
    <occluded>0</occluded>
    <bndbox>
      <xmin>197.9727163461542</xmin>
      <ymin>274.85147235576954</ymin>
      <xmax>538.1311086801381</xmax>
      <ymax>517.5901259202224</ymax>
    </bndbox>
    <attributes>
      <attribute>
        <name>keyframe</name>
        <value>True</value>
      </attribute>
      <attribute>
        <name>track_id</name>
        <value>353</value>
      </attribute>
    </attributes>
  </object>
  <object>
    <name>vehicule</name>
    <occluded>0</occluded>
    <bndbox>
      <xmin>27.053846153846212</xmin>
      <ymin>367.5583533653847</ymin>
      <xmax>270.55979802058295</xmax>
      <ymax>552.1344217153696</ymax>
    </bndbox>
    <attributes>
      <attribute>
        <name>keyframe</name>
        <value>True</value>
      </attribute>
      <attribute>
        <name>track_id</name>
        <value>354</value>
      </attribute>
    </attributes>
  </object>
</annotation>
