<annotation>
  <folder>frame</folder>
  <filename>frame_002631.jpg</filename>
  <source>
    <database>Unknown</database>
    <annotation>Unknown</annotation>
    <image>Unknown</image>
  </source>
  <size>
    <width>2456</width>
    <height>2054</height>
    <depth>3</depth>
  </size>
  <segmented>0</segmented>
  <object>
    <name>vehicule</name>
    <occluded>0</occluded>
    <bndbox>
      <xmin>1372.237583705357</xmin>
      <ymin>317.369754464286</ymin>
      <xmax>1640.1717633928586</xmax>
      <ymax>511.898926217215</ymax>
    </bndbox>
    <attributes>
      <attribute>
        <name>keyframe</name>
        <value>True</value>
      </attribute>
      <attribute>
        <name>track_id</name>
        <value>358</value>
      </attribute>
    </attributes>
  </object>
  <object>
    <name>vehicule</name>
    <occluded>0</occluded>
    <bndbox>
      <xmin>1024.201765046297</xmin>
      <ymin>286.0000000000011</ymin>
      <xmax>1321.6434931248793</xmax>
      <ymax>477.025803177445</ymax>
    </bndbox>
    <attributes>
      <attribute>
        <name>keyframe</name>
        <value>True</value>
      </attribute>
      <attribute>
        <name>track_id</name>
        <value>369</value>
      </attribute>
    </attributes>
  </object>
  <object>
    <name>vehicule</name>
    <occluded>0</occluded>
    <bndbox>
      <xmin>1632.515168220766</xmin>
      <ymin>412.59393901209677</ymin>
      <xmax>1882.6502350739997</xmax>
      <ymax>596.551769685997</ymax>
    </bndbox>
    <attributes>
      <attribute>
        <name>keyframe</name>
        <value>True</value>
      </attribute>
      <attribute>
        <name>track_id</name>
        <value>371</value>
      </attribute>
    </attributes>
  </object>
  <object>
    <name>vehicule</name>
    <occluded>0</occluded>
    <bndbox>
      <xmin>1638.5088918585527</xmin>
      <ymin>293.5970908717105</ymin>
      <xmax>1976.964165296052</xmax>
      <ymax>438.86266399182625</ymax>
    </bndbox>
    <attributes>
      <attribute>
        <name>keyframe</name>
        <value>True</value>
      </attribute>
      <attribute>
        <name>track_id</name>
        <value>381</value>
      </attribute>
    </attributes>
  </object>
  <object>
    <name>vehicule</name>
    <occluded>0</occluded>
    <bndbox>
      <xmin>1353.1039341517858</xmin>
      <ymin>289.04578683035805</ymin>
      <xmax>1469.8445591517861</xmax>
      <ymax>434.1117196219306</ymax>
    </bndbox>
    <attributes>
      <attribute>
        <name>keyframe</name>
        <value>True</value>
      </attribute>
      <attribute>
        <name>track_id</name>
        <value>383</value>
      </attribute>
    </attributes>
  </object>
  <object>
    <name>vehicule</name>
    <occluded>0</occluded>
    <bndbox>
      <xmin>1262.1085611979167</xmin>
      <ymin>208.529052734375</ymin>
      <xmax>1587.3419413248691</xmax>
      <ymax>325.2716796874993</ymax>
    </bndbox>
    <attributes>
      <attribute>
        <name>keyframe</name>
        <value>True</value>
      </attribute>
      <attribute>
        <name>track_id</name>
        <value>384</value>
      </attribute>
    </attributes>
  </object>
  <object>
    <name>vehicule</name>
    <occluded>0</occluded>
    <bndbox>
      <xmin>550.6392578125</xmin>
      <ymin>77.75673828125</ymin>
      <xmax>830.6948266601555</xmax>
      <ymax>204.8348861694336</ymax>
    </bndbox>
    <attributes>
      <attribute>
        <name>keyframe</name>
        <value>True</value>
      </attribute>
      <attribute>
        <name>track_id</name>
        <value>386</value>
      </attribute>
    </attributes>
  </object>
  <object>
    <name>vehicule</name>
    <occluded>0</occluded>
    <bndbox>
      <xmin>1293.38212890625</xmin>
      <ymin>139.50576171875</ymin>
      <xmax>1545.9905242919915</xmax>
      <ymax>248.40475158691297</ymax>
    </bndbox>
    <attributes>
      <attribute>
        <name>keyframe</name>
        <value>True</value>
      </attribute>
      <attribute>
        <name>track_id</name>
        <value>387</value>
      </attribute>
    </attributes>
  </object>
  <object>
    <name>vehicule</name>
    <occluded>0</occluded>
    <bndbox>
      <xmin>1241.457142857144</xmin>
      <ymin>614.1571428571434</ymin>
      <xmax>1655.9419686453684</xmax>
      <ymax>912.5894165039062</ymax>
    </bndbox>
    <attributes>
      <attribute>
        <name>keyframe</name>
        <value>True</value>
      </attribute>
      <attribute>
        <name>track_id</name>
        <value>390</value>
      </attribute>
    </attributes>
  </object>
  <object>
    <name>vehicule</name>
    <occluded>0</occluded>
    <bndbox>
      <xmin>1841.638671875</xmin>
      <ymin>163.26900390625033</ymin>
      <xmax>2098.4003125</xmax>
      <ymax>292.94037475585935</ymax>
    </bndbox>
    <attributes>
      <attribute>
        <name>keyframe</name>
        <value>True</value>
      </attribute>
      <attribute>
        <name>track_id</name>
        <value>391</value>
      </attribute>
    </attributes>
  </object>
  <object>
    <name>vehicule</name>
    <occluded>0</occluded>
    <bndbox>
      <xmin>216.5</xmin>
      <ymin>345.40000000000146</ymin>
      <xmax>592.5966186523438</xmax>
      <ymax>542.5433502197266</ymax>
    </bndbox>
    <attributes>
      <attribute>
        <name>keyframe</name>
        <value>True</value>
      </attribute>
      <attribute>
        <name>track_id</name>
        <value>392</value>
      </attribute>
    </attributes>
  </object>
</annotation>
