<annotation>
  <folder>frame</folder>
  <filename>frame_002790.jpg</filename>
  <source>
    <database>Unknown</database>
    <annotation>Unknown</annotation>
    <image>Unknown</image>
  </source>
  <size>
    <width>2456</width>
    <height>2054</height>
    <depth>3</depth>
  </size>
  <segmented>0</segmented>
  <object>
    <name>vehicule</name>
    <occluded>0</occluded>
    <bndbox>
      <xmin>1081.285900297619</xmin>
      <ymin>443.1432477678574</ymin>
      <xmax>1362.3987258184536</xmax>
      <ymax>644.2504334949306</ymax>
    </bndbox>
    <attributes>
      <attribute>
        <name>keyframe</name>
        <value>True</value>
      </attribute>
      <attribute>
        <name>track_id</name>
        <value>358</value>
      </attribute>
    </attributes>
  </object>
  <object>
    <name>vehicule</name>
    <occluded>0</occluded>
    <bndbox>
      <xmin>447.658447265625</xmin>
      <ymin>497.2749511718753</ymin>
      <xmax>788.6500000000001</xmax>
      <ymax>759.3400367736817</ymax>
    </bndbox>
    <attributes>
      <attribute>
        <name>keyframe</name>
        <value>True</value>
      </attribute>
      <attribute>
        <name>track_id</name>
        <value>369</value>
      </attribute>
    </attributes>
  </object>
  <object>
    <name>vehicule</name>
    <occluded>0</occluded>
    <bndbox>
      <xmin>1235.152111235119</xmin>
      <ymin>607.0142857142869</ymin>
      <xmax>1529.9476190476191</xmax>
      <ymax>810.0931897844587</ymax>
    </bndbox>
    <attributes>
      <attribute>
        <name>keyframe</name>
        <value>True</value>
      </attribute>
      <attribute>
        <name>track_id</name>
        <value>371</value>
      </attribute>
    </attributes>
  </object>
  <object>
    <name>vehicule</name>
    <occluded>0</occluded>
    <bndbox>
      <xmin>1519.1297898065477</xmin>
      <ymin>327.51515066964305</ymin>
      <xmax>1849.346075148809</xmax>
      <ymax>480.1811713809047</ymax>
    </bndbox>
    <attributes>
      <attribute>
        <name>keyframe</name>
        <value>True</value>
      </attribute>
      <attribute>
        <name>track_id</name>
        <value>381</value>
      </attribute>
    </attributes>
  </object>
  <object>
    <name>vehicule</name>
    <occluded>0</occluded>
    <bndbox>
      <xmin>1844.948828125</xmin>
      <ymin>464.9908680555558</ymin>
      <xmax>2054.30670138889</xmax>
      <ymax>661.379919704861</ymax>
    </bndbox>
    <attributes>
      <attribute>
        <name>keyframe</name>
        <value>True</value>
      </attribute>
      <attribute>
        <name>track_id</name>
        <value>399</value>
      </attribute>
    </attributes>
  </object>
  <object>
    <name>vehicule</name>
    <occluded>0</occluded>
    <bndbox>
      <xmin>1076.199916294643</xmin>
      <ymin>237.41305803571515</ymin>
      <xmax>1428.6477678571443</xmax>
      <ymax>504.02985185895625</ymax>
    </bndbox>
    <attributes>
      <attribute>
        <name>keyframe</name>
        <value>True</value>
      </attribute>
      <attribute>
        <name>track_id</name>
        <value>402</value>
      </attribute>
    </attributes>
  </object>
  <object>
    <name>vehicule</name>
    <occluded>0</occluded>
    <bndbox>
      <xmin>1501.5535249255952</xmin>
      <ymin>218.02353050595238</ymin>
      <xmax>1863.5880952380955</xmax>
      <ymax>382.06630394345314</ymax>
    </bndbox>
    <attributes>
      <attribute>
        <name>keyframe</name>
        <value>True</value>
      </attribute>
      <attribute>
        <name>track_id</name>
        <value>404</value>
      </attribute>
    </attributes>
  </object>
  <object>
    <name>vehicule</name>
    <occluded>0</occluded>
    <bndbox>
      <xmin>95.32480468749998</xmin>
      <ymin>11.826367187499997</ymin>
      <xmax>366.1369641113291</xmax>
      <ymax>133.51585540771484</ymax>
    </bndbox>
    <attributes>
      <attribute>
        <name>keyframe</name>
        <value>True</value>
      </attribute>
      <attribute>
        <name>track_id</name>
        <value>408</value>
      </attribute>
    </attributes>
  </object>
  <object>
    <name>vehicule</name>
    <occluded>0</occluded>
    <bndbox>
      <xmin>1244.0788445723683</xmin>
      <ymin>143.83110608552633</ymin>
      <xmax>1548.2634148848683</xmax>
      <ymax>276.08912321391836</ymax>
    </bndbox>
    <attributes>
      <attribute>
        <name>keyframe</name>
        <value>True</value>
      </attribute>
      <attribute>
        <name>track_id</name>
        <value>409</value>
      </attribute>
    </attributes>
  </object>
  <object>
    <name>vehicule</name>
    <occluded>0</occluded>
    <bndbox>
      <xmin>1903.017578125</xmin>
      <ymin>1526.9140625</ymin>
      <xmax>2456.0</xmax>
      <ymax>1827.797064208984</ymax>
    </bndbox>
    <attributes>
      <attribute>
        <name>keyframe</name>
        <value>True</value>
      </attribute>
      <attribute>
        <name>track_id</name>
        <value>410</value>
      </attribute>
    </attributes>
  </object>
  <object>
    <name>vehicule</name>
    <occluded>0</occluded>
    <bndbox>
      <xmin>1982.8582589285713</xmin>
      <ymin>249.357421875</ymin>
      <xmax>2125.4971444266184</xmax>
      <ymax>397.1831817626953</ymax>
    </bndbox>
    <attributes>
      <attribute>
        <name>keyframe</name>
        <value>True</value>
      </attribute>
      <attribute>
        <name>track_id</name>
        <value>411</value>
      </attribute>
    </attributes>
  </object>
</annotation>
