<annotation>
  <folder>frame</folder>
  <filename>frame_000579.jpg</filename>
  <source>
    <database>Unknown</database>
    <annotation>Unknown</annotation>
    <image>Unknown</image>
  </source>
  <size>
    <width>2456</width>
    <height>2054</height>
    <depth>3</depth>
  </size>
  <segmented>0</segmented>
  <object>
    <name>vehicule</name>
    <occluded>0</occluded>
    <bndbox>
      <xmin>428.106640625</xmin>
      <ymin>810.36171875</ymin>
      <xmax>881.8600000000008</xmax>
      <ymax>1097.4773498535155</ymax>
    </bndbox>
    <attributes>
      <attribute>
        <name>keyframe</name>
        <value>True</value>
      </attribute>
      <attribute>
        <name>track_id</name>
        <value>40</value>
      </attribute>
    </attributes>
  </object>
  <object>
    <name>vehicule</name>
    <occluded>0</occluded>
    <bndbox>
      <xmin>1704.90263671875</xmin>
      <ymin>438.10927734375</ymin>
      <xmax>1956.0606445312508</xmax>
      <ymax>628.5891021728509</ymax>
    </bndbox>
    <attributes>
      <attribute>
        <name>keyframe</name>
        <value>True</value>
      </attribute>
      <attribute>
        <name>track_id</name>
        <value>95</value>
      </attribute>
    </attributes>
  </object>
  <object>
    <name>vehicule</name>
    <occluded>0</occluded>
    <bndbox>
      <xmin>1632.0400000000004</xmin>
      <ymin>579.3900000000006</ymin>
      <xmax>1876.4312469482422</xmax>
      <ymax>820.9946136474609</ymax>
    </bndbox>
    <attributes>
      <attribute>
        <name>keyframe</name>
        <value>True</value>
      </attribute>
      <attribute>
        <name>track_id</name>
        <value>99</value>
      </attribute>
    </attributes>
  </object>
  <object>
    <name>vehicule</name>
    <occluded>0</occluded>
    <bndbox>
      <xmin>940.8380237926137</xmin>
      <ymin>457.9363636363647</ymin>
      <xmax>1256.4136363636371</xmax>
      <ymax>664.7859559492631</ymax>
    </bndbox>
    <attributes>
      <attribute>
        <name>keyframe</name>
        <value>True</value>
      </attribute>
      <attribute>
        <name>track_id</name>
        <value>105</value>
      </attribute>
    </attributes>
  </object>
  <object>
    <name>vehicule</name>
    <occluded>0</occluded>
    <bndbox>
      <xmin>1695.37294921875</xmin>
      <ymin>344.47523437500024</ymin>
      <xmax>1983.9154534912102</xmax>
      <ymax>494.6742645263672</ymax>
    </bndbox>
    <attributes>
      <attribute>
        <name>keyframe</name>
        <value>True</value>
      </attribute>
      <attribute>
        <name>track_id</name>
        <value>106</value>
      </attribute>
    </attributes>
  </object>
  <object>
    <name>vehicule</name>
    <occluded>0</occluded>
    <bndbox>
      <xmin>48.8125</xmin>
      <ymin>0.0</ymin>
      <xmax>349.69589843750146</xmax>
      <ymax>139.36596374511646</ymax>
    </bndbox>
    <attributes>
      <attribute>
        <name>keyframe</name>
        <value>True</value>
      </attribute>
      <attribute>
        <name>track_id</name>
        <value>107</value>
      </attribute>
    </attributes>
  </object>
  <object>
    <name>vehicule</name>
    <occluded>0</occluded>
    <bndbox>
      <xmin>961.82841796875</xmin>
      <ymin>109.01533203125</ymin>
      <xmax>1287.3725585937493</xmax>
      <ymax>269.1190521240231</ymax>
    </bndbox>
    <attributes>
      <attribute>
        <name>keyframe</name>
        <value>True</value>
      </attribute>
      <attribute>
        <name>track_id</name>
        <value>111</value>
      </attribute>
    </attributes>
  </object>
  <object>
    <name>vehicule</name>
    <occluded>0</occluded>
    <bndbox>
      <xmin>1303.0209375000002</xmin>
      <ymin>105.37212890625051</ymin>
      <xmax>1531.3418917846682</xmax>
      <ymax>235.1684210205076</ymax>
    </bndbox>
    <attributes>
      <attribute>
        <name>keyframe</name>
        <value>True</value>
      </attribute>
      <attribute>
        <name>track_id</name>
        <value>112</value>
      </attribute>
    </attributes>
  </object>
  <object>
    <name>vehicule</name>
    <occluded>0</occluded>
    <bndbox>
      <xmin>1441.5978515625</xmin>
      <ymin>203.99814453125</ymin>
      <xmax>1745.1056640625</xmax>
      <ymax>342.0054458618164</ymax>
    </bndbox>
    <attributes>
      <attribute>
        <name>keyframe</name>
        <value>True</value>
      </attribute>
      <attribute>
        <name>track_id</name>
        <value>113</value>
      </attribute>
    </attributes>
  </object>
  <object>
    <name>vehicule</name>
    <occluded>0</occluded>
    <bndbox>
      <xmin>1356.89794921875</xmin>
      <ymin>1269.89501953125</ymin>
      <xmax>1930.2656677246086</xmax>
      <ymax>1581.8600769042969</ymax>
    </bndbox>
    <attributes>
      <attribute>
        <name>keyframe</name>
        <value>True</value>
      </attribute>
      <attribute>
        <name>track_id</name>
        <value>114</value>
      </attribute>
    </attributes>
  </object>
  <object>
    <name>vehicule</name>
    <occluded>0</occluded>
    <bndbox>
      <xmin>1935.7861328125</xmin>
      <ymin>193.21152343750055</ymin>
      <xmax>2186.7839843750007</xmax>
      <ymax>327.09617614746094</ymax>
    </bndbox>
    <attributes>
      <attribute>
        <name>keyframe</name>
        <value>True</value>
      </attribute>
      <attribute>
        <name>track_id</name>
        <value>115</value>
      </attribute>
    </attributes>
  </object>
  <object>
    <name>vehicule</name>
    <occluded>0</occluded>
    <bndbox>
      <xmin>2134.8365234375</xmin>
      <ymin>149.8560546875</ymin>
      <xmax>2396.36</xmax>
      <ymax>271.3291763305664</ymax>
    </bndbox>
    <attributes>
      <attribute>
        <name>keyframe</name>
        <value>True</value>
      </attribute>
      <attribute>
        <name>track_id</name>
        <value>116</value>
      </attribute>
    </attributes>
  </object>
</annotation>
