<annotation>
  <folder>frame</folder>
  <filename>frame_001913.jpg</filename>
  <source>
    <database>Unknown</database>
    <annotation>Unknown</annotation>
    <image>Unknown</image>
  </source>
  <size>
    <width>2456</width>
    <height>2054</height>
    <depth>3</depth>
  </size>
  <segmented>0</segmented>
  <object>
    <name>vehicule</name>
    <occluded>0</occluded>
    <bndbox>
      <xmin>338.3243408203125</xmin>
      <ymin>658.8997558593755</ymin>
      <xmax>757.1375000000012</xmax>
      <ymax>917.1601104736333</ymax>
    </bndbox>
    <attributes>
      <attribute>
        <name>keyframe</name>
        <value>True</value>
      </attribute>
      <attribute>
        <name>track_id</name>
        <value>300</value>
      </attribute>
    </attributes>
  </object>
  <object>
    <name>vehicule</name>
    <occluded>0</occluded>
    <bndbox>
      <xmin>1597.663818359375</xmin>
      <ymin>1179.7340087890625</ymin>
      <xmax>2095.6219238281246</xmax>
      <ymax>1466.039739990234</ymax>
    </bndbox>
    <attributes>
      <attribute>
        <name>keyframe</name>
        <value>True</value>
      </attribute>
      <attribute>
        <name>track_id</name>
        <value>303</value>
      </attribute>
    </attributes>
  </object>
  <object>
    <name>vehicule</name>
    <occluded>0</occluded>
    <bndbox>
      <xmin>1258.9400634765625</xmin>
      <ymin>374.83984375000045</ymin>
      <xmax>1572.5093017578129</xmax>
      <ymax>575.9741973876953</ymax>
    </bndbox>
    <attributes>
      <attribute>
        <name>keyframe</name>
        <value>True</value>
      </attribute>
      <attribute>
        <name>track_id</name>
        <value>304</value>
      </attribute>
    </attributes>
  </object>
  <object>
    <name>vehicule</name>
    <occluded>0</occluded>
    <bndbox>
      <xmin>1760.3762858072919</xmin>
      <ymin>311.572265625</ymin>
      <xmax>2056.331309000651</xmax>
      <ymax>467.17832946777344</ymax>
    </bndbox>
    <attributes>
      <attribute>
        <name>keyframe</name>
        <value>True</value>
      </attribute>
      <attribute>
        <name>track_id</name>
        <value>305</value>
      </attribute>
    </attributes>
  </object>
  <object>
    <name>vehicule</name>
    <occluded>0</occluded>
    <bndbox>
      <xmin>1036.2907366071427</xmin>
      <ymin>1487.545619419643</ymin>
      <xmax>1640.0852007184708</xmax>
      <ymax>1817.4304765973773</ymax>
    </bndbox>
    <attributes>
      <attribute>
        <name>keyframe</name>
        <value>True</value>
      </attribute>
      <attribute>
        <name>track_id</name>
        <value>306</value>
      </attribute>
    </attributes>
  </object>
  <object>
    <name>vehicule</name>
    <occluded>0</occluded>
    <bndbox>
      <xmin>468.7597039473688</xmin>
      <ymin>1126.6507195723686</ymin>
      <xmax>911.8280013234992</xmax>
      <ymax>1375.7673066791735</ymax>
    </bndbox>
    <attributes>
      <attribute>
        <name>keyframe</name>
        <value>True</value>
      </attribute>
      <attribute>
        <name>track_id</name>
        <value>307</value>
      </attribute>
    </attributes>
  </object>
  <object>
    <name>vehicule</name>
    <occluded>0</occluded>
    <bndbox>
      <xmin>3.109375</xmin>
      <ymin>1191.005859375</ymin>
      <xmax>417.0215148925781</xmax>
      <ymax>1499.1058349609375</ymax>
    </bndbox>
    <attributes>
      <attribute>
        <name>keyframe</name>
        <value>True</value>
      </attribute>
      <attribute>
        <name>track_id</name>
        <value>308</value>
      </attribute>
    </attributes>
  </object>
</annotation>
