<annotation>
  <folder>frame</folder>
  <filename>frame_002418.jpg</filename>
  <source>
    <database>Unknown</database>
    <annotation>Unknown</annotation>
    <image>Unknown</image>
  </source>
  <size>
    <width>2456</width>
    <height>2054</height>
    <depth>3</depth>
  </size>
  <segmented>0</segmented>
  <object>
    <name>vehicule</name>
    <occluded>0</occluded>
    <bndbox>
      <xmin>1955.2650390625004</xmin>
      <ymin>531.591564360119</ymin>
      <xmax>2263.8160691034227</xmax>
      <ymax>775.2624860491072</ymax>
    </bndbox>
    <attributes>
      <attribute>
        <name>keyframe</name>
        <value>True</value>
      </attribute>
      <attribute>
        <name>track_id</name>
        <value>349</value>
      </attribute>
    </attributes>
  </object>
  <object>
    <name>vehicule</name>
    <occluded>0</occluded>
    <bndbox>
      <xmin>1153.1881277901784</xmin>
      <ymin>349.30811941964333</ymin>
      <xmax>1455.1180566564778</xmax>
      <ymax>561.5970623462233</ymax>
    </bndbox>
    <attributes>
      <attribute>
        <name>keyframe</name>
        <value>True</value>
      </attribute>
      <attribute>
        <name>track_id</name>
        <value>351</value>
      </attribute>
    </attributes>
  </object>
  <object>
    <name>vehicule</name>
    <occluded>0</occluded>
    <bndbox>
      <xmin>2055.649188701923</xmin>
      <ymin>132.40144230769232</ymin>
      <xmax>2345.4000600961535</xmax>
      <ymax>296.628665161133</ymax>
    </bndbox>
    <attributes>
      <attribute>
        <name>keyframe</name>
        <value>True</value>
      </attribute>
      <attribute>
        <name>track_id</name>
        <value>352</value>
      </attribute>
    </attributes>
  </object>
</annotation>
