<annotation>
  <folder>frame</folder>
  <filename>frame_001209.jpg</filename>
  <source>
    <database>Unknown</database>
    <annotation>Unknown</annotation>
    <image>Unknown</image>
  </source>
  <size>
    <width>2456</width>
    <height>2054</height>
    <depth>3</depth>
  </size>
  <segmented>0</segmented>
  <object>
    <name>vehicule</name>
    <occluded>0</occluded>
    <bndbox>
      <xmin>2110.2240084134614</xmin>
      <ymin>640.5016075721164</ymin>
      <xmax>2214.8420128455527</xmax>
      <ymax>844.8230522742638</ymax>
    </bndbox>
    <attributes>
      <attribute>
        <name>keyframe</name>
        <value>True</value>
      </attribute>
      <attribute>
        <name>track_id</name>
        <value>177</value>
      </attribute>
    </attributes>
  </object>
  <object>
    <name>vehicule</name>
    <occluded>0</occluded>
    <bndbox>
      <xmin>578.3939453125004</xmin>
      <ymin>344.53769531250055</ymin>
      <xmax>919.2766921997063</xmax>
      <ymax>530.8392959594721</ymax>
    </bndbox>
    <attributes>
      <attribute>
        <name>keyframe</name>
        <value>True</value>
      </attribute>
      <attribute>
        <name>track_id</name>
        <value>180</value>
      </attribute>
    </attributes>
  </object>
  <object>
    <name>vehicule</name>
    <occluded>0</occluded>
    <bndbox>
      <xmin>936.7445162259615</xmin>
      <ymin>1510.1631610576924</ymin>
      <xmax>1530.2445162259614</xmax>
      <ymax>1802.8029315655049</ymax>
    </bndbox>
    <attributes>
      <attribute>
        <name>keyframe</name>
        <value>True</value>
      </attribute>
      <attribute>
        <name>track_id</name>
        <value>181</value>
      </attribute>
    </attributes>
  </object>
  <object>
    <name>vehicule</name>
    <occluded>0</occluded>
    <bndbox>
      <xmin>66.27000000000044</xmin>
      <ymin>383.96689453125</ymin>
      <xmax>346.11279479980493</xmax>
      <ymax>582.7749023437503</ymax>
    </bndbox>
    <attributes>
      <attribute>
        <name>keyframe</name>
        <value>True</value>
      </attribute>
      <attribute>
        <name>track_id</name>
        <value>182</value>
      </attribute>
    </attributes>
  </object>
  <object>
    <name>vehicule</name>
    <occluded>0</occluded>
    <bndbox>
      <xmin>14.837500000000091</xmin>
      <ymin>263.74211425781255</ymin>
      <xmax>284.6488342285156</xmax>
      <ymax>436.2836151123047</ymax>
    </bndbox>
    <attributes>
      <attribute>
        <name>keyframe</name>
        <value>True</value>
      </attribute>
      <attribute>
        <name>track_id</name>
        <value>183</value>
      </attribute>
    </attributes>
  </object>
</annotation>
