<annotation>
  <folder>frame</folder>
  <filename>frame_000603.jpg</filename>
  <source>
    <database>Unknown</database>
    <annotation>Unknown</annotation>
    <image>Unknown</image>
  </source>
  <size>
    <width>2456</width>
    <height>2054</height>
    <depth>3</depth>
  </size>
  <segmented>0</segmented>
  <object>
    <name>vehicule</name>
    <occluded>0</occluded>
    <bndbox>
      <xmin>1205.3712890625</xmin>
      <ymin>611.896687500001</ymin>
      <xmax>1563.558375</xmax>
      <ymax>834.2650612792967</ymax>
    </bndbox>
    <attributes>
      <attribute>
        <name>keyframe</name>
        <value>True</value>
      </attribute>
      <attribute>
        <name>track_id</name>
        <value>95</value>
      </attribute>
    </attributes>
  </object>
  <object>
    <name>vehicule</name>
    <occluded>0</occluded>
    <bndbox>
      <xmin>1851.280000000001</xmin>
      <ymin>757.3960000000005</ymin>
      <xmax>2178.511502685547</xmax>
      <ymax>1021.812476196289</ymax>
    </bndbox>
    <attributes>
      <attribute>
        <name>keyframe</name>
        <value>True</value>
      </attribute>
      <attribute>
        <name>track_id</name>
        <value>99</value>
      </attribute>
    </attributes>
  </object>
  <object>
    <name>vehicule</name>
    <occluded>0</occluded>
    <bndbox>
      <xmin>171.056640625</xmin>
      <ymin>666.0526315789482</ymin>
      <xmax>574.089473684212</xmax>
      <ymax>916.5893538625617</ymax>
    </bndbox>
    <attributes>
      <attribute>
        <name>keyframe</name>
        <value>True</value>
      </attribute>
      <attribute>
        <name>track_id</name>
        <value>105</value>
      </attribute>
    </attributes>
  </object>
  <object>
    <name>vehicule</name>
    <occluded>0</occluded>
    <bndbox>
      <xmin>1078.6763671875</xmin>
      <ymin>508.36400000000026</ymin>
      <xmax>1423.6080000000013</xmax>
      <ymax>702.2276611328125</ymax>
    </bndbox>
    <attributes>
      <attribute>
        <name>keyframe</name>
        <value>True</value>
      </attribute>
      <attribute>
        <name>track_id</name>
        <value>106</value>
      </attribute>
    </attributes>
  </object>
  <object>
    <name>vehicule</name>
    <occluded>0</occluded>
    <bndbox>
      <xmin>171.40000000000038</xmin>
      <ymin>9.373046875</ymin>
      <xmax>453.90150756835936</xmax>
      <ymax>152.06387634277309</ymax>
    </bndbox>
    <attributes>
      <attribute>
        <name>keyframe</name>
        <value>True</value>
      </attribute>
      <attribute>
        <name>track_id</name>
        <value>111</value>
      </attribute>
    </attributes>
  </object>
  <object>
    <name>vehicule</name>
    <occluded>0</occluded>
    <bndbox>
      <xmin>658.9046875</xmin>
      <ymin>88.51976562500022</ymin>
      <xmax>890.9000000000008</xmax>
      <ymax>228.26719573974552</ymax>
    </bndbox>
    <attributes>
      <attribute>
        <name>keyframe</name>
        <value>True</value>
      </attribute>
      <attribute>
        <name>track_id</name>
        <value>112</value>
      </attribute>
    </attributes>
  </object>
  <object>
    <name>vehicule</name>
    <occluded>0</occluded>
    <bndbox>
      <xmin>392.771875</xmin>
      <ymin>97.986328125</ymin>
      <xmax>686.3568359375</xmax>
      <ymax>235.9936294555664</ymax>
    </bndbox>
    <attributes>
      <attribute>
        <name>keyframe</name>
        <value>True</value>
      </attribute>
      <attribute>
        <name>track_id</name>
        <value>113</value>
      </attribute>
    </attributes>
  </object>
  <object>
    <name>vehicule</name>
    <occluded>0</occluded>
    <bndbox>
      <xmin>1269.06298828125</xmin>
      <ymin>231.8626464843751</ymin>
      <xmax>1522.8160156250005</xmax>
      <ymax>378.85989608764567</ymax>
    </bndbox>
    <attributes>
      <attribute>
        <name>keyframe</name>
        <value>True</value>
      </attribute>
      <attribute>
        <name>track_id</name>
        <value>115</value>
      </attribute>
    </attributes>
  </object>
  <object>
    <name>vehicule</name>
    <occluded>0</occluded>
    <bndbox>
      <xmin>1482.1361860795455</xmin>
      <ymin>110.2470703125</ymin>
      <xmax>1793.9080671830611</xmax>
      <ymax>245.52839508056604</ymax>
    </bndbox>
    <attributes>
      <attribute>
        <name>keyframe</name>
        <value>True</value>
      </attribute>
      <attribute>
        <name>track_id</name>
        <value>116</value>
      </attribute>
    </attributes>
  </object>
  <object>
    <name>vehicule</name>
    <occluded>0</occluded>
    <bndbox>
      <xmin>1714.3298117897727</xmin>
      <ymin>224.4545454545466</ymin>
      <xmax>2080.043607954545</xmax>
      <ymax>442.5457930131392</ymax>
    </bndbox>
    <attributes>
      <attribute>
        <name>keyframe</name>
        <value>True</value>
      </attribute>
      <attribute>
        <name>track_id</name>
        <value>117</value>
      </attribute>
    </attributes>
  </object>
  <object>
    <name>vehicule</name>
    <occluded>0</occluded>
    <bndbox>
      <xmin>2042.92724609375</xmin>
      <ymin>1450.771484375</ymin>
      <xmax>2456.0</xmax>
      <ymax>1812.3807739257809</ymax>
    </bndbox>
    <attributes>
      <attribute>
        <name>keyframe</name>
        <value>True</value>
      </attribute>
      <attribute>
        <name>track_id</name>
        <value>118</value>
      </attribute>
    </attributes>
  </object>
  <object>
    <name>vehicule</name>
    <occluded>0</occluded>
    <bndbox>
      <xmin>1346.7794596354167</xmin>
      <ymin>1225.7024739583333</ymin>
      <xmax>1903.5789835611965</xmax>
      <ymax>1523.8822530110676</ymax>
    </bndbox>
    <attributes>
      <attribute>
        <name>keyframe</name>
        <value>True</value>
      </attribute>
      <attribute>
        <name>track_id</name>
        <value>119</value>
      </attribute>
    </attributes>
  </object>
  <object>
    <name>vehicule</name>
    <occluded>0</occluded>
    <bndbox>
      <xmin>126.38886718750001</xmin>
      <ymin>1456.244140625</ymin>
      <xmax>780.6492187500014</xmax>
      <ymax>1770.9699401855469</ymax>
    </bndbox>
    <attributes>
      <attribute>
        <name>keyframe</name>
        <value>True</value>
      </attribute>
      <attribute>
        <name>track_id</name>
        <value>120</value>
      </attribute>
    </attributes>
  </object>
</annotation>
