<annotation>
  <folder>frame</folder>
  <filename>frame_000628.jpg</filename>
  <source>
    <database>Unknown</database>
    <annotation>Unknown</annotation>
    <image>Unknown</image>
  </source>
  <size>
    <width>2456</width>
    <height>2054</height>
    <depth>3</depth>
  </size>
  <segmented>0</segmented>
  <object>
    <name>vehicule</name>
    <occluded>0</occluded>
    <bndbox>
      <xmin>79.12265625</xmin>
      <ymin>847.5473828125002</ymin>
      <xmax>518.5744140625004</xmax>
      <ymax>1142.9164746093745</ymax>
    </bndbox>
    <attributes>
      <attribute>
        <name>keyframe</name>
        <value>True</value>
      </attribute>
      <attribute>
        <name>track_id</name>
        <value>95</value>
      </attribute>
    </attributes>
  </object>
  <object>
    <name>vehicule</name>
    <occluded>0</occluded>
    <bndbox>
      <xmin>1022.8953450520834</xmin>
      <ymin>281.5411783854179</ymin>
      <xmax>1290.457649739584</xmax>
      <ymax>472.0346110026039</ymax>
    </bndbox>
    <attributes>
      <attribute>
        <name>keyframe</name>
        <value>True</value>
      </attribute>
      <attribute>
        <name>track_id</name>
        <value>115</value>
      </attribute>
    </attributes>
  </object>
  <object>
    <name>vehicule</name>
    <occluded>0</occluded>
    <bndbox>
      <xmin>660.3089192708334</xmin>
      <ymin>94.26822916666667</ymin>
      <xmax>1002.4298177083341</xmax>
      <ymax>229.54955393473273</ymax>
    </bndbox>
    <attributes>
      <attribute>
        <name>keyframe</name>
        <value>True</value>
      </attribute>
      <attribute>
        <name>track_id</name>
        <value>116</value>
      </attribute>
    </attributes>
  </object>
  <object>
    <name>vehicule</name>
    <occluded>0</occluded>
    <bndbox>
      <xmin>1120.0154622395833</xmin>
      <ymin>397.08479817708366</ymin>
      <xmax>1470.4709309895836</xmax>
      <ymax>711.7609517415364</ymax>
    </bndbox>
    <attributes>
      <attribute>
        <name>keyframe</name>
        <value>True</value>
      </attribute>
      <attribute>
        <name>track_id</name>
        <value>117</value>
      </attribute>
    </attributes>
  </object>
  <object>
    <name>vehicule</name>
    <occluded>0</occluded>
    <bndbox>
      <xmin>1655.1090494791667</xmin>
      <ymin>278.7526041666667</ymin>
      <xmax>1978.3906555175774</xmax>
      <ymax>447.15240885416705</ymax>
    </bndbox>
    <attributes>
      <attribute>
        <name>keyframe</name>
        <value>True</value>
      </attribute>
      <attribute>
        <name>track_id</name>
        <value>121</value>
      </attribute>
    </attributes>
  </object>
  <object>
    <name>vehicule</name>
    <occluded>0</occluded>
    <bndbox>
      <xmin>882.019775390625</xmin>
      <ymin>1193.281494140625</ymin>
      <xmax>1389.1305236816406</xmax>
      <ymax>1463.8350097656257</ymax>
    </bndbox>
    <attributes>
      <attribute>
        <name>keyframe</name>
        <value>True</value>
      </attribute>
      <attribute>
        <name>track_id</name>
        <value>122</value>
      </attribute>
    </attributes>
  </object>
  <object>
    <name>vehicule</name>
    <occluded>0</occluded>
    <bndbox>
      <xmin>51.05000000000018</xmin>
      <ymin>1483.85107421875</ymin>
      <xmax>573.3555908203125</xmax>
      <ymax>1784.7731323242188</ymax>
    </bndbox>
    <attributes>
      <attribute>
        <name>keyframe</name>
        <value>True</value>
      </attribute>
      <attribute>
        <name>track_id</name>
        <value>123</value>
      </attribute>
    </attributes>
  </object>
  <object>
    <name>vehicule</name>
    <occluded>0</occluded>
    <bndbox>
      <xmin>1982.6136363636367</xmin>
      <ymin>229.21484375</ymin>
      <xmax>2266.763245738636</xmax>
      <ymax>372.7739715576172</ymax>
    </bndbox>
    <attributes>
      <attribute>
        <name>keyframe</name>
        <value>True</value>
      </attribute>
      <attribute>
        <name>track_id</name>
        <value>124</value>
      </attribute>
    </attributes>
  </object>
</annotation>
