<annotation>
  <folder>frame</folder>
  <filename>frame_001471.jpg</filename>
  <source>
    <database>Unknown</database>
    <annotation>Unknown</annotation>
    <image>Unknown</image>
  </source>
  <size>
    <width>2456</width>
    <height>2054</height>
    <depth>3</depth>
  </size>
  <segmented>0</segmented>
  <object>
    <name>vehicule</name>
    <occluded>0</occluded>
    <bndbox>
      <xmin>1051.978619101821</xmin>
      <ymin>275.4486043563742</ymin>
      <xmax>1375.9249086174827</xmax>
      <ymax>470.40153747798547</ymax>
    </bndbox>
    <attributes>
      <attribute>
        <name>keyframe</name>
        <value>True</value>
      </attribute>
      <attribute>
        <name>track_id</name>
        <value>194</value>
      </attribute>
    </attributes>
  </object>
  <object>
    <name>vehicule</name>
    <occluded>0</occluded>
    <bndbox>
      <xmin>1189.72412109375</xmin>
      <ymin>374.5133258928572</ymin>
      <xmax>1494.4801771438968</xmax>
      <ymax>558.293292515143</ymax>
    </bndbox>
    <attributes>
      <attribute>
        <name>keyframe</name>
        <value>True</value>
      </attribute>
      <attribute>
        <name>track_id</name>
        <value>201</value>
      </attribute>
    </attributes>
  </object>
  <object>
    <name>vehicule</name>
    <occluded>0</occluded>
    <bndbox>
      <xmin>1485.7469740316901</xmin>
      <ymin>420.9525033010566</ymin>
      <xmax>1815.016365516781</xmax>
      <ymax>623.1396966787225</ymax>
    </bndbox>
    <attributes>
      <attribute>
        <name>keyframe</name>
        <value>True</value>
      </attribute>
      <attribute>
        <name>track_id</name>
        <value>207</value>
      </attribute>
    </attributes>
  </object>
  <object>
    <name>vehicule</name>
    <occluded>0</occluded>
    <bndbox>
      <xmin>1489.5945219494047</xmin>
      <ymin>310.0468973214287</ymin>
      <xmax>1813.8189360119054</xmax>
      <ymax>481.25758762904513</ymax>
    </bndbox>
    <attributes>
      <attribute>
        <name>keyframe</name>
        <value>True</value>
      </attribute>
      <attribute>
        <name>track_id</name>
        <value>211</value>
      </attribute>
    </attributes>
  </object>
  <object>
    <name>vehicule</name>
    <occluded>0</occluded>
    <bndbox>
      <xmin>1807.826755355739</xmin>
      <ymin>358.66900058962267</ymin>
      <xmax>2056.01577857057</xmax>
      <ymax>546.6678249501789</ymax>
    </bndbox>
    <attributes>
      <attribute>
        <name>keyframe</name>
        <value>True</value>
      </attribute>
      <attribute>
        <name>track_id</name>
        <value>215</value>
      </attribute>
    </attributes>
  </object>
  <object>
    <name>vehicule</name>
    <occluded>0</occluded>
    <bndbox>
      <xmin>2235.66552734375</xmin>
      <ymin>796.1604492187507</ymin>
      <xmax>2456.0</xmax>
      <ymax>1041.1500091552734</ymax>
    </bndbox>
    <attributes>
      <attribute>
        <name>keyframe</name>
        <value>True</value>
      </attribute>
      <attribute>
        <name>track_id</name>
        <value>218</value>
      </attribute>
    </attributes>
  </object>
  <object>
    <name>vehicule</name>
    <occluded>0</occluded>
    <bndbox>
      <xmin>2096.0636718750006</xmin>
      <ymin>858.7080078125</ymin>
      <xmax>2334.4621826171883</xmax>
      <ymax>1134.8339609781906</ymax>
    </bndbox>
    <attributes>
      <attribute>
        <name>keyframe</name>
        <value>True</value>
      </attribute>
      <attribute>
        <name>track_id</name>
        <value>227</value>
      </attribute>
    </attributes>
  </object>
  <object>
    <name>vehicule</name>
    <occluded>0</occluded>
    <bndbox>
      <xmin>128.04332386363686</xmin>
      <ymin>0.0</ymin>
      <xmax>365.0654296875</xmax>
      <ymax>92.92343750000146</ymax>
    </bndbox>
    <attributes>
      <attribute>
        <name>keyframe</name>
        <value>True</value>
      </attribute>
      <attribute>
        <name>track_id</name>
        <value>228</value>
      </attribute>
    </attributes>
  </object>
  <object>
    <name>vehicule</name>
    <occluded>0</occluded>
    <bndbox>
      <xmin>119.44287109375</xmin>
      <ymin>42.0244140625</ymin>
      <xmax>437.33583984375036</xmax>
      <ymax>171.77980041503906</ymax>
    </bndbox>
    <attributes>
      <attribute>
        <name>keyframe</name>
        <value>True</value>
      </attribute>
      <attribute>
        <name>track_id</name>
        <value>231</value>
      </attribute>
    </attributes>
  </object>
  <object>
    <name>vehicule</name>
    <occluded>0</occluded>
    <bndbox>
      <xmin>1022.9285714285722</xmin>
      <ymin>529.028571428572</ymin>
      <xmax>2129.9656982421875</xmax>
      <ymax>1222.8697945731026</ymax>
    </bndbox>
    <attributes>
      <attribute>
        <name>keyframe</name>
        <value>True</value>
      </attribute>
      <attribute>
        <name>track_id</name>
        <value>232</value>
      </attribute>
    </attributes>
  </object>
  <object>
    <name>vehicule</name>
    <occluded>0</occluded>
    <bndbox>
      <xmin>1854.4929643110795</xmin>
      <ymin>282.6000014796401</ymin>
      <xmax>2127.510704963982</xmax>
      <ymax>412.6579318428866</ymax>
    </bndbox>
    <attributes>
      <attribute>
        <name>keyframe</name>
        <value>True</value>
      </attribute>
      <attribute>
        <name>track_id</name>
        <value>233</value>
      </attribute>
    </attributes>
  </object>
  <object>
    <name>vehicule</name>
    <occluded>0</occluded>
    <bndbox>
      <xmin>511.08998579545465</xmin>
      <ymin>118.0458096590909</ymin>
      <xmax>882.1013239080246</xmax>
      <ymax>280.43755077015254</ymax>
    </bndbox>
    <attributes>
      <attribute>
        <name>keyframe</name>
        <value>True</value>
      </attribute>
      <attribute>
        <name>track_id</name>
        <value>234</value>
      </attribute>
    </attributes>
  </object>
  <object>
    <name>vehicule</name>
    <occluded>0</occluded>
    <bndbox>
      <xmin>1220.3232421875</xmin>
      <ymin>171.566650390625</ymin>
      <xmax>1550.3388671875</xmax>
      <ymax>322.85631103515516</ymax>
    </bndbox>
    <attributes>
      <attribute>
        <name>keyframe</name>
        <value>True</value>
      </attribute>
      <attribute>
        <name>track_id</name>
        <value>235</value>
      </attribute>
    </attributes>
  </object>
  <object>
    <name>vehicule</name>
    <occluded>0</occluded>
    <bndbox>
      <xmin>862.5810546875</xmin>
      <ymin>82.84358723958333</ymin>
      <xmax>1180.996826171875</xmax>
      <ymax>233.5079396565755</ymax>
    </bndbox>
    <attributes>
      <attribute>
        <name>keyframe</name>
        <value>True</value>
      </attribute>
      <attribute>
        <name>track_id</name>
        <value>236</value>
      </attribute>
    </attributes>
  </object>
  <object>
    <name>vehicule</name>
    <occluded>0</occluded>
    <bndbox>
      <xmin>608.453125</xmin>
      <ymin>468.1181640625</ymin>
      <xmax>993.8178222656243</xmax>
      <ymax>665.2875122070309</ymax>
    </bndbox>
    <attributes>
      <attribute>
        <name>keyframe</name>
        <value>True</value>
      </attribute>
      <attribute>
        <name>track_id</name>
        <value>237</value>
      </attribute>
    </attributes>
  </object>
  <object>
    <name>vehicule</name>
    <occluded>0</occluded>
    <bndbox>
      <xmin>1415.756103515625</xmin>
      <ymin>91.488525390625</ymin>
      <xmax>1700.4321594238281</xmax>
      <ymax>253.24628906249927</ymax>
    </bndbox>
    <attributes>
      <attribute>
        <name>keyframe</name>
        <value>True</value>
      </attribute>
      <attribute>
        <name>track_id</name>
        <value>238</value>
      </attribute>
    </attributes>
  </object>
  <object>
    <name>vehicule</name>
    <occluded>0</occluded>
    <bndbox>
      <xmin>457.13671875</xmin>
      <ymin>299.25200892857174</ymin>
      <xmax>839.1369934082031</xmax>
      <ymax>496.41002589634445</ymax>
    </bndbox>
    <attributes>
      <attribute>
        <name>keyframe</name>
        <value>True</value>
      </attribute>
      <attribute>
        <name>track_id</name>
        <value>239</value>
      </attribute>
    </attributes>
  </object>
  <object>
    <name>vehicule</name>
    <occluded>0</occluded>
    <bndbox>
      <xmin>1099.6732700892858</xmin>
      <ymin>1581.068638392857</ymin>
      <xmax>1368.0184238978795</xmax>
      <ymax>1812.9718518938337</ymax>
    </bndbox>
    <attributes>
      <attribute>
        <name>keyframe</name>
        <value>True</value>
      </attribute>
      <attribute>
        <name>track_id</name>
        <value>240</value>
      </attribute>
    </attributes>
  </object>
  <object>
    <name>vehicule</name>
    <occluded>0</occluded>
    <bndbox>
      <xmin>1811.0</xmin>
      <ymin>626.361328125</ymin>
      <xmax>1965.8782196044922</xmax>
      <ymax>783.7242279052734</ymax>
    </bndbox>
    <attributes>
      <attribute>
        <name>keyframe</name>
        <value>True</value>
      </attribute>
      <attribute>
        <name>track_id</name>
        <value>241</value>
      </attribute>
    </attributes>
  </object>
  <object>
    <name>vehicule</name>
    <occluded>0</occluded>
    <bndbox>
      <xmin>129.79443359375</xmin>
      <ymin>398.56982421875</ymin>
      <xmax>466.79027099609266</xmax>
      <ymax>611.1777832031239</ymax>
    </bndbox>
    <attributes>
      <attribute>
        <name>keyframe</name>
        <value>True</value>
      </attribute>
      <attribute>
        <name>track_id</name>
        <value>242</value>
      </attribute>
    </attributes>
  </object>
  <object>
    <name>vehicule</name>
    <occluded>0</occluded>
    <bndbox>
      <xmin>63.83837890625</xmin>
      <ymin>268.69418945312555</ymin>
      <xmax>309.5453796386719</xmax>
      <ymax>439.8640777587889</ymax>
    </bndbox>
    <attributes>
      <attribute>
        <name>keyframe</name>
        <value>True</value>
      </attribute>
      <attribute>
        <name>track_id</name>
        <value>243</value>
      </attribute>
    </attributes>
  </object>
  <object>
    <name>vehicule</name>
    <occluded>0</occluded>
    <bndbox>
      <xmin>1846.1650390625</xmin>
      <ymin>232.3295410156261</ymin>
      <xmax>2154.3591796875007</xmax>
      <ymax>323.3692535400387</ymax>
    </bndbox>
    <attributes>
      <attribute>
        <name>keyframe</name>
        <value>True</value>
      </attribute>
      <attribute>
        <name>track_id</name>
        <value>244</value>
      </attribute>
    </attributes>
  </object>
  <object>
    <name>vehicule</name>
    <occluded>0</occluded>
    <bndbox>
      <xmin>2226.48681640625</xmin>
      <ymin>206.7265625</ymin>
      <xmax>2456.0</xmax>
      <ymax>350.2856903076172</ymax>
    </bndbox>
    <attributes>
      <attribute>
        <name>keyframe</name>
        <value>True</value>
      </attribute>
      <attribute>
        <name>track_id</name>
        <value>245</value>
      </attribute>
    </attributes>
  </object>
</annotation>
