<annotation>
  <folder>frame</folder>
  <filename>frame_002664.jpg</filename>
  <source>
    <database>Unknown</database>
    <annotation>Unknown</annotation>
    <image>Unknown</image>
  </source>
  <size>
    <width>2456</width>
    <height>2054</height>
    <depth>3</depth>
  </size>
  <segmented>0</segmented>
  <object>
    <name>vehicule</name>
    <occluded>0</occluded>
    <bndbox>
      <xmin>1369.3093932434754</xmin>
      <ymin>313.9332342462227</ymin>
      <xmax>1637.2435729309768</xmax>
      <ymax>508.46240599915166</ymax>
    </bndbox>
    <attributes>
      <attribute>
        <name>keyframe</name>
        <value>True</value>
      </attribute>
      <attribute>
        <name>track_id</name>
        <value>358</value>
      </attribute>
    </attributes>
  </object>
  <object>
    <name>vehicule</name>
    <occluded>0</occluded>
    <bndbox>
      <xmin>998.225110505757</xmin>
      <ymin>279.9334267064151</ymin>
      <xmax>1298.768417302759</xmax>
      <ymax>485.063749311123</ymax>
    </bndbox>
    <attributes>
      <attribute>
        <name>keyframe</name>
        <value>True</value>
      </attribute>
      <attribute>
        <name>track_id</name>
        <value>369</value>
      </attribute>
    </attributes>
  </object>
  <object>
    <name>vehicule</name>
    <occluded>0</occluded>
    <bndbox>
      <xmin>1626.8976105720767</xmin>
      <ymin>414.0961126512097</ymin>
      <xmax>1878.7406211053474</xmax>
      <ymax>599.7604119585048</ymax>
    </bndbox>
    <attributes>
      <attribute>
        <name>keyframe</name>
        <value>True</value>
      </attribute>
      <attribute>
        <name>track_id</name>
        <value>371</value>
      </attribute>
    </attributes>
  </object>
  <object>
    <name>vehicule</name>
    <occluded>0</occluded>
    <bndbox>
      <xmin>1615.4132518892975</xmin>
      <ymin>300.2302453533497</ymin>
      <xmax>1953.8685253267968</xmax>
      <ymax>445.4958184734654</ymax>
    </bndbox>
    <attributes>
      <attribute>
        <name>keyframe</name>
        <value>True</value>
      </attribute>
      <attribute>
        <name>track_id</name>
        <value>381</value>
      </attribute>
    </attributes>
  </object>
  <object>
    <name>vehicule</name>
    <occluded>0</occluded>
    <bndbox>
      <xmin>1199.350330171131</xmin>
      <ymin>336.0835007440479</ymin>
      <xmax>1316.0909551711313</xmax>
      <ymax>483.71581275576557</ymax>
    </bndbox>
    <attributes>
      <attribute>
        <name>keyframe</name>
        <value>True</value>
      </attribute>
      <attribute>
        <name>track_id</name>
        <value>383</value>
      </attribute>
    </attributes>
  </object>
  <object>
    <name>vehicule</name>
    <occluded>0</occluded>
    <bndbox>
      <xmin>289.986328125</xmin>
      <ymin>39.5625</ymin>
      <xmax>561.2513671875004</xmax>
      <ymax>169.23305053710828</ymax>
    </bndbox>
    <attributes>
      <attribute>
        <name>keyframe</name>
        <value>True</value>
      </attribute>
      <attribute>
        <name>track_id</name>
        <value>391</value>
      </attribute>
    </attributes>
  </object>
  <object>
    <name>vehicule</name>
    <occluded>0</occluded>
    <bndbox>
      <xmin>2104.669921875</xmin>
      <ymin>826.9150390625</ymin>
      <xmax>2456.0</xmax>
      <ymax>1083.0140563964833</ymax>
    </bndbox>
    <attributes>
      <attribute>
        <name>keyframe</name>
        <value>True</value>
      </attribute>
      <attribute>
        <name>track_id</name>
        <value>392</value>
      </attribute>
    </attributes>
  </object>
  <object>
    <name>vehicule</name>
    <occluded>0</occluded>
    <bndbox>
      <xmin>1354.2000000000007</xmin>
      <ymin>702.3000000000011</ymin>
      <xmax>1766.9036865234375</xmax>
      <ymax>980.0558929443359</ymax>
    </bndbox>
    <attributes>
      <attribute>
        <name>keyframe</name>
        <value>True</value>
      </attribute>
      <attribute>
        <name>track_id</name>
        <value>393</value>
      </attribute>
    </attributes>
  </object>
  <object>
    <name>vehicule</name>
    <occluded>0</occluded>
    <bndbox>
      <xmin>1142.087890625</xmin>
      <ymin>136.771484375</ymin>
      <xmax>1421.2000000000007</xmax>
      <ymax>282.65216064453125</ymax>
    </bndbox>
    <attributes>
      <attribute>
        <name>keyframe</name>
        <value>True</value>
      </attribute>
      <attribute>
        <name>track_id</name>
        <value>394</value>
      </attribute>
    </attributes>
  </object>
  <object>
    <name>vehicule</name>
    <occluded>0</occluded>
    <bndbox>
      <xmin>200.35000000000036</xmin>
      <ymin>376.572998046875</ymin>
      <xmax>477.8373107910156</xmax>
      <ymax>603.4887542724609</ymax>
    </bndbox>
    <attributes>
      <attribute>
        <name>keyframe</name>
        <value>True</value>
      </attribute>
      <attribute>
        <name>track_id</name>
        <value>395</value>
      </attribute>
    </attributes>
  </object>
  <object>
    <name>vehicule</name>
    <occluded>0</occluded>
    <bndbox>
      <xmin>214.11406250000002</xmin>
      <ymin>249.5815625000003</ymin>
      <xmax>503.0201721191406</xmax>
      <ymax>440.46613159179685</ymax>
    </bndbox>
    <attributes>
      <attribute>
        <name>keyframe</name>
        <value>True</value>
      </attribute>
      <attribute>
        <name>track_id</name>
        <value>396</value>
      </attribute>
    </attributes>
  </object>
  <object>
    <name>vehicule</name>
    <occluded>0</occluded>
    <bndbox>
      <xmin>2155.9189453125</xmin>
      <ymin>150.416015625</ymin>
      <xmax>2451.5704650878906</xmax>
      <ymax>282.68116760253906</ymax>
    </bndbox>
    <attributes>
      <attribute>
        <name>keyframe</name>
        <value>True</value>
      </attribute>
      <attribute>
        <name>track_id</name>
        <value>398</value>
      </attribute>
    </attributes>
  </object>
</annotation>
