<annotation>
  <folder>frame</folder>
  <filename>frame_001039.jpg</filename>
  <source>
    <database>Unknown</database>
    <annotation>Unknown</annotation>
    <image>Unknown</image>
  </source>
  <size>
    <width>2456</width>
    <height>2054</height>
    <depth>3</depth>
  </size>
  <segmented>0</segmented>
  <object>
    <name>vehicule</name>
    <occluded>0</occluded>
    <bndbox>
      <xmin>1722.7000000000007</xmin>
      <ymin>472.10000000000036</ymin>
      <xmax>1921.4252014160156</xmax>
      <ymax>686.8217315673828</ymax>
    </bndbox>
    <attributes>
      <attribute>
        <name>keyframe</name>
        <value>True</value>
      </attribute>
      <attribute>
        <name>track_id</name>
        <value>169</value>
      </attribute>
    </attributes>
  </object>
  <object>
    <name>vehicule</name>
    <occluded>0</occluded>
    <bndbox>
      <xmin>961.1723599137933</xmin>
      <ymin>82.97642780172413</ymin>
      <xmax>1254.2025862068965</xmax>
      <ymax>232.05985523092335</ymax>
    </bndbox>
    <attributes>
      <attribute>
        <name>keyframe</name>
        <value>True</value>
      </attribute>
      <attribute>
        <name>track_id</name>
        <value>170</value>
      </attribute>
    </attributes>
  </object>
  <object>
    <name>vehicule</name>
    <occluded>0</occluded>
    <bndbox>
      <xmin>1710.924072265625</xmin>
      <ymin>82.9562500000003</ymin>
      <xmax>1871.37945804596</xmax>
      <ymax>225.9509506225586</ymax>
    </bndbox>
    <attributes>
      <attribute>
        <name>keyframe</name>
        <value>True</value>
      </attribute>
      <attribute>
        <name>track_id</name>
        <value>171</value>
      </attribute>
    </attributes>
  </object>
</annotation>
