<annotation>
  <folder>frame</folder>
  <filename>frame_000548.jpg</filename>
  <source>
    <database>Unknown</database>
    <annotation>Unknown</annotation>
    <image>Unknown</image>
  </source>
  <size>
    <width>2456</width>
    <height>2054</height>
    <depth>3</depth>
  </size>
  <segmented>0</segmented>
  <object>
    <name>vehicule</name>
    <occluded>0</occluded>
    <bndbox>
      <xmin>191.10000000000036</xmin>
      <ymin>801.416015625</ymin>
      <xmax>598.4773254394531</xmax>
      <ymax>1066.6000000000004</ymax>
    </bndbox>
    <attributes>
      <attribute>
        <name>keyframe</name>
        <value>True</value>
      </attribute>
      <attribute>
        <name>track_id</name>
        <value>12</value>
      </attribute>
    </attributes>
  </object>
  <object>
    <name>vehicule</name>
    <occluded>0</occluded>
    <bndbox>
      <xmin>806.89453125</xmin>
      <ymin>717.4000000000015</ymin>
      <xmax>1194.300000000001</xmax>
      <ymax>996.6790924072266</ymax>
    </bndbox>
    <attributes>
      <attribute>
        <name>keyframe</name>
        <value>True</value>
      </attribute>
      <attribute>
        <name>track_id</name>
        <value>28</value>
      </attribute>
    </attributes>
  </object>
  <object>
    <name>vehicule</name>
    <occluded>0</occluded>
    <bndbox>
      <xmin>1296.640625</xmin>
      <ymin>542.3000000000011</ymin>
      <xmax>1604.9000000000015</xmax>
      <ymax>776.953125</ymax>
    </bndbox>
    <attributes>
      <attribute>
        <name>keyframe</name>
        <value>True</value>
      </attribute>
      <attribute>
        <name>track_id</name>
        <value>40</value>
      </attribute>
    </attributes>
  </object>
  <object>
    <name>vehicule</name>
    <occluded>0</occluded>
    <bndbox>
      <xmin>281.6953125</xmin>
      <ymin>606.8388671875</ymin>
      <xmax>653.9177734375007</xmax>
      <ymax>840.8719085693356</ymax>
    </bndbox>
    <attributes>
      <attribute>
        <name>keyframe</name>
        <value>True</value>
      </attribute>
      <attribute>
        <name>track_id</name>
        <value>87</value>
      </attribute>
    </attributes>
  </object>
  <object>
    <name>vehicule</name>
    <occluded>0</occluded>
    <bndbox>
      <xmin>1799.0439453125</xmin>
      <ymin>378.2000000000007</ymin>
      <xmax>2050.2019531250007</xmax>
      <ymax>568.6798248291016</ymax>
    </bndbox>
    <attributes>
      <attribute>
        <name>keyframe</name>
        <value>True</value>
      </attribute>
      <attribute>
        <name>track_id</name>
        <value>95</value>
      </attribute>
    </attributes>
  </object>
  <object>
    <name>vehicule</name>
    <occluded>0</occluded>
    <bndbox>
      <xmin>1549.800000000001</xmin>
      <ymin>362.90000000000146</ymin>
      <xmax>1770.6953125</xmax>
      <ymax>556.2388916015625</ymax>
    </bndbox>
    <attributes>
      <attribute>
        <name>keyframe</name>
        <value>True</value>
      </attribute>
      <attribute>
        <name>track_id</name>
        <value>99</value>
      </attribute>
    </attributes>
  </object>
  <object>
    <name>vehicule</name>
    <occluded>0</occluded>
    <bndbox>
      <xmin>375.2222222222226</xmin>
      <ymin>45.4638671875</ymin>
      <xmax>673.7580735948351</xmax>
      <ymax>191.81898193359302</ymax>
    </bndbox>
    <attributes>
      <attribute>
        <name>keyframe</name>
        <value>True</value>
      </attribute>
      <attribute>
        <name>track_id</name>
        <value>104</value>
      </attribute>
    </attributes>
  </object>
  <object>
    <name>vehicule</name>
    <occluded>0</occluded>
    <bndbox>
      <xmin>1563.638671875</xmin>
      <ymin>235.982421875</ymin>
      <xmax>1834.2234375000007</xmax>
      <ymax>393.35360412597583</ymax>
    </bndbox>
    <attributes>
      <attribute>
        <name>keyframe</name>
        <value>True</value>
      </attribute>
      <attribute>
        <name>track_id</name>
        <value>105</value>
      </attribute>
    </attributes>
  </object>
  <object>
    <name>vehicule</name>
    <occluded>0</occluded>
    <bndbox>
      <xmin>1954.958984375</xmin>
      <ymin>269.873046875</ymin>
      <xmax>2242.668756103514</xmax>
      <ymax>413.4321746826172</ymax>
    </bndbox>
    <attributes>
      <attribute>
        <name>keyframe</name>
        <value>True</value>
      </attribute>
      <attribute>
        <name>track_id</name>
        <value>106</value>
      </attribute>
    </attributes>
  </object>
  <object>
    <name>vehicule</name>
    <occluded>0</occluded>
    <bndbox>
      <xmin>1385.0166015625</xmin>
      <ymin>106.20000000000073</ymin>
      <xmax>1685.9000000000015</xmax>
      <ymax>258.0767059326172</ymax>
    </bndbox>
    <attributes>
      <attribute>
        <name>keyframe</name>
        <value>True</value>
      </attribute>
      <attribute>
        <name>track_id</name>
        <value>107</value>
      </attribute>
    </attributes>
  </object>
  <object>
    <name>vehicule</name>
    <occluded>0</occluded>
    <bndbox>
      <xmin>924.836363636364</xmin>
      <ymin>1497.1727272727278</ymin>
      <xmax>1546.3950056596236</xmax>
      <ymax>1844.5060313831675</ymax>
    </bndbox>
    <attributes>
      <attribute>
        <name>keyframe</name>
        <value>True</value>
      </attribute>
      <attribute>
        <name>track_id</name>
        <value>108</value>
      </attribute>
    </attributes>
  </object>
  <object>
    <name>vehicule</name>
    <occluded>0</occluded>
    <bndbox>
      <xmin>437.2068714488639</xmin>
      <ymin>1313.950284090909</ymin>
      <xmax>1093.3809176358309</xmax>
      <ymax>1570.1877249977797</ymax>
    </bndbox>
    <attributes>
      <attribute>
        <name>keyframe</name>
        <value>True</value>
      </attribute>
      <attribute>
        <name>track_id</name>
        <value>109</value>
      </attribute>
    </attributes>
  </object>
  <object>
    <name>vehicule</name>
    <occluded>0</occluded>
    <bndbox>
      <xmin>265.0325520833333</xmin>
      <ymin>1074.9530164930557</ymin>
      <xmax>529.1830037434895</xmax>
      <ymax>1306.8562299940322</ymax>
    </bndbox>
    <attributes>
      <attribute>
        <name>keyframe</name>
        <value>True</value>
      </attribute>
      <attribute>
        <name>track_id</name>
        <value>110</value>
      </attribute>
    </attributes>
  </object>
  <object>
    <name>vehicule</name>
    <occluded>0</occluded>
    <bndbox>
      <xmin>2000.7000000000007</xmin>
      <ymin>194.60000000000036</ymin>
      <xmax>2326.244140625</xmax>
      <ymax>354.70372009277344</ymax>
    </bndbox>
    <attributes>
      <attribute>
        <name>keyframe</name>
        <value>True</value>
      </attribute>
      <attribute>
        <name>track_id</name>
        <value>111</value>
      </attribute>
    </attributes>
  </object>
</annotation>
