<annotation>
  <folder>frame</folder>
  <filename>frame_001570.jpg</filename>
  <source>
    <database>Unknown</database>
    <annotation>Unknown</annotation>
    <image>Unknown</image>
  </source>
  <size>
    <width>2456</width>
    <height>2054</height>
    <depth>3</depth>
  </size>
  <segmented>0</segmented>
  <object>
    <name>vehicule</name>
    <occluded>0</occluded>
    <bndbox>
      <xmin>1011.0948350694445</xmin>
      <ymin>291.3835720486111</ymin>
      <xmax>1334.4519392784057</xmax>
      <ymax>493.49308795343836</ymax>
    </bndbox>
    <attributes>
      <attribute>
        <name>keyframe</name>
        <value>True</value>
      </attribute>
      <attribute>
        <name>track_id</name>
        <value>194</value>
      </attribute>
    </attributes>
  </object>
  <object>
    <name>vehicule</name>
    <occluded>0</occluded>
    <bndbox>
      <xmin>1220.3833667652027</xmin>
      <ymin>370.66179265202703</ymin>
      <xmax>1525.7262010675297</xmax>
      <ymax>555.6322241847755</ymax>
    </bndbox>
    <attributes>
      <attribute>
        <name>keyframe</name>
        <value>True</value>
      </attribute>
      <attribute>
        <name>track_id</name>
        <value>201</value>
      </attribute>
    </attributes>
  </object>
  <object>
    <name>vehicule</name>
    <occluded>0</occluded>
    <bndbox>
      <xmin>1469.7662259615386</xmin>
      <ymin>413.17052283653845</ymin>
      <xmax>1842.9932991410094</xmax>
      <ymax>634.9892483478137</ymax>
    </bndbox>
    <attributes>
      <attribute>
        <name>keyframe</name>
        <value>True</value>
      </attribute>
      <attribute>
        <name>track_id</name>
        <value>207</value>
      </attribute>
    </attributes>
  </object>
  <object>
    <name>vehicule</name>
    <occluded>0</occluded>
    <bndbox>
      <xmin>1517.4348452669904</xmin>
      <ymin>301.3616410042476</ymin>
      <xmax>1841.659259329491</xmax>
      <ymax>472.57233131186405</ymax>
    </bndbox>
    <attributes>
      <attribute>
        <name>keyframe</name>
        <value>True</value>
      </attribute>
      <attribute>
        <name>track_id</name>
        <value>211</value>
      </attribute>
    </attributes>
  </object>
  <object>
    <name>vehicule</name>
    <occluded>0</occluded>
    <bndbox>
      <xmin>1801.231862961871</xmin>
      <ymin>348.9827903891509</ymin>
      <xmax>2055.468633641457</xmax>
      <ymax>551.5872524976488</ymax>
    </bndbox>
    <attributes>
      <attribute>
        <name>keyframe</name>
        <value>True</value>
      </attribute>
      <attribute>
        <name>track_id</name>
        <value>215</value>
      </attribute>
    </attributes>
  </object>
  <object>
    <name>vehicule</name>
    <occluded>0</occluded>
    <bndbox>
      <xmin>1829.4023881392045</xmin>
      <ymin>280.6832534327651</ymin>
      <xmax>2090.4997304941157</xmax>
      <ymax>420.82681095403944</ymax>
    </bndbox>
    <attributes>
      <attribute>
        <name>keyframe</name>
        <value>True</value>
      </attribute>
      <attribute>
        <name>track_id</name>
        <value>233</value>
      </attribute>
    </attributes>
  </object>
  <object>
    <name>vehicule</name>
    <occluded>0</occluded>
    <bndbox>
      <xmin>2200.8440987723216</xmin>
      <ymin>961.1139090401786</ymin>
      <xmax>2456.0</xmax>
      <ymax>1220.3128947666721</ymax>
    </bndbox>
    <attributes>
      <attribute>
        <name>keyframe</name>
        <value>True</value>
      </attribute>
      <attribute>
        <name>track_id</name>
        <value>243</value>
      </attribute>
    </attributes>
  </object>
  <object>
    <name>vehicule</name>
    <occluded>0</occluded>
    <bndbox>
      <xmin>1347.60009765625</xmin>
      <ymin>249.2470703125</ymin>
      <xmax>1631.2592990451394</xmax>
      <ymax>401.76311001247814</ymax>
    </bndbox>
    <attributes>
      <attribute>
        <name>keyframe</name>
        <value>True</value>
      </attribute>
      <attribute>
        <name>track_id</name>
        <value>250</value>
      </attribute>
    </attributes>
  </object>
  <object>
    <name>vehicule</name>
    <occluded>0</occluded>
    <bndbox>
      <xmin>287.580078125</xmin>
      <ymin>0.0</ymin>
      <xmax>778.0498107910153</xmax>
      <ymax>210.32677612304542</ymax>
    </bndbox>
    <attributes>
      <attribute>
        <name>keyframe</name>
        <value>True</value>
      </attribute>
      <attribute>
        <name>track_id</name>
        <value>252</value>
      </attribute>
    </attributes>
  </object>
  <object>
    <name>vehicule</name>
    <occluded>0</occluded>
    <bndbox>
      <xmin>658.1259765625</xmin>
      <ymin>158.66959635416666</ymin>
      <xmax>990.3484558105465</xmax>
      <ymax>313.16569417317686</ymax>
    </bndbox>
    <attributes>
      <attribute>
        <name>keyframe</name>
        <value>True</value>
      </attribute>
      <attribute>
        <name>track_id</name>
        <value>253</value>
      </attribute>
    </attributes>
  </object>
  <object>
    <name>vehicule</name>
    <occluded>0</occluded>
    <bndbox>
      <xmin>1433.46240234375</xmin>
      <ymin>728.0625</ymin>
      <xmax>1911.3161315917969</xmax>
      <ymax>1028.9857177734375</ymax>
    </bndbox>
    <attributes>
      <attribute>
        <name>keyframe</name>
        <value>True</value>
      </attribute>
      <attribute>
        <name>track_id</name>
        <value>254</value>
      </attribute>
    </attributes>
  </object>
  <object>
    <name>vehicule</name>
    <occluded>0</occluded>
    <bndbox>
      <xmin>1213.4619140625</xmin>
      <ymin>106.62939453125</ymin>
      <xmax>1530.2041992187515</xmax>
      <ymax>241.47174453735352</ymax>
    </bndbox>
    <attributes>
      <attribute>
        <name>keyframe</name>
        <value>True</value>
      </attribute>
      <attribute>
        <name>track_id</name>
        <value>255</value>
      </attribute>
    </attributes>
  </object>
  <object>
    <name>vehicule</name>
    <occluded>0</occluded>
    <bndbox>
      <xmin>1263.6000000000004</xmin>
      <ymin>853.5500000000011</ymin>
      <xmax>1678.3380889892578</xmax>
      <ymax>1135.1007232666016</ymax>
    </bndbox>
    <attributes>
      <attribute>
        <name>keyframe</name>
        <value>True</value>
      </attribute>
      <attribute>
        <name>track_id</name>
        <value>256</value>
      </attribute>
    </attributes>
  </object>
  <object>
    <name>vehicule</name>
    <occluded>0</occluded>
    <bndbox>
      <xmin>1114.7656250000002</xmin>
      <ymin>513.643750000001</ymin>
      <xmax>1527.3919410705566</xmax>
      <ymax>748.786482334137</ymax>
    </bndbox>
    <attributes>
      <attribute>
        <name>keyframe</name>
        <value>True</value>
      </attribute>
      <attribute>
        <name>track_id</name>
        <value>257</value>
      </attribute>
    </attributes>
  </object>
  <object>
    <name>vehicule</name>
    <occluded>0</occluded>
    <bndbox>
      <xmin>887.9879882812502</xmin>
      <ymin>67.69072265625073</ymin>
      <xmax>1041.0012512207031</xmax>
      <ymax>175.31231689453125</ymax>
    </bndbox>
    <attributes>
      <attribute>
        <name>keyframe</name>
        <value>True</value>
      </attribute>
      <attribute>
        <name>track_id</name>
        <value>258</value>
      </attribute>
    </attributes>
  </object>
  <object>
    <name>vehicule</name>
    <occluded>0</occluded>
    <bndbox>
      <xmin>1695.3180989583334</xmin>
      <ymin>123.61725260416667</ymin>
      <xmax>2006.8180989583334</xmax>
      <ymax>276.6279246012366</ymax>
    </bndbox>
    <attributes>
      <attribute>
        <name>keyframe</name>
        <value>True</value>
      </attribute>
      <attribute>
        <name>track_id</name>
        <value>259</value>
      </attribute>
    </attributes>
  </object>
  <object>
    <name>vehicule</name>
    <occluded>0</occluded>
    <bndbox>
      <xmin>1882.357459077382</xmin>
      <ymin>208.7438058035724</ymin>
      <xmax>2190.8526320684523</xmax>
      <ymax>359.5712294805618</ymax>
    </bndbox>
    <attributes>
      <attribute>
        <name>keyframe</name>
        <value>True</value>
      </attribute>
      <attribute>
        <name>track_id</name>
        <value>260</value>
      </attribute>
    </attributes>
  </object>
  <object>
    <name>vehicule</name>
    <occluded>0</occluded>
    <bndbox>
      <xmin>417.93830180921077</xmin>
      <ymin>468.0045949835537</ymin>
      <xmax>812.8783103541324</xmax>
      <ymax>729.613928543894</ymax>
    </bndbox>
    <attributes>
      <attribute>
        <name>keyframe</name>
        <value>True</value>
      </attribute>
      <attribute>
        <name>track_id</name>
        <value>261</value>
      </attribute>
    </attributes>
  </object>
  <object>
    <name>vehicule</name>
    <occluded>0</occluded>
    <bndbox>
      <xmin>1068.2017578125</xmin>
      <ymin>162.05046875000045</ymin>
      <xmax>1383.3865234375012</xmax>
      <ymax>315.6625628662103</ymax>
    </bndbox>
    <attributes>
      <attribute>
        <name>keyframe</name>
        <value>True</value>
      </attribute>
      <attribute>
        <name>track_id</name>
        <value>264</value>
      </attribute>
    </attributes>
  </object>
</annotation>
