<annotation>
  <folder>frame</folder>
  <filename>frame_002885.jpg</filename>
  <source>
    <database>Unknown</database>
    <annotation>Unknown</annotation>
    <image>Unknown</image>
  </source>
  <size>
    <width>2456</width>
    <height>2054</height>
    <depth>3</depth>
  </size>
  <segmented>0</segmented>
  <object>
    <name>vehicule</name>
    <occluded>0</occluded>
    <bndbox>
      <xmin>1233.3495788574219</xmin>
      <ymin>34.646820068359375</ymin>
      <xmax>1349.832585906983</xmax>
      <ymax>170.9758012771615</ymax>
    </bndbox>
    <attributes>
      <attribute>
        <name>keyframe</name>
        <value>True</value>
      </attribute>
      <attribute>
        <name>track_id</name>
        <value>412</value>
      </attribute>
    </attributes>
  </object>
</annotation>
