<annotation>
  <folder>frame</folder>
  <filename>frame_002647.jpg</filename>
  <source>
    <database>Unknown</database>
    <annotation>Unknown</annotation>
    <image>Unknown</image>
  </source>
  <size>
    <width>2456</width>
    <height>2054</height>
    <depth>3</depth>
  </size>
  <segmented>0</segmented>
  <object>
    <name>vehicule</name>
    <occluded>0</occluded>
    <bndbox>
      <xmin>1370.817854996566</xmin>
      <ymin>315.7035628434068</ymin>
      <xmax>1638.7520346840674</xmax>
      <ymax>510.2327345963358</ymax>
    </bndbox>
    <attributes>
      <attribute>
        <name>keyframe</name>
        <value>True</value>
      </attribute>
      <attribute>
        <name>track_id</name>
        <value>358</value>
      </attribute>
    </attributes>
  </object>
  <object>
    <name>vehicule</name>
    <occluded>0</occluded>
    <bndbox>
      <xmin>1011.3726305509874</xmin>
      <ymin>283.6989668996719</ymin>
      <xmax>1309.6057817761578</xmax>
      <ymax>481.0460216142975</ymax>
    </bndbox>
    <attributes>
      <attribute>
        <name>keyframe</name>
        <value>True</value>
      </attribute>
      <attribute>
        <name>track_id</name>
        <value>369</value>
      </attribute>
    </attributes>
  </object>
  <object>
    <name>vehicule</name>
    <occluded>0</occluded>
    <bndbox>
      <xmin>1629.79150390625</xmin>
      <ymin>413.322265625</ymin>
      <xmax>1880.7546646649562</xmax>
      <ymax>598.1074750302432</ymax>
    </bndbox>
    <attributes>
      <attribute>
        <name>keyframe</name>
        <value>True</value>
      </attribute>
      <attribute>
        <name>track_id</name>
        <value>371</value>
      </attribute>
    </attributes>
  </object>
  <object>
    <name>vehicule</name>
    <occluded>0</occluded>
    <bndbox>
      <xmin>1626.3632301879086</xmin>
      <ymin>297.06054049223854</ymin>
      <xmax>1964.8185036254079</xmax>
      <ymax>442.3261136123543</ymax>
    </bndbox>
    <attributes>
      <attribute>
        <name>keyframe</name>
        <value>True</value>
      </attribute>
      <attribute>
        <name>track_id</name>
        <value>381</value>
      </attribute>
    </attributes>
  </object>
  <object>
    <name>vehicule</name>
    <occluded>0</occluded>
    <bndbox>
      <xmin>1267.5823567708333</xmin>
      <ymin>315.0893229166674</ymin>
      <xmax>1384.3229817708336</xmax>
      <ymax>462.7216349283851</ymax>
    </bndbox>
    <attributes>
      <attribute>
        <name>keyframe</name>
        <value>True</value>
      </attribute>
      <attribute>
        <name>track_id</name>
        <value>383</value>
      </attribute>
    </attributes>
  </object>
  <object>
    <name>vehicule</name>
    <occluded>0</occluded>
    <bndbox>
      <xmin>555.61376953125</xmin>
      <ymin>138.073486328125</ymin>
      <xmax>890.5743118286136</xmax>
      <ymax>268.46329345703134</ymax>
    </bndbox>
    <attributes>
      <attribute>
        <name>keyframe</name>
        <value>True</value>
      </attribute>
      <attribute>
        <name>track_id</name>
        <value>384</value>
      </attribute>
    </attributes>
  </object>
  <object>
    <name>vehicule</name>
    <occluded>0</occluded>
    <bndbox>
      <xmin>422.10384114583337</xmin>
      <ymin>78.12981770833358</ymin>
      <xmax>674.7123677571611</xmax>
      <ymax>190.62848103841074</ymax>
    </bndbox>
    <attributes>
      <attribute>
        <name>keyframe</name>
        <value>True</value>
      </attribute>
      <attribute>
        <name>track_id</name>
        <value>387</value>
      </attribute>
    </attributes>
  </object>
  <object>
    <name>vehicule</name>
    <occluded>0</occluded>
    <bndbox>
      <xmin>2202.7591145833335</xmin>
      <ymin>894.6982421875</ymin>
      <xmax>2455.999869791666</xmax>
      <ymax>1193.957881673178</ymax>
    </bndbox>
    <attributes>
      <attribute>
        <name>keyframe</name>
        <value>True</value>
      </attribute>
      <attribute>
        <name>track_id</name>
        <value>390</value>
      </attribute>
    </attributes>
  </object>
  <object>
    <name>vehicule</name>
    <occluded>0</occluded>
    <bndbox>
      <xmin>1103.9258188100962</xmin>
      <ymin>107.39086538461609</ymin>
      <xmax>1375.1908578725966</xmax>
      <ymax>237.06141592172438</ymax>
    </bndbox>
    <attributes>
      <attribute>
        <name>keyframe</name>
        <value>True</value>
      </attribute>
      <attribute>
        <name>track_id</name>
        <value>391</value>
      </attribute>
    </attributes>
  </object>
  <object>
    <name>vehicule</name>
    <occluded>0</occluded>
    <bndbox>
      <xmin>1057.617860243056</xmin>
      <ymin>556.1249348958336</ymin>
      <xmax>1490.8762830946177</xmax>
      <ymax>783.2131473117396</ymax>
    </bndbox>
    <attributes>
      <attribute>
        <name>keyframe</name>
        <value>True</value>
      </attribute>
      <attribute>
        <name>track_id</name>
        <value>392</value>
      </attribute>
    </attributes>
  </object>
  <object>
    <name>vehicule</name>
    <occluded>0</occluded>
    <bndbox>
      <xmin>407.2818181818189</xmin>
      <ymin>450.2818181818187</ymin>
      <xmax>752.0700850053267</xmax>
      <ymax>664.0343822132457</ymax>
    </bndbox>
    <attributes>
      <attribute>
        <name>keyframe</name>
        <value>True</value>
      </attribute>
      <attribute>
        <name>track_id</name>
        <value>393</value>
      </attribute>
    </attributes>
  </object>
  <object>
    <name>vehicule</name>
    <occluded>0</occluded>
    <bndbox>
      <xmin>1808.312282986111</xmin>
      <ymin>198.82197627314815</ymin>
      <xmax>2072.740740740741</xmax>
      <ymax>344.7026525426794</ymax>
    </bndbox>
    <attributes>
      <attribute>
        <name>keyframe</name>
        <value>True</value>
      </attribute>
      <attribute>
        <name>track_id</name>
        <value>394</value>
      </attribute>
    </attributes>
  </object>
</annotation>
