<annotation>
  <folder>frame</folder>
  <filename>frame_001770.jpg</filename>
  <source>
    <database>Unknown</database>
    <annotation>Unknown</annotation>
    <image>Unknown</image>
  </source>
  <size>
    <width>2456</width>
    <height>2054</height>
    <depth>3</depth>
  </size>
  <segmented>0</segmented>
  <object>
    <name>vehicule</name>
    <occluded>0</occluded>
    <bndbox>
      <xmin>560.4126953125</xmin>
      <ymin>472.9800000000003</ymin>
      <xmax>876.4200000000008</xmax>
      <ymax>706.2480987548828</ymax>
    </bndbox>
    <attributes>
      <attribute>
        <name>keyframe</name>
        <value>True</value>
      </attribute>
      <attribute>
        <name>track_id</name>
        <value>194</value>
      </attribute>
    </attributes>
  </object>
  <object>
    <name>vehicule</name>
    <occluded>0</occluded>
    <bndbox>
      <xmin>1040.9211385758197</xmin>
      <ymin>439.81823770491906</ymin>
      <xmax>1347.4493834886114</xmax>
      <ymax>627.1936488547634</ymax>
    </bndbox>
    <attributes>
      <attribute>
        <name>keyframe</name>
        <value>True</value>
      </attribute>
      <attribute>
        <name>track_id</name>
        <value>201</value>
      </attribute>
    </attributes>
  </object>
  <object>
    <name>vehicule</name>
    <occluded>0</occluded>
    <bndbox>
      <xmin>1417.6248642212568</xmin>
      <ymin>339.8096695354278</ymin>
      <xmax>1741.8492782837575</xmax>
      <ymax>511.0203598430443</ymax>
    </bndbox>
    <attributes>
      <attribute>
        <name>keyframe</name>
        <value>True</value>
      </attribute>
      <attribute>
        <name>track_id</name>
        <value>211</value>
      </attribute>
    </attributes>
  </object>
  <object>
    <name>vehicule</name>
    <occluded>0</occluded>
    <bndbox>
      <xmin>1499.7018229166667</xmin>
      <ymin>457.4408854166668</ymin>
      <xmax>1753.1000000000006</xmax>
      <ymax>675.0631510416661</ymax>
    </bndbox>
    <attributes>
      <attribute>
        <name>keyframe</name>
        <value>True</value>
      </attribute>
      <attribute>
        <name>track_id</name>
        <value>233</value>
      </attribute>
    </attributes>
  </object>
  <object>
    <name>vehicule</name>
    <occluded>0</occluded>
    <bndbox>
      <xmin>1126.0719858530406</xmin>
      <ymin>295.84648648648755</ymin>
      <xmax>1413.1216216216228</xmax>
      <ymax>457.1082999564506</ymax>
    </bndbox>
    <attributes>
      <attribute>
        <name>keyframe</name>
        <value>True</value>
      </attribute>
      <attribute>
        <name>track_id</name>
        <value>250</value>
      </attribute>
    </attributes>
  </object>
  <object>
    <name>vehicule</name>
    <occluded>0</occluded>
    <bndbox>
      <xmin>1565.250535300926</xmin>
      <ymin>236.3222222222236</ymin>
      <xmax>1893.860313132957</xmax>
      <ymax>384.1427177146629</ymax>
    </bndbox>
    <attributes>
      <attribute>
        <name>keyframe</name>
        <value>True</value>
      </attribute>
      <attribute>
        <name>track_id</name>
        <value>270</value>
      </attribute>
    </attributes>
  </object>
  <object>
    <name>vehicule</name>
    <occluded>0</occluded>
    <bndbox>
      <xmin>1088.3936282467535</xmin>
      <ymin>1308.7831980519488</ymin>
      <xmax>1657.7573013900164</xmax>
      <ymax>1597.832018250304</ymax>
    </bndbox>
    <attributes>
      <attribute>
        <name>keyframe</name>
        <value>True</value>
      </attribute>
      <attribute>
        <name>track_id</name>
        <value>275</value>
      </attribute>
    </attributes>
  </object>
  <object>
    <name>vehicule</name>
    <occluded>0</occluded>
    <bndbox>
      <xmin>26.100000000000364</xmin>
      <ymin>11.8212890625</ymin>
      <xmax>266.8999938964844</xmax>
      <ymax>170.8000000000011</ymax>
    </bndbox>
    <attributes>
      <attribute>
        <name>keyframe</name>
        <value>True</value>
      </attribute>
      <attribute>
        <name>track_id</name>
        <value>282</value>
      </attribute>
    </attributes>
  </object>
  <object>
    <name>vehicule</name>
    <occluded>0</occluded>
    <bndbox>
      <xmin>831.1923828125</xmin>
      <ymin>118.5</ymin>
      <xmax>1145.2464819335946</xmax>
      <ymax>292.275390625</ymax>
    </bndbox>
    <attributes>
      <attribute>
        <name>keyframe</name>
        <value>True</value>
      </attribute>
      <attribute>
        <name>track_id</name>
        <value>284</value>
      </attribute>
    </attributes>
  </object>
  <object>
    <name>vehicule</name>
    <occluded>0</occluded>
    <bndbox>
      <xmin>525.7220703125</xmin>
      <ymin>73.91695312500087</ymin>
      <xmax>821.5956542968739</xmax>
      <ymax>206.1751000976561</ymax>
    </bndbox>
    <attributes>
      <attribute>
        <name>keyframe</name>
        <value>True</value>
      </attribute>
      <attribute>
        <name>track_id</name>
        <value>285</value>
      </attribute>
    </attributes>
  </object>
</annotation>
