<annotation>
  <folder>frame</folder>
  <filename>frame_001420.jpg</filename>
  <source>
    <database>Unknown</database>
    <annotation>Unknown</annotation>
    <image>Unknown</image>
  </source>
  <size>
    <width>2456</width>
    <height>2054</height>
    <depth>3</depth>
  </size>
  <segmented>0</segmented>
  <object>
    <name>vehicule</name>
    <occluded>0</occluded>
    <bndbox>
      <xmin>62.75086495535717</xmin>
      <ymin>0.0</ymin>
      <xmax>340.637168666294</xmax>
      <ymax>90.86186218261719</ymax>
    </bndbox>
    <attributes>
      <attribute>
        <name>keyframe</name>
        <value>True</value>
      </attribute>
      <attribute>
        <name>track_id</name>
        <value>184</value>
      </attribute>
    </attributes>
  </object>
  <object>
    <name>vehicule</name>
    <occluded>0</occluded>
    <bndbox>
      <xmin>1044.7496831022352</xmin>
      <ymin>284.63707445157286</ymin>
      <xmax>1368.9994923213478</xmax>
      <ymax>475.9032831091039</ymax>
    </bndbox>
    <attributes>
      <attribute>
        <name>keyframe</name>
        <value>True</value>
      </attribute>
      <attribute>
        <name>track_id</name>
        <value>194</value>
      </attribute>
    </attributes>
  </object>
  <object>
    <name>vehicule</name>
    <occluded>0</occluded>
    <bndbox>
      <xmin>1212.1611328125</xmin>
      <ymin>367.7615178571432</ymin>
      <xmax>1516.6149091569778</xmax>
      <ymax>550.9282146770691</ymax>
    </bndbox>
    <attributes>
      <attribute>
        <name>keyframe</name>
        <value>True</value>
      </attribute>
      <attribute>
        <name>track_id</name>
        <value>201</value>
      </attribute>
    </attributes>
  </object>
  <object>
    <name>vehicule</name>
    <occluded>0</occluded>
    <bndbox>
      <xmin>1483.053312059859</xmin>
      <ymin>429.2597848811633</ymin>
      <xmax>1789.6778372175431</xmax>
      <ymax>621.333764735454</ymax>
    </bndbox>
    <attributes>
      <attribute>
        <name>keyframe</name>
        <value>True</value>
      </attribute>
      <attribute>
        <name>track_id</name>
        <value>207</value>
      </attribute>
    </attributes>
  </object>
  <object>
    <name>vehicule</name>
    <occluded>0</occluded>
    <bndbox>
      <xmin>1515.028590029762</xmin>
      <ymin>301.26220424107186</ymin>
      <xmax>1839.2530040922627</xmax>
      <ymax>472.4728945486883</ymax>
    </bndbox>
    <attributes>
      <attribute>
        <name>keyframe</name>
        <value>True</value>
      </attribute>
      <attribute>
        <name>track_id</name>
        <value>211</value>
      </attribute>
    </attributes>
  </object>
  <object>
    <name>vehicule</name>
    <occluded>0</occluded>
    <bndbox>
      <xmin>1811.2241241647012</xmin>
      <ymin>363.6588664504717</ymin>
      <xmax>2056.2976411098107</xmax>
      <ymax>544.1335743954216</ymax>
    </bndbox>
    <attributes>
      <attribute>
        <name>keyframe</name>
        <value>True</value>
      </attribute>
      <attribute>
        <name>track_id</name>
        <value>215</value>
      </attribute>
    </attributes>
  </object>
  <object>
    <name>vehicule</name>
    <occluded>0</occluded>
    <bndbox>
      <xmin>1612.5533203125005</xmin>
      <ymin>643.7931640625002</ymin>
      <xmax>2035.5538879394526</xmax>
      <ymax>845.9482452392576</ymax>
    </bndbox>
    <attributes>
      <attribute>
        <name>keyframe</name>
        <value>True</value>
      </attribute>
      <attribute>
        <name>track_id</name>
        <value>218</value>
      </attribute>
    </attributes>
  </object>
  <object>
    <name>vehicule</name>
    <occluded>0</occluded>
    <bndbox>
      <xmin>208.06396484375</xmin>
      <ymin>81.322265625</ymin>
      <xmax>536.8952941894531</xmax>
      <ymax>243.3343994140614</ymax>
    </bndbox>
    <attributes>
      <attribute>
        <name>keyframe</name>
        <value>True</value>
      </attribute>
      <attribute>
        <name>track_id</name>
        <value>219</value>
      </attribute>
    </attributes>
  </object>
  <object>
    <name>vehicule</name>
    <occluded>0</occluded>
    <bndbox>
      <xmin>36.299902343750546</xmin>
      <ymin>35.89970703125073</ymin>
      <xmax>257.26014709472656</xmax>
      <ymax>162.0049911499027</ymax>
    </bndbox>
    <attributes>
      <attribute>
        <name>keyframe</name>
        <value>True</value>
      </attribute>
      <attribute>
        <name>track_id</name>
        <value>220</value>
      </attribute>
    </attributes>
  </object>
  <object>
    <name>vehicule</name>
    <occluded>0</occluded>
    <bndbox>
      <xmin>1623.4586181640625</xmin>
      <ymin>765.8056640625</ymin>
      <xmax>2095.6502075195312</xmax>
      <ymax>1012.4902526855458</ymax>
    </bndbox>
    <attributes>
      <attribute>
        <name>keyframe</name>
        <value>True</value>
      </attribute>
      <attribute>
        <name>track_id</name>
        <value>221</value>
      </attribute>
    </attributes>
  </object>
  <object>
    <name>vehicule</name>
    <occluded>0</occluded>
    <bndbox>
      <xmin>790.7446986607151</xmin>
      <ymin>83.4458705357148</ymin>
      <xmax>1076.4112819126672</xmax>
      <ymax>193.6853236607141</ymax>
    </bndbox>
    <attributes>
      <attribute>
        <name>keyframe</name>
        <value>True</value>
      </attribute>
      <attribute>
        <name>track_id</name>
        <value>223</value>
      </attribute>
    </attributes>
  </object>
  <object>
    <name>vehicule</name>
    <occluded>0</occluded>
    <bndbox>
      <xmin>1524.9375000000005</xmin>
      <ymin>901.6375</ymin>
      <xmax>2030.41996383667</xmax>
      <ymax>1184.0350036621094</ymax>
    </bndbox>
    <attributes>
      <attribute>
        <name>keyframe</name>
        <value>True</value>
      </attribute>
      <attribute>
        <name>track_id</name>
        <value>225</value>
      </attribute>
    </attributes>
  </object>
  <object>
    <name>vehicule</name>
    <occluded>0</occluded>
    <bndbox>
      <xmin>825.4765625</xmin>
      <ymin>151.11244419642858</ymin>
      <xmax>1165.175000000001</xmax>
      <ymax>322.28454502650595</ymax>
    </bndbox>
    <attributes>
      <attribute>
        <name>keyframe</name>
        <value>True</value>
      </attribute>
      <attribute>
        <name>track_id</name>
        <value>226</value>
      </attribute>
    </attributes>
  </object>
  <object>
    <name>vehicule</name>
    <occluded>0</occluded>
    <bndbox>
      <xmin>712.4685546875007</xmin>
      <ymin>447.1964843750002</ymin>
      <xmax>1074.6614593505856</xmax>
      <ymax>658.415751647949</ymax>
    </bndbox>
    <attributes>
      <attribute>
        <name>keyframe</name>
        <value>True</value>
      </attribute>
      <attribute>
        <name>track_id</name>
        <value>227</value>
      </attribute>
    </attributes>
  </object>
  <object>
    <name>vehicule</name>
    <occluded>0</occluded>
    <bndbox>
      <xmin>1255.229213169643</xmin>
      <ymin>97.87737165178571</ymin>
      <xmax>1553.2333147321422</xmax>
      <ymax>249.7159596034448</ymax>
    </bndbox>
    <attributes>
      <attribute>
        <name>keyframe</name>
        <value>True</value>
      </attribute>
      <attribute>
        <name>track_id</name>
        <value>228</value>
      </attribute>
    </attributes>
  </object>
  <object>
    <name>vehicule</name>
    <occluded>0</occluded>
    <bndbox>
      <xmin>735.3500000000004</xmin>
      <ymin>645.9500000000007</ymin>
      <xmax>1166.5345001220703</xmax>
      <ymax>884.8006591796875</ymax>
    </bndbox>
    <attributes>
      <attribute>
        <name>keyframe</name>
        <value>True</value>
      </attribute>
      <attribute>
        <name>track_id</name>
        <value>229</value>
      </attribute>
    </attributes>
  </object>
  <object>
    <name>vehicule</name>
    <occluded>0</occluded>
    <bndbox>
      <xmin>1558.2720424107142</xmin>
      <ymin>157.82296316964286</ymin>
      <xmax>1853.9765345982146</xmax>
      <ymax>304.1428484235491</ymax>
    </bndbox>
    <attributes>
      <attribute>
        <name>keyframe</name>
        <value>True</value>
      </attribute>
      <attribute>
        <name>track_id</name>
        <value>230</value>
      </attribute>
    </attributes>
  </object>
  <object>
    <name>vehicule</name>
    <occluded>0</occluded>
    <bndbox>
      <xmin>1828.0375279017858</xmin>
      <ymin>155.06194196428572</ymin>
      <xmax>2082.106082589287</xmax>
      <ymax>284.8173283168248</ymax>
    </bndbox>
    <attributes>
      <attribute>
        <name>keyframe</name>
        <value>True</value>
      </attribute>
      <attribute>
        <name>track_id</name>
        <value>231</value>
      </attribute>
    </attributes>
  </object>
  <object>
    <name>vehicule</name>
    <occluded>0</occluded>
    <bndbox>
      <xmin>2184.80517578125</xmin>
      <ymin>263.322265625</ymin>
      <xmax>2431.1500000000005</xmax>
      <ymax>406.8813934326172</ymax>
    </bndbox>
    <attributes>
      <attribute>
        <name>keyframe</name>
        <value>True</value>
      </attribute>
      <attribute>
        <name>track_id</name>
        <value>233</value>
      </attribute>
    </attributes>
  </object>
  <object>
    <name>vehicule</name>
    <occluded>0</occluded>
    <bndbox>
      <xmin>229.13641493055667</xmin>
      <ymin>242.93190104166752</ymin>
      <xmax>518.1406049940318</xmax>
      <ymax>458.2616312662758</ymax>
    </bndbox>
    <attributes>
      <attribute>
        <name>keyframe</name>
        <value>True</value>
      </attribute>
      <attribute>
        <name>track_id</name>
        <value>249</value>
      </attribute>
    </attributes>
  </object>
</annotation>
