<annotation>
  <folder>frame</folder>
  <filename>frame_000906.jpg</filename>
  <source>
    <database>Unknown</database>
    <annotation>Unknown</annotation>
    <image>Unknown</image>
  </source>
  <size>
    <width>2456</width>
    <height>2054</height>
    <depth>3</depth>
  </size>
  <segmented>0</segmented>
  <object>
    <name>vehicule</name>
    <occluded>0</occluded>
    <bndbox>
      <xmin>485.87109375</xmin>
      <ymin>629.8384114583338</ymin>
      <xmax>866.7075520833345</xmax>
      <ymax>866.2703379313145</ymax>
    </bndbox>
    <attributes>
      <attribute>
        <name>keyframe</name>
        <value>True</value>
      </attribute>
      <attribute>
        <name>track_id</name>
        <value>159</value>
      </attribute>
    </attributes>
  </object>
  <object>
    <name>vehicule</name>
    <occluded>0</occluded>
    <bndbox>
      <xmin>995.6741536458334</xmin>
      <ymin>373.96666666666715</ymin>
      <xmax>1307.5333333333342</xmax>
      <ymax>569.9505360921223</ymax>
    </bndbox>
    <attributes>
      <attribute>
        <name>keyframe</name>
        <value>True</value>
      </attribute>
      <attribute>
        <name>track_id</name>
        <value>162</value>
      </attribute>
    </attributes>
  </object>
  <object>
    <name>vehicule</name>
    <occluded>0</occluded>
    <bndbox>
      <xmin>838.9251644736842</xmin>
      <ymin>1556.0233347039473</ymin>
      <xmax>1068.0676510459498</xmax>
      <ymax>1801.7303354363692</ymax>
    </bndbox>
    <attributes>
      <attribute>
        <name>keyframe</name>
        <value>True</value>
      </attribute>
      <attribute>
        <name>track_id</name>
        <value>163</value>
      </attribute>
    </attributes>
  </object>
  <object>
    <name>vehicule</name>
    <occluded>0</occluded>
    <bndbox>
      <xmin>1453.0667968750004</xmin>
      <ymin>169.64713541666669</ymin>
      <xmax>1755.6886718749993</xmax>
      <ymax>324.24334208170575</ymax>
    </bndbox>
    <attributes>
      <attribute>
        <name>keyframe</name>
        <value>True</value>
      </attribute>
      <attribute>
        <name>track_id</name>
        <value>164</value>
      </attribute>
    </attributes>
  </object>
  <object>
    <name>vehicule</name>
    <occluded>0</occluded>
    <bndbox>
      <xmin>1921.1851917613637</xmin>
      <ymin>179.36871448863695</ymin>
      <xmax>2230.1272727272735</xmax>
      <ymax>321.9009246826172</ymax>
    </bndbox>
    <attributes>
      <attribute>
        <name>keyframe</name>
        <value>True</value>
      </attribute>
      <attribute>
        <name>track_id</name>
        <value>165</value>
      </attribute>
    </attributes>
  </object>
</annotation>
