<annotation>
  <folder>frame</folder>
  <filename>frame_000711.jpg</filename>
  <source>
    <database>Unknown</database>
    <annotation>Unknown</annotation>
    <image>Unknown</image>
  </source>
  <size>
    <width>2456</width>
    <height>2054</height>
    <depth>3</depth>
  </size>
  <segmented>0</segmented>
  <object>
    <name>vehicule</name>
    <occluded>0</occluded>
    <bndbox>
      <xmin>275.28515625</xmin>
      <ymin>39.9765625</ymin>
      <xmax>551.0747802734368</xmax>
      <ymax>166.97118377685547</ymax>
    </bndbox>
    <attributes>
      <attribute>
        <name>keyframe</name>
        <value>True</value>
      </attribute>
      <attribute>
        <name>track_id</name>
        <value>132</value>
      </attribute>
    </attributes>
  </object>
  <object>
    <name>vehicule</name>
    <occluded>0</occluded>
    <bndbox>
      <xmin>1217.1634765625</xmin>
      <ymin>426.3800000000003</ymin>
      <xmax>1525.020000000001</xmax>
      <ymax>648.4475402832031</ymax>
    </bndbox>
    <attributes>
      <attribute>
        <name>keyframe</name>
        <value>True</value>
      </attribute>
      <attribute>
        <name>track_id</name>
        <value>133</value>
      </attribute>
    </attributes>
  </object>
  <object>
    <name>vehicule</name>
    <occluded>0</occluded>
    <bndbox>
      <xmin>1615.83095703125</xmin>
      <ymin>301.70009765625</ymin>
      <xmax>1924.8313476562485</xmax>
      <ymax>450.50333221435557</ymax>
    </bndbox>
    <attributes>
      <attribute>
        <name>keyframe</name>
        <value>True</value>
      </attribute>
      <attribute>
        <name>track_id</name>
        <value>136</value>
      </attribute>
    </attributes>
  </object>
  <object>
    <name>vehicule</name>
    <occluded>0</occluded>
    <bndbox>
      <xmin>1339.1578125</xmin>
      <ymin>144.8923828125</ymin>
      <xmax>1659.433850097656</xmax>
      <ymax>269.1203109741211</ymax>
    </bndbox>
    <attributes>
      <attribute>
        <name>keyframe</name>
        <value>True</value>
      </attribute>
      <attribute>
        <name>track_id</name>
        <value>137</value>
      </attribute>
    </attributes>
  </object>
  <object>
    <name>vehicule</name>
    <occluded>0</occluded>
    <bndbox>
      <xmin>963.533203125</xmin>
      <ymin>1354.095703125</ymin>
      <xmax>1569.9869812011711</xmax>
      <ymax>1655.0177612304688</ymax>
    </bndbox>
    <attributes>
      <attribute>
        <name>keyframe</name>
        <value>True</value>
      </attribute>
      <attribute>
        <name>track_id</name>
        <value>138</value>
      </attribute>
    </attributes>
  </object>
  <object>
    <name>vehicule</name>
    <occluded>0</occluded>
    <bndbox>
      <xmin>1994.5963541666667</xmin>
      <ymin>232.03385416666666</ymin>
      <xmax>2264.8943949381505</xmax>
      <ymax>361.7590586344401</ymax>
    </bndbox>
    <attributes>
      <attribute>
        <name>keyframe</name>
        <value>True</value>
      </attribute>
      <attribute>
        <name>track_id</name>
        <value>139</value>
      </attribute>
    </attributes>
  </object>
  <object>
    <name>vehicule</name>
    <occluded>0</occluded>
    <bndbox>
      <xmin>0.0</xmin>
      <ymin>1171.8857421875</ymin>
      <xmax>413.2311096191406</xmax>
      <ymax>1492.133056640625</ymax>
    </bndbox>
    <attributes>
      <attribute>
        <name>keyframe</name>
        <value>True</value>
      </attribute>
      <attribute>
        <name>track_id</name>
        <value>140</value>
      </attribute>
    </attributes>
  </object>
</annotation>
