<annotation>
  <folder>frame</folder>
  <filename>frame_001165.jpg</filename>
  <source>
    <database>Unknown</database>
    <annotation>Unknown</annotation>
    <image>Unknown</image>
  </source>
  <size>
    <width>2456</width>
    <height>2054</height>
    <depth>3</depth>
  </size>
  <segmented>0</segmented>
  <object>
    <name>vehicule</name>
    <occluded>0</occluded>
    <bndbox>
      <xmin>1888.4641544117646</xmin>
      <ymin>159.35661764705884</ymin>
      <xmax>1993.3727542652803</xmax>
      <ymax>302.915745454676</ymax>
    </bndbox>
    <attributes>
      <attribute>
        <name>keyframe</name>
        <value>True</value>
      </attribute>
      <attribute>
        <name>track_id</name>
        <value>177</value>
      </attribute>
    </attributes>
  </object>
  <object>
    <name>vehicule</name>
    <occluded>0</occluded>
    <bndbox>
      <xmin>1671.5199497767858</xmin>
      <ymin>135.49930245535714</ymin>
      <xmax>1828.3459675945292</xmax>
      <ymax>300.7097295039839</ymax>
    </bndbox>
    <attributes>
      <attribute>
        <name>keyframe</name>
        <value>True</value>
      </attribute>
      <attribute>
        <name>track_id</name>
        <value>178</value>
      </attribute>
    </attributes>
  </object>
</annotation>
