<annotation>
  <folder>frame</folder>
  <filename>frame_001173.jpg</filename>
  <source>
    <database>Unknown</database>
    <annotation>Unknown</annotation>
    <image>Unknown</image>
  </source>
  <size>
    <width>2456</width>
    <height>2054</height>
    <depth>3</depth>
  </size>
  <segmented>0</segmented>
  <object>
    <name>vehicule</name>
    <occluded>0</occluded>
    <bndbox>
      <xmin>1918.9947150735295</xmin>
      <ymin>239.25620404411765</ymin>
      <xmax>2023.9033149270451</xmax>
      <ymax>382.81533185173487</ymax>
    </bndbox>
    <attributes>
      <attribute>
        <name>keyframe</name>
        <value>True</value>
      </attribute>
      <attribute>
        <name>track_id</name>
        <value>177</value>
      </attribute>
    </attributes>
  </object>
  <object>
    <name>vehicule</name>
    <occluded>0</occluded>
    <bndbox>
      <xmin>1659.9665865384618</xmin>
      <ymin>235.02463942307693</ymin>
      <xmax>1841.1106662413322</xmax>
      <ymax>419.72279301984264</ymax>
    </bndbox>
    <attributes>
      <attribute>
        <name>keyframe</name>
        <value>True</value>
      </attribute>
      <attribute>
        <name>track_id</name>
        <value>178</value>
      </attribute>
    </attributes>
  </object>
</annotation>
