<annotation>
  <folder>frame</folder>
  <filename>frame_002018.jpg</filename>
  <source>
    <database>Unknown</database>
    <annotation>Unknown</annotation>
    <image>Unknown</image>
  </source>
  <size>
    <width>2456</width>
    <height>2054</height>
    <depth>3</depth>
  </size>
  <segmented>0</segmented>
  <object>
    <name>vehicule</name>
    <occluded>0</occluded>
    <bndbox>
      <xmin>1027.986049107143</xmin>
      <ymin>462.34298270089283</ymin>
      <xmax>1350.0714285714294</xmax>
      <ymax>680.9298627580902</ymax>
    </bndbox>
    <attributes>
      <attribute>
        <name>keyframe</name>
        <value>True</value>
      </attribute>
      <attribute>
        <name>track_id</name>
        <value>321</value>
      </attribute>
    </attributes>
  </object>
  <object>
    <name>vehicule</name>
    <occluded>0</occluded>
    <bndbox>
      <xmin>890.0258091517857</xmin>
      <ymin>104.21254185267857</ymin>
      <xmax>1201.5441685267865</xmax>
      <ymax>250.56744602748324</ymax>
    </bndbox>
    <attributes>
      <attribute>
        <name>keyframe</name>
        <value>True</value>
      </attribute>
      <attribute>
        <name>track_id</name>
        <value>322</value>
      </attribute>
    </attributes>
  </object>
  <object>
    <name>vehicule</name>
    <occluded>0</occluded>
    <bndbox>
      <xmin>2175.34375</xmin>
      <ymin>1424.7265625</ymin>
      <xmax>2456.0</xmax>
      <ymax>1767.0599060058594</ymax>
    </bndbox>
    <attributes>
      <attribute>
        <name>keyframe</name>
        <value>True</value>
      </attribute>
      <attribute>
        <name>track_id</name>
        <value>323</value>
      </attribute>
    </attributes>
  </object>
  <object>
    <name>vehicule</name>
    <occluded>0</occluded>
    <bndbox>
      <xmin>1526.621372767857</xmin>
      <ymin>156.96491350446428</ymin>
      <xmax>1823.1258649553567</xmax>
      <ymax>309.4771541050491</ymax>
    </bndbox>
    <attributes>
      <attribute>
        <name>keyframe</name>
        <value>True</value>
      </attribute>
      <attribute>
        <name>track_id</name>
        <value>324</value>
      </attribute>
    </attributes>
  </object>
  <object>
    <name>vehicule</name>
    <occluded>0</occluded>
    <bndbox>
      <xmin>1733.4412027994792</xmin>
      <ymin>278.61666666666775</ymin>
      <xmax>1998.095833333334</xmax>
      <ymax>443.09529813130695</ymax>
    </bndbox>
    <attributes>
      <attribute>
        <name>keyframe</name>
        <value>True</value>
      </attribute>
      <attribute>
        <name>track_id</name>
        <value>325</value>
      </attribute>
    </attributes>
  </object>
  <object>
    <name>vehicule</name>
    <occluded>0</occluded>
    <bndbox>
      <xmin>776.5818810096166</xmin>
      <ymin>1502.6959134615386</ymin>
      <xmax>1306.4941030649038</xmax>
      <ymax>1807.6837674654448</ymax>
    </bndbox>
    <attributes>
      <attribute>
        <name>keyframe</name>
        <value>True</value>
      </attribute>
      <attribute>
        <name>track_id</name>
        <value>326</value>
      </attribute>
    </attributes>
  </object>
  <object>
    <name>vehicule</name>
    <occluded>0</occluded>
    <bndbox>
      <xmin>387.30896935096183</xmin>
      <ymin>1264.021259014423</ymin>
      <xmax>969.3034517728365</xmax>
      <ymax>1537.887927715595</ymax>
    </bndbox>
    <attributes>
      <attribute>
        <name>keyframe</name>
        <value>True</value>
      </attribute>
      <attribute>
        <name>track_id</name>
        <value>327</value>
      </attribute>
    </attributes>
  </object>
</annotation>
