<annotation>
  <folder>frame</folder>
  <filename>frame_001203.jpg</filename>
  <source>
    <database>Unknown</database>
    <annotation>Unknown</annotation>
    <image>Unknown</image>
  </source>
  <size>
    <width>2456</width>
    <height>2054</height>
    <depth>3</depth>
  </size>
  <segmented>0</segmented>
  <object>
    <name>vehicule</name>
    <occluded>0</occluded>
    <bndbox>
      <xmin>2050.3977399553573</xmin>
      <ymin>570.0857142857154</ymin>
      <xmax>2155.306339808873</xmax>
      <ymax>748.7432272774832</ymax>
    </bndbox>
    <attributes>
      <attribute>
        <name>keyframe</name>
        <value>True</value>
      </attribute>
      <attribute>
        <name>track_id</name>
        <value>177</value>
      </attribute>
    </attributes>
  </object>
  <object>
    <name>vehicule</name>
    <occluded>0</occluded>
    <bndbox>
      <xmin>2285.865234375</xmin>
      <ymin>839.2919921875</ymin>
      <xmax>2456.0</xmax>
      <ymax>1048.5</ymax>
    </bndbox>
    <attributes>
      <attribute>
        <name>keyframe</name>
        <value>True</value>
      </attribute>
      <attribute>
        <name>track_id</name>
        <value>178</value>
      </attribute>
    </attributes>
  </object>
  <object>
    <name>vehicule</name>
    <occluded>0</occluded>
    <bndbox>
      <xmin>373.7030412946429</xmin>
      <ymin>287.74143415178577</ymin>
      <xmax>701.5716049194323</xmax>
      <ymax>472.8632928030821</ymax>
    </bndbox>
    <attributes>
      <attribute>
        <name>keyframe</name>
        <value>True</value>
      </attribute>
      <attribute>
        <name>track_id</name>
        <value>180</value>
      </attribute>
    </attributes>
  </object>
  <object>
    <name>vehicule</name>
    <occluded>0</occluded>
    <bndbox>
      <xmin>356.13671875</xmin>
      <ymin>1481.9189453125</ymin>
      <xmax>949.63671875</xmax>
      <ymax>1774.5587158203125</ymax>
    </bndbox>
    <attributes>
      <attribute>
        <name>keyframe</name>
        <value>True</value>
      </attribute>
      <attribute>
        <name>track_id</name>
        <value>181</value>
      </attribute>
    </attributes>
  </object>
</annotation>
