<annotation>
  <folder>frame</folder>
  <filename>frame_000928.jpg</filename>
  <source>
    <database>Unknown</database>
    <annotation>Unknown</annotation>
    <image>Unknown</image>
  </source>
  <size>
    <width>2456</width>
    <height>2054</height>
    <depth>3</depth>
  </size>
  <segmented>0</segmented>
  <object>
    <name>vehicule</name>
    <occluded>0</occluded>
    <bndbox>
      <xmin>0.0</xmin>
      <ymin>703.3896484375</ymin>
      <xmax>311.0021484375011</xmax>
      <ymax>957.3778839111328</ymax>
    </bndbox>
    <attributes>
      <attribute>
        <name>keyframe</name>
        <value>True</value>
      </attribute>
      <attribute>
        <name>track_id</name>
        <value>162</value>
      </attribute>
    </attributes>
  </object>
  <object>
    <name>vehicule</name>
    <occluded>0</occluded>
    <bndbox>
      <xmin>1936.61328125</xmin>
      <ymin>1520.5693359375</ymin>
      <xmax>2165.7557678222656</xmax>
      <ymax>1719.321484375001</ymax>
    </bndbox>
    <attributes>
      <attribute>
        <name>keyframe</name>
        <value>True</value>
      </attribute>
      <attribute>
        <name>track_id</name>
        <value>163</value>
      </attribute>
    </attributes>
  </object>
  <object>
    <name>vehicule</name>
    <occluded>0</occluded>
    <bndbox>
      <xmin>423.9550781250005</xmin>
      <ymin>40.41810825892857</ymin>
      <xmax>718.3037231445311</xmax>
      <ymax>181.20189732143</ymax>
    </bndbox>
    <attributes>
      <attribute>
        <name>keyframe</name>
        <value>True</value>
      </attribute>
      <attribute>
        <name>track_id</name>
        <value>164</value>
      </attribute>
    </attributes>
  </object>
  <object>
    <name>vehicule</name>
    <occluded>0</occluded>
    <bndbox>
      <xmin>1024.9799107142858</xmin>
      <ymin>104.76548549107143</ymin>
      <xmax>1341.4570591517872</xmax>
      <ymax>259.28696986607144</ymax>
    </bndbox>
    <attributes>
      <attribute>
        <name>keyframe</name>
        <value>True</value>
      </attribute>
      <attribute>
        <name>track_id</name>
        <value>165</value>
      </attribute>
    </attributes>
  </object>
  <object>
    <name>vehicule</name>
    <occluded>0</occluded>
    <bndbox>
      <xmin>1627.2076171875</xmin>
      <ymin>1317.9529687500003</ymin>
      <xmax>2168.36</xmax>
      <ymax>1627.1351342773437</ymax>
    </bndbox>
    <attributes>
      <attribute>
        <name>keyframe</name>
        <value>True</value>
      </attribute>
      <attribute>
        <name>track_id</name>
        <value>166</value>
      </attribute>
    </attributes>
  </object>
</annotation>
