<annotation>
  <folder>frame</folder>
  <filename>frame_001464.jpg</filename>
  <source>
    <database>Unknown</database>
    <annotation>Unknown</annotation>
    <image>Unknown</image>
  </source>
  <size>
    <width>2456</width>
    <height>2054</height>
    <depth>3</depth>
  </size>
  <segmented>0</segmented>
  <object>
    <name>vehicule</name>
    <occluded>0</occluded>
    <bndbox>
      <xmin>1050.9864121999171</xmin>
      <ymin>276.7097669184603</ymin>
      <xmax>1374.974361282719</xmax>
      <ymax>471.1566790351978</ymax>
    </bndbox>
    <attributes>
      <attribute>
        <name>keyframe</name>
        <value>True</value>
      </attribute>
      <attribute>
        <name>track_id</name>
        <value>194</value>
      </attribute>
    </attributes>
  </object>
  <object>
    <name>vehicule</name>
    <occluded>0</occluded>
    <bndbox>
      <xmin>1192.8037109375</xmin>
      <ymin>373.58660714285725</ymin>
      <xmax>1497.5182776162803</xmax>
      <ymax>557.2823994785447</ymax>
    </bndbox>
    <attributes>
      <attribute>
        <name>keyframe</name>
        <value>True</value>
      </attribute>
      <attribute>
        <name>track_id</name>
        <value>201</value>
      </attribute>
    </attributes>
  </object>
  <object>
    <name>vehicule</name>
    <occluded>0</occluded>
    <bndbox>
      <xmin>1485.377255721831</xmin>
      <ymin>422.09271841989477</ymin>
      <xmax>1811.5385282992386</xmax>
      <ymax>622.8918236669014</ymax>
    </bndbox>
    <attributes>
      <attribute>
        <name>keyframe</name>
        <value>True</value>
      </attribute>
      <attribute>
        <name>track_id</name>
        <value>207</value>
      </attribute>
    </attributes>
  </object>
  <object>
    <name>vehicule</name>
    <occluded>0</occluded>
    <bndbox>
      <xmin>1493.085472470238</xmin>
      <ymin>308.84115513392874</ymin>
      <xmax>1817.3098865327388</xmax>
      <ymax>480.0518454415452</ymax>
    </bndbox>
    <attributes>
      <attribute>
        <name>keyframe</name>
        <value>True</value>
      </attribute>
      <attribute>
        <name>track_id</name>
        <value>211</value>
      </attribute>
    </attributes>
  </object>
  <object>
    <name>vehicule</name>
    <occluded>0</occluded>
    <bndbox>
      <xmin>1808.2930608785377</xmin>
      <ymin>359.3538841391509</ymin>
      <xmax>2056.05446558576</xmax>
      <ymax>546.3199866387416</ymax>
    </bndbox>
    <attributes>
      <attribute>
        <name>keyframe</name>
        <value>True</value>
      </attribute>
      <attribute>
        <name>track_id</name>
        <value>215</value>
      </attribute>
    </attributes>
  </object>
  <object>
    <name>vehicule</name>
    <occluded>0</occluded>
    <bndbox>
      <xmin>2134.8974609375</xmin>
      <ymin>787.91796875</ymin>
      <xmax>2456.0</xmax>
      <ymax>1064.603710937501</ymax>
    </bndbox>
    <attributes>
      <attribute>
        <name>keyframe</name>
        <value>True</value>
      </attribute>
      <attribute>
        <name>track_id</name>
        <value>218</value>
      </attribute>
    </attributes>
  </object>
  <object>
    <name>vehicule</name>
    <occluded>0</occluded>
    <bndbox>
      <xmin>1762.9000000000015</xmin>
      <ymin>749.2000000000007</ymin>
      <xmax>2115.463104248047</xmax>
      <ymax>1036.3626251220703</ymax>
    </bndbox>
    <attributes>
      <attribute>
        <name>keyframe</name>
        <value>True</value>
      </attribute>
      <attribute>
        <name>track_id</name>
        <value>227</value>
      </attribute>
    </attributes>
  </object>
  <object>
    <name>vehicule</name>
    <occluded>0</occluded>
    <bndbox>
      <xmin>128.72421875</xmin>
      <ymin>0.0</ymin>
      <xmax>386.7935546875</xmax>
      <ymax>92.92343750000146</ymax>
    </bndbox>
    <attributes>
      <attribute>
        <name>keyframe</name>
        <value>True</value>
      </attribute>
      <attribute>
        <name>track_id</name>
        <value>228</value>
      </attribute>
    </attributes>
  </object>
  <object>
    <name>vehicule</name>
    <occluded>0</occluded>
    <bndbox>
      <xmin>0.0</xmin>
      <ymin>65.9287109375</ymin>
      <xmax>284.1875</xmax>
      <ymax>186.72109375000036</ymax>
    </bndbox>
    <attributes>
      <attribute>
        <name>keyframe</name>
        <value>True</value>
      </attribute>
      <attribute>
        <name>track_id</name>
        <value>230</value>
      </attribute>
    </attributes>
  </object>
  <object>
    <name>vehicule</name>
    <occluded>0</occluded>
    <bndbox>
      <xmin>342.3173828125</xmin>
      <ymin>61.9951171875</ymin>
      <xmax>655.4296875</xmax>
      <ymax>191.75050354003906</ymax>
    </bndbox>
    <attributes>
      <attribute>
        <name>keyframe</name>
        <value>True</value>
      </attribute>
      <attribute>
        <name>track_id</name>
        <value>231</value>
      </attribute>
    </attributes>
  </object>
  <object>
    <name>vehicule</name>
    <occluded>0</occluded>
    <bndbox>
      <xmin>771.014660644532</xmin>
      <ymin>440.05308837890675</ymin>
      <xmax>1809.910530090332</xmax>
      <ymax>1087.1837806701665</ymax>
    </bndbox>
    <attributes>
      <attribute>
        <name>keyframe</name>
        <value>True</value>
      </attribute>
      <attribute>
        <name>track_id</name>
        <value>232</value>
      </attribute>
    </attributes>
  </object>
  <object>
    <name>vehicule</name>
    <occluded>0</occluded>
    <bndbox>
      <xmin>1856.2670454545455</xmin>
      <ymin>282.7355291193182</ymin>
      <xmax>2130.12764255276</xmax>
      <ymax>412.0803343299768</ymax>
    </bndbox>
    <attributes>
      <attribute>
        <name>keyframe</name>
        <value>True</value>
      </attribute>
      <attribute>
        <name>track_id</name>
        <value>233</value>
      </attribute>
    </attributes>
  </object>
  <object>
    <name>vehicule</name>
    <occluded>0</occluded>
    <bndbox>
      <xmin>822.3819335937505</xmin>
      <ymin>147.07666015625</ymin>
      <xmax>1198.477807617187</xmax>
      <ymax>309.95558166503906</ymax>
    </bndbox>
    <attributes>
      <attribute>
        <name>keyframe</name>
        <value>True</value>
      </attribute>
      <attribute>
        <name>track_id</name>
        <value>234</value>
      </attribute>
    </attributes>
  </object>
  <object>
    <name>vehicule</name>
    <occluded>0</occluded>
    <bndbox>
      <xmin>1499.0606863839287</xmin>
      <ymin>181.72223772321428</ymin>
      <xmax>1829.0763113839287</xmax>
      <ymax>333.01189836774444</ymax>
    </bndbox>
    <attributes>
      <attribute>
        <name>keyframe</name>
        <value>True</value>
      </attribute>
      <attribute>
        <name>track_id</name>
        <value>235</value>
      </attribute>
    </attributes>
  </object>
  <object>
    <name>vehicule</name>
    <occluded>0</occluded>
    <bndbox>
      <xmin>1056.9381510416667</xmin>
      <ymin>101.03333333333406</ymin>
      <xmax>1375.3539225260417</xmax>
      <ymax>231.4828440348307</ymax>
    </bndbox>
    <attributes>
      <attribute>
        <name>keyframe</name>
        <value>True</value>
      </attribute>
      <attribute>
        <name>track_id</name>
        <value>236</value>
      </attribute>
    </attributes>
  </object>
  <object>
    <name>vehicule</name>
    <occluded>0</occluded>
    <bndbox>
      <xmin>389.24000000000086</xmin>
      <ymin>391.3743359375003</ymin>
      <xmax>766.3314147949219</xmax>
      <ymax>586.8826300048826</ymax>
    </bndbox>
    <attributes>
      <attribute>
        <name>keyframe</name>
        <value>True</value>
      </attribute>
      <attribute>
        <name>track_id</name>
        <value>237</value>
      </attribute>
    </attributes>
  </object>
  <object>
    <name>vehicule</name>
    <occluded>0</occluded>
    <bndbox>
      <xmin>1647.659423828125</xmin>
      <ymin>94.93930664062555</ymin>
      <xmax>1932.3354797363281</xmax>
      <ymax>256.6970703124998</ymax>
    </bndbox>
    <attributes>
      <attribute>
        <name>keyframe</name>
        <value>True</value>
      </attribute>
      <attribute>
        <name>track_id</name>
        <value>238</value>
      </attribute>
    </attributes>
  </object>
  <object>
    <name>vehicule</name>
    <occluded>0</occluded>
    <bndbox>
      <xmin>243.84000000000088</xmin>
      <ymin>236.86000000000132</ymin>
      <xmax>583.9638977050781</xmax>
      <ymax>424.3150360107422</ymax>
    </bndbox>
    <attributes>
      <attribute>
        <name>keyframe</name>
        <value>True</value>
      </attribute>
      <attribute>
        <name>track_id</name>
        <value>239</value>
      </attribute>
    </attributes>
  </object>
  <object>
    <name>vehicule</name>
    <occluded>0</occluded>
    <bndbox>
      <xmin>635.0778459821429</xmin>
      <ymin>1566.4761439732142</ymin>
      <xmax>903.4229997907366</xmax>
      <ymax>1798.3793574741908</ymax>
    </bndbox>
    <attributes>
      <attribute>
        <name>keyframe</name>
        <value>True</value>
      </attribute>
      <attribute>
        <name>track_id</name>
        <value>240</value>
      </attribute>
    </attributes>
  </object>
  <object>
    <name>vehicule</name>
    <occluded>0</occluded>
    <bndbox>
      <xmin>2.2400000000008733</xmin>
      <ymin>357.9931250000009</ymin>
      <xmax>318.8140014648437</xmax>
      <ymax>566.730029296875</ymax>
    </bndbox>
    <attributes>
      <attribute>
        <name>keyframe</name>
        <value>True</value>
      </attribute>
      <attribute>
        <name>track_id</name>
        <value>242</value>
      </attribute>
    </attributes>
  </object>
  <object>
    <name>vehicule</name>
    <occluded>0</occluded>
    <bndbox>
      <xmin>2069.096923828125</xmin>
      <ymin>235.7210449218751</ymin>
      <xmax>2352.469824218749</xmax>
      <ymax>399.2892150878906</ymax>
    </bndbox>
    <attributes>
      <attribute>
        <name>keyframe</name>
        <value>True</value>
      </attribute>
      <attribute>
        <name>track_id</name>
        <value>244</value>
      </attribute>
    </attributes>
  </object>
</annotation>
