<annotation>
  <folder>frame</folder>
  <filename>frame_001386.jpg</filename>
  <source>
    <database>Unknown</database>
    <annotation>Unknown</annotation>
    <image>Unknown</image>
  </source>
  <size>
    <width>2456</width>
    <height>2054</height>
    <depth>3</depth>
  </size>
  <segmented>0</segmented>
  <object>
    <name>vehicule</name>
    <occluded>0</occluded>
    <bndbox>
      <xmin>83.76768415178591</xmin>
      <ymin>0.0</ymin>
      <xmax>361.6539878627227</xmax>
      <ymax>92.15512390136719</ymax>
    </bndbox>
    <attributes>
      <attribute>
        <name>keyframe</name>
        <value>True</value>
      </attribute>
      <attribute>
        <name>track_id</name>
        <value>184</value>
      </attribute>
    </attributes>
  </object>
  <object>
    <name>vehicule</name>
    <occluded>0</occluded>
    <bndbox>
      <xmin>1039.9303924358444</xmin>
      <ymin>290.7627211817053</ymin>
      <xmax>1364.3825481239246</xmax>
      <ymax>479.5711135298495</ymax>
    </bndbox>
    <attributes>
      <attribute>
        <name>keyframe</name>
        <value>True</value>
      </attribute>
      <attribute>
        <name>track_id</name>
        <value>194</value>
      </attribute>
    </attributes>
  </object>
  <object>
    <name>vehicule</name>
    <occluded>0</occluded>
    <bndbox>
      <xmin>1227.119140625</xmin>
      <ymin>363.2603125000005</ymin>
      <xmax>1531.3713971656985</xmax>
      <ymax>546.01816278502</ymax>
    </bndbox>
    <attributes>
      <attribute>
        <name>keyframe</name>
        <value>True</value>
      </attribute>
      <attribute>
        <name>track_id</name>
        <value>201</value>
      </attribute>
    </attributes>
  </object>
  <object>
    <name>vehicule</name>
    <occluded>0</occluded>
    <bndbox>
      <xmin>1531.4031767003676</xmin>
      <ymin>412.1352941176485</ymin>
      <xmax>1837.9764705882367</xmax>
      <ymax>618.0409541410559</ymax>
    </bndbox>
    <attributes>
      <attribute>
        <name>keyframe</name>
        <value>True</value>
      </attribute>
      <attribute>
        <name>track_id</name>
        <value>207</value>
      </attribute>
    </attributes>
  </object>
  <object>
    <name>vehicule</name>
    <occluded>0</occluded>
    <bndbox>
      <xmin>1825.6708984375</xmin>
      <ymin>763.580078125</ymin>
      <xmax>2259.0743957519517</xmax>
      <ymax>1009.279620361327</ymax>
    </bndbox>
    <attributes>
      <attribute>
        <name>keyframe</name>
        <value>True</value>
      </attribute>
      <attribute>
        <name>track_id</name>
        <value>209</value>
      </attribute>
    </attributes>
  </object>
  <object>
    <name>vehicule</name>
    <occluded>0</occluded>
    <bndbox>
      <xmin>1531.9846354166666</xmin>
      <ymin>295.40574218750066</ymin>
      <xmax>1856.2090494791673</xmax>
      <ymax>466.6164324951171</ymax>
    </bndbox>
    <attributes>
      <attribute>
        <name>keyframe</name>
        <value>True</value>
      </attribute>
      <attribute>
        <name>track_id</name>
        <value>211</value>
      </attribute>
    </attributes>
  </object>
  <object>
    <name>vehicule</name>
    <occluded>0</occluded>
    <bndbox>
      <xmin>1811.021484375</xmin>
      <ymin>911.2412109375</ymin>
      <xmax>2274.800000000001</xmax>
      <ymax>1168.0</ymax>
    </bndbox>
    <attributes>
      <attribute>
        <name>keyframe</name>
        <value>True</value>
      </attribute>
      <attribute>
        <name>track_id</name>
        <value>213</value>
      </attribute>
    </attributes>
  </object>
  <object>
    <name>vehicule</name>
    <occluded>0</occluded>
    <bndbox>
      <xmin>618.3671875</xmin>
      <ymin>105.1318359375</ymin>
      <xmax>926.5437499999989</xmax>
      <ymax>237.64796447753906</ymax>
    </bndbox>
    <attributes>
      <attribute>
        <name>keyframe</name>
        <value>True</value>
      </attribute>
      <attribute>
        <name>track_id</name>
        <value>214</value>
      </attribute>
    </attributes>
  </object>
  <object>
    <name>vehicule</name>
    <occluded>0</occluded>
    <bndbox>
      <xmin>1852.796875</xmin>
      <ymin>333.89430147058823</ymin>
      <xmax>2097.4427734375004</xmax>
      <ymax>513.3362875545727</ymax>
    </bndbox>
    <attributes>
      <attribute>
        <name>keyframe</name>
        <value>True</value>
      </attribute>
      <attribute>
        <name>track_id</name>
        <value>215</value>
      </attribute>
    </attributes>
  </object>
  <object>
    <name>vehicule</name>
    <occluded>0</occluded>
    <bndbox>
      <xmin>1225.800000000001</xmin>
      <ymin>508.2000000000007</ymin>
      <xmax>1540.4473571777344</xmax>
      <ymax>729.0627899169922</ymax>
    </bndbox>
    <attributes>
      <attribute>
        <name>keyframe</name>
        <value>True</value>
      </attribute>
      <attribute>
        <name>track_id</name>
        <value>216</value>
      </attribute>
    </attributes>
  </object>
  <object>
    <name>vehicule</name>
    <occluded>0</occluded>
    <bndbox>
      <xmin>673.580078125</xmin>
      <ymin>347.787109375</ymin>
      <xmax>1008.4000000000015</xmax>
      <ymax>557.6000000000004</ymax>
    </bndbox>
    <attributes>
      <attribute>
        <name>keyframe</name>
        <value>True</value>
      </attribute>
      <attribute>
        <name>track_id</name>
        <value>218</value>
      </attribute>
    </attributes>
  </object>
  <object>
    <name>vehicule</name>
    <occluded>0</occluded>
    <bndbox>
      <xmin>1706.310546875</xmin>
      <ymin>214.7783203125</ymin>
      <xmax>2035.1418762207031</xmax>
      <ymax>376.7904541015614</ymax>
    </bndbox>
    <attributes>
      <attribute>
        <name>keyframe</name>
        <value>True</value>
      </attribute>
      <attribute>
        <name>track_id</name>
        <value>219</value>
      </attribute>
    </attributes>
  </object>
  <object>
    <name>vehicule</name>
    <occluded>0</occluded>
    <bndbox>
      <xmin>1474.822265625</xmin>
      <ymin>147.0</ymin>
      <xmax>1755.0036804199208</xmax>
      <ymax>285.0717086791992</ymax>
    </bndbox>
    <attributes>
      <attribute>
        <name>keyframe</name>
        <value>True</value>
      </attribute>
      <attribute>
        <name>track_id</name>
        <value>220</value>
      </attribute>
    </attributes>
  </object>
  <object>
    <name>vehicule</name>
    <occluded>0</occluded>
    <bndbox>
      <xmin>590.7744140625</xmin>
      <ymin>444.4619140625</ymin>
      <xmax>950.4741882324215</xmax>
      <ymax>645.9621337890621</ymax>
    </bndbox>
    <attributes>
      <attribute>
        <name>keyframe</name>
        <value>True</value>
      </attribute>
      <attribute>
        <name>track_id</name>
        <value>221</value>
      </attribute>
    </attributes>
  </object>
  <object>
    <name>vehicule</name>
    <occluded>0</occluded>
    <bndbox>
      <xmin>806.2000000000007</xmin>
      <ymin>612.8349609375</ymin>
      <xmax>1190.6677551269531</xmax>
      <ymax>817.1812500000015</ymax>
    </bndbox>
    <attributes>
      <attribute>
        <name>keyframe</name>
        <value>True</value>
      </attribute>
      <attribute>
        <name>track_id</name>
        <value>222</value>
      </attribute>
    </attributes>
  </object>
  <object>
    <name>vehicule</name>
    <occluded>0</occluded>
    <bndbox>
      <xmin>2068.1728515625</xmin>
      <ymin>154.4580078125</ymin>
      <xmax>2359.372851562499</xmax>
      <ymax>286.7516784667969</ymax>
    </bndbox>
    <attributes>
      <attribute>
        <name>keyframe</name>
        <value>True</value>
      </attribute>
      <attribute>
        <name>track_id</name>
        <value>223</value>
      </attribute>
    </attributes>
  </object>
  <object>
    <name>vehicule</name>
    <occluded>0</occluded>
    <bndbox>
      <xmin>397.54285714285754</xmin>
      <ymin>1487.2452845982148</ymin>
      <xmax>1015.6204380580364</xmax>
      <ymax>1775.915488106864</ymax>
    </bndbox>
    <attributes>
      <attribute>
        <name>keyframe</name>
        <value>True</value>
      </attribute>
      <attribute>
        <name>track_id</name>
        <value>224</value>
      </attribute>
    </attributes>
  </object>
  <object>
    <name>vehicule</name>
    <occluded>0</occluded>
    <bndbox>
      <xmin>88.30000000000109</xmin>
      <ymin>411.0</ymin>
      <xmax>487.7714538574219</xmax>
      <ymax>618.0799560546875</ymax>
    </bndbox>
    <attributes>
      <attribute>
        <name>keyframe</name>
        <value>True</value>
      </attribute>
      <attribute>
        <name>track_id</name>
        <value>225</value>
      </attribute>
    </attributes>
  </object>
</annotation>
