<annotation>
  <folder>frame</folder>
  <filename>frame_001093.jpg</filename>
  <source>
    <database>Unknown</database>
    <annotation>Unknown</annotation>
    <image>Unknown</image>
  </source>
  <size>
    <width>2456</width>
    <height>2054</height>
    <depth>3</depth>
  </size>
  <segmented>0</segmented>
  <object>
    <name>vehicule</name>
    <occluded>0</occluded>
    <bndbox>
      <xmin>1928.0230769230773</xmin>
      <ymin>680.0615384615389</ymin>
      <xmax>2246.3897928091196</xmax>
      <ymax>953.5539186917819</ymax>
    </bndbox>
    <attributes>
      <attribute>
        <name>keyframe</name>
        <value>True</value>
      </attribute>
      <attribute>
        <name>track_id</name>
        <value>172</value>
      </attribute>
    </attributes>
  </object>
  <object>
    <name>vehicule</name>
    <occluded>0</occluded>
    <bndbox>
      <xmin>1768.4066685267858</xmin>
      <ymin>34.74564732142919</ymin>
      <xmax>1895.4012898036412</xmax>
      <ymax>180.4216452462328</ymax>
    </bndbox>
    <attributes>
      <attribute>
        <name>keyframe</name>
        <value>True</value>
      </attribute>
      <attribute>
        <name>track_id</name>
        <value>173</value>
      </attribute>
    </attributes>
  </object>
  <object>
    <name>vehicule</name>
    <occluded>0</occluded>
    <bndbox>
      <xmin>182.1750000000011</xmin>
      <ymin>1522.639892578125</ymin>
      <xmax>777.7894287109375</xmax>
      <ymax>1812.5189208984375</ymax>
    </bndbox>
    <attributes>
      <attribute>
        <name>keyframe</name>
        <value>True</value>
      </attribute>
      <attribute>
        <name>track_id</name>
        <value>174</value>
      </attribute>
    </attributes>
  </object>
</annotation>
