<annotation>
  <folder>frame</folder>
  <filename>frame_001959.jpg</filename>
  <source>
    <database>Unknown</database>
    <annotation>Unknown</annotation>
    <image>Unknown</image>
  </source>
  <size>
    <width>2456</width>
    <height>2054</height>
    <depth>3</depth>
  </size>
  <segmented>0</segmented>
  <object>
    <name>vehicule</name>
    <occluded>0</occluded>
    <bndbox>
      <xmin>1103.191162109375</xmin>
      <ymin>489.5083333333346</ymin>
      <xmax>1423.297916666667</xmax>
      <ymax>680.3573939005535</ymax>
    </bndbox>
    <attributes>
      <attribute>
        <name>keyframe</name>
        <value>True</value>
      </attribute>
      <attribute>
        <name>track_id</name>
        <value>311</value>
      </attribute>
    </attributes>
  </object>
  <object>
    <name>vehicule</name>
    <occluded>0</occluded>
    <bndbox>
      <xmin>1325.4457648026316</xmin>
      <ymin>95.70222039473686</ymin>
      <xmax>1568.7172080592106</xmax>
      <ymax>255.07740623072573</ymax>
    </bndbox>
    <attributes>
      <attribute>
        <name>keyframe</name>
        <value>True</value>
      </attribute>
      <attribute>
        <name>track_id</name>
        <value>312</value>
      </attribute>
    </attributes>
  </object>
  <object>
    <name>vehicule</name>
    <occluded>0</occluded>
    <bndbox>
      <xmin>1408.9379464285723</xmin>
      <ymin>1165.2472377232152</ymin>
      <xmax>2023.3973475864955</xmax>
      <ymax>1445.310488455636</ymax>
    </bndbox>
    <attributes>
      <attribute>
        <name>keyframe</name>
        <value>True</value>
      </attribute>
      <attribute>
        <name>track_id</name>
        <value>313</value>
      </attribute>
    </attributes>
  </object>
  <object>
    <name>vehicule</name>
    <occluded>0</occluded>
    <bndbox>
      <xmin>1031.548583984375</xmin>
      <ymin>151.9462890625</ymin>
      <xmax>1314.480218887329</xmax>
      <ymax>301.5206644058228</ymax>
    </bndbox>
    <attributes>
      <attribute>
        <name>keyframe</name>
        <value>True</value>
      </attribute>
      <attribute>
        <name>track_id</name>
        <value>314</value>
      </attribute>
    </attributes>
  </object>
  <object>
    <name>vehicule</name>
    <occluded>0</occluded>
    <bndbox>
      <xmin>1876.633333333334</xmin>
      <ymin>1530.2259114583333</ymin>
      <xmax>2372.650634765625</xmax>
      <ymax>1838.3258870442708</ymax>
    </bndbox>
    <attributes>
      <attribute>
        <name>keyframe</name>
        <value>True</value>
      </attribute>
      <attribute>
        <name>track_id</name>
        <value>315</value>
      </attribute>
    </attributes>
  </object>
  <object>
    <name>vehicule</name>
    <occluded>0</occluded>
    <bndbox>
      <xmin>160.80000000000018</xmin>
      <ymin>1211.0270182291667</ymin>
      <xmax>577.2954406738281</xmax>
      <ymax>1516.014872233073</ymax>
    </bndbox>
    <attributes>
      <attribute>
        <name>keyframe</name>
        <value>True</value>
      </attribute>
      <attribute>
        <name>track_id</name>
        <value>316</value>
      </attribute>
    </attributes>
  </object>
  <object>
    <name>vehicule</name>
    <occluded>0</occluded>
    <bndbox>
      <xmin>1921.7794471153845</xmin>
      <ymin>292.1481520432695</ymin>
      <xmax>2183.5034935584436</xmax>
      <ymax>445.8442511925331</ymax>
    </bndbox>
    <attributes>
      <attribute>
        <name>keyframe</name>
        <value>True</value>
      </attribute>
      <attribute>
        <name>track_id</name>
        <value>317</value>
      </attribute>
    </attributes>
  </object>
</annotation>
