<annotation>
  <folder>frame</folder>
  <filename>frame_001901.jpg</filename>
  <source>
    <database>Unknown</database>
    <annotation>Unknown</annotation>
    <image>Unknown</image>
  </source>
  <size>
    <width>2456</width>
    <height>2054</height>
    <depth>3</depth>
  </size>
  <segmented>0</segmented>
  <object>
    <name>vehicule</name>
    <occluded>0</occluded>
    <bndbox>
      <xmin>225.6251953125</xmin>
      <ymin>673.1499218750007</ymin>
      <xmax>618.6586718750008</xmax>
      <ymax>900.3364135742188</ymax>
    </bndbox>
    <attributes>
      <attribute>
        <name>keyframe</name>
        <value>True</value>
      </attribute>
      <attribute>
        <name>track_id</name>
        <value>298</value>
      </attribute>
    </attributes>
  </object>
  <object>
    <name>vehicule</name>
    <occluded>0</occluded>
    <bndbox>
      <xmin>2078.85205078125</xmin>
      <ymin>1189.41064453125</ymin>
      <xmax>2456.0</xmax>
      <ymax>1441.5018554687504</ymax>
    </bndbox>
    <attributes>
      <attribute>
        <name>keyframe</name>
        <value>True</value>
      </attribute>
      <attribute>
        <name>track_id</name>
        <value>299</value>
      </attribute>
    </attributes>
  </object>
  <object>
    <name>vehicule</name>
    <occluded>0</occluded>
    <bndbox>
      <xmin>975.4530498798076</xmin>
      <ymin>512.3692307692321</ymin>
      <xmax>1329.9000000000005</xmax>
      <ymax>748.3662837101863</ymax>
    </bndbox>
    <attributes>
      <attribute>
        <name>keyframe</name>
        <value>True</value>
      </attribute>
      <attribute>
        <name>track_id</name>
        <value>300</value>
      </attribute>
    </attributes>
  </object>
  <object>
    <name>vehicule</name>
    <occluded>0</occluded>
    <bndbox>
      <xmin>915.5646484375</xmin>
      <ymin>1125.0384765625</ymin>
      <xmax>1413.5227539062496</xmax>
      <ymax>1411.3442077636714</ymax>
    </bndbox>
    <attributes>
      <attribute>
        <name>keyframe</name>
        <value>True</value>
      </attribute>
      <attribute>
        <name>track_id</name>
        <value>303</value>
      </attribute>
    </attributes>
  </object>
  <object>
    <name>vehicule</name>
    <occluded>0</occluded>
    <bndbox>
      <xmin>1630.4493689903848</xmin>
      <ymin>292.7668269230769</ymin>
      <xmax>1936.2671424278851</xmax>
      <ymax>460.8554041935847</ymax>
    </bndbox>
    <attributes>
      <attribute>
        <name>keyframe</name>
        <value>True</value>
      </attribute>
      <attribute>
        <name>track_id</name>
        <value>304</value>
      </attribute>
    </attributes>
  </object>
  <object>
    <name>vehicule</name>
    <occluded>0</occluded>
    <bndbox>
      <xmin>2191.6589843750003</xmin>
      <ymin>269.8177083333333</ymin>
      <xmax>2437.825205485026</xmax>
      <ymax>425.42377217610675</ymax>
    </bndbox>
    <attributes>
      <attribute>
        <name>keyframe</name>
        <value>True</value>
      </attribute>
      <attribute>
        <name>track_id</name>
        <value>305</value>
      </attribute>
    </attributes>
  </object>
</annotation>
