<annotation>
  <folder>frame</folder>
  <filename>frame_001136.jpg</filename>
  <source>
    <database>Unknown</database>
    <annotation>Unknown</annotation>
    <image>Unknown</image>
  </source>
  <size>
    <width>2456</width>
    <height>2054</height>
    <depth>3</depth>
  </size>
  <segmented>0</segmented>
  <object>
    <name>vehicule</name>
    <occluded>0</occluded>
    <bndbox>
      <xmin>2127.4941176470593</xmin>
      <ymin>664.7941176470591</ymin>
      <xmax>2385.3681146958297</xmax>
      <ymax>900.8614923813764</ymax>
    </bndbox>
    <attributes>
      <attribute>
        <name>keyframe</name>
        <value>True</value>
      </attribute>
      <attribute>
        <name>track_id</name>
        <value>173</value>
      </attribute>
    </attributes>
  </object>
  <object>
    <name>vehicule</name>
    <occluded>0</occluded>
    <bndbox>
      <xmin>1764.7458639705885</xmin>
      <ymin>288.6117647058824</ymin>
      <xmax>1961.7056462904986</xmax>
      <ymax>526.8612482407514</ymax>
    </bndbox>
    <attributes>
      <attribute>
        <name>keyframe</name>
        <value>True</value>
      </attribute>
      <attribute>
        <name>track_id</name>
        <value>176</value>
      </attribute>
    </attributes>
  </object>
</annotation>
