<annotation>
  <folder>frame</folder>
  <filename>frame_001073.jpg</filename>
  <source>
    <database>Unknown</database>
    <annotation>Unknown</annotation>
    <image>Unknown</image>
  </source>
  <size>
    <width>2456</width>
    <height>2054</height>
    <depth>3</depth>
  </size>
  <segmented>0</segmented>
  <object>
    <name>vehicule</name>
    <occluded>0</occluded>
    <bndbox>
      <xmin>1900.9625</xmin>
      <ymin>541.391666666667</ymin>
      <xmax>2154.1237881978354</xmax>
      <ymax>769.9914894104004</ymax>
    </bndbox>
    <attributes>
      <attribute>
        <name>keyframe</name>
        <value>True</value>
      </attribute>
      <attribute>
        <name>track_id</name>
        <value>171</value>
      </attribute>
    </attributes>
  </object>
  <object>
    <name>vehicule</name>
    <occluded>0</occluded>
    <bndbox>
      <xmin>1681.6062906901043</xmin>
      <ymin>312.87083333333396</ymin>
      <xmax>1885.5798192342127</xmax>
      <ymax>515.3108889261881</ymax>
    </bndbox>
    <attributes>
      <attribute>
        <name>keyframe</name>
        <value>True</value>
      </attribute>
      <attribute>
        <name>track_id</name>
        <value>172</value>
      </attribute>
    </attributes>
  </object>
</annotation>
