<annotation>
  <folder>frame</folder>
  <filename>frame_000528.jpg</filename>
  <source>
    <database>Unknown</database>
    <annotation>Unknown</annotation>
    <image>Unknown</image>
  </source>
  <size>
    <width>2456</width>
    <height>2054</height>
    <depth>3</depth>
  </size>
  <segmented>0</segmented>
  <object>
    <name>vehicule</name>
    <occluded>0</occluded>
    <bndbox>
      <xmin>709.3801618303571</xmin>
      <ymin>627.87142857143</ymin>
      <xmax>1042.9571428571435</xmax>
      <ymax>878.1061401367188</ymax>
    </bndbox>
    <attributes>
      <attribute>
        <name>keyframe</name>
        <value>True</value>
      </attribute>
      <attribute>
        <name>track_id</name>
        <value>12</value>
      </attribute>
    </attributes>
  </object>
  <object>
    <name>vehicule</name>
    <occluded>0</occluded>
    <bndbox>
      <xmin>1209.1763392857142</xmin>
      <ymin>533.2428571428575</ymin>
      <xmax>1522.0714285714291</xmax>
      <ymax>770.691874912807</ymax>
    </bndbox>
    <attributes>
      <attribute>
        <name>keyframe</name>
        <value>True</value>
      </attribute>
      <attribute>
        <name>track_id</name>
        <value>28</value>
      </attribute>
    </attributes>
  </object>
  <object>
    <name>vehicule</name>
    <occluded>0</occluded>
    <bndbox>
      <xmin>228.0910456730769</xmin>
      <ymin>589.0641526442307</ymin>
      <xmax>553.047295673078</xmax>
      <ymax>856.7818345289963</ymax>
    </bndbox>
    <attributes>
      <attribute>
        <name>keyframe</name>
        <value>True</value>
      </attribute>
      <attribute>
        <name>track_id</name>
        <value>37</value>
      </attribute>
    </attributes>
  </object>
  <object>
    <name>vehicule</name>
    <occluded>0</occluded>
    <bndbox>
      <xmin>1573.1092354910713</xmin>
      <ymin>396.01470424107174</ymin>
      <xmax>1837.1898995535728</xmax>
      <ymax>578.1787545340394</ymax>
    </bndbox>
    <attributes>
      <attribute>
        <name>keyframe</name>
        <value>True</value>
      </attribute>
      <attribute>
        <name>track_id</name>
        <value>40</value>
      </attribute>
    </attributes>
  </object>
  <object>
    <name>vehicule</name>
    <occluded>0</occluded>
    <bndbox>
      <xmin>681.6107700892858</xmin>
      <ymin>462.500000000001</ymin>
      <xmax>1010.0428571428583</xmax>
      <ymax>668.1290174211774</ymax>
    </bndbox>
    <attributes>
      <attribute>
        <name>keyframe</name>
        <value>True</value>
      </attribute>
      <attribute>
        <name>track_id</name>
        <value>87</value>
      </attribute>
    </attributes>
  </object>
  <object>
    <name>vehicule</name>
    <occluded>0</occluded>
    <bndbox>
      <xmin>209.16228693181824</xmin>
      <ymin>875.341796875</ymin>
      <xmax>623.9050426136364</xmax>
      <ymax>1141.1740264892578</ymax>
    </bndbox>
    <attributes>
      <attribute>
        <name>keyframe</name>
        <value>True</value>
      </attribute>
      <attribute>
        <name>track_id</name>
        <value>90</value>
      </attribute>
    </attributes>
  </object>
  <object>
    <name>vehicule</name>
    <occluded>0</occluded>
    <bndbox>
      <xmin>1879.1064453125</xmin>
      <ymin>311.95033482142856</ymin>
      <xmax>2146.8193080357146</xmax>
      <ymax>478.75753130231584</ymax>
    </bndbox>
    <attributes>
      <attribute>
        <name>keyframe</name>
        <value>True</value>
      </attribute>
      <attribute>
        <name>track_id</name>
        <value>95</value>
      </attribute>
    </attributes>
  </object>
  <object>
    <name>vehicule</name>
    <occluded>0</occluded>
    <bndbox>
      <xmin>1601.8927176339287</xmin>
      <ymin>273.78571428571456</ymin>
      <xmax>1819.2056230817523</xmax>
      <ymax>439.49796404157365</ymax>
    </bndbox>
    <attributes>
      <attribute>
        <name>keyframe</name>
        <value>True</value>
      </attribute>
      <attribute>
        <name>track_id</name>
        <value>99</value>
      </attribute>
    </attributes>
  </object>
  <object>
    <name>vehicule</name>
    <occluded>0</occluded>
    <bndbox>
      <xmin>1363.482421875</xmin>
      <ymin>103.43935546875036</ymin>
      <xmax>1664.4064910888674</xmax>
      <ymax>252.555120849609</ymax>
    </bndbox>
    <attributes>
      <attribute>
        <name>keyframe</name>
        <value>True</value>
      </attribute>
      <attribute>
        <name>track_id</name>
        <value>104</value>
      </attribute>
    </attributes>
  </object>
  <object>
    <name>vehicule</name>
    <occluded>0</occluded>
    <bndbox>
      <xmin>1904.59130859375</xmin>
      <ymin>207.01152343750073</ymin>
      <xmax>2199.9918518066406</xmax>
      <ymax>339.51952362060547</ymax>
    </bndbox>
    <attributes>
      <attribute>
        <name>keyframe</name>
        <value>True</value>
      </attribute>
      <attribute>
        <name>track_id</name>
        <value>105</value>
      </attribute>
    </attributes>
  </object>
  <object>
    <name>vehicule</name>
    <occluded>0</occluded>
    <bndbox>
      <xmin>2177.9500000000007</xmin>
      <ymin>258.0771484375</ymin>
      <xmax>2438.054885864258</xmax>
      <ymax>401.6362762451172</ymax>
    </bndbox>
    <attributes>
      <attribute>
        <name>keyframe</name>
        <value>True</value>
      </attribute>
      <attribute>
        <name>track_id</name>
        <value>106</value>
      </attribute>
    </attributes>
  </object>
  <object>
    <name>vehicule</name>
    <occluded>0</occluded>
    <bndbox>
      <xmin>2102.8121744791665</xmin>
      <ymin>153.16796875</ymin>
      <xmax>2378.887461344401</xmax>
      <ymax>296.7270965576172</ymax>
    </bndbox>
    <attributes>
      <attribute>
        <name>keyframe</name>
        <value>True</value>
      </attribute>
      <attribute>
        <name>track_id</name>
        <value>107</value>
      </attribute>
    </attributes>
  </object>
</annotation>
