<annotation>
  <folder>frame</folder>
  <filename>frame_001417.jpg</filename>
  <source>
    <database>Unknown</database>
    <annotation>Unknown</annotation>
    <image>Unknown</image>
  </source>
  <size>
    <width>2456</width>
    <height>2054</height>
    <depth>3</depth>
  </size>
  <segmented>0</segmented>
  <object>
    <name>vehicule</name>
    <occluded>0</occluded>
    <bndbox>
      <xmin>64.60529017857147</xmin>
      <ymin>0.0</ymin>
      <xmax>342.49159388950824</xmax>
      <ymax>90.9759735107422</ymax>
    </bndbox>
    <attributes>
      <attribute>
        <name>keyframe</name>
        <value>True</value>
      </attribute>
      <attribute>
        <name>track_id</name>
        <value>184</value>
      </attribute>
    </attributes>
  </object>
  <object>
    <name>vehicule</name>
    <occluded>0</occluded>
    <bndbox>
      <xmin>1044.3244515728477</xmin>
      <ymin>285.17757269246687</ymin>
      <xmax>1368.5921148921634</xmax>
      <ymax>476.2269152050521</ymax>
    </bndbox>
    <attributes>
      <attribute>
        <name>keyframe</name>
        <value>True</value>
      </attribute>
      <attribute>
        <name>track_id</name>
        <value>194</value>
      </attribute>
    </attributes>
  </object>
  <object>
    <name>vehicule</name>
    <occluded>0</occluded>
    <bndbox>
      <xmin>1213.48095703125</xmin>
      <ymin>367.3643526785718</ymin>
      <xmax>1517.9169522165707</xmax>
      <ymax>550.4949748042413</ymax>
    </bndbox>
    <attributes>
      <attribute>
        <name>keyframe</name>
        <value>True</value>
      </attribute>
      <attribute>
        <name>track_id</name>
        <value>201</value>
      </attribute>
    </attributes>
  </object>
  <object>
    <name>vehicule</name>
    <occluded>0</occluded>
    <bndbox>
      <xmin>1482.8948613556338</xmin>
      <ymin>429.7484485035225</ymin>
      <xmax>1788.1873355528821</xmax>
      <ymax>621.2275334446734</ymax>
    </bndbox>
    <attributes>
      <attribute>
        <name>keyframe</name>
        <value>True</value>
      </attribute>
      <attribute>
        <name>track_id</name>
        <value>207</value>
      </attribute>
    </attributes>
  </object>
  <object>
    <name>vehicule</name>
    <occluded>0</occluded>
    <bndbox>
      <xmin>1516.5247116815476</xmin>
      <ymin>300.74545758928616</ymin>
      <xmax>1840.7491257440483</xmax>
      <ymax>471.9561478969026</ymax>
    </bndbox>
    <attributes>
      <attribute>
        <name>keyframe</name>
        <value>True</value>
      </attribute>
      <attribute>
        <name>track_id</name>
        <value>211</value>
      </attribute>
    </attributes>
  </object>
  <object>
    <name>vehicule</name>
    <occluded>0</occluded>
    <bndbox>
      <xmin>1811.4239693887578</xmin>
      <ymin>363.9523879716981</ymin>
      <xmax>2056.3142212591774</xmax>
      <ymax>543.9845008333771</ymax>
    </bndbox>
    <attributes>
      <attribute>
        <name>keyframe</name>
        <value>True</value>
      </attribute>
      <attribute>
        <name>track_id</name>
        <value>215</value>
      </attribute>
    </attributes>
  </object>
  <object>
    <name>vehicule</name>
    <occluded>0</occluded>
    <bndbox>
      <xmin>2263.82763671875</xmin>
      <ymin>788.36962890625</ymin>
      <xmax>2456.0</xmax>
      <ymax>1009.2803710937515</ymax>
    </bndbox>
    <attributes>
      <attribute>
        <name>keyframe</name>
        <value>True</value>
      </attribute>
      <attribute>
        <name>track_id</name>
        <value>216</value>
      </attribute>
    </attributes>
  </object>
  <object>
    <name>vehicule</name>
    <occluded>0</occluded>
    <bndbox>
      <xmin>1529.7304687500007</xmin>
      <ymin>622.4960937500002</ymin>
      <xmax>1952.7310363769527</xmax>
      <ymax>824.6511749267577</ymax>
    </bndbox>
    <attributes>
      <attribute>
        <name>keyframe</name>
        <value>True</value>
      </attribute>
      <attribute>
        <name>track_id</name>
        <value>218</value>
      </attribute>
    </attributes>
  </object>
  <object>
    <name>vehicule</name>
    <occluded>0</occluded>
    <bndbox>
      <xmin>330.2700892857143</xmin>
      <ymin>98.03738839285714</ymin>
      <xmax>659.1014186314173</xmax>
      <ymax>260.0495221819186</ymax>
    </bndbox>
    <attributes>
      <attribute>
        <name>keyframe</name>
        <value>True</value>
      </attribute>
      <attribute>
        <name>track_id</name>
        <value>219</value>
      </attribute>
    </attributes>
  </object>
  <object>
    <name>vehicule</name>
    <occluded>0</occluded>
    <bndbox>
      <xmin>115.74358258928572</xmin>
      <ymin>43.669363839285715</ymin>
      <xmax>395.9249973842065</xmax>
      <ymax>181.74107251848494</ymax>
    </bndbox>
    <attributes>
      <attribute>
        <name>keyframe</name>
        <value>True</value>
      </attribute>
      <attribute>
        <name>track_id</name>
        <value>220</value>
      </attribute>
    </attributes>
  </object>
  <object>
    <name>vehicule</name>
    <occluded>0</occluded>
    <bndbox>
      <xmin>1530.9733072916667</xmin>
      <ymin>734.631901041667</ymin>
      <xmax>2003.1648966471355</xmax>
      <ymax>981.3164896647128</ymax>
    </bndbox>
    <attributes>
      <attribute>
        <name>keyframe</name>
        <value>True</value>
      </attribute>
      <attribute>
        <name>track_id</name>
        <value>221</value>
      </attribute>
    </attributes>
  </object>
  <object>
    <name>vehicule</name>
    <occluded>0</occluded>
    <bndbox>
      <xmin>914.9768694196438</xmin>
      <ymin>96.06958705357205</ymin>
      <xmax>1201.4339407784596</xmax>
      <ymax>213.40485491071428</ymax>
    </bndbox>
    <attributes>
      <attribute>
        <name>keyframe</name>
        <value>True</value>
      </attribute>
      <attribute>
        <name>track_id</name>
        <value>223</value>
      </attribute>
    </attributes>
  </object>
  <object>
    <name>vehicule</name>
    <occluded>0</occluded>
    <bndbox>
      <xmin>1369.8666666666675</xmin>
      <ymin>845.266666666667</ymin>
      <xmax>1865.69482421875</xmax>
      <ymax>1116.8570149739583</ymax>
    </bndbox>
    <attributes>
      <attribute>
        <name>keyframe</name>
        <value>True</value>
      </attribute>
      <attribute>
        <name>track_id</name>
        <value>225</value>
      </attribute>
    </attributes>
  </object>
  <object>
    <name>vehicule</name>
    <occluded>0</occluded>
    <bndbox>
      <xmin>968.6414620535714</xmin>
      <ymin>157.81710379464286</ymin>
      <xmax>1308.3398995535726</xmax>
      <ymax>328.98920462472023</ymax>
    </bndbox>
    <attributes>
      <attribute>
        <name>keyframe</name>
        <value>True</value>
      </attribute>
      <attribute>
        <name>track_id</name>
        <value>226</value>
      </attribute>
    </attributes>
  </object>
  <object>
    <name>vehicule</name>
    <occluded>0</occluded>
    <bndbox>
      <xmin>650.3550781250004</xmin>
      <ymin>429.4521205357144</ymin>
      <xmax>1000.121207101004</xmax>
      <ymax>631.7940979003904</ymax>
    </bndbox>
    <attributes>
      <attribute>
        <name>keyframe</name>
        <value>True</value>
      </attribute>
      <attribute>
        <name>track_id</name>
        <value>227</value>
      </attribute>
    </attributes>
  </object>
  <object>
    <name>vehicule</name>
    <occluded>0</occluded>
    <bndbox>
      <xmin>1360.9266183035716</xmin>
      <ymin>101.03253348214301</ymin>
      <xmax>1658.9307198660708</xmax>
      <ymax>252.87112143380207</ymax>
    </bndbox>
    <attributes>
      <attribute>
        <name>keyframe</name>
        <value>True</value>
      </attribute>
      <attribute>
        <name>track_id</name>
        <value>228</value>
      </attribute>
    </attributes>
  </object>
  <object>
    <name>vehicule</name>
    <occluded>0</occluded>
    <bndbox>
      <xmin>609.9285714285719</xmin>
      <ymin>596.2571428571432</ymin>
      <xmax>1026.919150216239</xmax>
      <ymax>828.599626813616</ymax>
    </bndbox>
    <attributes>
      <attribute>
        <name>keyframe</name>
        <value>True</value>
      </attribute>
      <attribute>
        <name>track_id</name>
        <value>229</value>
      </attribute>
    </attributes>
  </object>
  <object>
    <name>vehicule</name>
    <occluded>0</occluded>
    <bndbox>
      <xmin>1643.4613560267858</xmin>
      <ymin>158.61174665178572</ymin>
      <xmax>1939.1658482142861</xmax>
      <ymax>304.931631905692</ymax>
    </bndbox>
    <attributes>
      <attribute>
        <name>keyframe</name>
        <value>True</value>
      </attribute>
      <attribute>
        <name>track_id</name>
        <value>230</value>
      </attribute>
    </attributes>
  </object>
  <object>
    <name>vehicule</name>
    <occluded>0</occluded>
    <bndbox>
      <xmin>1911.2543247767858</xmin>
      <ymin>161.76688058035714</ymin>
      <xmax>2165.322879464287</xmax>
      <ymax>291.52226693289623</ymax>
    </bndbox>
    <attributes>
      <attribute>
        <name>keyframe</name>
        <value>True</value>
      </attribute>
      <attribute>
        <name>track_id</name>
        <value>231</value>
      </attribute>
    </attributes>
  </object>
  <object>
    <name>vehicule</name>
    <occluded>0</occluded>
    <bndbox>
      <xmin>144.34285714285838</xmin>
      <ymin>214.22770647321522</ymin>
      <xmax>424.275144304548</xmax>
      <ymax>429.95311192103793</ymax>
    </bndbox>
    <attributes>
      <attribute>
        <name>keyframe</name>
        <value>True</value>
      </attribute>
      <attribute>
        <name>track_id</name>
        <value>249</value>
      </attribute>
    </attributes>
  </object>
</annotation>
