<annotation>
  <folder>frame</folder>
  <filename>frame_002064.jpg</filename>
  <source>
    <database>Unknown</database>
    <annotation>Unknown</annotation>
    <image>Unknown</image>
  </source>
  <size>
    <width>2456</width>
    <height>2054</height>
    <depth>3</depth>
  </size>
  <segmented>0</segmented>
  <object>
    <name>vehicule</name>
    <occluded>0</occluded>
    <bndbox>
      <xmin>379.80957782451924</xmin>
      <ymin>38.760088641827906</ymin>
      <xmax>690.7009990985584</xmax>
      <ymax>188.51707751934345</ymax>
    </bndbox>
    <attributes>
      <attribute>
        <name>keyframe</name>
        <value>True</value>
      </attribute>
      <attribute>
        <name>track_id</name>
        <value>329</value>
      </attribute>
    </attributes>
  </object>
  <object>
    <name>vehicule</name>
    <occluded>0</occluded>
    <bndbox>
      <xmin>1880.5384410511365</xmin>
      <ymin>249.4476562500007</ymin>
      <xmax>2182.681818181818</xmax>
      <ymax>420.0764063054865</ymax>
    </bndbox>
    <attributes>
      <attribute>
        <name>keyframe</name>
        <value>True</value>
      </attribute>
      <attribute>
        <name>track_id</name>
        <value>331</value>
      </attribute>
    </attributes>
  </object>
</annotation>
