<annotation>
  <folder>frame</folder>
  <filename>frame_000995.jpg</filename>
  <source>
    <database>Unknown</database>
    <annotation>Unknown</annotation>
    <image>Unknown</image>
  </source>
  <size>
    <width>2456</width>
    <height>2054</height>
    <depth>3</depth>
  </size>
  <segmented>0</segmented>
  <object>
    <name>vehicule</name>
    <occluded>0</occluded>
    <bndbox>
      <xmin>1664.8656901041666</xmin>
      <ymin>152.1568359375</ymin>
      <xmax>1769.7742899576822</xmax>
      <ymax>292.95522155761716</ymax>
    </bndbox>
    <attributes>
      <attribute>
        <name>keyframe</name>
        <value>True</value>
      </attribute>
      <attribute>
        <name>track_id</name>
        <value>167</value>
      </attribute>
    </attributes>
  </object>
  <object>
    <name>vehicule</name>
    <occluded>0</occluded>
    <bndbox>
      <xmin>1750.4477213541666</xmin>
      <ymin>41.22708333333333</ymin>
      <xmax>1888.480338541667</xmax>
      <ymax>192.46288503011067</ymax>
    </bndbox>
    <attributes>
      <attribute>
        <name>keyframe</name>
        <value>True</value>
      </attribute>
      <attribute>
        <name>track_id</name>
        <value>169</value>
      </attribute>
    </attributes>
  </object>
</annotation>
