<annotation>
  <folder>frame</folder>
  <filename>frame_001064.jpg</filename>
  <source>
    <database>Unknown</database>
    <annotation>Unknown</annotation>
    <image>Unknown</image>
  </source>
  <size>
    <width>2456</width>
    <height>2054</height>
    <depth>3</depth>
  </size>
  <segmented>0</segmented>
  <object>
    <name>vehicule</name>
    <occluded>0</occluded>
    <bndbox>
      <xmin>71.20671875000008</xmin>
      <ymin>15.9580078125</ymin>
      <xmax>349.469334716798</xmax>
      <ymax>176.08266204834072</ymax>
    </bndbox>
    <attributes>
      <attribute>
        <name>keyframe</name>
        <value>True</value>
      </attribute>
      <attribute>
        <name>track_id</name>
        <value>170</value>
      </attribute>
    </attributes>
  </object>
  <object>
    <name>vehicule</name>
    <occluded>0</occluded>
    <bndbox>
      <xmin>1762.2500000000002</xmin>
      <ymin>376.766666666667</ymin>
      <xmax>1960.5257924397786</xmax>
      <ymax>580.5349731445312</ymax>
    </bndbox>
    <attributes>
      <attribute>
        <name>keyframe</name>
        <value>True</value>
      </attribute>
      <attribute>
        <name>track_id</name>
        <value>171</value>
      </attribute>
    </attributes>
  </object>
  <object>
    <name>vehicule</name>
    <occluded>0</occluded>
    <bndbox>
      <xmin>1666.0659830729167</xmin>
      <ymin>187.58333333333454</ymin>
      <xmax>1835.8860982259123</xmax>
      <ymax>356.91242472330725</ymax>
    </bndbox>
    <attributes>
      <attribute>
        <name>keyframe</name>
        <value>True</value>
      </attribute>
      <attribute>
        <name>track_id</name>
        <value>172</value>
      </attribute>
    </attributes>
  </object>
</annotation>
