<annotation>
  <folder>frame</folder>
  <filename>frame_001601.jpg</filename>
  <source>
    <database>Unknown</database>
    <annotation>Unknown</annotation>
    <image>Unknown</image>
  </source>
  <size>
    <width>2456</width>
    <height>2054</height>
    <depth>3</depth>
  </size>
  <segmented>0</segmented>
  <object>
    <name>vehicule</name>
    <occluded>0</occluded>
    <bndbox>
      <xmin>1006.183935546875</xmin>
      <ymin>288.969091796875</ymin>
      <xmax>1329.356547387072</xmax>
      <ymax>493.31955786614355</ymax>
    </bndbox>
    <attributes>
      <attribute>
        <name>keyframe</name>
        <value>True</value>
      </attribute>
      <attribute>
        <name>track_id</name>
        <value>194</value>
      </attribute>
    </attributes>
  </object>
  <object>
    <name>vehicule</name>
    <occluded>0</occluded>
    <bndbox>
      <xmin>1214.423999683277</xmin>
      <ymin>380.24292652027026</ymin>
      <xmax>1519.9505726302257</xmax>
      <ymax>565.5861298936687</ymax>
    </bndbox>
    <attributes>
      <attribute>
        <name>keyframe</name>
        <value>True</value>
      </attribute>
      <attribute>
        <name>track_id</name>
        <value>201</value>
      </attribute>
    </attributes>
  </object>
  <object>
    <name>vehicule</name>
    <occluded>0</occluded>
    <bndbox>
      <xmin>1464.4927734375</xmin>
      <ymin>423.550341796875</ymin>
      <xmax>1851.4843732081408</xmax>
      <ymax>651.5163147439264</ymax>
    </bndbox>
    <attributes>
      <attribute>
        <name>keyframe</name>
        <value>True</value>
      </attribute>
      <attribute>
        <name>track_id</name>
        <value>207</value>
      </attribute>
    </attributes>
  </object>
  <object>
    <name>vehicule</name>
    <occluded>0</occluded>
    <bndbox>
      <xmin>1516.0649283506016</xmin>
      <ymin>302.30873475100265</ymin>
      <xmax>1840.2893424131023</xmax>
      <ymax>473.5194250586191</ymax>
    </bndbox>
    <attributes>
      <attribute>
        <name>keyframe</name>
        <value>True</value>
      </attribute>
      <attribute>
        <name>track_id</name>
        <value>211</value>
      </attribute>
    </attributes>
  </object>
  <object>
    <name>vehicule</name>
    <occluded>0</occluded>
    <bndbox>
      <xmin>1789.9392496744792</xmin>
      <ymin>353.7903645833333</ymin>
      <xmax>2046.0697594591902</xmax>
      <ymax>560.9683092189641</ymax>
    </bndbox>
    <attributes>
      <attribute>
        <name>keyframe</name>
        <value>True</value>
      </attribute>
      <attribute>
        <name>track_id</name>
        <value>215</value>
      </attribute>
    </attributes>
  </object>
  <object>
    <name>vehicule</name>
    <occluded>0</occluded>
    <bndbox>
      <xmin>1825.9991658528645</xmin>
      <ymin>287.498046875</ymin>
      <xmax>2083.363858235677</xmax>
      <ymax>430.79973007202045</ymax>
    </bndbox>
    <attributes>
      <attribute>
        <name>keyframe</name>
        <value>True</value>
      </attribute>
      <attribute>
        <name>track_id</name>
        <value>233</value>
      </attribute>
    </attributes>
  </object>
  <object>
    <name>vehicule</name>
    <occluded>0</occluded>
    <bndbox>
      <xmin>1327.4490815033785</xmin>
      <ymin>255.5605405405413</ymin>
      <xmax>1616.8351351351362</xmax>
      <ymax>397.8796136804529</ymax>
    </bndbox>
    <attributes>
      <attribute>
        <name>keyframe</name>
        <value>True</value>
      </attribute>
      <attribute>
        <name>track_id</name>
        <value>250</value>
      </attribute>
    </attributes>
  </object>
  <object>
    <name>vehicule</name>
    <occluded>0</occluded>
    <bndbox>
      <xmin>1746.6422851562502</xmin>
      <ymin>833.9403320312504</ymin>
      <xmax>2243.923080444336</xmax>
      <ymax>1138.7742919921875</ymax>
    </bndbox>
    <attributes>
      <attribute>
        <name>keyframe</name>
        <value>True</value>
      </attribute>
      <attribute>
        <name>track_id</name>
        <value>254</value>
      </attribute>
    </attributes>
  </object>
  <object>
    <name>vehicule</name>
    <occluded>0</occluded>
    <bndbox>
      <xmin>422.83974609375036</xmin>
      <ymin>39.28105468750073</ymin>
      <xmax>663.9860321044926</xmax>
      <ymax>193.51562194824146</ymax>
    </bndbox>
    <attributes>
      <attribute>
        <name>keyframe</name>
        <value>True</value>
      </attribute>
      <attribute>
        <name>track_id</name>
        <value>255</value>
      </attribute>
    </attributes>
  </object>
  <object>
    <name>vehicule</name>
    <occluded>0</occluded>
    <bndbox>
      <xmin>2159.458984375</xmin>
      <ymin>823.64404296875</ymin>
      <xmax>2456.0</xmax>
      <ymax>1072.6204101562507</ymax>
    </bndbox>
    <attributes>
      <attribute>
        <name>keyframe</name>
        <value>True</value>
      </attribute>
      <attribute>
        <name>track_id</name>
        <value>257</value>
      </attribute>
    </attributes>
  </object>
  <object>
    <name>vehicule</name>
    <occluded>0</occluded>
    <bndbox>
      <xmin>843.1163671875</xmin>
      <ymin>70.018828125</ymin>
      <xmax>1154.6163671875001</xmax>
      <ymax>223.02950012206995</ymax>
    </bndbox>
    <attributes>
      <attribute>
        <name>keyframe</name>
        <value>True</value>
      </attribute>
      <attribute>
        <name>track_id</name>
        <value>259</value>
      </attribute>
    </attributes>
  </object>
  <object>
    <name>vehicule</name>
    <occluded>0</occluded>
    <bndbox>
      <xmin>969.2008203125</xmin>
      <ymin>158.70800000000017</ymin>
      <xmax>1298.32</xmax>
      <ymax>290.9828912353516</ymax>
    </bndbox>
    <attributes>
      <attribute>
        <name>keyframe</name>
        <value>True</value>
      </attribute>
      <attribute>
        <name>track_id</name>
        <value>260</value>
      </attribute>
    </attributes>
  </object>
  <object>
    <name>vehicule</name>
    <occluded>0</occluded>
    <bndbox>
      <xmin>1700.056640625</xmin>
      <ymin>986.41357421875</ymin>
      <xmax>2218.05</xmax>
      <ymax>1299.370510864258</ymax>
    </bndbox>
    <attributes>
      <attribute>
        <name>keyframe</name>
        <value>True</value>
      </attribute>
      <attribute>
        <name>track_id</name>
        <value>261</value>
      </attribute>
    </attributes>
  </object>
  <object>
    <name>vehicule</name>
    <occluded>0</occluded>
    <bndbox>
      <xmin>758.7428571428572</xmin>
      <ymin>551.6000000000012</ymin>
      <xmax>1192.339804513114</xmax>
      <ymax>793.7240186418805</ymax>
    </bndbox>
    <attributes>
      <attribute>
        <name>keyframe</name>
        <value>True</value>
      </attribute>
      <attribute>
        <name>track_id</name>
        <value>262</value>
      </attribute>
    </attributes>
  </object>
  <object>
    <name>vehicule</name>
    <occluded>0</occluded>
    <bndbox>
      <xmin>1625.8220312500002</xmin>
      <ymin>146.612890625</ymin>
      <xmax>1908.7860937499995</xmax>
      <ymax>281.4714721679687</ymax>
    </bndbox>
    <attributes>
      <attribute>
        <name>keyframe</name>
        <value>True</value>
      </attribute>
      <attribute>
        <name>track_id</name>
        <value>263</value>
      </attribute>
    </attributes>
  </object>
  <object>
    <name>vehicule</name>
    <occluded>0</occluded>
    <bndbox>
      <xmin>131.19003906250055</xmin>
      <ymin>71.447265625</ymin>
      <xmax>446.3962799072269</xmax>
      <ymax>225.05935974120985</ymax>
    </bndbox>
    <attributes>
      <attribute>
        <name>keyframe</name>
        <value>True</value>
      </attribute>
      <attribute>
        <name>track_id</name>
        <value>264</value>
      </attribute>
    </attributes>
  </object>
  <object>
    <name>vehicule</name>
    <occluded>0</occluded>
    <bndbox>
      <xmin>2096.309164663463</xmin>
      <ymin>253.41508413461662</ymin>
      <xmax>2384.8134615384615</xmax>
      <ymax>389.5535210242636</ymax>
    </bndbox>
    <attributes>
      <attribute>
        <name>keyframe</name>
        <value>True</value>
      </attribute>
      <attribute>
        <name>track_id</name>
        <value>265</value>
      </attribute>
    </attributes>
  </object>
  <object>
    <name>vehicule</name>
    <occluded>0</occluded>
    <bndbox>
      <xmin>2217.2109375</xmin>
      <ymin>203.1923828125</ymin>
      <xmax>2448.6749572753906</xmax>
      <ymax>315.5745391845703</ymax>
    </bndbox>
    <attributes>
      <attribute>
        <name>keyframe</name>
        <value>True</value>
      </attribute>
      <attribute>
        <name>track_id</name>
        <value>266</value>
      </attribute>
    </attributes>
  </object>
</annotation>
