<annotation>
  <folder>frame</folder>
  <filename>frame_002304.jpg</filename>
  <source>
    <database>Unknown</database>
    <annotation>Unknown</annotation>
    <image>Unknown</image>
  </source>
  <size>
    <width>2456</width>
    <height>2054</height>
    <depth>3</depth>
  </size>
  <segmented>0</segmented>
  <object>
    <name>vehicule</name>
    <occluded>0</occluded>
    <bndbox>
      <xmin>2072.469791666668</xmin>
      <ymin>671.2719401041674</ymin>
      <xmax>2378.8803507486978</xmax>
      <ymax>944.1141672770178</ymax>
    </bndbox>
    <attributes>
      <attribute>
        <name>keyframe</name>
        <value>True</value>
      </attribute>
      <attribute>
        <name>track_id</name>
        <value>343</value>
      </attribute>
    </attributes>
  </object>
  <object>
    <name>vehicule</name>
    <occluded>0</occluded>
    <bndbox>
      <xmin>1771.1890625</xmin>
      <ymin>282.8965021306818</ymin>
      <xmax>1956.4134676846604</xmax>
      <ymax>487.52384560324896</ymax>
    </bndbox>
    <attributes>
      <attribute>
        <name>keyframe</name>
        <value>True</value>
      </attribute>
      <attribute>
        <name>track_id</name>
        <value>344</value>
      </attribute>
    </attributes>
  </object>
  <object>
    <name>vehicule</name>
    <occluded>0</occluded>
    <bndbox>
      <xmin>1682.0294122869318</xmin>
      <ymin>156.9163884943182</ymin>
      <xmax>1821.2566139914773</xmax>
      <ymax>316.1374314741641</ymax>
    </bndbox>
    <attributes>
      <attribute>
        <name>keyframe</name>
        <value>True</value>
      </attribute>
      <attribute>
        <name>track_id</name>
        <value>345</value>
      </attribute>
    </attributes>
  </object>
</annotation>
