<annotation>
  <folder>frame</folder>
  <filename>frame_002825.jpg</filename>
  <source>
    <database>Unknown</database>
    <annotation>Unknown</annotation>
    <image>Unknown</image>
  </source>
  <size>
    <width>2456</width>
    <height>2054</height>
    <depth>3</depth>
  </size>
  <segmented>0</segmented>
  <object>
    <name>vehicule</name>
    <occluded>0</occluded>
    <bndbox>
      <xmin>26.38134765625</xmin>
      <ymin>746.3692382812505</ymin>
      <xmax>420.9067016601566</xmax>
      <ymax>1012.1700988769526</ymax>
    </bndbox>
    <attributes>
      <attribute>
        <name>keyframe</name>
        <value>True</value>
      </attribute>
      <attribute>
        <name>track_id</name>
        <value>358</value>
      </attribute>
    </attributes>
  </object>
  <object>
    <name>vehicule</name>
    <occluded>0</occluded>
    <bndbox>
      <xmin>1134.2451923076924</xmin>
      <ymin>475.3250300480772</ymin>
      <xmax>1508.8292387143401</xmax>
      <ymax>688.0159609089466</ymax>
    </bndbox>
    <attributes>
      <attribute>
        <name>keyframe</name>
        <value>True</value>
      </attribute>
      <attribute>
        <name>track_id</name>
        <value>381</value>
      </attribute>
    </attributes>
  </object>
  <object>
    <name>vehicule</name>
    <occluded>0</occluded>
    <bndbox>
      <xmin>1520.5003004807693</xmin>
      <ymin>664.6235426682694</ymin>
      <xmax>1808.3418259045002</xmax>
      <ymax>894.6891329609892</ymax>
    </bndbox>
    <attributes>
      <attribute>
        <name>keyframe</name>
        <value>True</value>
      </attribute>
      <attribute>
        <name>track_id</name>
        <value>399</value>
      </attribute>
    </attributes>
  </object>
  <object>
    <name>vehicule</name>
    <occluded>0</occluded>
    <bndbox>
      <xmin>461.4469401041667</xmin>
      <ymin>466.04654947916663</ymin>
      <xmax>911.7457149621223</xmax>
      <ymax>776.3039666378129</ymax>
    </bndbox>
    <attributes>
      <attribute>
        <name>keyframe</name>
        <value>True</value>
      </attribute>
      <attribute>
        <name>track_id</name>
        <value>402</value>
      </attribute>
    </attributes>
  </object>
  <object>
    <name>vehicule</name>
    <occluded>0</occluded>
    <bndbox>
      <xmin>1065.0307992788462</xmin>
      <ymin>323.2758413461538</ymin>
      <xmax>1459.5953837958923</xmax>
      <ymax>521.9842742962605</ymax>
    </bndbox>
    <attributes>
      <attribute>
        <name>keyframe</name>
        <value>True</value>
      </attribute>
      <attribute>
        <name>track_id</name>
        <value>404</value>
      </attribute>
    </attributes>
  </object>
  <object>
    <name>vehicule</name>
    <occluded>0</occluded>
    <bndbox>
      <xmin>1784.0523437500008</xmin>
      <ymin>545.5269097222222</ymin>
      <xmax>1922.3718570402295</xmax>
      <ymax>689.2661965907303</ymax>
    </bndbox>
    <attributes>
      <attribute>
        <name>keyframe</name>
        <value>True</value>
      </attribute>
      <attribute>
        <name>track_id</name>
        <value>411</value>
      </attribute>
    </attributes>
  </object>
</annotation>
