<annotation>
  <folder>frame</folder>
  <filename>frame_000620.jpg</filename>
  <source>
    <database>Unknown</database>
    <annotation>Unknown</annotation>
    <image>Unknown</image>
  </source>
  <size>
    <width>2456</width>
    <height>2054</height>
    <depth>3</depth>
  </size>
  <segmented>0</segmented>
  <object>
    <name>vehicule</name>
    <occluded>0</occluded>
    <bndbox>
      <xmin>522.9618055555555</xmin>
      <ymin>776.6985894097226</ymin>
      <xmax>986.7331380208335</xmax>
      <ymax>1039.848602294921</ymax>
    </bndbox>
    <attributes>
      <attribute>
        <name>keyframe</name>
        <value>True</value>
      </attribute>
      <attribute>
        <name>track_id</name>
        <value>95</value>
      </attribute>
    </attributes>
  </object>
  <object>
    <name>vehicule</name>
    <occluded>0</occluded>
    <bndbox>
      <xmin>2176.511962890625</xmin>
      <ymin>934.3821289062503</ymin>
      <xmax>2456.0</xmax>
      <ymax>1213.9975189208985</ymax>
    </bndbox>
    <attributes>
      <attribute>
        <name>keyframe</name>
        <value>True</value>
      </attribute>
      <attribute>
        <name>track_id</name>
        <value>99</value>
      </attribute>
    </attributes>
  </object>
  <object>
    <name>vehicule</name>
    <occluded>0</occluded>
    <bndbox>
      <xmin>307.3611111111111</xmin>
      <ymin>683.2157118055555</ymin>
      <xmax>724.4188368055555</xmax>
      <ymax>920.6607649061415</ymax>
    </bndbox>
    <attributes>
      <attribute>
        <name>keyframe</name>
        <value>True</value>
      </attribute>
      <attribute>
        <name>track_id</name>
        <value>106</value>
      </attribute>
    </attributes>
  </object>
  <object>
    <name>vehicule</name>
    <occluded>0</occluded>
    <bndbox>
      <xmin>173.587109375</xmin>
      <ymin>16.49921875</ymin>
      <xmax>391.77206726074184</xmax>
      <ymax>164.76973724365197</ymax>
    </bndbox>
    <attributes>
      <attribute>
        <name>keyframe</name>
        <value>True</value>
      </attribute>
      <attribute>
        <name>track_id</name>
        <value>112</value>
      </attribute>
    </attributes>
  </object>
  <object>
    <name>vehicule</name>
    <occluded>0</occluded>
    <bndbox>
      <xmin>1072.8647786458334</xmin>
      <ymin>273.5266666666676</ymin>
      <xmax>1337.8400000000004</xmax>
      <ymax>448.56842244466145</ymax>
    </bndbox>
    <attributes>
      <attribute>
        <name>keyframe</name>
        <value>True</value>
      </attribute>
      <attribute>
        <name>track_id</name>
        <value>115</value>
      </attribute>
    </attributes>
  </object>
  <object>
    <name>vehicule</name>
    <occluded>0</occluded>
    <bndbox>
      <xmin>947.0510475852273</xmin>
      <ymin>104.9765625</ymin>
      <xmax>1269.8589349920103</xmax>
      <ymax>240.25788726806604</ymax>
    </bndbox>
    <attributes>
      <attribute>
        <name>keyframe</name>
        <value>True</value>
      </attribute>
      <attribute>
        <name>track_id</name>
        <value>116</value>
      </attribute>
    </attributes>
  </object>
  <object>
    <name>vehicule</name>
    <occluded>0</occluded>
    <bndbox>
      <xmin>1322.2404174804688</xmin>
      <ymin>324.03750000000036</ymin>
      <xmax>1681.1375000000007</xmax>
      <ymax>606.1046962738037</ymax>
    </bndbox>
    <attributes>
      <attribute>
        <name>keyframe</name>
        <value>True</value>
      </attribute>
      <attribute>
        <name>track_id</name>
        <value>117</value>
      </attribute>
    </attributes>
  </object>
  <object>
    <name>vehicule</name>
    <occluded>0</occluded>
    <bndbox>
      <xmin>2053.1181640625</xmin>
      <ymin>1541.800000000001</ymin>
      <xmax>2456.0</xmax>
      <ymax>1837.2267761230469</ymax>
    </bndbox>
    <attributes>
      <attribute>
        <name>keyframe</name>
        <value>True</value>
      </attribute>
      <attribute>
        <name>track_id</name>
        <value>120</value>
      </attribute>
    </attributes>
  </object>
  <object>
    <name>vehicule</name>
    <occluded>0</occluded>
    <bndbox>
      <xmin>1838.1005859375</xmin>
      <ymin>257.55968520220586</ymin>
      <xmax>2166.4464843749993</xmax>
      <ymax>425.9594898897062</ymax>
    </bndbox>
    <attributes>
      <attribute>
        <name>keyframe</name>
        <value>True</value>
      </attribute>
      <attribute>
        <name>track_id</name>
        <value>121</value>
      </attribute>
    </attributes>
  </object>
  <object>
    <name>vehicule</name>
    <occluded>0</occluded>
    <bndbox>
      <xmin>166.98518880208331</xmin>
      <ymin>1184.30908203125</ymin>
      <xmax>674.095937093099</xmax>
      <ymax>1454.8625976562507</ymax>
    </bndbox>
    <attributes>
      <attribute>
        <name>keyframe</name>
        <value>True</value>
      </attribute>
      <attribute>
        <name>track_id</name>
        <value>122</value>
      </attribute>
    </attributes>
  </object>
  <object>
    <name>vehicule</name>
    <occluded>0</occluded>
    <bndbox>
      <xmin>2188.4071093750003</xmin>
      <ymin>227.708984375</ymin>
      <xmax>2432.809765625</xmax>
      <ymax>371.2681121826172</ymax>
    </bndbox>
    <attributes>
      <attribute>
        <name>keyframe</name>
        <value>True</value>
      </attribute>
      <attribute>
        <name>track_id</name>
        <value>124</value>
      </attribute>
    </attributes>
  </object>
</annotation>
