<annotation>
  <folder>frame</folder>
  <filename>frame_000784.jpg</filename>
  <source>
    <database>Unknown</database>
    <annotation>Unknown</annotation>
    <image>Unknown</image>
  </source>
  <size>
    <width>2456</width>
    <height>2054</height>
    <depth>3</depth>
  </size>
  <segmented>0</segmented>
  <object>
    <name>vehicule</name>
    <occluded>0</occluded>
    <bndbox>
      <xmin>188.890625</xmin>
      <ymin>632.2250000000004</ymin>
      <xmax>598.2250000000008</xmax>
      <ymax>948.2659225463867</ymax>
    </bndbox>
    <attributes>
      <attribute>
        <name>keyframe</name>
        <value>True</value>
      </attribute>
      <attribute>
        <name>track_id</name>
        <value>143</value>
      </attribute>
    </attributes>
  </object>
  <object>
    <name>vehicule</name>
    <occluded>0</occluded>
    <bndbox>
      <xmin>1030.92724609375</xmin>
      <ymin>483.75000000000045</ymin>
      <xmax>1355.173880004883</xmax>
      <ymax>693.5989646911621</ymax>
    </bndbox>
    <attributes>
      <attribute>
        <name>keyframe</name>
        <value>True</value>
      </attribute>
      <attribute>
        <name>track_id</name>
        <value>145</value>
      </attribute>
    </attributes>
  </object>
  <object>
    <name>vehicule</name>
    <occluded>0</occluded>
    <bndbox>
      <xmin>1070.245849609375</xmin>
      <ymin>95.836669921875</ymin>
      <xmax>1401.392138671874</xmax>
      <ymax>272.5731414794918</ymax>
    </bndbox>
    <attributes>
      <attribute>
        <name>keyframe</name>
        <value>True</value>
      </attribute>
      <attribute>
        <name>track_id</name>
        <value>146</value>
      </attribute>
    </attributes>
  </object>
  <object>
    <name>vehicule</name>
    <occluded>0</occluded>
    <bndbox>
      <xmin>1650.049072265625</xmin>
      <ymin>320.8711425781253</ymin>
      <xmax>1920.4180175781257</xmax>
      <ymax>480.27744827270544</ymax>
    </bndbox>
    <attributes>
      <attribute>
        <name>keyframe</name>
        <value>True</value>
      </attribute>
      <attribute>
        <name>track_id</name>
        <value>147</value>
      </attribute>
    </attributes>
  </object>
  <object>
    <name>vehicule</name>
    <occluded>0</occluded>
    <bndbox>
      <xmin>1813.950474330357</xmin>
      <ymin>174.66231863839286</ymin>
      <xmax>2080.734711783273</xmax>
      <ymax>301.6569399152483</ymax>
    </bndbox>
    <attributes>
      <attribute>
        <name>keyframe</name>
        <value>True</value>
      </attribute>
      <attribute>
        <name>track_id</name>
        <value>148</value>
      </attribute>
    </attributes>
  </object>
  <object>
    <name>vehicule</name>
    <occluded>0</occluded>
    <bndbox>
      <xmin>2096.3696289062514</xmin>
      <ymin>278.78271484375</ymin>
      <xmax>2356.801483154297</xmax>
      <ymax>403.01658630371094</ymax>
    </bndbox>
    <attributes>
      <attribute>
        <name>keyframe</name>
        <value>True</value>
      </attribute>
      <attribute>
        <name>track_id</name>
        <value>149</value>
      </attribute>
    </attributes>
  </object>
</annotation>
