<annotation>
  <folder>frame</folder>
  <filename>frame_002332.jpg</filename>
  <source>
    <database>Unknown</database>
    <annotation>Unknown</annotation>
    <image>Unknown</image>
  </source>
  <size>
    <width>2456</width>
    <height>2054</height>
    <depth>3</depth>
  </size>
  <segmented>0</segmented>
  <object>
    <name>vehicule</name>
    <occluded>0</occluded>
    <bndbox>
      <xmin>1844.3375000000012</xmin>
      <ymin>578.900000000001</ymin>
      <xmax>2164.33233833313</xmax>
      <ymax>844.0309581756592</ymax>
    </bndbox>
    <attributes>
      <attribute>
        <name>keyframe</name>
        <value>True</value>
      </attribute>
      <attribute>
        <name>track_id</name>
        <value>345</value>
      </attribute>
    </attributes>
  </object>
  <object>
    <name>vehicule</name>
    <occluded>0</occluded>
    <bndbox>
      <xmin>1736.560546875</xmin>
      <ymin>111.24291992187591</ymin>
      <xmax>1901.800000000001</xmax>
      <ymax>331.28270874023383</ymax>
    </bndbox>
    <attributes>
      <attribute>
        <name>keyframe</name>
        <value>True</value>
      </attribute>
      <attribute>
        <name>track_id</name>
        <value>346</value>
      </attribute>
    </attributes>
  </object>
</annotation>
