<annotation>
  <folder>frame</folder>
  <filename>frame_001211.jpg</filename>
  <source>
    <database>Unknown</database>
    <annotation>Unknown</annotation>
    <image>Unknown</image>
  </source>
  <size>
    <width>2456</width>
    <height>2054</height>
    <depth>3</depth>
  </size>
  <segmented>0</segmented>
  <object>
    <name>vehicule</name>
    <occluded>0</occluded>
    <bndbox>
      <xmin>2150.9981971153848</xmin>
      <ymin>674.904822716347</ymin>
      <xmax>2255.0350107046274</xmax>
      <ymax>879.2262674184943</ymax>
    </bndbox>
    <attributes>
      <attribute>
        <name>keyframe</name>
        <value>True</value>
      </attribute>
      <attribute>
        <name>track_id</name>
        <value>177</value>
      </attribute>
    </attributes>
  </object>
  <object>
    <name>vehicule</name>
    <occluded>0</occluded>
    <bndbox>
      <xmin>646.6242466517863</xmin>
      <ymin>363.46978236607214</ymin>
      <xmax>991.8450546264644</xmax>
      <ymax>550.1646303449354</ymax>
    </bndbox>
    <attributes>
      <attribute>
        <name>keyframe</name>
        <value>True</value>
      </attribute>
      <attribute>
        <name>track_id</name>
        <value>180</value>
      </attribute>
    </attributes>
  </object>
  <object>
    <name>vehicule</name>
    <occluded>0</occluded>
    <bndbox>
      <xmin>1135.9434344951924</xmin>
      <ymin>1522.9048978365386</ymin>
      <xmax>1729.4434344951924</xmax>
      <ymax>1815.544668344351</ymax>
    </bndbox>
    <attributes>
      <attribute>
        <name>keyframe</name>
        <value>True</value>
      </attribute>
      <attribute>
        <name>track_id</name>
        <value>181</value>
      </attribute>
    </attributes>
  </object>
  <object>
    <name>vehicule</name>
    <occluded>0</occluded>
    <bndbox>
      <xmin>110.45000000000073</xmin>
      <ymin>401.08349609375</ymin>
      <xmax>416.787991333008</xmax>
      <ymax>599.8915039062504</ymax>
    </bndbox>
    <attributes>
      <attribute>
        <name>keyframe</name>
        <value>True</value>
      </attribute>
      <attribute>
        <name>track_id</name>
        <value>182</value>
      </attribute>
    </attributes>
  </object>
  <object>
    <name>vehicule</name>
    <occluded>0</occluded>
    <bndbox>
      <xmin>44.51250000000027</xmin>
      <ymin>273.41579589843764</ymin>
      <xmax>335.0323791503906</xmax>
      <ymax>448.7069549560547</ymax>
    </bndbox>
    <attributes>
      <attribute>
        <name>keyframe</name>
        <value>True</value>
      </attribute>
      <attribute>
        <name>track_id</name>
        <value>183</value>
      </attribute>
    </attributes>
  </object>
  <object>
    <name>vehicule</name>
    <occluded>0</occluded>
    <bndbox>
      <xmin>2175.4088541666665</xmin>
      <ymin>236.83430989583334</ymin>
      <xmax>2445.8772786458335</xmax>
      <ymax>419.9408325195315</ymax>
    </bndbox>
    <attributes>
      <attribute>
        <name>keyframe</name>
        <value>True</value>
      </attribute>
      <attribute>
        <name>track_id</name>
        <value>184</value>
      </attribute>
    </attributes>
  </object>
</annotation>
