<annotation>
  <folder>frame</folder>
  <filename>frame_000693.jpg</filename>
  <source>
    <database>Unknown</database>
    <annotation>Unknown</annotation>
    <image>Unknown</image>
  </source>
  <size>
    <width>2456</width>
    <height>2054</height>
    <depth>3</depth>
  </size>
  <segmented>0</segmented>
  <object>
    <name>vehicule</name>
    <occluded>0</occluded>
    <bndbox>
      <xmin>44.80000000000109</xmin>
      <ymin>742.2001953125</ymin>
      <xmax>435.13079833984375</xmax>
      <ymax>982.3156402587883</ymax>
    </bndbox>
    <attributes>
      <attribute>
        <name>keyframe</name>
        <value>True</value>
      </attribute>
      <attribute>
        <name>track_id</name>
        <value>124</value>
      </attribute>
    </attributes>
  </object>
  <object>
    <name>vehicule</name>
    <occluded>0</occluded>
    <bndbox>
      <xmin>739.9195963541667</xmin>
      <ymin>615.1236328125002</ymin>
      <xmax>1101.372200520834</xmax>
      <ymax>857.1618642171221</ymax>
    </bndbox>
    <attributes>
      <attribute>
        <name>keyframe</name>
        <value>True</value>
      </attribute>
      <attribute>
        <name>track_id</name>
        <value>125</value>
      </attribute>
    </attributes>
  </object>
  <object>
    <name>vehicule</name>
    <occluded>0</occluded>
    <bndbox>
      <xmin>23.9248046875</xmin>
      <ymin>17.8896484375</ymin>
      <xmax>344.02480468749854</xmax>
      <ymax>155.9272918701172</ymax>
    </bndbox>
    <attributes>
      <attribute>
        <name>keyframe</name>
        <value>True</value>
      </attribute>
      <attribute>
        <name>track_id</name>
        <value>127</value>
      </attribute>
    </attributes>
  </object>
  <object>
    <name>vehicule</name>
    <occluded>0</occluded>
    <bndbox>
      <xmin>1126.5061848958335</xmin>
      <ymin>124.63932291666667</ymin>
      <xmax>1416.112019856771</xmax>
      <ymax>251.63394419352213</ymax>
    </bndbox>
    <attributes>
      <attribute>
        <name>keyframe</name>
        <value>True</value>
      </attribute>
      <attribute>
        <name>track_id</name>
        <value>132</value>
      </attribute>
    </attributes>
  </object>
  <object>
    <name>vehicule</name>
    <occluded>0</occluded>
    <bndbox>
      <xmin>1736.8597005208333</xmin>
      <ymin>267.5444444444454</ymin>
      <xmax>2020.7192708333334</xmax>
      <ymax>449.49009704589844</ymax>
    </bndbox>
    <attributes>
      <attribute>
        <name>keyframe</name>
        <value>True</value>
      </attribute>
      <attribute>
        <name>track_id</name>
        <value>133</value>
      </attribute>
    </attributes>
  </object>
  <object>
    <name>vehicule</name>
    <occluded>0</occluded>
    <bndbox>
      <xmin>1323.2721354166665</xmin>
      <ymin>1489.3290364583336</ymin>
      <xmax>1971.2169596354165</xmax>
      <ymax>1809.6290364583328</ymax>
    </bndbox>
    <attributes>
      <attribute>
        <name>keyframe</name>
        <value>True</value>
      </attribute>
      <attribute>
        <name>track_id</name>
        <value>134</value>
      </attribute>
    </attributes>
  </object>
  <object>
    <name>vehicule</name>
    <occluded>0</occluded>
    <bndbox>
      <xmin>647.9058593750002</xmin>
      <ymin>1096.4479166666667</ymin>
      <xmax>1373.0523559570306</xmax>
      <ymax>1510.5382792154949</ymax>
    </bndbox>
    <attributes>
      <attribute>
        <name>keyframe</name>
        <value>True</value>
      </attribute>
      <attribute>
        <name>track_id</name>
        <value>135</value>
      </attribute>
    </attributes>
  </object>
  <object>
    <name>vehicule</name>
    <occluded>0</occluded>
    <bndbox>
      <xmin>2216.004513888889</xmin>
      <ymin>268.1998697916667</ymin>
      <xmax>2431.7667100694443</xmax>
      <ymax>411.7589975992839</ymax>
    </bndbox>
    <attributes>
      <attribute>
        <name>keyframe</name>
        <value>True</value>
      </attribute>
      <attribute>
        <name>track_id</name>
        <value>136</value>
      </attribute>
    </attributes>
  </object>
  <object>
    <name>vehicule</name>
    <occluded>0</occluded>
    <bndbox>
      <xmin>2135.3244791666666</xmin>
      <ymin>209.3046875</ymin>
      <xmax>2411.4029473198784</xmax>
      <ymax>313.90587955051</ymax>
    </bndbox>
    <attributes>
      <attribute>
        <name>keyframe</name>
        <value>True</value>
      </attribute>
      <attribute>
        <name>track_id</name>
        <value>137</value>
      </attribute>
    </attributes>
  </object>
</annotation>
