<annotation>
  <folder>frame</folder>
  <filename>frame_000499.jpg</filename>
  <source>
    <database>Unknown</database>
    <annotation>Unknown</annotation>
    <image>Unknown</image>
  </source>
  <size>
    <width>2456</width>
    <height>2054</height>
    <depth>3</depth>
  </size>
  <segmented>0</segmented>
  <object>
    <name>vehicule</name>
    <occluded>0</occluded>
    <bndbox>
      <xmin>770.474609375</xmin>
      <ymin>604.51171875</ymin>
      <xmax>1149.61328125</xmax>
      <ymax>839.2195190429684</ymax>
    </bndbox>
    <attributes>
      <attribute>
        <name>keyframe</name>
        <value>True</value>
      </attribute>
      <attribute>
        <name>track_id</name>
        <value>2</value>
      </attribute>
    </attributes>
  </object>
  <object>
    <name>vehicule</name>
    <occluded>0</occluded>
    <bndbox>
      <xmin>1145.3930951286766</xmin>
      <ymin>403.5235294117653</ymin>
      <xmax>1422.6630514705885</xmax>
      <ymax>608.1783016429229</ymax>
    </bndbox>
    <attributes>
      <attribute>
        <name>keyframe</name>
        <value>True</value>
      </attribute>
      <attribute>
        <name>track_id</name>
        <value>12</value>
      </attribute>
    </attributes>
  </object>
  <object>
    <name>vehicule</name>
    <occluded>0</occluded>
    <bndbox>
      <xmin>1525.0152228860295</xmin>
      <ymin>355.48276654411785</ymin>
      <xmax>1793.6884650735299</xmax>
      <ymax>543.5903837316172</ymax>
    </bndbox>
    <attributes>
      <attribute>
        <name>keyframe</name>
        <value>True</value>
      </attribute>
      <attribute>
        <name>track_id</name>
        <value>28</value>
      </attribute>
    </attributes>
  </object>
  <object>
    <name>vehicule</name>
    <occluded>0</occluded>
    <bndbox>
      <xmin>722.2646484375</xmin>
      <ymin>349.9580078125</ymin>
      <xmax>1063.833984375</xmax>
      <ymax>579.0077178955071</ymax>
    </bndbox>
    <attributes>
      <attribute>
        <name>keyframe</name>
        <value>True</value>
      </attribute>
      <attribute>
        <name>track_id</name>
        <value>37</value>
      </attribute>
    </attributes>
  </object>
  <object>
    <name>vehicule</name>
    <occluded>0</occluded>
    <bndbox>
      <xmin>1744.2059397977941</xmin>
      <ymin>312.19270450367696</ymin>
      <xmax>2008.9135340073533</xmax>
      <ymax>463.8515050551471</ymax>
    </bndbox>
    <attributes>
      <attribute>
        <name>keyframe</name>
        <value>True</value>
      </attribute>
      <attribute>
        <name>track_id</name>
        <value>40</value>
      </attribute>
    </attributes>
  </object>
  <object>
    <name>vehicule</name>
    <occluded>0</occluded>
    <bndbox>
      <xmin>96.2939453125</xmin>
      <ymin>832.8134765625</ymin>
      <xmax>573.7000000000007</xmax>
      <ymax>1137.388671875</ymax>
    </bndbox>
    <attributes>
      <attribute>
        <name>keyframe</name>
        <value>True</value>
      </attribute>
      <attribute>
        <name>track_id</name>
        <value>58</value>
      </attribute>
    </attributes>
  </object>
  <object>
    <name>vehicule</name>
    <occluded>0</occluded>
    <bndbox>
      <xmin>1214.8303653492646</xmin>
      <ymin>292.1058823529422</ymin>
      <xmax>1518.2098239674287</xmax>
      <ymax>446.2474822998047</ymax>
    </bndbox>
    <attributes>
      <attribute>
        <name>keyframe</name>
        <value>True</value>
      </attribute>
      <attribute>
        <name>track_id</name>
        <value>87</value>
      </attribute>
    </attributes>
  </object>
  <object>
    <name>vehicule</name>
    <occluded>0</occluded>
    <bndbox>
      <xmin>1371.6749770220588</xmin>
      <ymin>578.6710822610305</ymin>
      <xmax>1655.0400850183826</xmax>
      <ymax>820.6165286793427</ymax>
    </bndbox>
    <attributes>
      <attribute>
        <name>keyframe</name>
        <value>True</value>
      </attribute>
      <attribute>
        <name>track_id</name>
        <value>90</value>
      </attribute>
    </attributes>
  </object>
  <object>
    <name>vehicule</name>
    <occluded>0</occluded>
    <bndbox>
      <xmin>1987.3186475409836</xmin>
      <ymin>266.6301869877049</ymin>
      <xmax>2296.418647540982</xmax>
      <ymax>415.7064961918065</ymax>
    </bndbox>
    <attributes>
      <attribute>
        <name>keyframe</name>
        <value>True</value>
      </attribute>
      <attribute>
        <name>track_id</name>
        <value>95</value>
      </attribute>
    </attributes>
  </object>
  <object>
    <name>vehicule</name>
    <occluded>0</occluded>
    <bndbox>
      <xmin>1743.8982077205883</xmin>
      <ymin>227.52479319852992</ymin>
      <xmax>1986.844451006721</xmax>
      <ymax>353.5657918593463</ymax>
    </bndbox>
    <attributes>
      <attribute>
        <name>keyframe</name>
        <value>True</value>
      </attribute>
      <attribute>
        <name>track_id</name>
        <value>99</value>
      </attribute>
    </attributes>
  </object>
  <object>
    <name>vehicule</name>
    <occluded>0</occluded>
    <bndbox>
      <xmin>2110.300000000001</xmin>
      <ymin>978.6259765625</ymin>
      <xmax>2456.0</xmax>
      <ymax>1240.9000000000015</ymax>
    </bndbox>
    <attributes>
      <attribute>
        <name>keyframe</name>
        <value>True</value>
      </attribute>
      <attribute>
        <name>track_id</name>
        <value>101</value>
      </attribute>
    </attributes>
  </object>
  <object>
    <name>vehicule</name>
    <occluded>0</occluded>
    <bndbox>
      <xmin>188.8000000000011</xmin>
      <ymin>12.400000000001455</ymin>
      <xmax>315.7769012451172</xmax>
      <ymax>144.8887481689453</ymax>
    </bndbox>
    <attributes>
      <attribute>
        <name>keyframe</name>
        <value>True</value>
      </attribute>
      <attribute>
        <name>track_id</name>
        <value>102</value>
      </attribute>
    </attributes>
  </object>
  <object>
    <name>vehicule</name>
    <occluded>0</occluded>
    <bndbox>
      <xmin>1201.9775390625</xmin>
      <ymin>103.4755859375</ymin>
      <xmax>1475.2920532226562</xmax>
      <ymax>241.5132293701172</ymax>
    </bndbox>
    <attributes>
      <attribute>
        <name>keyframe</name>
        <value>True</value>
      </attribute>
      <attribute>
        <name>track_id</name>
        <value>103</value>
      </attribute>
    </attributes>
  </object>
  <object>
    <name>vehicule</name>
    <occluded>0</occluded>
    <bndbox>
      <xmin>138.8125</xmin>
      <ymin>654.3000000000011</ymin>
      <xmax>508.8000000000011</xmax>
      <ymax>897.1927032470703</ymax>
    </bndbox>
    <attributes>
      <attribute>
        <name>keyframe</name>
        <value>True</value>
      </attribute>
      <attribute>
        <name>track_id</name>
        <value>420</value>
      </attribute>
    </attributes>
  </object>
</annotation>
