<annotation>
  <folder>frame</folder>
  <filename>frame_000157.jpg</filename>
  <source>
    <database>Unknown</database>
    <annotation>Unknown</annotation>
    <image>Unknown</image>
  </source>
  <size>
    <width>2456</width>
    <height>2054</height>
    <depth>3</depth>
  </size>
  <segmented>0</segmented>
  <object>
    <name>vehicule</name>
    <occluded>0</occluded>
    <bndbox>
      <xmin>1371.2581174616228</xmin>
      <ymin>402.64817023026313</ymin>
      <xmax>1650.4522500853743</xmax>
      <ymax>587.1251912119952</ymax>
    </bndbox>
    <attributes>
      <attribute>
        <name>keyframe</name>
        <value>True</value>
      </attribute>
      <attribute>
        <name>track_id</name>
        <value>2</value>
      </attribute>
    </attributes>
  </object>
  <object>
    <name>vehicule</name>
    <occluded>0</occluded>
    <bndbox>
      <xmin>972.692724309816</xmin>
      <ymin>283.8942005368101</ymin>
      <xmax>1256.6071774348163</xmax>
      <ymax>460.0070301266535</ymax>
    </bndbox>
    <attributes>
      <attribute>
        <name>keyframe</name>
        <value>True</value>
      </attribute>
      <attribute>
        <name>track_id</name>
        <value>4</value>
      </attribute>
    </attributes>
  </object>
  <object>
    <name>vehicule</name>
    <occluded>0</occluded>
    <bndbox>
      <xmin>1406.822264188879</xmin>
      <ymin>300.1661656996784</ymin>
      <xmax>1679.736432243796</xmax>
      <ymax>437.3979052375345</ymax>
    </bndbox>
    <attributes>
      <attribute>
        <name>keyframe</name>
        <value>True</value>
      </attribute>
      <attribute>
        <name>track_id</name>
        <value>12</value>
      </attribute>
    </attributes>
  </object>
  <object>
    <name>vehicule</name>
    <occluded>0</occluded>
    <bndbox>
      <xmin>1682.536560744382</xmin>
      <ymin>321.5206175386236</ymin>
      <xmax>1967.1592169943835</xmax>
      <ymax>473.53840013139666</ymax>
    </bndbox>
    <attributes>
      <attribute>
        <name>keyframe</name>
        <value>True</value>
      </attribute>
      <attribute>
        <name>track_id</name>
        <value>28</value>
      </attribute>
    </attributes>
  </object>
  <object>
    <name>vehicule</name>
    <occluded>0</occluded>
    <bndbox>
      <xmin>1116.3792724609375</xmin>
      <ymin>504.76171875</ymin>
      <xmax>1504.6624488830564</xmax>
      <ymax>704.83936882019</ymax>
    </bndbox>
    <attributes>
      <attribute>
        <name>keyframe</name>
        <value>True</value>
      </attribute>
      <attribute>
        <name>track_id</name>
        <value>30</value>
      </attribute>
    </attributes>
  </object>
  <object>
    <name>vehicule</name>
    <occluded>0</occluded>
    <bndbox>
      <xmin>956.5696149553571</xmin>
      <ymin>112.73325892857143</ymin>
      <xmax>1117.605976649693</xmax>
      <ymax>229.40532924107254</ymax>
    </bndbox>
    <attributes>
      <attribute>
        <name>keyframe</name>
        <value>True</value>
      </attribute>
      <attribute>
        <name>track_id</name>
        <value>32</value>
      </attribute>
    </attributes>
  </object>
  <object>
    <name>vehicule</name>
    <occluded>0</occluded>
    <bndbox>
      <xmin>1667.9500000000007</xmin>
      <ymin>772.6000000000004</ymin>
      <xmax>2117.6876068115234</xmax>
      <ymax>1021.9079132080078</ymax>
    </bndbox>
    <attributes>
      <attribute>
        <name>keyframe</name>
        <value>True</value>
      </attribute>
      <attribute>
        <name>track_id</name>
        <value>33</value>
      </attribute>
    </attributes>
  </object>
  <object>
    <name>vehicule</name>
    <occluded>0</occluded>
    <bndbox>
      <xmin>1435.9642857142858</xmin>
      <ymin>99.69001116071429</ymin>
      <xmax>1735.8373325892858</xmax>
      <ymax>237.72765459333147</ymax>
    </bndbox>
    <attributes>
      <attribute>
        <name>keyframe</name>
        <value>True</value>
      </attribute>
      <attribute>
        <name>track_id</name>
        <value>34</value>
      </attribute>
    </attributes>
  </object>
  <object>
    <name>vehicule</name>
    <occluded>0</occluded>
    <bndbox>
      <xmin>524.4338378906255</xmin>
      <ymin>505.44677734375</ymin>
      <xmax>910.9954956054685</xmax>
      <ymax>728.9764556884766</ymax>
    </bndbox>
    <attributes>
      <attribute>
        <name>keyframe</name>
        <value>True</value>
      </attribute>
      <attribute>
        <name>track_id</name>
        <value>35</value>
      </attribute>
    </attributes>
  </object>
  <object>
    <name>vehicule</name>
    <occluded>0</occluded>
    <bndbox>
      <xmin>589.4000000000008</xmin>
      <ymin>420.90000000000146</ymin>
      <xmax>914.1029396057129</xmax>
      <ymax>597.5123252868652</ymax>
    </bndbox>
    <attributes>
      <attribute>
        <name>keyframe</name>
        <value>True</value>
      </attribute>
      <attribute>
        <name>track_id</name>
        <value>36</value>
      </attribute>
    </attributes>
  </object>
  <object>
    <name>vehicule</name>
    <occluded>0</occluded>
    <bndbox>
      <xmin>1911.7533203125</xmin>
      <ymin>231.0392578125</ymin>
      <xmax>2225.7533203125</xmax>
      <ymax>404.9499053955078</ymax>
    </bndbox>
    <attributes>
      <attribute>
        <name>keyframe</name>
        <value>True</value>
      </attribute>
      <attribute>
        <name>track_id</name>
        <value>37</value>
      </attribute>
    </attributes>
  </object>
  <object>
    <name>vehicule</name>
    <occluded>0</occluded>
    <bndbox>
      <xmin>1133.7105915178572</xmin>
      <ymin>331.9858203125</ymin>
      <xmax>1401.2361577868853</xmax>
      <ymax>519.9521707231938</ymax>
    </bndbox>
    <attributes>
      <attribute>
        <name>keyframe</name>
        <value>True</value>
      </attribute>
      <attribute>
        <name>track_id</name>
        <value>420</value>
      </attribute>
    </attributes>
  </object>
</annotation>
