<annotation>
  <folder>frame</folder>
  <filename>frame_002685.jpg</filename>
  <source>
    <database>Unknown</database>
    <annotation>Unknown</annotation>
    <image>Unknown</image>
  </source>
  <size>
    <width>2456</width>
    <height>2054</height>
    <depth>3</depth>
  </size>
  <segmented>0</segmented>
  <object>
    <name>vehicule</name>
    <occluded>0</occluded>
    <bndbox>
      <xmin>1367.4459993131868</xmin>
      <ymin>311.74635774381875</ymin>
      <xmax>1635.3801790006883</xmax>
      <ymax>506.2755294967477</ymax>
    </bndbox>
    <attributes>
      <attribute>
        <name>keyframe</name>
        <value>True</value>
      </attribute>
      <attribute>
        <name>track_id</name>
        <value>358</value>
      </attribute>
    </attributes>
  </object>
  <object>
    <name>vehicule</name>
    <occluded>0</occluded>
    <bndbox>
      <xmin>981.9840563322371</xmin>
      <ymin>275.28187705592137</ymin>
      <xmax>1285.3810847179723</xmax>
      <ymax>490.02682470131924</ymax>
    </bndbox>
    <attributes>
      <attribute>
        <name>keyframe</name>
        <value>True</value>
      </attribute>
      <attribute>
        <name>track_id</name>
        <value>369</value>
      </attribute>
    </attributes>
  </object>
  <object>
    <name>vehicule</name>
    <occluded>0</occluded>
    <bndbox>
      <xmin>1623.3228011592741</xmin>
      <ymin>415.0520413306452</ymin>
      <xmax>1876.2526849434776</xmax>
      <ymax>601.802275222828</ymax>
    </bndbox>
    <attributes>
      <attribute>
        <name>keyframe</name>
        <value>True</value>
      </attribute>
      <attribute>
        <name>track_id</name>
        <value>371</value>
      </attribute>
    </attributes>
  </object>
  <object>
    <name>vehicule</name>
    <occluded>0</occluded>
    <bndbox>
      <xmin>1601.88680810866</xmin>
      <ymin>304.14576312295753</ymin>
      <xmax>1940.3420815461593</xmax>
      <ymax>449.41133624307326</ymax>
    </bndbox>
    <attributes>
      <attribute>
        <name>keyframe</name>
        <value>True</value>
      </attribute>
      <attribute>
        <name>track_id</name>
        <value>381</value>
      </attribute>
    </attributes>
  </object>
  <object>
    <name>vehicule</name>
    <occluded>0</occluded>
    <bndbox>
      <xmin>1053.7589613970592</xmin>
      <ymin>381.70680147058835</ymin>
      <xmax>1180.4079039629771</xmax>
      <ymax>542.3040137795833</ymax>
    </bndbox>
    <attributes>
      <attribute>
        <name>keyframe</name>
        <value>True</value>
      </attribute>
      <attribute>
        <name>track_id</name>
        <value>383</value>
      </attribute>
    </attributes>
  </object>
  <object>
    <name>vehicule</name>
    <occluded>0</occluded>
    <bndbox>
      <xmin>136.70068359375</xmin>
      <ymin>42.544108072916664</ymin>
      <xmax>415.8127929687507</xmax>
      <ymax>188.4247843424479</ymax>
    </bndbox>
    <attributes>
      <attribute>
        <name>keyframe</name>
        <value>True</value>
      </attribute>
      <attribute>
        <name>track_id</name>
        <value>394</value>
      </attribute>
    </attributes>
  </object>
  <object>
    <name>vehicule</name>
    <occluded>0</occluded>
    <bndbox>
      <xmin>1431.5800000000008</xmin>
      <ymin>785.0600000000002</ymin>
      <xmax>1885.68349609375</xmax>
      <ymax>1078.0869873046875</ymax>
    </bndbox>
    <attributes>
      <attribute>
        <name>keyframe</name>
        <value>True</value>
      </attribute>
      <attribute>
        <name>track_id</name>
        <value>395</value>
      </attribute>
    </attributes>
  </object>
  <object>
    <name>vehicule</name>
    <occluded>0</occluded>
    <bndbox>
      <xmin>1767.4317157451924</xmin>
      <ymin>666.6956430288466</ymin>
      <xmax>2128.3114952674277</xmax>
      <ymax>901.1503962590149</ymax>
    </bndbox>
    <attributes>
      <attribute>
        <name>keyframe</name>
        <value>True</value>
      </attribute>
      <attribute>
        <name>track_id</name>
        <value>396</value>
      </attribute>
    </attributes>
  </object>
  <object>
    <name>vehicule</name>
    <occluded>0</occluded>
    <bndbox>
      <xmin>703.6725260416667</xmin>
      <ymin>453.03564453125</ymin>
      <xmax>1018.1634142557772</xmax>
      <ymax>658.195211971507</ymax>
    </bndbox>
    <attributes>
      <attribute>
        <name>keyframe</name>
        <value>True</value>
      </attribute>
      <attribute>
        <name>track_id</name>
        <value>397</value>
      </attribute>
    </attributes>
  </object>
  <object>
    <name>vehicule</name>
    <occluded>0</occluded>
    <bndbox>
      <xmin>1298.6707208806818</xmin>
      <ymin>122.35999644886364</ymin>
      <xmax>1594.3222406560724</xmax>
      <ymax>254.6251484264027</ymax>
    </bndbox>
    <attributes>
      <attribute>
        <name>keyframe</name>
        <value>True</value>
      </attribute>
      <attribute>
        <name>track_id</name>
        <value>398</value>
      </attribute>
    </attributes>
  </object>
  <object>
    <name>vehicule</name>
    <occluded>0</occluded>
    <bndbox>
      <xmin>2006.5384765625</xmin>
      <ymin>266.62066406250017</ymin>
      <xmax>2240.7600000000007</xmax>
      <ymax>426.88397949218813</ymax>
    </bndbox>
    <attributes>
      <attribute>
        <name>keyframe</name>
        <value>True</value>
      </attribute>
      <attribute>
        <name>track_id</name>
        <value>399</value>
      </attribute>
    </attributes>
  </object>
  <object>
    <name>vehicule</name>
    <occluded>0</occluded>
    <bndbox>
      <xmin>1949.48125</xmin>
      <ymin>162.37576171875025</ymin>
      <xmax>2199.2759765625005</xmax>
      <ymax>289.4243289184569</ymax>
    </bndbox>
    <attributes>
      <attribute>
        <name>keyframe</name>
        <value>True</value>
      </attribute>
      <attribute>
        <name>track_id</name>
        <value>401</value>
      </attribute>
    </attributes>
  </object>
</annotation>
