<annotation>
  <folder>frame</folder>
  <filename>frame_002383.jpg</filename>
  <source>
    <database>Unknown</database>
    <annotation>Unknown</annotation>
    <image>Unknown</image>
  </source>
  <size>
    <width>2456</width>
    <height>2054</height>
    <depth>3</depth>
  </size>
  <segmented>0</segmented>
  <object>
    <name>vehicule</name>
    <occluded>0</occluded>
    <bndbox>
      <xmin>1837.1857142857145</xmin>
      <ymin>519.7214285714293</ymin>
      <xmax>2120.821900503976</xmax>
      <ymax>824.6644788469587</ymax>
    </bndbox>
    <attributes>
      <attribute>
        <name>keyframe</name>
        <value>True</value>
      </attribute>
      <attribute>
        <name>track_id</name>
        <value>347</value>
      </attribute>
    </attributes>
  </object>
  <object>
    <name>vehicule</name>
    <occluded>0</occluded>
    <bndbox>
      <xmin>645.2825474330359</xmin>
      <ymin>55.468819754464285</ymin>
      <xmax>953.4475446428571</xmax>
      <ymax>229.36017412458074</ymax>
    </bndbox>
    <attributes>
      <attribute>
        <name>keyframe</name>
        <value>True</value>
      </attribute>
      <attribute>
        <name>track_id</name>
        <value>348</value>
      </attribute>
    </attributes>
  </object>
  <object>
    <name>vehicule</name>
    <occluded>0</occluded>
    <bndbox>
      <xmin>1710.8337239583334</xmin>
      <ymin>78.02666666666725</ymin>
      <xmax>1873.41585144043</xmax>
      <ymax>233.50975036621094</ymax>
    </bndbox>
    <attributes>
      <attribute>
        <name>keyframe</name>
        <value>True</value>
      </attribute>
      <attribute>
        <name>track_id</name>
        <value>349</value>
      </attribute>
    </attributes>
  </object>
  <object>
    <name>vehicule</name>
    <occluded>0</occluded>
    <bndbox>
      <xmin>272.6314648437501</xmin>
      <ymin>1509.68701171875</ymin>
      <xmax>708.6267883300782</xmax>
      <ymax>1820.8991394042969</ymax>
    </bndbox>
    <attributes>
      <attribute>
        <name>keyframe</name>
        <value>True</value>
      </attribute>
      <attribute>
        <name>track_id</name>
        <value>350</value>
      </attribute>
    </attributes>
  </object>
</annotation>
