<annotation>
  <folder>frame</folder>
  <filename>frame_000980.jpg</filename>
  <source>
    <database>Unknown</database>
    <annotation>Unknown</annotation>
    <image>Unknown</image>
  </source>
  <size>
    <width>2456</width>
    <height>2054</height>
    <depth>3</depth>
  </size>
  <segmented>0</segmented>
  <object>
    <name>vehicule</name>
    <occluded>0</occluded>
    <bndbox>
      <xmin>639.8484375</xmin>
      <ymin>61.0</ymin>
      <xmax>1092.662849121094</xmax>
      <ymax>293.7804779052734</ymax>
    </bndbox>
    <attributes>
      <attribute>
        <name>keyframe</name>
        <value>True</value>
      </attribute>
      <attribute>
        <name>track_id</name>
        <value>119</value>
      </attribute>
    </attributes>
  </object>
</annotation>
