<annotation>
  <folder>frame</folder>
  <filename>frame_000711.jpg</filename>
  <source>
    <database>Unknown</database>
    <annotation>Unknown</annotation>
    <image>Unknown</image>
  </source>
  <size>
    <width>2456</width>
    <height>2054</height>
    <depth>3</depth>
  </size>
  <segmented>0</segmented>
  <object>
    <name>vehicule</name>
    <occluded>0</occluded>
    <bndbox>
      <xmin>1167.0891927083333</xmin>
      <ymin>403.1000000000006</ymin>
      <xmax>1522.8277743869346</xmax>
      <ymax>708.1780497233073</ymax>
    </bndbox>
    <attributes>
      <attribute>
        <name>keyframe</name>
        <value>True</value>
      </attribute>
      <attribute>
        <name>track_id</name>
        <value>92</value>
      </attribute>
    </attributes>
  </object>
  <object>
    <name>vehicule</name>
    <occluded>0</occluded>
    <bndbox>
      <xmin>799.8125</xmin>
      <ymin>0.0</ymin>
      <xmax>1039.7570495605469</xmax>
      <ymax>233.40615844726562</ymax>
    </bndbox>
    <attributes>
      <attribute>
        <name>keyframe</name>
        <value>True</value>
      </attribute>
      <attribute>
        <name>track_id</name>
        <value>93</value>
      </attribute>
    </attributes>
  </object>
</annotation>
