<annotation>
  <folder>frame</folder>
  <filename>frame_000952.jpg</filename>
  <source>
    <database>Unknown</database>
    <annotation>Unknown</annotation>
    <image>Unknown</image>
  </source>
  <size>
    <width>2456</width>
    <height>2054</height>
    <depth>3</depth>
  </size>
  <segmented>0</segmented>
  <object>
    <name>vehicule</name>
    <occluded>0</occluded>
    <bndbox>
      <xmin>1450.2000000000007</xmin>
      <ymin>1556.0537109375</ymin>
      <xmax>2216.1541137695312</xmax>
      <ymax>1973.0806823730454</ymax>
    </bndbox>
    <attributes>
      <attribute>
        <name>keyframe</name>
        <value>True</value>
      </attribute>
      <attribute>
        <name>track_id</name>
        <value>118</value>
      </attribute>
    </attributes>
  </object>
</annotation>
