<annotation>
  <folder>frame</folder>
  <filename>frame_000464.jpg</filename>
  <source>
    <database>Unknown</database>
    <annotation>Unknown</annotation>
    <image>Unknown</image>
  </source>
  <size>
    <width>2456</width>
    <height>2054</height>
    <depth>3</depth>
  </size>
  <segmented>0</segmented>
  <object>
    <name>vehicule</name>
    <occluded>0</occluded>
    <bndbox>
      <xmin>1349.105712890625</xmin>
      <ymin>1259.637451171875</ymin>
      <xmax>2211.4930175781265</xmax>
      <ymax>1703.8817138671875</ymax>
    </bndbox>
    <attributes>
      <attribute>
        <name>keyframe</name>
        <value>True</value>
      </attribute>
      <attribute>
        <name>track_id</name>
        <value>63</value>
      </attribute>
    </attributes>
  </object>
  <object>
    <name>vehicule</name>
    <occluded>0</occluded>
    <bndbox>
      <xmin>303.7400716145833</xmin>
      <ymin>43.05000000000018</ymin>
      <xmax>615.9666666666668</xmax>
      <ymax>295.6487731933594</ymax>
    </bndbox>
    <attributes>
      <attribute>
        <name>keyframe</name>
        <value>True</value>
      </attribute>
      <attribute>
        <name>track_id</name>
        <value>64</value>
      </attribute>
    </attributes>
  </object>
</annotation>
