<annotation>
  <folder>frame</folder>
  <filename>frame_000757.jpg</filename>
  <source>
    <database>Unknown</database>
    <annotation>Unknown</annotation>
    <image>Unknown</image>
  </source>
  <size>
    <width>2456</width>
    <height>2054</height>
    <depth>3</depth>
  </size>
  <segmented>0</segmented>
  <object>
    <name>vehicule</name>
    <occluded>0</occluded>
    <bndbox>
      <xmin>312.3657924107143</xmin>
      <ymin>220.07142857142986</ymin>
      <xmax>705.4142857142864</xmax>
      <ymax>496.15907505580356</ymax>
    </bndbox>
    <attributes>
      <attribute>
        <name>keyframe</name>
        <value>True</value>
      </attribute>
      <attribute>
        <name>track_id</name>
        <value>97</value>
      </attribute>
    </attributes>
  </object>
  <object>
    <name>vehicule</name>
    <occluded>0</occluded>
    <bndbox>
      <xmin>867.9337022569445</xmin>
      <ymin>40.44444444444444</ymin>
      <xmax>1247.2333333333333</xmax>
      <ymax>314.3218078613281</ymax>
    </bndbox>
    <attributes>
      <attribute>
        <name>keyframe</name>
        <value>True</value>
      </attribute>
      <attribute>
        <name>track_id</name>
        <value>99</value>
      </attribute>
    </attributes>
  </object>
  <object>
    <name>vehicule</name>
    <occluded>0</occluded>
    <bndbox>
      <xmin>3.26611328125</xmin>
      <ymin>1678.1142578125</ymin>
      <xmax>664.9185791015625</xmax>
      <ymax>2008.0062215169273</ymax>
    </bndbox>
    <attributes>
      <attribute>
        <name>keyframe</name>
        <value>True</value>
      </attribute>
      <attribute>
        <name>track_id</name>
        <value>100</value>
      </attribute>
    </attributes>
  </object>
  <object>
    <name>vehicule</name>
    <occluded>0</occluded>
    <bndbox>
      <xmin>405.22905815972223</xmin>
      <ymin>9.677777777777818</ymin>
      <xmax>790.0955566406251</xmax>
      <ymax>233.75262790256076</ymax>
    </bndbox>
    <attributes>
      <attribute>
        <name>keyframe</name>
        <value>True</value>
      </attribute>
      <attribute>
        <name>track_id</name>
        <value>101</value>
      </attribute>
    </attributes>
  </object>
</annotation>
