<annotation>
  <folder>frame</folder>
  <filename>frame_000137.jpg</filename>
  <source>
    <database>Unknown</database>
    <annotation>Unknown</annotation>
    <image>Unknown</image>
  </source>
  <size>
    <width>2456</width>
    <height>2054</height>
    <depth>3</depth>
  </size>
  <segmented>0</segmented>
  <object>
    <name>vehicule</name>
    <occluded>0</occluded>
    <bndbox>
      <xmin>1018.6063717532478</xmin>
      <ymin>479.7808948863636</ymin>
      <xmax>1353.4694857906984</xmax>
      <ymax>832.3465223436231</ymax>
    </bndbox>
    <attributes>
      <attribute>
        <name>keyframe</name>
        <value>True</value>
      </attribute>
      <attribute>
        <name>track_id</name>
        <value>2</value>
      </attribute>
    </attributes>
  </object>
  <object>
    <name>vehicule</name>
    <occluded>0</occluded>
    <bndbox>
      <xmin>682.2401071947684</xmin>
      <ymin>724.7198174055233</ymin>
      <xmax>1033.6527668797692</xmax>
      <ymax>1095.1763176496627</ymax>
    </bndbox>
    <attributes>
      <attribute>
        <name>keyframe</name>
        <value>True</value>
      </attribute>
      <attribute>
        <name>track_id</name>
        <value>5</value>
      </attribute>
    </attributes>
  </object>
  <object>
    <name>vehicule</name>
    <occluded>0</occluded>
    <bndbox>
      <xmin>1169.4681412337663</xmin>
      <ymin>212.12595119724025</ymin>
      <xmax>1393.5882584212663</xmax>
      <ymax>469.55853786716216</ymax>
    </bndbox>
    <attributes>
      <attribute>
        <name>keyframe</name>
        <value>True</value>
      </attribute>
      <attribute>
        <name>track_id</name>
        <value>8</value>
      </attribute>
    </attributes>
  </object>
  <object>
    <name>vehicule</name>
    <occluded>0</occluded>
    <bndbox>
      <xmin>658.2362196180555</xmin>
      <ymin>420.27777777777794</ymin>
      <xmax>944.6377821180566</xmax>
      <ymax>766.6035224066841</ymax>
    </bndbox>
    <attributes>
      <attribute>
        <name>keyframe</name>
        <value>True</value>
      </attribute>
      <attribute>
        <name>track_id</name>
        <value>13</value>
      </attribute>
    </attributes>
  </object>
  <object>
    <name>vehicule</name>
    <occluded>0</occluded>
    <bndbox>
      <xmin>901.4743303571429</xmin>
      <ymin>158.687555803572</ymin>
      <xmax>1199.074888392858</xmax>
      <ymax>472.84867640903997</ymax>
    </bndbox>
    <attributes>
      <attribute>
        <name>keyframe</name>
        <value>True</value>
      </attribute>
      <attribute>
        <name>track_id</name>
        <value>15</value>
      </attribute>
    </attributes>
  </object>
  <object>
    <name>vehicule</name>
    <occluded>0</occluded>
    <bndbox>
      <xmin>473.67422680412443</xmin>
      <ymin>367.18144329896955</ymin>
      <xmax>772.3152525597012</xmax>
      <ymax>721.9757278285076</ymax>
    </bndbox>
    <attributes>
      <attribute>
        <name>keyframe</name>
        <value>True</value>
      </attribute>
      <attribute>
        <name>track_id</name>
        <value>16</value>
      </attribute>
    </attributes>
  </object>
  <object>
    <name>vehicule</name>
    <occluded>0</occluded>
    <bndbox>
      <xmin>659.9599206668814</xmin>
      <ymin>219.27223340850563</ymin>
      <xmax>932.5134020618559</xmax>
      <ymax>469.3899586785697</ymax>
    </bndbox>
    <attributes>
      <attribute>
        <name>keyframe</name>
        <value>True</value>
      </attribute>
      <attribute>
        <name>track_id</name>
        <value>19</value>
      </attribute>
    </attributes>
  </object>
  <object>
    <name>vehicule</name>
    <occluded>0</occluded>
    <bndbox>
      <xmin>102.7099609375</xmin>
      <ymin>459.080078125</ymin>
      <xmax>407.71132812500036</xmax>
      <ymax>865.7531250000011</ymax>
    </bndbox>
    <attributes>
      <attribute>
        <name>keyframe</name>
        <value>True</value>
      </attribute>
      <attribute>
        <name>track_id</name>
        <value>20</value>
      </attribute>
    </attributes>
  </object>
  <object>
    <name>vehicule</name>
    <occluded>0</occluded>
    <bndbox>
      <xmin>419.21833147321433</xmin>
      <ymin>145.87053571428572</ymin>
      <xmax>827.8451555524555</xmax>
      <ymax>348.56771371023984</ymax>
    </bndbox>
    <attributes>
      <attribute>
        <name>keyframe</name>
        <value>True</value>
      </attribute>
      <attribute>
        <name>track_id</name>
        <value>22</value>
      </attribute>
    </attributes>
  </object>
  <object>
    <name>vehicule</name>
    <occluded>0</occluded>
    <bndbox>
      <xmin>1340.2858072916667</xmin>
      <ymin>1584.0680338541667</ymin>
      <xmax>2090.574283854167</xmax>
      <ymax>1973.0831705729167</ymax>
    </bndbox>
    <attributes>
      <attribute>
        <name>keyframe</name>
        <value>True</value>
      </attribute>
      <attribute>
        <name>track_id</name>
        <value>26</value>
      </attribute>
    </attributes>
  </object>
  <object>
    <name>vehicule</name>
    <occluded>0</occluded>
    <bndbox>
      <xmin>1162.996484375</xmin>
      <ymin>13.693359375</ymin>
      <xmax>1489.769219970703</xmax>
      <ymax>237.76377868652344</ymax>
    </bndbox>
    <attributes>
      <attribute>
        <name>keyframe</name>
        <value>True</value>
      </attribute>
      <attribute>
        <name>track_id</name>
        <value>27</value>
      </attribute>
    </attributes>
  </object>
  <object>
    <name>vehicule</name>
    <occluded>0</occluded>
    <bndbox>
      <xmin>81.693115234375</xmin>
      <ymin>1679.0318359375005</ymin>
      <xmax>847.5931152343765</xmax>
      <ymax>2008.8710510253904</ymax>
    </bndbox>
    <attributes>
      <attribute>
        <name>keyframe</name>
        <value>True</value>
      </attribute>
      <attribute>
        <name>track_id</name>
        <value>28</value>
      </attribute>
    </attributes>
  </object>
  <object>
    <name>vehicule</name>
    <occluded>0</occluded>
    <bndbox>
      <xmin>1537.7001445819808</xmin>
      <ymin>569.517578125</ymin>
      <xmax>2053.0684659090916</xmax>
      <ymax>955.3791015625011</ymax>
    </bndbox>
    <attributes>
      <attribute>
        <name>keyframe</name>
        <value>True</value>
      </attribute>
      <attribute>
        <name>track_id</name>
        <value>143</value>
      </attribute>
    </attributes>
  </object>
  <object>
    <name>vehicule</name>
    <occluded>0</occluded>
    <bndbox>
      <xmin>1242.6200000000008</xmin>
      <ymin>793.5969531250005</ymin>
      <xmax>1766.1475952148437</xmax>
      <ymax>1204.4059252929685</ymax>
    </bndbox>
    <attributes>
      <attribute>
        <name>keyframe</name>
        <value>True</value>
      </attribute>
      <attribute>
        <name>track_id</name>
        <value>144</value>
      </attribute>
    </attributes>
  </object>
  <object>
    <name>vehicule</name>
    <occluded>0</occluded>
    <bndbox>
      <xmin>1328.1205882352954</xmin>
      <ymin>453.0292566636031</ymin>
      <xmax>1714.5918668859144</xmax>
      <ymax>764.9776647231158</ymax>
    </bndbox>
    <attributes>
      <attribute>
        <name>keyframe</name>
        <value>True</value>
      </attribute>
      <attribute>
        <name>track_id</name>
        <value>146</value>
      </attribute>
    </attributes>
  </object>
</annotation>
