<annotation>
  <folder>frame</folder>
  <filename>frame_001044.jpg</filename>
  <source>
    <database>Unknown</database>
    <annotation>Unknown</annotation>
    <image>Unknown</image>
  </source>
  <size>
    <width>2456</width>
    <height>2054</height>
    <depth>3</depth>
  </size>
  <segmented>0</segmented>
  <object>
    <name>vehicule</name>
    <occluded>0</occluded>
    <bndbox>
      <xmin>1444.0</xmin>
      <ymin>1562.2998046875</ymin>
      <xmax>2237.9699096679688</xmax>
      <ymax>1982.4174072265614</ymax>
    </bndbox>
    <attributes>
      <attribute>
        <name>keyframe</name>
        <value>True</value>
      </attribute>
      <attribute>
        <name>track_id</name>
        <value>120</value>
      </attribute>
    </attributes>
  </object>
</annotation>
