<annotation>
  <folder>frame</folder>
  <filename>frame_000822.jpg</filename>
  <source>
    <database>Unknown</database>
    <annotation>Unknown</annotation>
    <image>Unknown</image>
  </source>
  <size>
    <width>2456</width>
    <height>2054</height>
    <depth>3</depth>
  </size>
  <segmented>0</segmented>
  <object>
    <name>vehicule</name>
    <occluded>0</occluded>
    <bndbox>
      <xmin>537.1494140625</xmin>
      <ymin>231.83759765625018</ymin>
      <xmax>955.7500000000009</xmax>
      <ymax>511.9409667968748</ymax>
    </bndbox>
    <attributes>
      <attribute>
        <name>keyframe</name>
        <value>True</value>
      </attribute>
      <attribute>
        <name>track_id</name>
        <value>108</value>
      </attribute>
    </attributes>
  </object>
  <object>
    <name>vehicule</name>
    <occluded>0</occluded>
    <bndbox>
      <xmin>1521.800000000001</xmin>
      <ymin>1587.1787109375</ymin>
      <xmax>2287.7085571289062</xmax>
      <ymax>1985.5302429199219</ymax>
    </bndbox>
    <attributes>
      <attribute>
        <name>keyframe</name>
        <value>True</value>
      </attribute>
      <attribute>
        <name>track_id</name>
        <value>109</value>
      </attribute>
    </attributes>
  </object>
  <object>
    <name>vehicule</name>
    <occluded>0</occluded>
    <bndbox>
      <xmin>342.3291015625</xmin>
      <ymin>88.6494140625</ymin>
      <xmax>753.4380859375015</xmax>
      <ymax>334.5495330810536</ymax>
    </bndbox>
    <attributes>
      <attribute>
        <name>keyframe</name>
        <value>True</value>
      </attribute>
      <attribute>
        <name>track_id</name>
        <value>110</value>
      </attribute>
    </attributes>
  </object>
</annotation>
