<annotation>
  <folder>frame</folder>
  <filename>frame_000941.jpg</filename>
  <source>
    <database>Unknown</database>
    <annotation>Unknown</annotation>
    <image>Unknown</image>
  </source>
  <size>
    <width>2456</width>
    <height>2054</height>
    <depth>3</depth>
  </size>
  <segmented>0</segmented>
  <object>
    <name>vehicule</name>
    <occluded>0</occluded>
    <bndbox>
      <xmin>120.85000000000005</xmin>
      <ymin>1590.287809244793</ymin>
      <xmax>932.4045094807949</xmax>
      <ymax>2007.3147806803383</ymax>
    </bndbox>
    <attributes>
      <attribute>
        <name>keyframe</name>
        <value>True</value>
      </attribute>
      <attribute>
        <name>track_id</name>
        <value>118</value>
      </attribute>
    </attributes>
  </object>
</annotation>
