<annotation>
  <folder>frame</folder>
  <filename>frame_000288.jpg</filename>
  <source>
    <database>Unknown</database>
    <annotation>Unknown</annotation>
    <image>Unknown</image>
  </source>
  <size>
    <width>2456</width>
    <height>2054</height>
    <depth>3</depth>
  </size>
  <segmented>0</segmented>
  <object>
    <name>vehicule</name>
    <occluded>0</occluded>
    <bndbox>
      <xmin>1086.4996744791667</xmin>
      <ymin>1032.1000651041675</ymin>
      <xmax>1752.3837890625</xmax>
      <ymax>1460.6263509114585</ymax>
    </bndbox>
    <attributes>
      <attribute>
        <name>keyframe</name>
        <value>True</value>
      </attribute>
      <attribute>
        <name>track_id</name>
        <value>34</value>
      </attribute>
    </attributes>
  </object>
  <object>
    <name>vehicule</name>
    <occluded>0</occluded>
    <bndbox>
      <xmin>1532.5188151041668</xmin>
      <ymin>779.155533854167</ymin>
      <xmax>2120.757609049479</xmax>
      <ymax>1152.5186075846352</ymax>
    </bndbox>
    <attributes>
      <attribute>
        <name>keyframe</name>
        <value>True</value>
      </attribute>
      <attribute>
        <name>track_id</name>
        <value>37</value>
      </attribute>
    </attributes>
  </object>
  <object>
    <name>vehicule</name>
    <occluded>0</occluded>
    <bndbox>
      <xmin>1078.1000000000004</xmin>
      <ymin>733.4666666666672</ymin>
      <xmax>1590.573221842448</xmax>
      <ymax>1125.5452575683594</ymax>
    </bndbox>
    <attributes>
      <attribute>
        <name>keyframe</name>
        <value>True</value>
      </attribute>
      <attribute>
        <name>track_id</name>
        <value>40</value>
      </attribute>
    </attributes>
  </object>
  <object>
    <name>vehicule</name>
    <occluded>0</occluded>
    <bndbox>
      <xmin>1293.9666666666678</xmin>
      <ymin>461.7000000000007</ymin>
      <xmax>1720.2958374023438</xmax>
      <ymax>792.5504353841146</ymax>
    </bndbox>
    <attributes>
      <attribute>
        <name>keyframe</name>
        <value>True</value>
      </attribute>
      <attribute>
        <name>track_id</name>
        <value>42</value>
      </attribute>
    </attributes>
  </object>
  <object>
    <name>vehicule</name>
    <occluded>0</occluded>
    <bndbox>
      <xmin>803.2358072916668</xmin>
      <ymin>413.96666666666715</ymin>
      <xmax>1146.6062316894531</xmax>
      <ymax>809.1487528483073</ymax>
    </bndbox>
    <attributes>
      <attribute>
        <name>keyframe</name>
        <value>True</value>
      </attribute>
      <attribute>
        <name>track_id</name>
        <value>44</value>
      </attribute>
    </attributes>
  </object>
  <object>
    <name>vehicule</name>
    <occluded>0</occluded>
    <bndbox>
      <xmin>1158.017578125</xmin>
      <ymin>135.35000000000127</ymin>
      <xmax>1405.4500000000007</xmax>
      <ymax>390.567626953125</ymax>
    </bndbox>
    <attributes>
      <attribute>
        <name>keyframe</name>
        <value>True</value>
      </attribute>
      <attribute>
        <name>track_id</name>
        <value>46</value>
      </attribute>
    </attributes>
  </object>
  <object>
    <name>vehicule</name>
    <occluded>0</occluded>
    <bndbox>
      <xmin>225.62656249999998</xmin>
      <ymin>211.5917187500003</ymin>
      <xmax>626.5000000000007</xmax>
      <ymax>476.1516491699207</ymax>
    </bndbox>
    <attributes>
      <attribute>
        <name>keyframe</name>
        <value>True</value>
      </attribute>
      <attribute>
        <name>track_id</name>
        <value>47</value>
      </attribute>
    </attributes>
  </object>
  <object>
    <name>vehicule</name>
    <occluded>0</occluded>
    <bndbox>
      <xmin>411.8212239583336</xmin>
      <ymin>1343.3955078125</ymin>
      <xmax>1627.9454264322922</xmax>
      <ymax>1965.8197631835938</ymax>
    </bndbox>
    <attributes>
      <attribute>
        <name>keyframe</name>
        <value>True</value>
      </attribute>
      <attribute>
        <name>track_id</name>
        <value>48</value>
      </attribute>
    </attributes>
  </object>
  <object>
    <name>vehicule</name>
    <occluded>0</occluded>
    <bndbox>
      <xmin>931.3428059895836</xmin>
      <ymin>62.768229166667275</ymin>
      <xmax>1194.8423029581716</xmax>
      <ymax>296.1679178873698</ymax>
    </bndbox>
    <attributes>
      <attribute>
        <name>keyframe</name>
        <value>True</value>
      </attribute>
      <attribute>
        <name>track_id</name>
        <value>49</value>
      </attribute>
    </attributes>
  </object>
</annotation>
