<annotation>
  <folder>frame</folder>
  <filename>frame_000170.jpg</filename>
  <source>
    <database>Unknown</database>
    <annotation>Unknown</annotation>
    <image>Unknown</image>
  </source>
  <size>
    <width>2456</width>
    <height>2054</height>
    <depth>3</depth>
  </size>
  <segmented>0</segmented>
  <object>
    <name>vehicule</name>
    <occluded>0</occluded>
    <bndbox>
      <xmin>1172.250000000001</xmin>
      <ymin>660.7428571428582</ymin>
      <xmax>1600.095305306571</xmax>
      <ymax>1001.8771493094308</ymax>
    </bndbox>
    <attributes>
      <attribute>
        <name>keyframe</name>
        <value>True</value>
      </attribute>
      <attribute>
        <name>track_id</name>
        <value>2</value>
      </attribute>
    </attributes>
  </object>
  <object>
    <name>vehicule</name>
    <occluded>0</occluded>
    <bndbox>
      <xmin>833.3857142857144</xmin>
      <ymin>885.2214285714286</ymin>
      <xmax>1304.2616206577845</xmax>
      <ymax>1300.642567225865</ymax>
    </bndbox>
    <attributes>
      <attribute>
        <name>keyframe</name>
        <value>True</value>
      </attribute>
      <attribute>
        <name>track_id</name>
        <value>5</value>
      </attribute>
    </attributes>
  </object>
  <object>
    <name>vehicule</name>
    <occluded>0</occluded>
    <bndbox>
      <xmin>1171.9086250000007</xmin>
      <ymin>240.46440625000076</ymin>
      <xmax>1421.9101171875</xmax>
      <ymax>535.0939538574219</ymax>
    </bndbox>
    <attributes>
      <attribute>
        <name>keyframe</name>
        <value>True</value>
      </attribute>
      <attribute>
        <name>track_id</name>
        <value>8</value>
      </attribute>
    </attributes>
  </object>
  <object>
    <name>vehicule</name>
    <occluded>0</occluded>
    <bndbox>
      <xmin>695.2126171875</xmin>
      <ymin>526.5840000000004</ymin>
      <xmax>981.6141796875011</xmax>
      <ymax>921.8679833984374</ymax>
    </bndbox>
    <attributes>
      <attribute>
        <name>keyframe</name>
        <value>True</value>
      </attribute>
      <attribute>
        <name>track_id</name>
        <value>13</value>
      </attribute>
    </attributes>
  </object>
  <object>
    <name>vehicule</name>
    <occluded>0</occluded>
    <bndbox>
      <xmin>913.10875</xmin>
      <ymin>239.9800000000011</ymin>
      <xmax>1199.9126203613282</xmax>
      <ymax>596.468837890625</ymax>
    </bndbox>
    <attributes>
      <attribute>
        <name>keyframe</name>
        <value>True</value>
      </attribute>
      <attribute>
        <name>track_id</name>
        <value>15</value>
      </attribute>
    </attributes>
  </object>
  <object>
    <name>vehicule</name>
    <occluded>0</occluded>
    <bndbox>
      <xmin>486.3639175257743</xmin>
      <ymin>427.5340206185577</ymin>
      <xmax>824.1948997261597</xmax>
      <ymax>801.3829745263168</ymax>
    </bndbox>
    <attributes>
      <attribute>
        <name>keyframe</name>
        <value>True</value>
      </attribute>
      <attribute>
        <name>track_id</name>
        <value>16</value>
      </attribute>
    </attributes>
  </object>
  <object>
    <name>vehicule</name>
    <occluded>0</occluded>
    <bndbox>
      <xmin>663.123771746134</xmin>
      <ymin>266.90116583440744</ymin>
      <xmax>931.458762886598</xmax>
      <ymax>539.2682437857396</ymax>
    </bndbox>
    <attributes>
      <attribute>
        <name>keyframe</name>
        <value>True</value>
      </attribute>
      <attribute>
        <name>track_id</name>
        <value>19</value>
      </attribute>
    </attributes>
  </object>
  <object>
    <name>vehicule</name>
    <occluded>0</occluded>
    <bndbox>
      <xmin>161.35714285714388</xmin>
      <ymin>704.0428571428575</ymin>
      <xmax>551.7596827915737</xmax>
      <ymax>1193.1932634626116</ymax>
    </bndbox>
    <attributes>
      <attribute>
        <name>keyframe</name>
        <value>True</value>
      </attribute>
      <attribute>
        <name>track_id</name>
        <value>20</value>
      </attribute>
    </attributes>
  </object>
  <object>
    <name>vehicule</name>
    <occluded>0</occluded>
    <bndbox>
      <xmin>1125.5929778343022</xmin>
      <ymin>94.18372093023314</ymin>
      <xmax>1397.1046511627908</xmax>
      <ymax>312.8743509691815</ymax>
    </bndbox>
    <attributes>
      <attribute>
        <name>keyframe</name>
        <value>True</value>
      </attribute>
      <attribute>
        <name>track_id</name>
        <value>27</value>
      </attribute>
    </attributes>
  </object>
  <object>
    <name>vehicule</name>
    <occluded>0</occluded>
    <bndbox>
      <xmin>759.2920703125</xmin>
      <ymin>21.097910156250002</ymin>
      <xmax>1085.571126953125</xmax>
      <ymax>262.97076110839845</ymax>
    </bndbox>
    <attributes>
      <attribute>
        <name>keyframe</name>
        <value>True</value>
      </attribute>
      <attribute>
        <name>track_id</name>
        <value>29</value>
      </attribute>
    </attributes>
  </object>
  <object>
    <name>vehicule</name>
    <occluded>0</occluded>
    <bndbox>
      <xmin>1494.5252821180554</xmin>
      <ymin>1454.423556857639</ymin>
      <xmax>2207.5253309461796</xmax>
      <ymax>1869.6901245117188</ymax>
    </bndbox>
    <attributes>
      <attribute>
        <name>keyframe</name>
        <value>True</value>
      </attribute>
      <attribute>
        <name>track_id</name>
        <value>30</value>
      </attribute>
    </attributes>
  </object>
  <object>
    <name>vehicule</name>
    <occluded>0</occluded>
    <bndbox>
      <xmin>382.6912527901786</xmin>
      <ymin>89.60714285714286</ymin>
      <xmax>713.40686165946</xmax>
      <ymax>365.1807782854354</ymax>
    </bndbox>
    <attributes>
      <attribute>
        <name>keyframe</name>
        <value>True</value>
      </attribute>
      <attribute>
        <name>track_id</name>
        <value>31</value>
      </attribute>
    </attributes>
  </object>
  <object>
    <name>vehicule</name>
    <occluded>0</occluded>
    <bndbox>
      <xmin>1667.7000139508937</xmin>
      <ymin>635.9869698660718</ymin>
      <xmax>2225.740767124721</xmax>
      <ymax>1036.294478062221</ymax>
    </bndbox>
    <attributes>
      <attribute>
        <name>keyframe</name>
        <value>True</value>
      </attribute>
      <attribute>
        <name>track_id</name>
        <value>143</value>
      </attribute>
    </attributes>
  </object>
  <object>
    <name>vehicule</name>
    <occluded>0</occluded>
    <bndbox>
      <xmin>1365.3588235294133</xmin>
      <ymin>488.28113511029443</ymin>
      <xmax>1771.9828922047334</xmax>
      <ymax>804.2454151826746</ymax>
    </bndbox>
    <attributes>
      <attribute>
        <name>keyframe</name>
        <value>True</value>
      </attribute>
      <attribute>
        <name>track_id</name>
        <value>146</value>
      </attribute>
    </attributes>
  </object>
</annotation>
