<annotation>
  <folder>frame</folder>
  <filename>frame_000614.jpg</filename>
  <source>
    <database>Unknown</database>
    <annotation>Unknown</annotation>
    <image>Unknown</image>
  </source>
  <size>
    <width>2456</width>
    <height>2054</height>
    <depth>3</depth>
  </size>
  <segmented>0</segmented>
  <object>
    <name>vehicule</name>
    <occluded>0</occluded>
    <bndbox>
      <xmin>1779.4800000000007</xmin>
      <ymin>662.9400000000012</ymin>
      <xmax>2325.1992797851562</xmax>
      <ymax>1022.6428527832031</ymax>
    </bndbox>
    <attributes>
      <attribute>
        <name>keyframe</name>
        <value>True</value>
      </attribute>
      <attribute>
        <name>track_id</name>
        <value>81</value>
      </attribute>
    </attributes>
  </object>
  <object>
    <name>vehicule</name>
    <occluded>0</occluded>
    <bndbox>
      <xmin>0.0</xmin>
      <ymin>161.8000000000011</ymin>
      <xmax>370.7000000000007</xmax>
      <ymax>513.4967346191406</ymax>
    </bndbox>
    <attributes>
      <attribute>
        <name>keyframe</name>
        <value>True</value>
      </attribute>
      <attribute>
        <name>track_id</name>
        <value>82</value>
      </attribute>
    </attributes>
  </object>
  <object>
    <name>vehicule</name>
    <occluded>0</occluded>
    <bndbox>
      <xmin>1033.221400669643</xmin>
      <ymin>44.45714285714348</ymin>
      <xmax>1254.4932207380023</xmax>
      <ymax>277.86409650530135</ymax>
    </bndbox>
    <attributes>
      <attribute>
        <name>keyframe</name>
        <value>True</value>
      </attribute>
      <attribute>
        <name>track_id</name>
        <value>83</value>
      </attribute>
    </attributes>
  </object>
</annotation>
