<annotation>
  <folder>frame</folder>
  <filename>frame_000723.jpg</filename>
  <source>
    <database>Unknown</database>
    <annotation>Unknown</annotation>
    <image>Unknown</image>
  </source>
  <size>
    <width>2456</width>
    <height>2054</height>
    <depth>3</depth>
  </size>
  <segmented>0</segmented>
  <object>
    <name>vehicule</name>
    <occluded>0</occluded>
    <bndbox>
      <xmin>1711.1666666666674</xmin>
      <ymin>694.3912760416666</ymin>
      <xmax>2230.142262776693</xmax>
      <ymax>1043.0772806803386</ymax>
    </bndbox>
    <attributes>
      <attribute>
        <name>keyframe</name>
        <value>True</value>
      </attribute>
      <attribute>
        <name>track_id</name>
        <value>92</value>
      </attribute>
    </attributes>
  </object>
  <object>
    <name>vehicule</name>
    <occluded>0</occluded>
    <bndbox>
      <xmin>977.6000000000004</xmin>
      <ymin>263.8250000000007</ymin>
      <xmax>1307.0102195739746</xmax>
      <ymax>572.2391586303711</ymax>
    </bndbox>
    <attributes>
      <attribute>
        <name>keyframe</name>
        <value>True</value>
      </attribute>
      <attribute>
        <name>track_id</name>
        <value>93</value>
      </attribute>
    </attributes>
  </object>
  <object>
    <name>vehicule</name>
    <occluded>0</occluded>
    <bndbox>
      <xmin>212.6611328125</xmin>
      <ymin>1539.4191080729167</ymin>
      <xmax>976.9810791015634</xmax>
      <ymax>1973.5988464355469</ymax>
    </bndbox>
    <attributes>
      <attribute>
        <name>keyframe</name>
        <value>True</value>
      </attribute>
      <attribute>
        <name>track_id</name>
        <value>94</value>
      </attribute>
    </attributes>
  </object>
</annotation>
