<annotation>
  <folder>frame</folder>
  <filename>frame_000609.jpg</filename>
  <source>
    <database>Unknown</database>
    <annotation>Unknown</annotation>
    <image>Unknown</image>
  </source>
  <size>
    <width>2456</width>
    <height>2054</height>
    <depth>3</depth>
  </size>
  <segmented>0</segmented>
  <object>
    <name>vehicule</name>
    <occluded>0</occluded>
    <bndbox>
      <xmin>1848.986328125</xmin>
      <ymin>1045.6513671875</ymin>
      <xmax>2456.0</xmax>
      <ymax>1434.6824890136704</ymax>
    </bndbox>
    <attributes>
      <attribute>
        <name>keyframe</name>
        <value>True</value>
      </attribute>
      <attribute>
        <name>track_id</name>
        <value>80</value>
      </attribute>
    </attributes>
  </object>
  <object>
    <name>vehicule</name>
    <occluded>0</occluded>
    <bndbox>
      <xmin>1532.7000000000007</xmin>
      <ymin>557.1000000000013</ymin>
      <xmax>2018.5180206298828</xmax>
      <ymax>893.178466796875</ymax>
    </bndbox>
    <attributes>
      <attribute>
        <name>keyframe</name>
        <value>True</value>
      </attribute>
      <attribute>
        <name>track_id</name>
        <value>81</value>
      </attribute>
    </attributes>
  </object>
  <object>
    <name>vehicule</name>
    <occluded>0</occluded>
    <bndbox>
      <xmin>191.72841796875036</xmin>
      <ymin>91.7998046875</ymin>
      <xmax>530.9499938964846</xmax>
      <ymax>385.8995620727537</ymax>
    </bndbox>
    <attributes>
      <attribute>
        <name>keyframe</name>
        <value>True</value>
      </attribute>
      <attribute>
        <name>track_id</name>
        <value>82</value>
      </attribute>
    </attributes>
  </object>
</annotation>
