<annotation>
  <folder>frame</folder>
  <filename>frame_001039.jpg</filename>
  <source>
    <database>Unknown</database>
    <annotation>Unknown</annotation>
    <image>Unknown</image>
  </source>
  <size>
    <width>2456</width>
    <height>2054</height>
    <depth>3</depth>
  </size>
  <segmented>0</segmented>
  <object>
    <name>vehicule</name>
    <occluded>0</occluded>
    <bndbox>
      <xmin>739.11669921875</xmin>
      <ymin>1596.52392578125</ymin>
      <xmax>1548.634954833985</xmax>
      <ymax>1991.753930664062</ymax>
    </bndbox>
    <attributes>
      <attribute>
        <name>keyframe</name>
        <value>True</value>
      </attribute>
      <attribute>
        <name>track_id</name>
        <value>120</value>
      </attribute>
    </attributes>
  </object>
</annotation>
