<annotation>
  <folder>frame</folder>
  <filename>frame_000334.jpg</filename>
  <source>
    <database>Unknown</database>
    <annotation>Unknown</annotation>
    <image>Unknown</image>
  </source>
  <size>
    <width>2456</width>
    <height>2054</height>
    <depth>3</depth>
  </size>
  <segmented>0</segmented>
  <object>
    <name>vehicule</name>
    <occluded>0</occluded>
    <bndbox>
      <xmin>1805.2814453125002</xmin>
      <ymin>957.03076171875</ymin>
      <xmax>2437.213348388672</xmax>
      <ymax>1352.2137390136704</ymax>
    </bndbox>
    <attributes>
      <attribute>
        <name>keyframe</name>
        <value>True</value>
      </attribute>
      <attribute>
        <name>track_id</name>
        <value>44</value>
      </attribute>
    </attributes>
  </object>
  <object>
    <name>vehicule</name>
    <occluded>0</occluded>
    <bndbox>
      <xmin>1571.1066666666666</xmin>
      <ymin>683.0066666666667</ymin>
      <xmax>2026.5326375325521</xmax>
      <ymax>989.2361796061198</ymax>
    </bndbox>
    <attributes>
      <attribute>
        <name>keyframe</name>
        <value>True</value>
      </attribute>
      <attribute>
        <name>track_id</name>
        <value>46</value>
      </attribute>
    </attributes>
  </object>
  <object>
    <name>vehicule</name>
    <occluded>0</occluded>
    <bndbox>
      <xmin>1203.9066666666677</xmin>
      <ymin>694.0400000000004</ymin>
      <xmax>1594.760721842448</xmax>
      <ymax>1064.5511108398437</ymax>
    </bndbox>
    <attributes>
      <attribute>
        <name>keyframe</name>
        <value>True</value>
      </attribute>
      <attribute>
        <name>track_id</name>
        <value>49</value>
      </attribute>
    </attributes>
  </object>
  <object>
    <name>vehicule</name>
    <occluded>0</occluded>
    <bndbox>
      <xmin>825.0533333333334</xmin>
      <ymin>621.3000000000014</ymin>
      <xmax>1183.1214172363282</xmax>
      <ymax>979.6962158203125</ymax>
    </bndbox>
    <attributes>
      <attribute>
        <name>keyframe</name>
        <value>True</value>
      </attribute>
      <attribute>
        <name>track_id</name>
        <value>50</value>
      </attribute>
    </attributes>
  </object>
  <object>
    <name>vehicule</name>
    <occluded>0</occluded>
    <bndbox>
      <xmin>1259.3400000000004</xmin>
      <ymin>389.366627604168</ymin>
      <xmax>1542.6347025553387</xmax>
      <ymax>694.2087947591144</ymax>
    </bndbox>
    <attributes>
      <attribute>
        <name>keyframe</name>
        <value>True</value>
      </attribute>
      <attribute>
        <name>track_id</name>
        <value>51</value>
      </attribute>
    </attributes>
  </object>
  <object>
    <name>vehicule</name>
    <occluded>0</occluded>
    <bndbox>
      <xmin>1380.2235546875002</xmin>
      <ymin>1503.1025390625</ymin>
      <xmax>2244.1589855957036</xmax>
      <ymax>1904.6152038574219</ymax>
    </bndbox>
    <attributes>
      <attribute>
        <name>keyframe</name>
        <value>True</value>
      </attribute>
      <attribute>
        <name>track_id</name>
        <value>54</value>
      </attribute>
    </attributes>
  </object>
  <object>
    <name>vehicule</name>
    <occluded>0</occluded>
    <bndbox>
      <xmin>1170.0497395833333</xmin>
      <ymin>177.98790364583402</ymin>
      <xmax>1382.7443395996106</xmax>
      <ymax>445.2396901448568</ymax>
    </bndbox>
    <attributes>
      <attribute>
        <name>keyframe</name>
        <value>True</value>
      </attribute>
      <attribute>
        <name>track_id</name>
        <value>55</value>
      </attribute>
    </attributes>
  </object>
  <object>
    <name>vehicule</name>
    <occluded>0</occluded>
    <bndbox>
      <xmin>518.736328125</xmin>
      <ymin>145.47500000000065</ymin>
      <xmax>797.7650975545255</xmax>
      <ymax>433.3591766357422</ymax>
    </bndbox>
    <attributes>
      <attribute>
        <name>keyframe</name>
        <value>True</value>
      </attribute>
      <attribute>
        <name>track_id</name>
        <value>56</value>
      </attribute>
    </attributes>
  </object>
  <object>
    <name>vehicule</name>
    <occluded>0</occluded>
    <bndbox>
      <xmin>986.9842354910714</xmin>
      <ymin>16.02857142857205</ymin>
      <xmax>1304.2747270856587</xmax>
      <ymax>240.52032688685824</ymax>
    </bndbox>
    <attributes>
      <attribute>
        <name>keyframe</name>
        <value>True</value>
      </attribute>
      <attribute>
        <name>track_id</name>
        <value>57</value>
      </attribute>
    </attributes>
  </object>
</annotation>
