<annotation>
  <folder>frame</folder>
  <filename>frame_000296.jpg</filename>
  <source>
    <database>Unknown</database>
    <annotation>Unknown</annotation>
    <image>Unknown</image>
  </source>
  <size>
    <width>2456</width>
    <height>2054</height>
    <depth>3</depth>
  </size>
  <segmented>0</segmented>
  <object>
    <name>vehicule</name>
    <occluded>0</occluded>
    <bndbox>
      <xmin>1335.4990234375</xmin>
      <ymin>1104.7001953125</ymin>
      <xmax>2038.6982421875</xmax>
      <ymax>1431.6000000000004</ymax>
    </bndbox>
    <attributes>
      <attribute>
        <name>keyframe</name>
        <value>True</value>
      </attribute>
      <attribute>
        <name>track_id</name>
        <value>34</value>
      </attribute>
    </attributes>
  </object>
  <object>
    <name>vehicule</name>
    <occluded>0</occluded>
    <bndbox>
      <xmin>1833.3564453125</xmin>
      <ymin>893.2666015625</ymin>
      <xmax>2452.8876953125</xmax>
      <ymax>1266.6296752929684</ymax>
    </bndbox>
    <attributes>
      <attribute>
        <name>keyframe</name>
        <value>True</value>
      </attribute>
      <attribute>
        <name>track_id</name>
        <value>37</value>
      </attribute>
    </attributes>
  </object>
  <object>
    <name>vehicule</name>
    <occluded>0</occluded>
    <bndbox>
      <xmin>1273.1000000000004</xmin>
      <ymin>843.4000000000015</ymin>
      <xmax>1851.9915771484375</xmax>
      <ymax>1210.6097106933594</ymax>
    </bndbox>
    <attributes>
      <attribute>
        <name>keyframe</name>
        <value>True</value>
      </attribute>
      <attribute>
        <name>track_id</name>
        <value>40</value>
      </attribute>
    </attributes>
  </object>
  <object>
    <name>vehicule</name>
    <occluded>0</occluded>
    <bndbox>
      <xmin>1497.300000000001</xmin>
      <ymin>594.5</ymin>
      <xmax>2041.8816528320312</xmax>
      <ymax>933.6329956054688</ymax>
    </bndbox>
    <attributes>
      <attribute>
        <name>keyframe</name>
        <value>True</value>
      </attribute>
      <attribute>
        <name>track_id</name>
        <value>42</value>
      </attribute>
    </attributes>
  </object>
  <object>
    <name>vehicule</name>
    <occluded>0</occluded>
    <bndbox>
      <xmin>896.6000000000004</xmin>
      <ymin>550.9000000000015</ymin>
      <xmax>1322.9597473144531</xmax>
      <ymax>946.0829772949219</ymax>
    </bndbox>
    <attributes>
      <attribute>
        <name>keyframe</name>
        <value>True</value>
      </attribute>
      <attribute>
        <name>track_id</name>
        <value>44</value>
      </attribute>
    </attributes>
  </object>
  <object>
    <name>vehicule</name>
    <occluded>0</occluded>
    <bndbox>
      <xmin>1123.7841796875</xmin>
      <ymin>217.8000000000011</ymin>
      <xmax>1354.1000000000004</xmax>
      <ymax>510.3837432861328</ymax>
    </bndbox>
    <attributes>
      <attribute>
        <name>keyframe</name>
        <value>True</value>
      </attribute>
      <attribute>
        <name>track_id</name>
        <value>46</value>
      </attribute>
    </attributes>
  </object>
  <object>
    <name>vehicule</name>
    <occluded>0</occluded>
    <bndbox>
      <xmin>936.7000000000007</xmin>
      <ymin>1335.0966796875</ymin>
      <xmax>2113.436279296875</xmax>
      <ymax>1957.5209350585938</ymax>
    </bndbox>
    <attributes>
      <attribute>
        <name>keyframe</name>
        <value>True</value>
      </attribute>
      <attribute>
        <name>track_id</name>
        <value>48</value>
      </attribute>
    </attributes>
  </object>
  <object>
    <name>vehicule</name>
    <occluded>0</occluded>
    <bndbox>
      <xmin>834.3466796875</xmin>
      <ymin>161.83984375</ymin>
      <xmax>1086.4000000000015</xmax>
      <ymax>401.4618957519524</ymax>
    </bndbox>
    <attributes>
      <attribute>
        <name>keyframe</name>
        <value>True</value>
      </attribute>
      <attribute>
        <name>track_id</name>
        <value>49</value>
      </attribute>
    </attributes>
  </object>
  <object>
    <name>vehicule</name>
    <occluded>0</occluded>
    <bndbox>
      <xmin>706.78515625</xmin>
      <ymin>49.748046875</ymin>
      <xmax>940.1688537597656</xmax>
      <ymax>298.76053161620985</ymax>
    </bndbox>
    <attributes>
      <attribute>
        <name>keyframe</name>
        <value>True</value>
      </attribute>
      <attribute>
        <name>track_id</name>
        <value>50</value>
      </attribute>
    </attributes>
  </object>
  <object>
    <name>vehicule</name>
    <occluded>0</occluded>
    <bndbox>
      <xmin>1297.7509765625</xmin>
      <ymin>0.0</ymin>
      <xmax>1578.1531066894531</xmax>
      <ymax>202.28555297851562</ymax>
    </bndbox>
    <attributes>
      <attribute>
        <name>keyframe</name>
        <value>True</value>
      </attribute>
      <attribute>
        <name>track_id</name>
        <value>51</value>
      </attribute>
    </attributes>
  </object>
  <object>
    <name>vehicule</name>
    <occluded>0</occluded>
    <bndbox>
      <xmin>476.462890625</xmin>
      <ymin>0.0</ymin>
      <xmax>806.3477478027344</xmax>
      <ymax>174.27647399902344</ymax>
    </bndbox>
    <attributes>
      <attribute>
        <name>keyframe</name>
        <value>True</value>
      </attribute>
      <attribute>
        <name>track_id</name>
        <value>52</value>
      </attribute>
    </attributes>
  </object>
</annotation>
