<annotation>
  <folder>frame</folder>
  <filename>frame_000826.jpg</filename>
  <source>
    <database>Unknown</database>
    <annotation>Unknown</annotation>
    <image>Unknown</image>
  </source>
  <size>
    <width>2456</width>
    <height>2054</height>
    <depth>3</depth>
  </size>
  <segmented>0</segmented>
  <object>
    <name>vehicule</name>
    <occluded>0</occluded>
    <bndbox>
      <xmin>289.73567708333337</xmin>
      <ymin>325.716796875</ymin>
      <xmax>756.6000000000009</xmax>
      <ymax>612.0470520019529</ymax>
    </bndbox>
    <attributes>
      <attribute>
        <name>keyframe</name>
        <value>True</value>
      </attribute>
      <attribute>
        <name>track_id</name>
        <value>108</value>
      </attribute>
    </attributes>
  </object>
  <object>
    <name>vehicule</name>
    <occluded>0</occluded>
    <bndbox>
      <xmin>215.76953125</xmin>
      <ymin>136.89348958333358</ymin>
      <xmax>639.3130208333345</xmax>
      <ymax>387.974011230468</ymax>
    </bndbox>
    <attributes>
      <attribute>
        <name>keyframe</name>
        <value>True</value>
      </attribute>
      <attribute>
        <name>track_id</name>
        <value>110</value>
      </attribute>
    </attributes>
  </object>
  <object>
    <name>vehicule</name>
    <occluded>0</occluded>
    <bndbox>
      <xmin>1018.6979166666666</xmin>
      <ymin>4.133333333333818</ymin>
      <xmax>1367.555981445313</xmax>
      <ymax>236.5182342529297</ymax>
    </bndbox>
    <attributes>
      <attribute>
        <name>keyframe</name>
        <value>True</value>
      </attribute>
      <attribute>
        <name>track_id</name>
        <value>111</value>
      </attribute>
    </attributes>
  </object>
</annotation>
