<annotation>
  <folder>frame</folder>
  <filename>frame_000523.jpg</filename>
  <source>
    <database>Unknown</database>
    <annotation>Unknown</annotation>
    <image>Unknown</image>
  </source>
  <size>
    <width>2456</width>
    <height>2054</height>
    <depth>3</depth>
  </size>
  <segmented>0</segmented>
  <object>
    <name>vehicule</name>
    <occluded>0</occluded>
    <bndbox>
      <xmin>2094.73681640625</xmin>
      <ymin>835.59375</ymin>
      <xmax>2456.0</xmax>
      <ymax>1207.5018554687513</ymax>
    </bndbox>
    <attributes>
      <attribute>
        <name>keyframe</name>
        <value>True</value>
      </attribute>
      <attribute>
        <name>track_id</name>
        <value>67</value>
      </attribute>
    </attributes>
  </object>
  <object>
    <name>vehicule</name>
    <occluded>0</occluded>
    <bndbox>
      <xmin>1268.5862304687507</xmin>
      <ymin>672.1843750000007</ymin>
      <xmax>1750.8739440917961</xmax>
      <ymax>1026.9978759765618</ymax>
    </bndbox>
    <attributes>
      <attribute>
        <name>keyframe</name>
        <value>True</value>
      </attribute>
      <attribute>
        <name>track_id</name>
        <value>68</value>
      </attribute>
    </attributes>
  </object>
  <object>
    <name>vehicule</name>
    <occluded>0</occluded>
    <bndbox>
      <xmin>1061.1500000000005</xmin>
      <ymin>167.22500000000036</ymin>
      <xmax>1325.2951354980469</xmax>
      <ymax>440.3623275756836</ymax>
    </bndbox>
    <attributes>
      <attribute>
        <name>keyframe</name>
        <value>True</value>
      </attribute>
      <attribute>
        <name>track_id</name>
        <value>71</value>
      </attribute>
    </attributes>
  </object>
  <object>
    <name>vehicule</name>
    <occluded>0</occluded>
    <bndbox>
      <xmin>414.2197265625</xmin>
      <ymin>0.0</ymin>
      <xmax>653.8530578613281</xmax>
      <ymax>236.51754760742188</ymax>
    </bndbox>
    <attributes>
      <attribute>
        <name>keyframe</name>
        <value>True</value>
      </attribute>
      <attribute>
        <name>track_id</name>
        <value>72</value>
      </attribute>
    </attributes>
  </object>
</annotation>
