<annotation>
  <folder>frame</folder>
  <filename>frame_000882.jpg</filename>
  <source>
    <database>Unknown</database>
    <annotation>Unknown</annotation>
    <image>Unknown</image>
  </source>
  <size>
    <width>2456</width>
    <height>2054</height>
    <depth>3</depth>
  </size>
  <segmented>0</segmented>
  <object>
    <name>vehicule</name>
    <occluded>0</occluded>
    <bndbox>
      <xmin>811.01611328125</xmin>
      <ymin>1652.5322265625</ymin>
      <xmax>1564.1983398437515</xmax>
      <ymax>1994.8655700683594</ymax>
    </bndbox>
    <attributes>
      <attribute>
        <name>keyframe</name>
        <value>True</value>
      </attribute>
      <attribute>
        <name>track_id</name>
        <value>114</value>
      </attribute>
    </attributes>
  </object>
</annotation>
