<annotation>
  <folder>frame</folder>
  <filename>frame_000430.jpg</filename>
  <source>
    <database>Unknown</database>
    <annotation>Unknown</annotation>
    <image>Unknown</image>
  </source>
  <size>
    <width>2456</width>
    <height>2054</height>
    <depth>3</depth>
  </size>
  <segmented>0</segmented>
  <object>
    <name>vehicule</name>
    <occluded>0</occluded>
    <bndbox>
      <xmin>1450.6000000000004</xmin>
      <ymin>550.8232421875</ymin>
      <xmax>1904.9368896484375</xmax>
      <ymax>874.5051452636708</ymax>
    </bndbox>
    <attributes>
      <attribute>
        <name>keyframe</name>
        <value>True</value>
      </attribute>
      <attribute>
        <name>track_id</name>
        <value>60</value>
      </attribute>
    </attributes>
  </object>
  <object>
    <name>vehicule</name>
    <occluded>0</occluded>
    <bndbox>
      <xmin>755.856689453125</xmin>
      <ymin>1624.1513671875</ymin>
      <xmax>1559.120556640626</xmax>
      <ymax>1988.253607177734</ymax>
    </bndbox>
    <attributes>
      <attribute>
        <name>keyframe</name>
        <value>True</value>
      </attribute>
      <attribute>
        <name>track_id</name>
        <value>61</value>
      </attribute>
    </attributes>
  </object>
  <object>
    <name>vehicule</name>
    <occluded>0</occluded>
    <bndbox>
      <xmin>999.2998046875</xmin>
      <ymin>202.3000000000011</ymin>
      <xmax>1298.1000000000004</xmax>
      <ymax>507.2733154296875</ymax>
    </bndbox>
    <attributes>
      <attribute>
        <name>keyframe</name>
        <value>True</value>
      </attribute>
      <attribute>
        <name>track_id</name>
        <value>62</value>
      </attribute>
    </attributes>
  </object>
</annotation>
