<annotation>
  <folder>frame</folder>
  <filename>frame_001078.jpg</filename>
  <source>
    <database>Unknown</database>
    <annotation>Unknown</annotation>
    <image>Unknown</image>
  </source>
  <size>
    <width>2456</width>
    <height>2054</height>
    <depth>3</depth>
  </size>
  <segmented>0</segmented>
  <object>
    <name>vehicule</name>
    <occluded>0</occluded>
    <bndbox>
      <xmin>526.9856770833333</xmin>
      <ymin>1361.0666666666668</ymin>
      <xmax>1277.2856770833343</xmax>
      <ymax>1737.598124186198</ymax>
    </bndbox>
    <attributes>
      <attribute>
        <name>keyframe</name>
        <value>True</value>
      </attribute>
      <attribute>
        <name>track_id</name>
        <value>121</value>
      </attribute>
    </attributes>
  </object>
</annotation>
