<annotation>
  <folder>frame</folder>
  <filename>frame_001036.jpg</filename>
  <source>
    <database>Unknown</database>
    <annotation>Unknown</annotation>
    <image>Unknown</image>
  </source>
  <size>
    <width>2456</width>
    <height>2054</height>
    <depth>3</depth>
  </size>
  <segmented>0</segmented>
  <object>
    <name>vehicule</name>
    <occluded>0</occluded>
    <bndbox>
      <xmin>316.18671875</xmin>
      <ymin>1617.0583984375</ymin>
      <xmax>1135.0339819335945</xmax>
      <ymax>1997.3558447265623</ymax>
    </bndbox>
    <attributes>
      <attribute>
        <name>keyframe</name>
        <value>True</value>
      </attribute>
      <attribute>
        <name>track_id</name>
        <value>120</value>
      </attribute>
    </attributes>
  </object>
</annotation>
