<annotation>
  <folder>frame</folder>
  <filename>frame_000246.jpg</filename>
  <source>
    <database>Unknown</database>
    <annotation>Unknown</annotation>
    <image>Unknown</image>
  </source>
  <size>
    <width>2456</width>
    <height>2054</height>
    <depth>3</depth>
  </size>
  <segmented>0</segmented>
  <object>
    <name>vehicule</name>
    <occluded>0</occluded>
    <bndbox>
      <xmin>1188.505882352942</xmin>
      <ymin>922.4756433823532</ymin>
      <xmax>1823.482572667739</xmax>
      <ymax>1363.4558191636024</ymax>
    </bndbox>
    <attributes>
      <attribute>
        <name>keyframe</name>
        <value>True</value>
      </attribute>
      <attribute>
        <name>track_id</name>
        <value>16</value>
      </attribute>
    </attributes>
  </object>
  <object>
    <name>vehicule</name>
    <occluded>0</occluded>
    <bndbox>
      <xmin>1599.8176470588242</xmin>
      <ymin>846.5294117647063</ymin>
      <xmax>2132.327315386604</xmax>
      <ymax>1188.9718915153953</ymax>
    </bndbox>
    <attributes>
      <attribute>
        <name>keyframe</name>
        <value>True</value>
      </attribute>
      <attribute>
        <name>track_id</name>
        <value>19</value>
      </attribute>
    </attributes>
  </object>
  <object>
    <name>vehicule</name>
    <occluded>0</occluded>
    <bndbox>
      <xmin>1681.0764705882366</xmin>
      <ymin>609.3176470588245</ymin>
      <xmax>2190.489254222197</xmax>
      <ymax>948.0961052389706</ymax>
    </bndbox>
    <attributes>
      <attribute>
        <name>keyframe</name>
        <value>True</value>
      </attribute>
      <attribute>
        <name>track_id</name>
        <value>27</value>
      </attribute>
    </attributes>
  </object>
  <object>
    <name>vehicule</name>
    <occluded>0</occluded>
    <bndbox>
      <xmin>864.2470588235298</xmin>
      <ymin>426.0000000000002</ymin>
      <xmax>1280.8632462445428</xmax>
      <ymax>805.6731298110064</ymax>
    </bndbox>
    <attributes>
      <attribute>
        <name>keyframe</name>
        <value>True</value>
      </attribute>
      <attribute>
        <name>track_id</name>
        <value>29</value>
      </attribute>
    </attributes>
  </object>
  <object>
    <name>vehicule</name>
    <occluded>0</occluded>
    <bndbox>
      <xmin>686.8294117647067</xmin>
      <ymin>1011.0457261029413</ymin>
      <xmax>1297.1246714872473</xmax>
      <ymax>1465.3962571088002</ymax>
    </bndbox>
    <attributes>
      <attribute>
        <name>keyframe</name>
        <value>True</value>
      </attribute>
      <attribute>
        <name>track_id</name>
        <value>31</value>
      </attribute>
    </attributes>
  </object>
  <object>
    <name>vehicule</name>
    <occluded>0</occluded>
    <bndbox>
      <xmin>449.02941176470597</xmin>
      <ymin>654.8000000000012</ymin>
      <xmax>863.2334110035616</xmax>
      <ymax>1099.8556464700139</ymax>
    </bndbox>
    <attributes>
      <attribute>
        <name>keyframe</name>
        <value>True</value>
      </attribute>
      <attribute>
        <name>track_id</name>
        <value>34</value>
      </attribute>
    </attributes>
  </object>
  <object>
    <name>vehicule</name>
    <occluded>0</occluded>
    <bndbox>
      <xmin>1274.290716911765</xmin>
      <ymin>293.011764705883</ymin>
      <xmax>1598.066844267004</xmax>
      <ymax>646.9525954302619</ymax>
    </bndbox>
    <attributes>
      <attribute>
        <name>keyframe</name>
        <value>True</value>
      </attribute>
      <attribute>
        <name>track_id</name>
        <value>35</value>
      </attribute>
    </attributes>
  </object>
  <object>
    <name>vehicule</name>
    <occluded>0</occluded>
    <bndbox>
      <xmin>938.7046185661765</xmin>
      <ymin>223.1117647058833</ymin>
      <xmax>1196.9839154411766</xmax>
      <ymax>492.2613354851218</ymax>
    </bndbox>
    <attributes>
      <attribute>
        <name>keyframe</name>
        <value>True</value>
      </attribute>
      <attribute>
        <name>track_id</name>
        <value>37</value>
      </attribute>
    </attributes>
  </object>
  <object>
    <name>vehicule</name>
    <occluded>0</occluded>
    <bndbox>
      <xmin>1478.300000000001</xmin>
      <ymin>1633.8388671875</ymin>
      <xmax>2262.8206176757812</xmax>
      <ymax>1979.3062683105454</ymax>
    </bndbox>
    <attributes>
      <attribute>
        <name>keyframe</name>
        <value>True</value>
      </attribute>
      <attribute>
        <name>track_id</name>
        <value>38</value>
      </attribute>
    </attributes>
  </object>
  <object>
    <name>vehicule</name>
    <occluded>0</occluded>
    <bndbox>
      <xmin>0.0</xmin>
      <ymin>186.70000000000073</ymin>
      <xmax>314.7000000000007</xmax>
      <ymax>448.1427764892578</ymax>
    </bndbox>
    <attributes>
      <attribute>
        <name>keyframe</name>
        <value>True</value>
      </attribute>
      <attribute>
        <name>track_id</name>
        <value>39</value>
      </attribute>
    </attributes>
  </object>
  <object>
    <name>vehicule</name>
    <occluded>0</occluded>
    <bndbox>
      <xmin>596.2783203125</xmin>
      <ymin>85.60000000000036</ymin>
      <xmax>888.8177185058594</xmax>
      <ymax>390.1780433654785</ymax>
    </bndbox>
    <attributes>
      <attribute>
        <name>keyframe</name>
        <value>True</value>
      </attribute>
      <attribute>
        <name>track_id</name>
        <value>40</value>
      </attribute>
    </attributes>
  </object>
  <object>
    <name>vehicule</name>
    <occluded>0</occluded>
    <bndbox>
      <xmin>379.9397460937503</xmin>
      <ymin>1542.031005859375</ymin>
      <xmax>1133.139794921875</xmax>
      <ymax>1968.4112976074211</ymax>
    </bndbox>
    <attributes>
      <attribute>
        <name>keyframe</name>
        <value>True</value>
      </attribute>
      <attribute>
        <name>track_id</name>
        <value>41</value>
      </attribute>
    </attributes>
  </object>
  <object>
    <name>vehicule</name>
    <occluded>0</occluded>
    <bndbox>
      <xmin>1240.9135298295455</xmin>
      <ymin>25.472727272727667</ymin>
      <xmax>1554.9400407270955</xmax>
      <ymax>233.12303161621094</ymax>
    </bndbox>
    <attributes>
      <attribute>
        <name>keyframe</name>
        <value>True</value>
      </attribute>
      <attribute>
        <name>track_id</name>
        <value>42</value>
      </attribute>
    </attributes>
  </object>
</annotation>
