<annotation>
  <folder>frame</folder>
  <filename>frame_000451.jpg</filename>
  <source>
    <database>Unknown</database>
    <annotation>Unknown</annotation>
    <image>Unknown</image>
  </source>
  <size>
    <width>2456</width>
    <height>2054</height>
    <depth>3</depth>
  </size>
  <segmented>0</segmented>
  <object>
    <name>vehicule</name>
    <occluded>0</occluded>
    <bndbox>
      <xmin>1549.84873046875</xmin>
      <ymin>1624.541015625</ymin>
      <xmax>2300.195504760743</xmax>
      <ymax>1988.643255615234</ymax>
    </bndbox>
    <attributes>
      <attribute>
        <name>keyframe</name>
        <value>True</value>
      </attribute>
      <attribute>
        <name>track_id</name>
        <value>61</value>
      </attribute>
    </attributes>
  </object>
  <object>
    <name>vehicule</name>
    <occluded>0</occluded>
    <bndbox>
      <xmin>1432.6750000000006</xmin>
      <ymin>641.8750000000009</ymin>
      <xmax>1949.310401916504</xmax>
      <ymax>1024.663215637207</ymax>
    </bndbox>
    <attributes>
      <attribute>
        <name>keyframe</name>
        <value>True</value>
      </attribute>
      <attribute>
        <name>track_id</name>
        <value>62</value>
      </attribute>
    </attributes>
  </object>
  <object>
    <name>vehicule</name>
    <occluded>0</occluded>
    <bndbox>
      <xmin>542.5472005208333</xmin>
      <ymin>1359.9921875</ymin>
      <xmax>1404.9345052083347</xmax>
      <ymax>1817.4739990234375</ymax>
    </bndbox>
    <attributes>
      <attribute>
        <name>keyframe</name>
        <value>True</value>
      </attribute>
      <attribute>
        <name>track_id</name>
        <value>63</value>
      </attribute>
    </attributes>
  </object>
</annotation>
