<annotation>
  <folder>frame</folder>
  <filename>frame_000804.jpg</filename>
  <source>
    <database>Unknown</database>
    <annotation>Unknown</annotation>
    <image>Unknown</image>
  </source>
  <size>
    <width>2456</width>
    <height>2054</height>
    <depth>3</depth>
  </size>
  <segmented>0</segmented>
  <object>
    <name>vehicule</name>
    <occluded>0</occluded>
    <bndbox>
      <xmin>275.1091796875</xmin>
      <ymin>241.4201171875</ymin>
      <xmax>679.9628906250011</xmax>
      <ymax>484.24600219726454</ymax>
    </bndbox>
    <attributes>
      <attribute>
        <name>keyframe</name>
        <value>True</value>
      </attribute>
      <attribute>
        <name>track_id</name>
        <value>105</value>
      </attribute>
    </attributes>
  </object>
  <object>
    <name>vehicule</name>
    <occluded>0</occluded>
    <bndbox>
      <xmin>324.591796875</xmin>
      <ymin>83.370703125</ymin>
      <xmax>663.853515625</xmax>
      <ymax>276.3529388427727</ymax>
    </bndbox>
    <attributes>
      <attribute>
        <name>keyframe</name>
        <value>True</value>
      </attribute>
      <attribute>
        <name>track_id</name>
        <value>106</value>
      </attribute>
    </attributes>
  </object>
  <object>
    <name>vehicule</name>
    <occluded>0</occluded>
    <bndbox>
      <xmin>35.787109375</xmin>
      <ymin>171.12431640625073</ymin>
      <xmax>163.69529724121094</xmax>
      <ymax>398.3494689941399</ymax>
    </bndbox>
    <attributes>
      <attribute>
        <name>keyframe</name>
        <value>True</value>
      </attribute>
      <attribute>
        <name>track_id</name>
        <value>107</value>
      </attribute>
    </attributes>
  </object>
  <object>
    <name>vehicule</name>
    <occluded>0</occluded>
    <bndbox>
      <xmin>1207.811328125</xmin>
      <ymin>6.216562500000146</ymin>
      <xmax>1534.5840637207032</xmax>
      <ymax>186.7238739013672</ymax>
    </bndbox>
    <attributes>
      <attribute>
        <name>keyframe</name>
        <value>True</value>
      </attribute>
      <attribute>
        <name>track_id</name>
        <value>108</value>
      </attribute>
    </attributes>
  </object>
</annotation>
