<annotation>
  <folder>frame</folder>
  <filename>frame_000716.jpg</filename>
  <source>
    <database>Unknown</database>
    <annotation>Unknown</annotation>
    <image>Unknown</image>
  </source>
  <size>
    <width>2456</width>
    <height>2054</height>
    <depth>3</depth>
  </size>
  <segmented>0</segmented>
  <object>
    <name>vehicule</name>
    <occluded>0</occluded>
    <bndbox>
      <xmin>1353.8111979166667</xmin>
      <ymin>524.1000000000001</ymin>
      <xmax>1789.0869839138452</xmax>
      <ymax>860.3265889485677</ymax>
    </bndbox>
    <attributes>
      <attribute>
        <name>keyframe</name>
        <value>True</value>
      </attribute>
      <attribute>
        <name>track_id</name>
        <value>92</value>
      </attribute>
    </attributes>
  </object>
  <object>
    <name>vehicule</name>
    <occluded>0</occluded>
    <bndbox>
      <xmin>864.3035714285717</xmin>
      <ymin>102.2857142857148</ymin>
      <xmax>1126.4513854980469</xmax>
      <ymax>371.2291216169085</ymax>
    </bndbox>
    <attributes>
      <attribute>
        <name>keyframe</name>
        <value>True</value>
      </attribute>
      <attribute>
        <name>track_id</name>
        <value>93</value>
      </attribute>
    </attributes>
  </object>
</annotation>
