<annotation>
  <folder>frame</folder>
  <filename>frame_000932.jpg</filename>
  <source>
    <database>Unknown</database>
    <annotation>Unknown</annotation>
    <image>Unknown</image>
  </source>
  <size>
    <width>2456</width>
    <height>2054</height>
    <depth>3</depth>
  </size>
  <segmented>0</segmented>
  <object>
    <name>vehicule</name>
    <occluded>0</occluded>
    <bndbox>
      <xmin>991.3773970170455</xmin>
      <ymin>1591.1400923295455</ymin>
      <xmax>1713.372123579547</xmax>
      <ymax>1977.0431074662642</ymax>
    </bndbox>
    <attributes>
      <attribute>
        <name>keyframe</name>
        <value>True</value>
      </attribute>
      <attribute>
        <name>track_id</name>
        <value>117</value>
      </attribute>
    </attributes>
  </object>
</annotation>
