<annotation>
  <folder>frame</folder>
  <filename>frame_000771.jpg</filename>
  <source>
    <database>Unknown</database>
    <annotation>Unknown</annotation>
    <image>Unknown</image>
  </source>
  <size>
    <width>2456</width>
    <height>2054</height>
    <depth>3</depth>
  </size>
  <segmented>0</segmented>
  <object>
    <name>vehicule</name>
    <occluded>0</occluded>
    <bndbox>
      <xmin>319.24310825892985</xmin>
      <ymin>228.02873883928572</ymin>
      <xmax>717.0190638950894</xmax>
      <ymax>551.7333592006138</ymax>
    </bndbox>
    <attributes>
      <attribute>
        <name>keyframe</name>
        <value>True</value>
      </attribute>
      <attribute>
        <name>track_id</name>
        <value>99</value>
      </attribute>
    </attributes>
  </object>
  <object>
    <name>vehicule</name>
    <occluded>0</occluded>
    <bndbox>
      <xmin>1227.99560546875</xmin>
      <ymin>1608.9002929687504</ymin>
      <xmax>2045.7139129638672</xmax>
      <ymax>1963.7460815429677</ymax>
    </bndbox>
    <attributes>
      <attribute>
        <name>keyframe</name>
        <value>True</value>
      </attribute>
      <attribute>
        <name>track_id</name>
        <value>100</value>
      </attribute>
    </attributes>
  </object>
  <object>
    <name>vehicule</name>
    <occluded>0</occluded>
    <bndbox>
      <xmin>0.0</xmin>
      <ymin>146.2294921875</ymin>
      <xmax>252.39882812500036</xmax>
      <ymax>469.9753906250007</ymax>
    </bndbox>
    <attributes>
      <attribute>
        <name>keyframe</name>
        <value>True</value>
      </attribute>
      <attribute>
        <name>track_id</name>
        <value>101</value>
      </attribute>
    </attributes>
  </object>
  <object>
    <name>vehicule</name>
    <occluded>0</occluded>
    <bndbox>
      <xmin>624.6441127232143</xmin>
      <ymin>58.71428571428571</ymin>
      <xmax>952.1864196777357</xmax>
      <ymax>294.760502406529</ymax>
    </bndbox>
    <attributes>
      <attribute>
        <name>keyframe</name>
        <value>True</value>
      </attribute>
      <attribute>
        <name>track_id</name>
        <value>102</value>
      </attribute>
    </attributes>
  </object>
  <object>
    <name>vehicule</name>
    <occluded>0</occluded>
    <bndbox>
      <xmin>1264.451953125</xmin>
      <ymin>7.4400000000008735</ymin>
      <xmax>1572.5519287109375</xmax>
      <ymax>219.09076843261718</ymax>
    </bndbox>
    <attributes>
      <attribute>
        <name>keyframe</name>
        <value>True</value>
      </attribute>
      <attribute>
        <name>track_id</name>
        <value>103</value>
      </attribute>
    </attributes>
  </object>
</annotation>
