<annotation>
  <folder>frame</folder>
  <filename>frame_000648.jpg</filename>
  <source>
    <database>Unknown</database>
    <annotation>Unknown</annotation>
    <image>Unknown</image>
  </source>
  <size>
    <width>2456</width>
    <height>2054</height>
    <depth>3</depth>
  </size>
  <segmented>0</segmented>
  <object>
    <name>vehicule</name>
    <occluded>0</occluded>
    <bndbox>
      <xmin>1109.4333333333336</xmin>
      <ymin>262.41666666666697</ymin>
      <xmax>1453.148717244466</xmax>
      <ymax>554.4743881225586</ymax>
    </bndbox>
    <attributes>
      <attribute>
        <name>keyframe</name>
        <value>True</value>
      </attribute>
      <attribute>
        <name>track_id</name>
        <value>85</value>
      </attribute>
    </attributes>
  </object>
  <object>
    <name>vehicule</name>
    <occluded>0</occluded>
    <bndbox>
      <xmin>290.5916748046875</xmin>
      <ymin>46.6875</ymin>
      <xmax>592.3841133117676</xmax>
      <ymax>282.8109436035156</ymax>
    </bndbox>
    <attributes>
      <attribute>
        <name>keyframe</name>
        <value>True</value>
      </attribute>
      <attribute>
        <name>track_id</name>
        <value>86</value>
      </attribute>
    </attributes>
  </object>
</annotation>
