<annotation>
  <folder>frame</folder>
  <filename>frame_000663.jpg</filename>
  <source>
    <database>Unknown</database>
    <annotation>Unknown</annotation>
    <image>Unknown</image>
  </source>
  <size>
    <width>2456</width>
    <height>2054</height>
    <depth>3</depth>
  </size>
  <segmented>0</segmented>
  <object>
    <name>vehicule</name>
    <occluded>0</occluded>
    <bndbox>
      <xmin>1725.8400000000001</xmin>
      <ymin>644.1000000000004</ymin>
      <xmax>2247.878546142578</xmax>
      <ymax>1014.5509155273437</ymax>
    </bndbox>
    <attributes>
      <attribute>
        <name>keyframe</name>
        <value>True</value>
      </attribute>
      <attribute>
        <name>track_id</name>
        <value>85</value>
      </attribute>
    </attributes>
  </object>
  <object>
    <name>vehicule</name>
    <occluded>0</occluded>
    <bndbox>
      <xmin>301.18408203125</xmin>
      <ymin>1113.4451497395833</ymin>
      <xmax>581.5830078125</xmax>
      <ymax>1440.2178853352864</ymax>
    </bndbox>
    <attributes>
      <attribute>
        <name>keyframe</name>
        <value>True</value>
      </attribute>
      <attribute>
        <name>track_id</name>
        <value>87</value>
      </attribute>
    </attributes>
  </object>
  <object>
    <name>vehicule</name>
    <occluded>0</occluded>
    <bndbox>
      <xmin>398.3486328125</xmin>
      <ymin>0.0</ymin>
      <xmax>516.9204483032227</xmax>
      <ymax>205.3971405029297</ymax>
    </bndbox>
    <attributes>
      <attribute>
        <name>keyframe</name>
        <value>True</value>
      </attribute>
      <attribute>
        <name>track_id</name>
        <value>88</value>
      </attribute>
    </attributes>
  </object>
</annotation>
