<annotation>
  <folder>frame</folder>
  <filename>frame_000507.jpg</filename>
  <source>
    <database>Unknown</database>
    <annotation>Unknown</annotation>
    <image>Unknown</image>
  </source>
  <size>
    <width>2456</width>
    <height>2054</height>
    <depth>3</depth>
  </size>
  <segmented>0</segmented>
  <object>
    <name>vehicule</name>
    <occluded>0</occluded>
    <bndbox>
      <xmin>1296.821054687501</xmin>
      <ymin>385.3</ymin>
      <xmax>1652.8443542480468</xmax>
      <ymax>729.4782775878907</ymax>
    </bndbox>
    <attributes>
      <attribute>
        <name>keyframe</name>
        <value>True</value>
      </attribute>
      <attribute>
        <name>track_id</name>
        <value>67</value>
      </attribute>
    </attributes>
  </object>
  <object>
    <name>vehicule</name>
    <occluded>0</occluded>
    <bndbox>
      <xmin>891.9506250000007</xmin>
      <ymin>313.437324218751</ymin>
      <xmax>1157.0833068847655</xmax>
      <ymax>587.2553149414061</ymax>
    </bndbox>
    <attributes>
      <attribute>
        <name>keyframe</name>
        <value>True</value>
      </attribute>
      <attribute>
        <name>track_id</name>
        <value>68</value>
      </attribute>
    </attributes>
  </object>
  <object>
    <name>vehicule</name>
    <occluded>0</occluded>
    <bndbox>
      <xmin>870.8767903645834</xmin>
      <ymin>1574.492106119792</ymin>
      <xmax>1677.1965169270838</xmax>
      <ymax>1975.93535563151</ymax>
    </bndbox>
    <attributes>
      <attribute>
        <name>keyframe</name>
        <value>True</value>
      </attribute>
      <attribute>
        <name>track_id</name>
        <value>69</value>
      </attribute>
    </attributes>
  </object>
  <object>
    <name>vehicule</name>
    <occluded>0</occluded>
    <bndbox>
      <xmin>272.619140625</xmin>
      <ymin>57.55000000000018</ymin>
      <xmax>566.7011077880861</xmax>
      <ymax>292.5366668701172</ymax>
    </bndbox>
    <attributes>
      <attribute>
        <name>keyframe</name>
        <value>True</value>
      </attribute>
      <attribute>
        <name>track_id</name>
        <value>70</value>
      </attribute>
    </attributes>
  </object>
</annotation>
