<annotation>
  <folder>frame</folder>
  <filename>frame_000978.jpg</filename>
  <source>
    <database>Unknown</database>
    <annotation>Unknown</annotation>
    <image>Unknown</image>
  </source>
  <size>
    <width>2456</width>
    <height>2054</height>
    <depth>3</depth>
  </size>
  <segmented>0</segmented>
  <object>
    <name>vehicule</name>
    <occluded>0</occluded>
    <bndbox>
      <xmin>771.180078125</xmin>
      <ymin>30.5</ymin>
      <xmax>1226.4837988281251</xmax>
      <ymax>249.58829040527343</ymax>
    </bndbox>
    <attributes>
      <attribute>
        <name>keyframe</name>
        <value>True</value>
      </attribute>
      <attribute>
        <name>track_id</name>
        <value>119</value>
      </attribute>
    </attributes>
  </object>
</annotation>
