<annotation>
  <folder>frame</folder>
  <filename>frame_000876.jpg</filename>
  <source>
    <database>Unknown</database>
    <annotation>Unknown</annotation>
    <image>Unknown</image>
  </source>
  <size>
    <width>2456</width>
    <height>2054</height>
    <depth>3</depth>
  </size>
  <segmented>0</segmented>
  <object>
    <name>vehicule</name>
    <occluded>0</occluded>
    <bndbox>
      <xmin>44.41044921875073</xmin>
      <ymin>1662.90625</ymin>
      <xmax>717.1502685546875</xmax>
      <ymax>2005.2395935058594</ymax>
    </bndbox>
    <attributes>
      <attribute>
        <name>keyframe</name>
        <value>True</value>
      </attribute>
      <attribute>
        <name>track_id</name>
        <value>114</value>
      </attribute>
    </attributes>
  </object>
</annotation>
