<annotation>
  <folder>frame</folder>
  <filename>frame_001129.jpg</filename>
  <source>
    <database>Unknown</database>
    <annotation>Unknown</annotation>
    <image>Unknown</image>
  </source>
  <size>
    <width>2456</width>
    <height>2054</height>
    <depth>3</depth>
  </size>
  <segmented>0</segmented>
  <object>
    <name>vehicule</name>
    <occluded>0</occluded>
    <bndbox>
      <xmin>1337.4833984375</xmin>
      <ymin>989.6510416666666</ymin>
      <xmax>2053.2748046875004</xmax>
      <ymax>1316.4237772623699</ymax>
    </bndbox>
    <attributes>
      <attribute>
        <name>keyframe</name>
        <value>True</value>
      </attribute>
      <attribute>
        <name>track_id</name>
        <value>123</value>
      </attribute>
    </attributes>
  </object>
  <object>
    <name>vehicule</name>
    <occluded>0</occluded>
    <bndbox>
      <xmin>810.70751953125</xmin>
      <ymin>1580.98193359375</ymin>
      <xmax>1551.73193359375</xmax>
      <ymax>1969.9692687988281</ymax>
    </bndbox>
    <attributes>
      <attribute>
        <name>keyframe</name>
        <value>True</value>
      </attribute>
      <attribute>
        <name>track_id</name>
        <value>124</value>
      </attribute>
    </attributes>
  </object>
</annotation>
