<annotation>
  <folder>frame</folder>
  <filename>frame_000130.jpg</filename>
  <source>
    <database>Unknown</database>
    <annotation>Unknown</annotation>
    <image>Unknown</image>
  </source>
  <size>
    <width>2456</width>
    <height>2054</height>
    <depth>3</depth>
  </size>
  <segmented>0</segmented>
  <object>
    <name>vehicule</name>
    <occluded>0</occluded>
    <bndbox>
      <xmin>1012.3786018668841</xmin>
      <ymin>469.0292080965909</ymin>
      <xmax>1335.9283805549917</xmax>
      <ymax>816.5030392337154</ymax>
    </bndbox>
    <attributes>
      <attribute>
        <name>keyframe</name>
        <value>True</value>
      </attribute>
      <attribute>
        <name>track_id</name>
        <value>2</value>
      </attribute>
    </attributes>
  </object>
  <object>
    <name>vehicule</name>
    <occluded>0</occluded>
    <bndbox>
      <xmin>682.7535655886636</xmin>
      <ymin>717.1206395348837</ymin>
      <xmax>1026.560085278888</xmax>
      <ymax>1087.5771397790234</ymax>
    </bndbox>
    <attributes>
      <attribute>
        <name>keyframe</name>
        <value>True</value>
      </attribute>
      <attribute>
        <name>track_id</name>
        <value>5</value>
      </attribute>
    </attributes>
  </object>
  <object>
    <name>vehicule</name>
    <occluded>0</occluded>
    <bndbox>
      <xmin>1170.3169516030844</xmin>
      <ymin>210.14557122564935</ymin>
      <xmax>1394.4370687905844</xmax>
      <ymax>467.5781578955712</ymax>
    </bndbox>
    <attributes>
      <attribute>
        <name>keyframe</name>
        <value>True</value>
      </attribute>
      <attribute>
        <name>track_id</name>
        <value>8</value>
      </attribute>
    </attributes>
  </object>
  <object>
    <name>vehicule</name>
    <occluded>0</occluded>
    <bndbox>
      <xmin>656.62255859375</xmin>
      <ymin>417.0500000000002</ymin>
      <xmax>943.0241210937511</xmax>
      <ymax>755.3076934814453</ymax>
    </bndbox>
    <attributes>
      <attribute>
        <name>keyframe</name>
        <value>True</value>
      </attribute>
      <attribute>
        <name>track_id</name>
        <value>13</value>
      </attribute>
    </attributes>
  </object>
  <object>
    <name>vehicule</name>
    <occluded>0</occluded>
    <bndbox>
      <xmin>908.7360491071429</xmin>
      <ymin>147.79820033482181</ymin>
      <xmax>1214.641099330358</xmax>
      <ymax>456.7692528860907</ymax>
    </bndbox>
    <attributes>
      <attribute>
        <name>keyframe</name>
        <value>True</value>
      </attribute>
      <attribute>
        <name>track_id</name>
        <value>15</value>
      </attribute>
    </attributes>
  </object>
  <object>
    <name>vehicule</name>
    <occluded>0</occluded>
    <bndbox>
      <xmin>470.9824742268048</xmin>
      <ymin>354.3793814432994</ymin>
      <xmax>761.3104789183312</xmax>
      <ymax>705.1317664077601</ymax>
    </bndbox>
    <attributes>
      <attribute>
        <name>keyframe</name>
        <value>True</value>
      </attribute>
      <attribute>
        <name>track_id</name>
        <value>16</value>
      </attribute>
    </attributes>
  </object>
  <object>
    <name>vehicule</name>
    <occluded>0</occluded>
    <bndbox>
      <xmin>659.2888007409794</xmin>
      <ymin>209.16912653028402</ymin>
      <xmax>932.7371134020622</xmax>
      <ymax>454.5672921406852</ymax>
    </bndbox>
    <attributes>
      <attribute>
        <name>keyframe</name>
        <value>True</value>
      </attribute>
      <attribute>
        <name>track_id</name>
        <value>19</value>
      </attribute>
    </attributes>
  </object>
  <object>
    <name>vehicule</name>
    <occluded>0</occluded>
    <bndbox>
      <xmin>100.48758370535714</xmin>
      <ymin>372.6077008928574</ymin>
      <xmax>405.4889508928575</xmax>
      <ymax>757.0766113281253</ymax>
    </bndbox>
    <attributes>
      <attribute>
        <name>keyframe</name>
        <value>True</value>
      </attribute>
      <attribute>
        <name>track_id</name>
        <value>20</value>
      </attribute>
    </attributes>
  </object>
  <object>
    <name>vehicule</name>
    <occluded>0</occluded>
    <bndbox>
      <xmin>623.6666015625</xmin>
      <ymin>97.15906250000043</ymin>
      <xmax>1050.0507812500005</xmax>
      <ymax>258.9194049072263</ymax>
    </bndbox>
    <attributes>
      <attribute>
        <name>keyframe</name>
        <value>True</value>
      </attribute>
      <attribute>
        <name>track_id</name>
        <value>22</value>
      </attribute>
    </attributes>
  </object>
  <object>
    <name>vehicule</name>
    <occluded>0</occluded>
    <bndbox>
      <xmin>91.6810546875</xmin>
      <ymin>176.167578125</ymin>
      <xmax>421.6708984375008</xmax>
      <ymax>412.66502075195274</ymax>
    </bndbox>
    <attributes>
      <attribute>
        <name>keyframe</name>
        <value>True</value>
      </attribute>
      <attribute>
        <name>track_id</name>
        <value>23</value>
      </attribute>
    </attributes>
  </object>
  <object>
    <name>vehicule</name>
    <occluded>0</occluded>
    <bndbox>
      <xmin>737.57177734375</xmin>
      <ymin>1585.93505859375</ymin>
      <xmax>1487.8602539062504</xmax>
      <ymax>1974.9501953125</ymax>
    </bndbox>
    <attributes>
      <attribute>
        <name>keyframe</name>
        <value>True</value>
      </attribute>
      <attribute>
        <name>track_id</name>
        <value>26</value>
      </attribute>
    </attributes>
  </object>
  <object>
    <name>vehicule</name>
    <occluded>0</occluded>
    <bndbox>
      <xmin>1218.1848958333333</xmin>
      <ymin>1.0364583333333335</ymin>
      <xmax>1544.9576314290364</xmax>
      <ymax>210.58441670735678</ymax>
    </bndbox>
    <attributes>
      <attribute>
        <name>keyframe</name>
        <value>True</value>
      </attribute>
      <attribute>
        <name>track_id</name>
        <value>27</value>
      </attribute>
    </attributes>
  </object>
  <object>
    <name>vehicule</name>
    <occluded>0</occluded>
    <bndbox>
      <xmin>1537.7001268262989</xmin>
      <ymin>569.517578125</ymin>
      <xmax>2048.2624289772734</xmax>
      <ymax>955.3791015625011</ymax>
    </bndbox>
    <attributes>
      <attribute>
        <name>keyframe</name>
        <value>True</value>
      </attribute>
      <attribute>
        <name>track_id</name>
        <value>143</value>
      </attribute>
    </attributes>
  </object>
  <object>
    <name>vehicule</name>
    <occluded>0</occluded>
    <bndbox>
      <xmin>1178.186699218751</xmin>
      <ymin>759.6781445312506</ymin>
      <xmax>1674.9627062988282</xmax>
      <ymax>1166.438074951172</ymax>
    </bndbox>
    <attributes>
      <attribute>
        <name>keyframe</name>
        <value>True</value>
      </attribute>
      <attribute>
        <name>track_id</name>
        <value>144</value>
      </attribute>
    </attributes>
  </object>
  <object>
    <name>vehicule</name>
    <occluded>0</occluded>
    <bndbox>
      <xmin>1320.2215686274521</xmin>
      <ymin>445.55158547794133</ymin>
      <xmax>1702.4180130304076</xmax>
      <ymax>756.6481418983609</ymax>
    </bndbox>
    <attributes>
      <attribute>
        <name>keyframe</name>
        <value>True</value>
      </attribute>
      <attribute>
        <name>track_id</name>
        <value>146</value>
      </attribute>
    </attributes>
  </object>
</annotation>
