<annotation>
  <folder>frame</folder>
  <filename>frame_000319.jpg</filename>
  <source>
    <database>Unknown</database>
    <annotation>Unknown</annotation>
    <image>Unknown</image>
  </source>
  <size>
    <width>2456</width>
    <height>2054</height>
    <depth>3</depth>
  </size>
  <segmented>0</segmented>
  <object>
    <name>vehicule</name>
    <occluded>0</occluded>
    <bndbox>
      <xmin>1998.212890625</xmin>
      <ymin>1030.1259765625</ymin>
      <xmax>2456.0</xmax>
      <ymax>1397.335687255858</ymax>
    </bndbox>
    <attributes>
      <attribute>
        <name>keyframe</name>
        <value>True</value>
      </attribute>
      <attribute>
        <name>track_id</name>
        <value>40</value>
      </attribute>
    </attributes>
  </object>
  <object>
    <name>vehicule</name>
    <occluded>0</occluded>
    <bndbox>
      <xmin>1298.3090909090918</xmin>
      <ymin>810.9024325284091</ymin>
      <xmax>1914.546064897017</xmax>
      <ymax>1206.0854098233294</ymax>
    </bndbox>
    <attributes>
      <attribute>
        <name>keyframe</name>
        <value>True</value>
      </attribute>
      <attribute>
        <name>track_id</name>
        <value>44</value>
      </attribute>
    </attributes>
  </object>
  <object>
    <name>vehicule</name>
    <occluded>0</occluded>
    <bndbox>
      <xmin>1331.696910511364</xmin>
      <ymin>515.8000000000004</ymin>
      <xmax>1706.909268465909</xmax>
      <ymax>838.8552079634233</ymax>
    </bndbox>
    <attributes>
      <attribute>
        <name>keyframe</name>
        <value>True</value>
      </attribute>
      <attribute>
        <name>track_id</name>
        <value>46</value>
      </attribute>
    </attributes>
  </object>
  <object>
    <name>vehicule</name>
    <occluded>0</occluded>
    <bndbox>
      <xmin>966.4775390625014</xmin>
      <ymin>463.1818181818188</ymin>
      <xmax>1287.886629971591</xmax>
      <ymax>789.3452758789062</ymax>
    </bndbox>
    <attributes>
      <attribute>
        <name>keyframe</name>
        <value>True</value>
      </attribute>
      <attribute>
        <name>track_id</name>
        <value>49</value>
      </attribute>
    </attributes>
  </object>
  <object>
    <name>vehicule</name>
    <occluded>0</occluded>
    <bndbox>
      <xmin>647.4019886363646</xmin>
      <ymin>373.90909090909224</ymin>
      <xmax>917.5353310324929</xmax>
      <ymax>690.6075924960049</ymax>
    </bndbox>
    <attributes>
      <attribute>
        <name>keyframe</name>
        <value>True</value>
      </attribute>
      <attribute>
        <name>track_id</name>
        <value>50</value>
      </attribute>
    </attributes>
  </object>
  <object>
    <name>vehicule</name>
    <occluded>0</occluded>
    <bndbox>
      <xmin>1158.549183238637</xmin>
      <ymin>209.29946732954556</ymin>
      <xmax>1398.1768399325285</xmax>
      <ymax>467.0994498512948</ymax>
    </bndbox>
    <attributes>
      <attribute>
        <name>keyframe</name>
        <value>True</value>
      </attribute>
      <attribute>
        <name>track_id</name>
        <value>51</value>
      </attribute>
    </attributes>
  </object>
  <object>
    <name>vehicule</name>
    <occluded>0</occluded>
    <bndbox>
      <xmin>1403.873046875</xmin>
      <ymin>1719.4453125</ymin>
      <xmax>1792.88818359375</xmax>
      <ymax>1974.6392517089844</ymax>
    </bndbox>
    <attributes>
      <attribute>
        <name>keyframe</name>
        <value>True</value>
      </attribute>
      <attribute>
        <name>track_id</name>
        <value>53</value>
      </attribute>
    </attributes>
  </object>
  <object>
    <name>vehicule</name>
    <occluded>0</occluded>
    <bndbox>
      <xmin>639.3197544642858</xmin>
      <ymin>1501.323939732143</ymin>
      <xmax>1542.1525669642865</xmax>
      <ymax>1902.8366045270648</ymax>
    </bndbox>
    <attributes>
      <attribute>
        <name>keyframe</name>
        <value>True</value>
      </attribute>
      <attribute>
        <name>track_id</name>
        <value>54</value>
      </attribute>
    </attributes>
  </object>
  <object>
    <name>vehicule</name>
    <occluded>0</occluded>
    <bndbox>
      <xmin>1218.5615234375</xmin>
      <ymin>50.92595880681818</ymin>
      <xmax>1489.3160705566406</xmax>
      <ymax>225.20243280584162</ymax>
    </bndbox>
    <attributes>
      <attribute>
        <name>keyframe</name>
        <value>True</value>
      </attribute>
      <attribute>
        <name>track_id</name>
        <value>55</value>
      </attribute>
    </attributes>
  </object>
</annotation>
