<annotation>
  <folder>frame</folder>
  <filename>frame_002062.jpg</filename>
  <source>
    <database>Unknown</database>
    <annotation>Unknown</annotation>
    <image>Unknown</image>
  </source>
  <size>
    <width>2456</width>
    <height>2054</height>
    <depth>3</depth>
  </size>
  <segmented>0</segmented>
  <object>
    <name>vehicule</name>
    <occluded>0</occluded>
    <bndbox>
      <xmin>653.4623046875</xmin>
      <ymin>1196.9400000000012</ymin>
      <xmax>831.2200000000005</xmax>
      <ymax>1367.5876892089843</ymax>
    </bndbox>
    <attributes>
      <attribute>
        <name>track_id</name>
        <value>91</value>
      </attribute>
      <attribute>
        <name>keyframe</name>
        <value>True</value>
      </attribute>
    </attributes>
  </object>
  <object>
    <name>vehicule</name>
    <occluded>0</occluded>
    <bndbox>
      <xmin>446.7763671875</xmin>
      <ymin>1116.2565625000002</ymin>
      <xmax>614.9200000000012</xmax>
      <ymax>1311.4867297363278</ymax>
    </bndbox>
    <attributes>
      <attribute>
        <name>track_id</name>
        <value>95</value>
      </attribute>
      <attribute>
        <name>keyframe</name>
        <value>True</value>
      </attribute>
    </attributes>
  </object>
  <object>
    <name>vehicule</name>
    <occluded>0</occluded>
    <bndbox>
      <xmin>523.1470703125</xmin>
      <ymin>987.3767187500001</ymin>
      <xmax>647.2800000000007</xmax>
      <ymax>1114.4669927978525</ymax>
    </bndbox>
    <attributes>
      <attribute>
        <name>track_id</name>
        <value>105</value>
      </attribute>
      <attribute>
        <name>keyframe</name>
        <value>True</value>
      </attribute>
    </attributes>
  </object>
  <object>
    <name>vehicule</name>
    <occluded>0</occluded>
    <bndbox>
      <xmin>696.8494140625</xmin>
      <ymin>1044.248125</ymin>
      <xmax>841.5262500000001</xmax>
      <ymax>1189.7386694335933</ymax>
    </bndbox>
    <attributes>
      <attribute>
        <name>track_id</name>
        <value>108</value>
      </attribute>
      <attribute>
        <name>keyframe</name>
        <value>True</value>
      </attribute>
    </attributes>
  </object>
  <object>
    <name>vehicule</name>
    <occluded>0</occluded>
    <bndbox>
      <xmin>689.9200000000008</xmin>
      <ymin>930.9800000000002</ymin>
      <xmax>834.569692993164</xmax>
      <ymax>1066.7637939453125</ymax>
    </bndbox>
    <attributes>
      <attribute>
        <name>track_id</name>
        <value>118</value>
      </attribute>
      <attribute>
        <name>keyframe</name>
        <value>True</value>
      </attribute>
    </attributes>
  </object>
  <object>
    <name>vehicule</name>
    <occluded>0</occluded>
    <bndbox>
      <xmin>515.8364843750002</xmin>
      <ymin>880.3200000000012</ymin>
      <xmax>635.0180474853518</xmax>
      <ymax>999.4541793823242</ymax>
    </bndbox>
    <attributes>
      <attribute>
        <name>track_id</name>
        <value>130</value>
      </attribute>
      <attribute>
        <name>keyframe</name>
        <value>True</value>
      </attribute>
    </attributes>
  </object>
  <object>
    <name>vehicule</name>
    <occluded>0</occluded>
    <bndbox>
      <xmin>630.355859375</xmin>
      <ymin>1341.7211328125006</ymin>
      <xmax>938.1123046875015</xmax>
      <ymax>1585.839522705078</ymax>
    </bndbox>
    <attributes>
      <attribute>
        <name>track_id</name>
        <value>161</value>
      </attribute>
      <attribute>
        <name>keyframe</name>
        <value>True</value>
      </attribute>
    </attributes>
  </object>
  <object>
    <name>vehicule</name>
    <occluded>0</occluded>
    <bndbox>
      <xmin>494.8794921875</xmin>
      <ymin>1637.6266406250004</ymin>
      <xmax>875.0937500000003</xmax>
      <ymax>1953.2482958984372</ymax>
    </bndbox>
    <attributes>
      <attribute>
        <name>track_id</name>
        <value>162</value>
      </attribute>
      <attribute>
        <name>keyframe</name>
        <value>True</value>
      </attribute>
    </attributes>
  </object>
  <object>
    <name>vehicule</name>
    <occluded>0</occluded>
    <bndbox>
      <xmin>16.751953125</xmin>
      <ymin>1605.7295312500003</ymin>
      <xmax>408.45078125</xmax>
      <ymax>2006.9697265625</ymax>
    </bndbox>
    <attributes>
      <attribute>
        <name>track_id</name>
        <value>164</value>
      </attribute>
      <attribute>
        <name>keyframe</name>
        <value>True</value>
      </attribute>
    </attributes>
  </object>
  <object>
    <name>vehicule</name>
    <occluded>0</occluded>
    <bndbox>
      <xmin>1289.2109375</xmin>
      <ymin>1350.7816015625008</ymin>
      <xmax>1750.4695312500007</xmax>
      <ymax>1554.7397802734372</ymax>
    </bndbox>
    <attributes>
      <attribute>
        <name>track_id</name>
        <value>166</value>
      </attribute>
      <attribute>
        <name>keyframe</name>
        <value>True</value>
      </attribute>
    </attributes>
  </object>
  <object>
    <name>vehicule</name>
    <occluded>0</occluded>
    <bndbox>
      <xmin>1580.8200000000008</xmin>
      <ymin>935.5845703125</ymin>
      <xmax>1803.1627258300782</xmax>
      <ymax>1058.2846893310548</ymax>
    </bndbox>
    <attributes>
      <attribute>
        <name>track_id</name>
        <value>167</value>
      </attribute>
      <attribute>
        <name>keyframe</name>
        <value>True</value>
      </attribute>
    </attributes>
  </object>
</annotation>
