<annotation>
  <folder>frame</folder>
  <filename>frame_001781.jpg</filename>
  <source>
    <database>Unknown</database>
    <annotation>Unknown</annotation>
    <image>Unknown</image>
  </source>
  <size>
    <width>2456</width>
    <height>2054</height>
    <depth>3</depth>
  </size>
  <segmented>0</segmented>
  <object>
    <name>vehicule</name>
    <occluded>0</occluded>
    <bndbox>
      <xmin>714.1278054283408</xmin>
      <ymin>1013.5857980872847</ymin>
      <xmax>866.3305459068557</xmax>
      <ymax>1162.250559439823</ymax>
    </bndbox>
    <attributes>
      <attribute>
        <name>track_id</name>
        <value>91</value>
      </attribute>
      <attribute>
        <name>keyframe</name>
        <value>True</value>
      </attribute>
    </attributes>
  </object>
  <object>
    <name>vehicule</name>
    <occluded>0</occluded>
    <bndbox>
      <xmin>504.84217311437675</xmin>
      <ymin>989.9275567678826</ymin>
      <xmax>632.2146340518772</xmax>
      <ymax>1181.6076470999135</ymax>
    </bndbox>
    <attributes>
      <attribute>
        <name>track_id</name>
        <value>95</value>
      </attribute>
      <attribute>
        <name>keyframe</name>
        <value>True</value>
      </attribute>
    </attributes>
  </object>
  <object>
    <name>vehicule</name>
    <occluded>0</occluded>
    <bndbox>
      <xmin>527.0767291066282</xmin>
      <ymin>955.7890489913555</ymin>
      <xmax>645.4631731984251</xmax>
      <ymax>1057.3687380590081</ymax>
    </bndbox>
    <attributes>
      <attribute>
        <name>track_id</name>
        <value>105</value>
      </attribute>
      <attribute>
        <name>keyframe</name>
        <value>True</value>
      </attribute>
    </attributes>
  </object>
  <object>
    <name>vehicule</name>
    <occluded>0</occluded>
    <bndbox>
      <xmin>671.1107711226852</xmin>
      <ymin>923.811962890625</ymin>
      <xmax>790.7513961226852</xmax>
      <ymax>1040.6834472656253</ymax>
    </bndbox>
    <attributes>
      <attribute>
        <name>track_id</name>
        <value>108</value>
      </attribute>
      <attribute>
        <name>keyframe</name>
        <value>True</value>
      </attribute>
    </attributes>
  </object>
  <object>
    <name>vehicule</name>
    <occluded>0</occluded>
    <bndbox>
      <xmin>495.4443359375</xmin>
      <ymin>1688.3456380208336</ymin>
      <xmax>858.3177734375004</xmax>
      <ymax>1977.287828572591</ymax>
    </bndbox>
    <attributes>
      <attribute>
        <name>track_id</name>
        <value>116</value>
      </attribute>
      <attribute>
        <name>keyframe</name>
        <value>True</value>
      </attribute>
    </attributes>
  </object>
  <object>
    <name>vehicule</name>
    <occluded>0</occluded>
    <bndbox>
      <xmin>635.8853459821429</xmin>
      <ymin>823.0957421875</ymin>
      <xmax>763.8577352033343</xmax>
      <ymax>947.7130517578125</ymax>
    </bndbox>
    <attributes>
      <attribute>
        <name>track_id</name>
        <value>118</value>
      </attribute>
      <attribute>
        <name>keyframe</name>
        <value>True</value>
      </attribute>
    </attributes>
  </object>
  <object>
    <name>vehicule</name>
    <occluded>0</occluded>
    <bndbox>
      <xmin>806.249652029454</xmin>
      <ymin>1496.0559267241392</ymin>
      <xmax>1178.8151580459771</xmax>
      <ymax>1733.467005937949</ymax>
    </bndbox>
    <attributes>
      <attribute>
        <name>track_id</name>
        <value>119</value>
      </attribute>
      <attribute>
        <name>keyframe</name>
        <value>True</value>
      </attribute>
    </attributes>
  </object>
  <object>
    <name>vehicule</name>
    <occluded>0</occluded>
    <bndbox>
      <xmin>192.58550347222223</xmin>
      <ymin>1621.6777777777788</ymin>
      <xmax>568.9122612847236</xmax>
      <ymax>1875.3987799750435</ymax>
    </bndbox>
    <attributes>
      <attribute>
        <name>track_id</name>
        <value>121</value>
      </attribute>
      <attribute>
        <name>keyframe</name>
        <value>True</value>
      </attribute>
    </attributes>
  </object>
  <object>
    <name>vehicule</name>
    <occluded>0</occluded>
    <bndbox>
      <xmin>1179.3717584690125</xmin>
      <ymin>1291.028072478993</ymin>
      <xmax>1628.634844406513</xmax>
      <ymax>1589.2270246233259</ymax>
    </bndbox>
    <attributes>
      <attribute>
        <name>track_id</name>
        <value>123</value>
      </attribute>
      <attribute>
        <name>keyframe</name>
        <value>True</value>
      </attribute>
    </attributes>
  </object>
  <object>
    <name>vehicule</name>
    <occluded>0</occluded>
    <bndbox>
      <xmin>521.6749566690811</xmin>
      <ymin>817.7333531663908</ymin>
      <xmax>619.6511285440826</xmax>
      <ymax>942.3161229417815</ymax>
    </bndbox>
    <attributes>
      <attribute>
        <name>track_id</name>
        <value>130</value>
      </attribute>
      <attribute>
        <name>keyframe</name>
        <value>True</value>
      </attribute>
    </attributes>
  </object>
  <object>
    <name>vehicule</name>
    <occluded>0</occluded>
    <bndbox>
      <xmin>1686.6568697415864</xmin>
      <ymin>1328.1700721153845</ymin>
      <xmax>2080.0641268216646</xmax>
      <ymax>1509.9196143517127</ymax>
    </bndbox>
    <attributes>
      <attribute>
        <name>track_id</name>
        <value>133</value>
      </attribute>
      <attribute>
        <name>keyframe</name>
        <value>True</value>
      </attribute>
    </attributes>
  </object>
  <object>
    <name>vehicule</name>
    <occluded>0</occluded>
    <bndbox>
      <xmin>25.1650390625</xmin>
      <ymin>1418.734375</ymin>
      <xmax>431.60605468750146</xmax>
      <ymax>1665.7083404541008</ymax>
    </bndbox>
    <attributes>
      <attribute>
        <name>track_id</name>
        <value>135</value>
      </attribute>
      <attribute>
        <name>keyframe</name>
        <value>True</value>
      </attribute>
    </attributes>
  </object>
  <object>
    <name>vehicule</name>
    <occluded>0</occluded>
    <bndbox>
      <xmin>572.187654194079</xmin>
      <ymin>1438.099763569079</ymin>
      <xmax>942.6392166940793</xmax>
      <ymax>1633.6214829294302</ymax>
    </bndbox>
    <attributes>
      <attribute>
        <name>track_id</name>
        <value>139</value>
      </attribute>
      <attribute>
        <name>keyframe</name>
        <value>True</value>
      </attribute>
    </attributes>
  </object>
  <object>
    <name>vehicule</name>
    <occluded>0</occluded>
    <bndbox>
      <xmin>2118.7787109375</xmin>
      <ymin>1330.812890625</ymin>
      <xmax>2436.6800000000003</xmax>
      <ymax>1494.157418823242</ymax>
    </bndbox>
    <attributes>
      <attribute>
        <name>track_id</name>
        <value>141</value>
      </attribute>
      <attribute>
        <name>keyframe</name>
        <value>True</value>
      </attribute>
    </attributes>
  </object>
  <object>
    <name>vehicule</name>
    <occluded>0</occluded>
    <bndbox>
      <xmin>982.5754123263889</xmin>
      <ymin>1342.4333333333343</ymin>
      <xmax>1286.6442111545139</xmax>
      <ymax>1503.5140329996746</ymax>
    </bndbox>
    <attributes>
      <attribute>
        <name>track_id</name>
        <value>142</value>
      </attribute>
      <attribute>
        <name>keyframe</name>
        <value>True</value>
      </attribute>
    </attributes>
  </object>
  <object>
    <name>vehicule</name>
    <occluded>0</occluded>
    <bndbox>
      <xmin>1889.201171875</xmin>
      <ymin>1198.9248046875</ymin>
      <xmax>2236.825958251953</xmax>
      <ymax>1366.870590209961</ymax>
    </bndbox>
    <attributes>
      <attribute>
        <name>track_id</name>
        <value>143</value>
      </attribute>
      <attribute>
        <name>keyframe</name>
        <value>True</value>
      </attribute>
    </attributes>
  </object>
</annotation>
