<annotation>
  <folder>frame</folder>
  <filename>frame_000451.jpg</filename>
  <source>
    <database>Unknown</database>
    <annotation>Unknown</annotation>
    <image>Unknown</image>
  </source>
  <size>
    <width>2456</width>
    <height>2054</height>
    <depth>3</depth>
  </size>
  <segmented>0</segmented>
  <object>
    <name>vehicule</name>
    <occluded>0</occluded>
    <bndbox>
      <xmin>628.2284466911767</xmin>
      <ymin>928.0455882352952</ymin>
      <xmax>754.7985669304342</xmax>
      <ymax>1042.3277122273164</ymax>
    </bndbox>
    <attributes>
      <attribute>
        <name>track_id</name>
        <value>3</value>
      </attribute>
      <attribute>
        <name>keyframe</name>
        <value>True</value>
      </attribute>
    </attributes>
  </object>
  <object>
    <name>vehicule</name>
    <occluded>0</occluded>
    <bndbox>
      <xmin>849.039175377627</xmin>
      <ymin>967.3912355653459</ymin>
      <xmax>992.2335034817389</xmax>
      <ymax>1118.672582593292</ymax>
    </bndbox>
    <attributes>
      <attribute>
        <name>track_id</name>
        <value>4</value>
      </attribute>
      <attribute>
        <name>keyframe</name>
        <value>True</value>
      </attribute>
    </attributes>
  </object>
  <object>
    <name>vehicule</name>
    <occluded>0</occluded>
    <bndbox>
      <xmin>356.86953125</xmin>
      <ymin>1766.0791015625</ymin>
      <xmax>654.691387939452</xmax>
      <ymax>2051.51015625</ymax>
    </bndbox>
    <attributes>
      <attribute>
        <name>track_id</name>
        <value>22</value>
      </attribute>
      <attribute>
        <name>keyframe</name>
        <value>True</value>
      </attribute>
    </attributes>
  </object>
  <object>
    <name>vehicule</name>
    <occluded>0</occluded>
    <bndbox>
      <xmin>612.8646334134615</xmin>
      <ymin>1604.3765024038462</ymin>
      <xmax>926.2632662259626</xmax>
      <ymax>1874.1149789663473</ymax>
    </bndbox>
    <attributes>
      <attribute>
        <name>track_id</name>
        <value>23</value>
      </attribute>
      <attribute>
        <name>keyframe</name>
        <value>True</value>
      </attribute>
    </attributes>
  </object>
  <object>
    <name>vehicule</name>
    <occluded>0</occluded>
    <bndbox>
      <xmin>889.3231026785714</xmin>
      <ymin>1477.5890066964287</ymin>
      <xmax>1290.827790178572</xmax>
      <ymax>1672.0965750558037</ymax>
    </bndbox>
    <attributes>
      <attribute>
        <name>track_id</name>
        <value>24</value>
      </attribute>
      <attribute>
        <name>keyframe</name>
        <value>True</value>
      </attribute>
    </attributes>
  </object>
  <object>
    <name>vehicule</name>
    <occluded>0</occluded>
    <bndbox>
      <xmin>101.08344184027777</xmin>
      <ymin>1601.1555555555562</ymin>
      <xmax>477.63333333333424</xmax>
      <ymax>1882.6566365559895</ymax>
    </bndbox>
    <attributes>
      <attribute>
        <name>track_id</name>
        <value>25</value>
      </attribute>
      <attribute>
        <name>keyframe</name>
        <value>True</value>
      </attribute>
    </attributes>
  </object>
  <object>
    <name>vehicule</name>
    <occluded>0</occluded>
    <bndbox>
      <xmin>611.9887152777778</xmin>
      <ymin>1404.3555555555567</ymin>
      <xmax>1036.8635199652786</xmax>
      <ymax>1604.5845167371963</ymax>
    </bndbox>
    <attributes>
      <attribute>
        <name>track_id</name>
        <value>26</value>
      </attribute>
      <attribute>
        <name>keyframe</name>
        <value>True</value>
      </attribute>
    </attributes>
  </object>
  <object>
    <name>vehicule</name>
    <occluded>0</occluded>
    <bndbox>
      <xmin>66.03059895833334</xmin>
      <ymin>1428.818489583334</ymin>
      <xmax>450.36002604166674</xmax>
      <ymax>1649.2477071126298</ymax>
    </bndbox>
    <attributes>
      <attribute>
        <name>track_id</name>
        <value>27</value>
      </attribute>
      <attribute>
        <name>keyframe</name>
        <value>True</value>
      </attribute>
    </attributes>
  </object>
  <object>
    <name>vehicule</name>
    <occluded>0</occluded>
    <bndbox>
      <xmin>1566.9202473958333</xmin>
      <ymin>1344.354166666667</ymin>
      <xmax>2003.9005208333338</xmax>
      <ymax>1523.8991139729817</ymax>
    </bndbox>
    <attributes>
      <attribute>
        <name>track_id</name>
        <value>28</value>
      </attribute>
      <attribute>
        <name>keyframe</name>
        <value>True</value>
      </attribute>
    </attributes>
  </object>
  <object>
    <name>vehicule</name>
    <occluded>0</occluded>
    <bndbox>
      <xmin>1029.5042317708333</xmin>
      <ymin>1234.305121527778</ymin>
      <xmax>1426.9991319444453</xmax>
      <ymax>1405.4649692111545</ymax>
    </bndbox>
    <attributes>
      <attribute>
        <name>track_id</name>
        <value>29</value>
      </attribute>
      <attribute>
        <name>keyframe</name>
        <value>True</value>
      </attribute>
    </attributes>
  </object>
  <object>
    <name>vehicule</name>
    <occluded>0</occluded>
    <bndbox>
      <xmin>2004.3753255208333</xmin>
      <ymin>1277.5234375</ymin>
      <xmax>2362.333333333334</xmax>
      <ymax>1446.0966796875</ymax>
    </bndbox>
    <attributes>
      <attribute>
        <name>track_id</name>
        <value>30</value>
      </attribute>
      <attribute>
        <name>keyframe</name>
        <value>True</value>
      </attribute>
    </attributes>
  </object>
  <object>
    <name>vehicule</name>
    <occluded>0</occluded>
    <bndbox>
      <xmin>1281.096462673611</xmin>
      <ymin>1407.2342664930557</ymin>
      <xmax>1436.9601345486114</xmax>
      <ymax>1560.2059339735233</ymax>
    </bndbox>
    <attributes>
      <attribute>
        <name>track_id</name>
        <value>34</value>
      </attribute>
      <attribute>
        <name>keyframe</name>
        <value>True</value>
      </attribute>
    </attributes>
  </object>
  <object>
    <name>vehicule</name>
    <occluded>0</occluded>
    <bndbox>
      <xmin>613.521789253049</xmin>
      <ymin>986.8707392732246</ymin>
      <xmax>777.4217892530486</xmax>
      <ymax>1136.2274989167777</ymax>
    </bndbox>
    <attributes>
      <attribute>
        <name>track_id</name>
        <value>184</value>
      </attribute>
      <attribute>
        <name>keyframe</name>
        <value>True</value>
      </attribute>
    </attributes>
  </object>
</annotation>
