<annotation>
  <folder>frame</folder>
  <filename>frame_001421.jpg</filename>
  <source>
    <database>Unknown</database>
    <annotation>Unknown</annotation>
    <image>Unknown</image>
  </source>
  <size>
    <width>2456</width>
    <height>2054</height>
    <depth>3</depth>
  </size>
  <segmented>0</segmented>
  <object>
    <name>vehicule</name>
    <occluded>0</occluded>
    <bndbox>
      <xmin>700.7741420200898</xmin>
      <ymin>979.3214006696434</ymin>
      <xmax>847.2811913626535</xmax>
      <ymax>1123.3426472255157</ymax>
    </bndbox>
    <attributes>
      <attribute>
        <name>track_id</name>
        <value>91</value>
      </attribute>
      <attribute>
        <name>keyframe</name>
        <value>True</value>
      </attribute>
    </attributes>
  </object>
  <object>
    <name>vehicule</name>
    <occluded>0</occluded>
    <bndbox>
      <xmin>504.2286816129603</xmin>
      <ymin>995.7180799619338</ymin>
      <xmax>631.6011425504607</xmax>
      <ymax>1187.3981702939645</ymax>
    </bndbox>
    <attributes>
      <attribute>
        <name>track_id</name>
        <value>95</value>
      </attribute>
      <attribute>
        <name>keyframe</name>
        <value>True</value>
      </attribute>
    </attributes>
  </object>
  <object>
    <name>vehicule</name>
    <occluded>0</occluded>
    <bndbox>
      <xmin>534.6733159221902</xmin>
      <ymin>951.2242074927967</ymin>
      <xmax>653.0597600139871</xmax>
      <ymax>1040.7939347258905</ymax>
    </bndbox>
    <attributes>
      <attribute>
        <name>track_id</name>
        <value>105</value>
      </attribute>
      <attribute>
        <name>keyframe</name>
        <value>True</value>
      </attribute>
    </attributes>
  </object>
  <object>
    <name>vehicule</name>
    <occluded>0</occluded>
    <bndbox>
      <xmin>625.8188616071433</xmin>
      <ymin>836.8534109933036</ymin>
      <xmax>742.9694039481027</xmax>
      <ymax>950.1464285714292</ymax>
    </bndbox>
    <attributes>
      <attribute>
        <name>track_id</name>
        <value>108</value>
      </attribute>
      <attribute>
        <name>keyframe</name>
        <value>True</value>
      </attribute>
    </attributes>
  </object>
  <object>
    <name>vehicule</name>
    <occluded>0</occluded>
    <bndbox>
      <xmin>1724.3106250000003</xmin>
      <ymin>1336.70234375</ymin>
      <xmax>2083.02236328125</xmax>
      <ymax>1516.1512725830078</ymax>
    </bndbox>
    <attributes>
      <attribute>
        <name>track_id</name>
        <value>109</value>
      </attribute>
      <attribute>
        <name>keyframe</name>
        <value>True</value>
      </attribute>
    </attributes>
  </object>
</annotation>
