<annotation>
  <folder>frame</folder>
  <filename>frame_001683.jpg</filename>
  <source>
    <database>Unknown</database>
    <annotation>Unknown</annotation>
    <image>Unknown</image>
  </source>
  <size>
    <width>2456</width>
    <height>2054</height>
    <depth>3</depth>
  </size>
  <segmented>0</segmented>
  <object>
    <name>vehicule</name>
    <occluded>0</occluded>
    <bndbox>
      <xmin>712.891552060884</xmin>
      <ymin>1012.0820709859918</ymin>
      <xmax>865.0942925393989</xmax>
      <ymax>1160.74683233853</ymax>
    </bndbox>
    <attributes>
      <attribute>
        <name>track_id</name>
        <value>91</value>
      </attribute>
      <attribute>
        <name>keyframe</name>
        <value>True</value>
      </attribute>
    </attributes>
  </object>
  <object>
    <name>vehicule</name>
    <occluded>0</occluded>
    <bndbox>
      <xmin>504.67516709454674</xmin>
      <ymin>991.5038658595964</ymin>
      <xmax>632.0476280320471</xmax>
      <ymax>1183.1839561916274</ymax>
    </bndbox>
    <attributes>
      <attribute>
        <name>track_id</name>
        <value>95</value>
      </attribute>
      <attribute>
        <name>keyframe</name>
        <value>True</value>
      </attribute>
    </attributes>
  </object>
  <object>
    <name>vehicule</name>
    <occluded>0</occluded>
    <bndbox>
      <xmin>529.1446888508646</xmin>
      <ymin>954.5463976945256</ymin>
      <xmax>647.5311329426614</xmax>
      <ymax>1052.8567082627706</ymax>
    </bndbox>
    <attributes>
      <attribute>
        <name>track_id</name>
        <value>105</value>
      </attribute>
      <attribute>
        <name>keyframe</name>
        <value>True</value>
      </attribute>
    </attributes>
  </object>
  <object>
    <name>vehicule</name>
    <occluded>0</occluded>
    <bndbox>
      <xmin>671.9664279513889</xmin>
      <ymin>921.711279296875</ymin>
      <xmax>791.6070529513889</xmax>
      <ymax>1038.5827636718755</ymax>
    </bndbox>
    <attributes>
      <attribute>
        <name>track_id</name>
        <value>108</value>
      </attribute>
      <attribute>
        <name>keyframe</name>
        <value>True</value>
      </attribute>
    </attributes>
  </object>
  <object>
    <name>vehicule</name>
    <occluded>0</occluded>
    <bndbox>
      <xmin>320.70948517628204</xmin>
      <ymin>1783.036333133013</ymin>
      <xmax>637.4311832264968</xmax>
      <ymax>2054.0</ymax>
    </bndbox>
    <attributes>
      <attribute>
        <name>track_id</name>
        <value>114</value>
      </attribute>
      <attribute>
        <name>keyframe</name>
        <value>True</value>
      </attribute>
    </attributes>
  </object>
  <object>
    <name>vehicule</name>
    <occluded>0</occluded>
    <bndbox>
      <xmin>582.0962701612904</xmin>
      <ymin>1625.331552419355</ymin>
      <xmax>939.6064516129045</xmax>
      <ymax>1878.672480527817</ymax>
    </bndbox>
    <attributes>
      <attribute>
        <name>track_id</name>
        <value>116</value>
      </attribute>
      <attribute>
        <name>keyframe</name>
        <value>True</value>
      </attribute>
    </attributes>
  </object>
  <object>
    <name>vehicule</name>
    <occluded>0</occluded>
    <bndbox>
      <xmin>73.51652475421348</xmin>
      <ymin>1721.645200579354</ymin>
      <xmax>416.2225794417135</xmax>
      <ymax>1980.7058176447822</ymax>
    </bndbox>
    <attributes>
      <attribute>
        <name>track_id</name>
        <value>117</value>
      </attribute>
      <attribute>
        <name>keyframe</name>
        <value>True</value>
      </attribute>
    </attributes>
  </object>
  <object>
    <name>vehicule</name>
    <occluded>0</occluded>
    <bndbox>
      <xmin>641.9972209821428</xmin>
      <ymin>823.7426953125</ymin>
      <xmax>769.9696102033342</xmax>
      <ymax>948.3600048828125</ymax>
    </bndbox>
    <attributes>
      <attribute>
        <name>track_id</name>
        <value>118</value>
      </attribute>
      <attribute>
        <name>keyframe</name>
        <value>True</value>
      </attribute>
    </attributes>
  </object>
  <object>
    <name>vehicule</name>
    <occluded>0</occluded>
    <bndbox>
      <xmin>922.8677599676724</xmin>
      <ymin>1457.1984779094832</ymin>
      <xmax>1306.308001077587</xmax>
      <ymax>1671.2709750471445</ymax>
    </bndbox>
    <attributes>
      <attribute>
        <name>track_id</name>
        <value>119</value>
      </attribute>
      <attribute>
        <name>keyframe</name>
        <value>True</value>
      </attribute>
    </attributes>
  </object>
  <object>
    <name>vehicule</name>
    <occluded>0</occluded>
    <bndbox>
      <xmin>380.3461800508721</xmin>
      <ymin>1514.7146393531978</ymin>
      <xmax>779.6475472383736</xmax>
      <ymax>1740.6722534889388</ymax>
    </bndbox>
    <attributes>
      <attribute>
        <name>track_id</name>
        <value>121</value>
      </attribute>
      <attribute>
        <name>keyframe</name>
        <value>True</value>
      </attribute>
    </attributes>
  </object>
  <object>
    <name>vehicule</name>
    <occluded>0</occluded>
    <bndbox>
      <xmin>1304.4179441307774</xmin>
      <ymin>1288.7500164128153</ymin>
      <xmax>1753.6810300682778</xmax>
      <ymax>1550.5766339983259</ymax>
    </bndbox>
    <attributes>
      <attribute>
        <name>track_id</name>
        <value>123</value>
      </attribute>
      <attribute>
        <name>keyframe</name>
        <value>True</value>
      </attribute>
    </attributes>
  </object>
  <object>
    <name>vehicule</name>
    <occluded>0</occluded>
    <bndbox>
      <xmin>0.0</xmin>
      <ymin>1387.771484375</ymin>
      <xmax>340.42832031250146</xmax>
      <ymax>1643.850057983398</ymax>
    </bndbox>
    <attributes>
      <attribute>
        <name>track_id</name>
        <value>129</value>
      </attribute>
      <attribute>
        <name>keyframe</name>
        <value>True</value>
      </attribute>
    </attributes>
  </object>
  <object>
    <name>vehicule</name>
    <occluded>0</occluded>
    <bndbox>
      <xmin>528.4366026182432</xmin>
      <ymin>724.2731207770273</ymin>
      <xmax>626.4127744932447</xmax>
      <ymax>848.8558905524176</ymax>
    </bndbox>
    <attributes>
      <attribute>
        <name>track_id</name>
        <value>130</value>
      </attribute>
      <attribute>
        <name>keyframe</name>
        <value>True</value>
      </attribute>
    </attributes>
  </object>
  <object>
    <name>vehicule</name>
    <occluded>0</occluded>
    <bndbox>
      <xmin>894.23095703125</xmin>
      <ymin>1308.9169921875</ymin>
      <xmax>1051.4404907226562</xmax>
      <ymax>1473.7952880859375</ymax>
    </bndbox>
    <attributes>
      <attribute>
        <name>track_id</name>
        <value>131</value>
      </attribute>
      <attribute>
        <name>keyframe</name>
        <value>True</value>
      </attribute>
    </attributes>
  </object>
  <object>
    <name>vehicule</name>
    <occluded>0</occluded>
    <bndbox>
      <xmin>1816.8300170898438</xmin>
      <ymin>1310.501708984375</ymin>
      <xmax>2178.3060302734375</xmax>
      <ymax>1489.9506378173828</ymax>
    </bndbox>
    <attributes>
      <attribute>
        <name>track_id</name>
        <value>136</value>
      </attribute>
      <attribute>
        <name>keyframe</name>
        <value>True</value>
      </attribute>
    </attributes>
  </object>
</annotation>
