<annotation>
  <folder>frame</folder>
  <filename>frame_001241.jpg</filename>
  <source>
    <database>Unknown</database>
    <annotation>Unknown</annotation>
    <image>Unknown</image>
  </source>
  <size>
    <width>2456</width>
    <height>2054</height>
    <depth>3</depth>
  </size>
  <segmented>0</segmented>
  <object>
    <name>vehicule</name>
    <occluded>0</occluded>
    <bndbox>
      <xmin>629.5263671875</xmin>
      <ymin>823.4596144153226</ymin>
      <xmax>756.0076065063477</xmax>
      <ymax>935.295658726846</ymax>
    </bndbox>
    <attributes>
      <attribute>
        <name>track_id</name>
        <value>91</value>
      </attribute>
      <attribute>
        <name>keyframe</name>
        <value>True</value>
      </attribute>
    </attributes>
  </object>
  <object>
    <name>vehicule</name>
    <occluded>0</occluded>
    <bndbox>
      <xmin>384.396484375</xmin>
      <ymin>1848.9541015625</ymin>
      <xmax>686.0697326660156</xmax>
      <ymax>2054.0</ymax>
    </bndbox>
    <attributes>
      <attribute>
        <name>track_id</name>
        <value>92</value>
      </attribute>
      <attribute>
        <name>keyframe</name>
        <value>True</value>
      </attribute>
    </attributes>
  </object>
  <object>
    <name>vehicule</name>
    <occluded>0</occluded>
    <bndbox>
      <xmin>698.3685302734375</xmin>
      <ymin>1432.2612060546878</ymin>
      <xmax>1114.8034912109379</xmax>
      <ymax>1635.8722686767578</ymax>
    </bndbox>
    <attributes>
      <attribute>
        <name>track_id</name>
        <value>94</value>
      </attribute>
      <attribute>
        <name>keyframe</name>
        <value>True</value>
      </attribute>
    </attributes>
  </object>
  <object>
    <name>vehicule</name>
    <occluded>0</occluded>
    <bndbox>
      <xmin>513.9399201766304</xmin>
      <ymin>775.6604534646739</ymin>
      <xmax>608.5707926874577</xmax>
      <ymax>906.0293346902598</ymax>
    </bndbox>
    <attributes>
      <attribute>
        <name>track_id</name>
        <value>95</value>
      </attribute>
      <attribute>
        <name>keyframe</name>
        <value>True</value>
      </attribute>
    </attributes>
  </object>
  <object>
    <name>vehicule</name>
    <occluded>0</occluded>
    <bndbox>
      <xmin>1326.494140625</xmin>
      <ymin>1340.521240234375</ymin>
      <xmax>1666.9740234375004</xmax>
      <ymax>1530.322982788086</ymax>
    </bndbox>
    <attributes>
      <attribute>
        <name>track_id</name>
        <value>96</value>
      </attribute>
      <attribute>
        <name>keyframe</name>
        <value>True</value>
      </attribute>
    </attributes>
  </object>
  <object>
    <name>vehicule</name>
    <occluded>0</occluded>
    <bndbox>
      <xmin>1601.0757533482142</xmin>
      <ymin>1247.2032645089287</ymin>
      <xmax>1883.4722377232142</xmax>
      <ymax>1397.3831045968193</ymax>
    </bndbox>
    <attributes>
      <attribute>
        <name>track_id</name>
        <value>97</value>
      </attribute>
      <attribute>
        <name>keyframe</name>
        <value>True</value>
      </attribute>
    </attributes>
  </object>
  <object>
    <name>vehicule</name>
    <occluded>0</occluded>
    <bndbox>
      <xmin>2093.363636363638</xmin>
      <ymin>1339.6613103693182</ymin>
      <xmax>2422.187802401456</xmax>
      <ymax>1503.0542791193186</ymax>
    </bndbox>
    <attributes>
      <attribute>
        <name>track_id</name>
        <value>98</value>
      </attribute>
      <attribute>
        <name>keyframe</name>
        <value>True</value>
      </attribute>
    </attributes>
  </object>
</annotation>
