<annotation>
  <folder>frame</folder>
  <filename>frame_001013.jpg</filename>
  <source>
    <database>Unknown</database>
    <annotation>Unknown</annotation>
    <image>Unknown</image>
  </source>
  <size>
    <width>2456</width>
    <height>2054</height>
    <depth>3</depth>
  </size>
  <segmented>0</segmented>
  <object>
    <name>vehicule</name>
    <occluded>0</occluded>
    <bndbox>
      <xmin>665.0090188419117</xmin>
      <ymin>1188.240234375</ymin>
      <xmax>833.5662454044132</xmax>
      <ymax>1355.3330780029282</ymax>
    </bndbox>
    <attributes>
      <attribute>
        <name>track_id</name>
        <value>62</value>
      </attribute>
      <attribute>
        <name>keyframe</name>
        <value>True</value>
      </attribute>
    </attributes>
  </object>
  <object>
    <name>vehicule</name>
    <occluded>0</occluded>
    <bndbox>
      <xmin>885.5410907451923</xmin>
      <ymin>1173.320913461539</ymin>
      <xmax>1051.8885516826913</xmax>
      <ymax>1340.1512005145732</ymax>
    </bndbox>
    <attributes>
      <attribute>
        <name>track_id</name>
        <value>65</value>
      </attribute>
      <attribute>
        <name>keyframe</name>
        <value>True</value>
      </attribute>
    </attributes>
  </object>
  <object>
    <name>vehicule</name>
    <occluded>0</occluded>
    <bndbox>
      <xmin>494.87281709558823</xmin>
      <ymin>1108.7125000000003</ymin>
      <xmax>665.5849264705892</xmax>
      <ymax>1265.8239105224604</ymax>
    </bndbox>
    <attributes>
      <attribute>
        <name>track_id</name>
        <value>66</value>
      </attribute>
      <attribute>
        <name>keyframe</name>
        <value>True</value>
      </attribute>
    </attributes>
  </object>
  <object>
    <name>vehicule</name>
    <occluded>0</occluded>
    <bndbox>
      <xmin>525.9076772836538</xmin>
      <ymin>1458.4153846153854</ymin>
      <xmax>951.7549278846161</xmax>
      <ymax>1677.1151099571814</ymax>
    </bndbox>
    <attributes>
      <attribute>
        <name>track_id</name>
        <value>69</value>
      </attribute>
      <attribute>
        <name>keyframe</name>
        <value>True</value>
      </attribute>
    </attributes>
  </object>
  <object>
    <name>vehicule</name>
    <occluded>0</occluded>
    <bndbox>
      <xmin>566.9789177389706</xmin>
      <ymin>1007.4392807904412</ymin>
      <xmax>704.1764705882366</xmax>
      <ymax>1127.408493939568</ymax>
    </bndbox>
    <attributes>
      <attribute>
        <name>track_id</name>
        <value>70</value>
      </attribute>
      <attribute>
        <name>keyframe</name>
        <value>True</value>
      </attribute>
    </attributes>
  </object>
  <object>
    <name>vehicule</name>
    <occluded>0</occluded>
    <bndbox>
      <xmin>1477.8237680288462</xmin>
      <ymin>1353.226787860577</ymin>
      <xmax>1882.6286508413473</xmax>
      <ymax>1524.1761744572566</ymax>
    </bndbox>
    <attributes>
      <attribute>
        <name>track_id</name>
        <value>71</value>
      </attribute>
      <attribute>
        <name>keyframe</name>
        <value>True</value>
      </attribute>
    </attributes>
  </object>
  <object>
    <name>vehicule</name>
    <occluded>0</occluded>
    <bndbox>
      <xmin>1550.246153846155</xmin>
      <ymin>881.7674278846159</ymin>
      <xmax>1778.5094522329478</xmax>
      <ymax>1031.5796562781704</ymax>
    </bndbox>
    <attributes>
      <attribute>
        <name>track_id</name>
        <value>72</value>
      </attribute>
      <attribute>
        <name>keyframe</name>
        <value>True</value>
      </attribute>
    </attributes>
  </object>
  <object>
    <name>vehicule</name>
    <occluded>0</occluded>
    <bndbox>
      <xmin>637.3958834134615</xmin>
      <ymin>688.9194711538462</ymin>
      <xmax>730.7775057279147</xmax>
      <ymax>779.5273736807017</ymax>
    </bndbox>
    <attributes>
      <attribute>
        <name>track_id</name>
        <value>73</value>
      </attribute>
      <attribute>
        <name>keyframe</name>
        <value>True</value>
      </attribute>
    </attributes>
  </object>
</annotation>
