<annotation>
  <folder>frame</folder>
  <filename>frame_000041.jpg</filename>
  <source>
    <database>Unknown</database>
    <annotation>Unknown</annotation>
    <image>Unknown</image>
  </source>
  <size>
    <width>2456</width>
    <height>2054</height>
    <depth>3</depth>
  </size>
  <segmented>0</segmented>
  <object>
    <name>vehicule</name>
    <occluded>0</occluded>
    <bndbox>
      <xmin>658.2393663194445</xmin>
      <ymin>1362.5447265625003</ymin>
      <xmax>1083.2531358506951</xmax>
      <ymax>1534.9058939615886</ymax>
    </bndbox>
    <attributes>
      <attribute>
        <name>track_id</name>
        <value>0</value>
      </attribute>
      <attribute>
        <name>keyframe</name>
        <value>True</value>
      </attribute>
    </attributes>
  </object>
  <object>
    <name>vehicule</name>
    <occluded>0</occluded>
    <bndbox>
      <xmin>1389.7316080729167</xmin>
      <ymin>802.4054361979166</ymin>
      <xmax>1558.7256835937515</xmax>
      <ymax>916.1101684570322</ymax>
    </bndbox>
    <attributes>
      <attribute>
        <name>track_id</name>
        <value>1</value>
      </attribute>
      <attribute>
        <name>keyframe</name>
        <value>True</value>
      </attribute>
    </attributes>
  </object>
  <object>
    <name>vehicule</name>
    <occluded>0</occluded>
    <bndbox>
      <xmin>1493.685302734375</xmin>
      <ymin>1328.5482177734375</ymin>
      <xmax>1845.6000000000013</xmax>
      <ymax>1512.6820526123047</ymax>
    </bndbox>
    <attributes>
      <attribute>
        <name>track_id</name>
        <value>2</value>
      </attribute>
      <attribute>
        <name>keyframe</name>
        <value>True</value>
      </attribute>
    </attributes>
  </object>
  <object>
    <name>vehicule</name>
    <occluded>0</occluded>
    <bndbox>
      <xmin>576.6910807291666</xmin>
      <ymin>858.16455078125</ymin>
      <xmax>732.2971445719401</xmax>
      <ymax>993.0231323242188</ymax>
    </bndbox>
    <attributes>
      <attribute>
        <name>track_id</name>
        <value>3</value>
      </attribute>
      <attribute>
        <name>keyframe</name>
        <value>True</value>
      </attribute>
    </attributes>
  </object>
  <object>
    <name>vehicule</name>
    <occluded>0</occluded>
    <bndbox>
      <xmin>2045.4384765625</xmin>
      <ymin>1279.59765625</ymin>
      <xmax>2456.0</xmax>
      <ymax>1492.259262084961</ymax>
    </bndbox>
    <attributes>
      <attribute>
        <name>track_id</name>
        <value>5</value>
      </attribute>
      <attribute>
        <name>keyframe</name>
        <value>True</value>
      </attribute>
    </attributes>
  </object>
  <object>
    <name>vehicule</name>
    <occluded>0</occluded>
    <bndbox>
      <xmin>239.51497395833337</xmin>
      <ymin>1530.3000000000013</ymin>
      <xmax>695.3888888888897</xmax>
      <ymax>1788.4876013861763</ymax>
    </bndbox>
    <attributes>
      <attribute>
        <name>track_id</name>
        <value>182</value>
      </attribute>
      <attribute>
        <name>keyframe</name>
        <value>True</value>
      </attribute>
    </attributes>
  </object>
  <object>
    <name>vehicule</name>
    <occluded>0</occluded>
    <bndbox>
      <xmin>611.6452387971701</xmin>
      <ymin>995.8995467275947</ymin>
      <xmax>781.5</xmax>
      <ymax>1145.256306371148</ymax>
    </bndbox>
    <attributes>
      <attribute>
        <name>track_id</name>
        <value>184</value>
      </attribute>
      <attribute>
        <name>keyframe</name>
        <value>True</value>
      </attribute>
    </attributes>
  </object>
</annotation>
