<annotation>
  <folder>frame</folder>
  <filename>frame_000961.jpg</filename>
  <source>
    <database>Unknown</database>
    <annotation>Unknown</annotation>
    <image>Unknown</image>
  </source>
  <size>
    <width>2456</width>
    <height>2054</height>
    <depth>3</depth>
  </size>
  <segmented>0</segmented>
  <object>
    <name>vehicule</name>
    <occluded>0</occluded>
    <bndbox>
      <xmin>329.21516927083337</xmin>
      <ymin>1286.311914062501</ymin>
      <xmax>605.1614583333345</xmax>
      <ymax>1476.9844095865883</ymax>
    </bndbox>
    <attributes>
      <attribute>
        <name>track_id</name>
        <value>54</value>
      </attribute>
      <attribute>
        <name>keyframe</name>
        <value>True</value>
      </attribute>
    </attributes>
  </object>
  <object>
    <name>vehicule</name>
    <occluded>0</occluded>
    <bndbox>
      <xmin>446.9788411458333</xmin>
      <ymin>1681.3725260416668</ymin>
      <xmax>720.1237630208337</xmax>
      <ymax>1962.1910766601552</ymax>
    </bndbox>
    <attributes>
      <attribute>
        <name>track_id</name>
        <value>58</value>
      </attribute>
      <attribute>
        <name>keyframe</name>
        <value>True</value>
      </attribute>
    </attributes>
  </object>
  <object>
    <name>vehicule</name>
    <occluded>0</occluded>
    <bndbox>
      <xmin>704.039453125</xmin>
      <ymin>1048.5578776041666</ymin>
      <xmax>851.7962890625</xmax>
      <ymax>1215.6507212320948</ymax>
    </bndbox>
    <attributes>
      <attribute>
        <name>track_id</name>
        <value>62</value>
      </attribute>
      <attribute>
        <name>keyframe</name>
        <value>True</value>
      </attribute>
    </attributes>
  </object>
  <object>
    <name>vehicule</name>
    <occluded>0</occluded>
    <bndbox>
      <xmin>541.6797526041667</xmin>
      <ymin>977.5714192708333</ymin>
      <xmax>658.6353340657553</xmax>
      <ymax>1128.0596196492502</ymax>
    </bndbox>
    <attributes>
      <attribute>
        <name>track_id</name>
        <value>64</value>
      </attribute>
      <attribute>
        <name>keyframe</name>
        <value>True</value>
      </attribute>
    </attributes>
  </object>
  <object>
    <name>vehicule</name>
    <occluded>0</occluded>
    <bndbox>
      <xmin>662.8443489583334</xmin>
      <ymin>719.0350260416667</ymin>
      <xmax>783.7565106201182</xmax>
      <ymax>812.0624690755205</ymax>
    </bndbox>
    <attributes>
      <attribute>
        <name>track_id</name>
        <value>65</value>
      </attribute>
      <attribute>
        <name>keyframe</name>
        <value>True</value>
      </attribute>
    </attributes>
  </object>
  <object>
    <name>vehicule</name>
    <occluded>0</occluded>
    <bndbox>
      <xmin>589.6768229166667</xmin>
      <ymin>816.7659505208334</ymin>
      <xmax>703.2702982584635</xmax>
      <ymax>934.9926274617513</ymax>
    </bndbox>
    <attributes>
      <attribute>
        <name>track_id</name>
        <value>66</value>
      </attribute>
      <attribute>
        <name>keyframe</name>
        <value>True</value>
      </attribute>
    </attributes>
  </object>
  <object>
    <name>vehicule</name>
    <occluded>0</occluded>
    <bndbox>
      <xmin>1731.388897235577</xmin>
      <ymin>1292.3399188701924</ymin>
      <xmax>2093.917217548077</xmax>
      <ymax>1494.7951190655049</ymax>
    </bndbox>
    <attributes>
      <attribute>
        <name>track_id</name>
        <value>67</value>
      </attribute>
      <attribute>
        <name>keyframe</name>
        <value>True</value>
      </attribute>
    </attributes>
  </object>
  <object>
    <name>vehicule</name>
    <occluded>0</occluded>
    <bndbox>
      <xmin>1892.8623828125012</xmin>
      <ymin>1024.843359375</ymin>
      <xmax>2106.3046875</xmax>
      <ymax>1164.247262573242</ymax>
    </bndbox>
    <attributes>
      <attribute>
        <name>track_id</name>
        <value>68</value>
      </attribute>
      <attribute>
        <name>keyframe</name>
        <value>True</value>
      </attribute>
    </attributes>
  </object>
</annotation>
