<annotation>
  <folder>frame</folder>
  <filename>frame_000919.jpg</filename>
  <source>
    <database>Unknown</database>
    <annotation>Unknown</annotation>
    <image>Unknown</image>
  </source>
  <size>
    <width>2456</width>
    <height>2054</height>
    <depth>3</depth>
  </size>
  <segmented>0</segmented>
  <object>
    <name>vehicule</name>
    <occluded>0</occluded>
    <bndbox>
      <xmin>599.291015625</xmin>
      <ymin>1139.9000000000015</ymin>
      <xmax>773.0</xmax>
      <ymax>1317.1480255126953</ymax>
    </bndbox>
    <attributes>
      <attribute>
        <name>track_id</name>
        <value>3</value>
      </attribute>
      <attribute>
        <name>keyframe</name>
        <value>True</value>
      </attribute>
    </attributes>
  </object>
  <object>
    <name>vehicule</name>
    <occluded>0</occluded>
    <bndbox>
      <xmin>490.576171875</xmin>
      <ymin>1669.7000000000007</ymin>
      <xmax>791.8000000000011</xmax>
      <ymax>2007.1650695800781</ymax>
    </bndbox>
    <attributes>
      <attribute>
        <name>track_id</name>
        <value>47</value>
      </attribute>
      <attribute>
        <name>keyframe</name>
        <value>True</value>
      </attribute>
    </attributes>
  </object>
  <object>
    <name>vehicule</name>
    <occluded>0</occluded>
    <bndbox>
      <xmin>323.2099609375</xmin>
      <ymin>1194.800000000001</ymin>
      <xmax>559.5</xmax>
      <ymax>1410.0612487792969</ymax>
    </bndbox>
    <attributes>
      <attribute>
        <name>track_id</name>
        <value>48</value>
      </attribute>
      <attribute>
        <name>keyframe</name>
        <value>True</value>
      </attribute>
    </attributes>
  </object>
  <object>
    <name>vehicule</name>
    <occluded>0</occluded>
    <bndbox>
      <xmin>668.044921875</xmin>
      <ymin>978.66796875</ymin>
      <xmax>787.1013671875007</xmax>
      <ymax>1102.55615234375</ymax>
    </bndbox>
    <attributes>
      <attribute>
        <name>track_id</name>
        <value>54</value>
      </attribute>
      <attribute>
        <name>keyframe</name>
        <value>True</value>
      </attribute>
    </attributes>
  </object>
  <object>
    <name>vehicule</name>
    <occluded>0</occluded>
    <bndbox>
      <xmin>501.71484375</xmin>
      <ymin>1029.173828125</ymin>
      <xmax>641.9396331787102</xmax>
      <ymax>1172.3857650756836</ymax>
    </bndbox>
    <attributes>
      <attribute>
        <name>track_id</name>
        <value>55</value>
      </attribute>
      <attribute>
        <name>keyframe</name>
        <value>True</value>
      </attribute>
    </attributes>
  </object>
  <object>
    <name>vehicule</name>
    <occluded>0</occluded>
    <bndbox>
      <xmin>905.3000000000011</xmin>
      <ymin>979.9000000000015</ymin>
      <xmax>1050.3814544677734</xmax>
      <ymax>1121.3894500732422</ymax>
    </bndbox>
    <attributes>
      <attribute>
        <name>track_id</name>
        <value>58</value>
      </attribute>
      <attribute>
        <name>keyframe</name>
        <value>True</value>
      </attribute>
    </attributes>
  </object>
  <object>
    <name>vehicule</name>
    <occluded>0</occluded>
    <bndbox>
      <xmin>650.4443359375</xmin>
      <ymin>844.244140625</ymin>
      <xmax>778.2345703125011</xmax>
      <ymax>951.480737304686</ymax>
    </bndbox>
    <attributes>
      <attribute>
        <name>track_id</name>
        <value>62</value>
      </attribute>
      <attribute>
        <name>keyframe</name>
        <value>True</value>
      </attribute>
    </attributes>
  </object>
  <object>
    <name>vehicule</name>
    <occluded>0</occluded>
    <bndbox>
      <xmin>507.8658447265625</xmin>
      <ymin>831.91064453125</ymin>
      <xmax>622.8972015380859</xmax>
      <ymax>951.734977722168</ymax>
    </bndbox>
    <attributes>
      <attribute>
        <name>track_id</name>
        <value>64</value>
      </attribute>
      <attribute>
        <name>keyframe</name>
        <value>True</value>
      </attribute>
    </attributes>
  </object>
</annotation>
