<annotation>
  <folder>frame</folder>
  <filename>frame_000079.jpg</filename>
  <source>
    <database>Unknown</database>
    <annotation>Unknown</annotation>
    <image>Unknown</image>
  </source>
  <size>
    <width>2456</width>
    <height>2054</height>
    <depth>3</depth>
  </size>
  <segmented>0</segmented>
  <object>
    <name>vehicule</name>
    <occluded>0</occluded>
    <bndbox>
      <xmin>0.0</xmin>
      <ymin>1562.2998046875</ymin>
      <xmax>334.2878906250004</xmax>
      <ymax>1785.3170379638668</ymax>
    </bndbox>
    <attributes>
      <attribute>
        <name>track_id</name>
        <value>2</value>
      </attribute>
      <attribute>
        <name>keyframe</name>
        <value>True</value>
      </attribute>
    </attributes>
  </object>
  <object>
    <name>vehicule</name>
    <occluded>0</occluded>
    <bndbox>
      <xmin>621.9059283088238</xmin>
      <ymin>912.4544117647066</ymin>
      <xmax>748.4760485480813</xmax>
      <ymax>1021.6749046550077</ymax>
    </bndbox>
    <attributes>
      <attribute>
        <name>track_id</name>
        <value>3</value>
      </attribute>
      <attribute>
        <name>keyframe</name>
        <value>True</value>
      </attribute>
    </attributes>
  </object>
  <object>
    <name>vehicule</name>
    <occluded>0</occluded>
    <bndbox>
      <xmin>828.3368291440217</xmin>
      <ymin>922.6486497961956</ymin>
      <xmax>964.8992357336969</xmax>
      <ymax>1049.726935013481</ymax>
    </bndbox>
    <attributes>
      <attribute>
        <name>track_id</name>
        <value>4</value>
      </attribute>
      <attribute>
        <name>keyframe</name>
        <value>True</value>
      </attribute>
    </attributes>
  </object>
  <object>
    <name>vehicule</name>
    <occluded>0</occluded>
    <bndbox>
      <xmin>407.2529296875</xmin>
      <ymin>1506.0982421875005</ymin>
      <xmax>847.6855468750009</xmax>
      <ymax>1805.6332778930664</ymax>
    </bndbox>
    <attributes>
      <attribute>
        <name>track_id</name>
        <value>5</value>
      </attribute>
      <attribute>
        <name>keyframe</name>
        <value>True</value>
      </attribute>
    </attributes>
  </object>
  <object>
    <name>vehicule</name>
    <occluded>0</occluded>
    <bndbox>
      <xmin>1115.0</xmin>
      <ymin>1324.63720703125</ymin>
      <xmax>1458.6185546875004</xmax>
      <ymax>1510.5</ymax>
    </bndbox>
    <attributes>
      <attribute>
        <name>track_id</name>
        <value>6</value>
      </attribute>
      <attribute>
        <name>keyframe</name>
        <value>True</value>
      </attribute>
    </attributes>
  </object>
  <object>
    <name>vehicule</name>
    <occluded>0</occluded>
    <bndbox>
      <xmin>1711.5343017578125</xmin>
      <ymin>1308.254150390625</ymin>
      <xmax>2129.8751220703125</xmax>
      <ymax>1489.7945404052734</ymax>
    </bndbox>
    <attributes>
      <attribute>
        <name>track_id</name>
        <value>7</value>
      </attribute>
      <attribute>
        <name>keyframe</name>
        <value>True</value>
      </attribute>
    </attributes>
  </object>
  <object>
    <name>vehicule</name>
    <occluded>0</occluded>
    <bndbox>
      <xmin>617.3335842225613</xmin>
      <ymin>995.3096011365674</ymin>
      <xmax>781.2335842225609</xmax>
      <ymax>1144.6663607801206</ymax>
    </bndbox>
    <attributes>
      <attribute>
        <name>track_id</name>
        <value>184</value>
      </attribute>
      <attribute>
        <name>keyframe</name>
        <value>True</value>
      </attribute>
    </attributes>
  </object>
</annotation>
