<annotation>
  <folder>frame</folder>
  <filename>frame_002107.jpg</filename>
  <source>
    <database>Unknown</database>
    <annotation>Unknown</annotation>
    <image>Unknown</image>
  </source>
  <size>
    <width>2456</width>
    <height>2054</height>
    <depth>3</depth>
  </size>
  <segmented>0</segmented>
  <object>
    <name>vehicule</name>
    <occluded>0</occluded>
    <bndbox>
      <xmin>22.47119140625</xmin>
      <ymin>1722.6207682291677</ymin>
      <xmax>365.52949218750047</xmax>
      <ymax>2027.9148351033527</ymax>
    </bndbox>
    <attributes>
      <attribute>
        <name>track_id</name>
        <value>91</value>
      </attribute>
      <attribute>
        <name>keyframe</name>
        <value>True</value>
      </attribute>
    </attributes>
  </object>
  <object>
    <name>vehicule</name>
    <occluded>0</occluded>
    <bndbox>
      <xmin>168.82454427083331</xmin>
      <ymin>1271.8033854166672</ymin>
      <xmax>455.8500000000013</xmax>
      <ymax>1500.7737991333006</ymax>
    </bndbox>
    <attributes>
      <attribute>
        <name>track_id</name>
        <value>105</value>
      </attribute>
      <attribute>
        <name>keyframe</name>
        <value>True</value>
      </attribute>
    </attributes>
  </object>
  <object>
    <name>vehicule</name>
    <occluded>0</occluded>
    <bndbox>
      <xmin>0.0</xmin>
      <ymin>1507.800000000001</ymin>
      <xmax>186.30039062500146</xmax>
      <ymax>1723.7201232910156</ymax>
    </bndbox>
    <attributes>
      <attribute>
        <name>track_id</name>
        <value>108</value>
      </attribute>
      <attribute>
        <name>keyframe</name>
        <value>True</value>
      </attribute>
    </attributes>
  </object>
  <object>
    <name>vehicule</name>
    <occluded>0</occluded>
    <bndbox>
      <xmin>586.5755208333334</xmin>
      <ymin>1237.5714518229167</ymin>
      <xmax>828.2000000000004</xmax>
      <ymax>1451.752775065104</ymax>
    </bndbox>
    <attributes>
      <attribute>
        <name>track_id</name>
        <value>118</value>
      </attribute>
      <attribute>
        <name>keyframe</name>
        <value>True</value>
      </attribute>
    </attributes>
  </object>
  <object>
    <name>vehicule</name>
    <occluded>0</occluded>
    <bndbox>
      <xmin>525.8136393229166</xmin>
      <ymin>1036.0747070312507</ymin>
      <xmax>698.6325846354181</xmax>
      <ymax>1220.377441914876</ymax>
    </bndbox>
    <attributes>
      <attribute>
        <name>track_id</name>
        <value>130</value>
      </attribute>
      <attribute>
        <name>keyframe</name>
        <value>True</value>
      </attribute>
    </attributes>
  </object>
  <object>
    <name>vehicule</name>
    <occluded>0</occluded>
    <bndbox>
      <xmin>615.2981770833334</xmin>
      <ymin>1555.3271484375</ymin>
      <xmax>997.9501658121753</xmax>
      <ymax>1818.6900115966798</ymax>
    </bndbox>
    <attributes>
      <attribute>
        <name>track_id</name>
        <value>166</value>
      </attribute>
      <attribute>
        <name>keyframe</name>
        <value>True</value>
      </attribute>
    </attributes>
  </object>
  <object>
    <name>vehicule</name>
    <occluded>0</occluded>
    <bndbox>
      <xmin>506.5641276041667</xmin>
      <ymin>857.3727213541666</ymin>
      <xmax>631.1814371744791</xmax>
      <ymax>972.4040781656901</ymax>
    </bndbox>
    <attributes>
      <attribute>
        <name>track_id</name>
        <value>168</value>
      </attribute>
      <attribute>
        <name>keyframe</name>
        <value>True</value>
      </attribute>
    </attributes>
  </object>
  <object>
    <name>vehicule</name>
    <occluded>0</occluded>
    <bndbox>
      <xmin>2017.5068359375</xmin>
      <ymin>1315.3984375</ymin>
      <xmax>2375.478546142578</xmax>
      <ymax>1504.0498657226562</ymax>
    </bndbox>
    <attributes>
      <attribute>
        <name>track_id</name>
        <value>169</value>
      </attribute>
      <attribute>
        <name>keyframe</name>
        <value>True</value>
      </attribute>
    </attributes>
  </object>
  <object>
    <name>vehicule</name>
    <occluded>0</occluded>
    <bndbox>
      <xmin>2312.03125</xmin>
      <ymin>1140.5517578125</ymin>
      <xmax>2447.7682495117188</xmax>
      <ymax>1273.9881286621094</ymax>
    </bndbox>
    <attributes>
      <attribute>
        <name>track_id</name>
        <value>170</value>
      </attribute>
      <attribute>
        <name>keyframe</name>
        <value>True</value>
      </attribute>
    </attributes>
  </object>
</annotation>
