<annotation>
  <folder>frame</folder>
  <filename>frame_001198.jpg</filename>
  <source>
    <database>Unknown</database>
    <annotation>Unknown</annotation>
    <image>Unknown</image>
  </source>
  <size>
    <width>2456</width>
    <height>2054</height>
    <depth>3</depth>
  </size>
  <segmented>0</segmented>
  <object>
    <name>vehicule</name>
    <occluded>0</occluded>
    <bndbox>
      <xmin>0.0</xmin>
      <ymin>1583.300000000001</ymin>
      <xmax>379.10000000000036</xmax>
      <ymax>1841.897476196289</ymax>
    </bndbox>
    <attributes>
      <attribute>
        <name>track_id</name>
        <value>88</value>
      </attribute>
      <attribute>
        <name>keyframe</name>
        <value>True</value>
      </attribute>
    </attributes>
  </object>
  <object>
    <name>vehicule</name>
    <occluded>0</occluded>
    <bndbox>
      <xmin>223.0615234375</xmin>
      <ymin>1405.1000000000004</ymin>
      <xmax>623.8000000000011</xmax>
      <ymax>1624.602767944336</ymax>
    </bndbox>
    <attributes>
      <attribute>
        <name>track_id</name>
        <value>89</value>
      </attribute>
      <attribute>
        <name>keyframe</name>
        <value>True</value>
      </attribute>
    </attributes>
  </object>
  <object>
    <name>vehicule</name>
    <occluded>0</occluded>
    <bndbox>
      <xmin>1078.89453125</xmin>
      <ymin>1355.4306640625</ymin>
      <xmax>1472.1000000000004</xmax>
      <ymax>1571.6896209716797</ymax>
    </bndbox>
    <attributes>
      <attribute>
        <name>track_id</name>
        <value>90</value>
      </attribute>
      <attribute>
        <name>keyframe</name>
        <value>True</value>
      </attribute>
    </attributes>
  </object>
  <object>
    <name>vehicule</name>
    <occluded>0</occluded>
    <bndbox>
      <xmin>607.7855224609375</xmin>
      <ymin>787.9019775390625</ymin>
      <xmax>734.2667617797852</xmax>
      <ymax>899.7380218505859</ymax>
    </bndbox>
    <attributes>
      <attribute>
        <name>track_id</name>
        <value>91</value>
      </attribute>
      <attribute>
        <name>keyframe</name>
        <value>True</value>
      </attribute>
    </attributes>
  </object>
  <object>
    <name>vehicule</name>
    <occluded>0</occluded>
    <bndbox>
      <xmin>1708.806640625</xmin>
      <ymin>1327.3603515625</ymin>
      <xmax>2076.4322265625015</xmax>
      <ymax>1495.3084167480465</ymax>
    </bndbox>
    <attributes>
      <attribute>
        <name>track_id</name>
        <value>92</value>
      </attribute>
      <attribute>
        <name>keyframe</name>
        <value>True</value>
      </attribute>
    </attributes>
  </object>
  <object>
    <name>vehicule</name>
    <occluded>0</occluded>
    <bndbox>
      <xmin>966.7626953125</xmin>
      <ymin>1257.74560546875</ymin>
      <xmax>1344.9858093261719</xmax>
      <ymax>1453.759048461914</ymax>
    </bndbox>
    <attributes>
      <attribute>
        <name>track_id</name>
        <value>93</value>
      </attribute>
      <attribute>
        <name>keyframe</name>
        <value>True</value>
      </attribute>
    </attributes>
  </object>
</annotation>
