<annotation>
  <folder>frame</folder>
  <filename>frame_000574.jpg</filename>
  <source>
    <database>Unknown</database>
    <annotation>Unknown</annotation>
    <image>Unknown</image>
  </source>
  <size>
    <width>2456</width>
    <height>2054</height>
    <depth>3</depth>
  </size>
  <segmented>0</segmented>
  <object>
    <name>vehicule</name>
    <occluded>0</occluded>
    <bndbox>
      <xmin>630.3189568014707</xmin>
      <ymin>933.2007352941189</ymin>
      <xmax>756.8890770407281</xmax>
      <ymax>1049.1564631181604</ymax>
    </bndbox>
    <attributes>
      <attribute>
        <name>track_id</name>
        <value>3</value>
      </attribute>
      <attribute>
        <name>keyframe</name>
        <value>True</value>
      </attribute>
    </attributes>
  </object>
  <object>
    <name>vehicule</name>
    <occluded>0</occluded>
    <bndbox>
      <xmin>850.3373245265981</xmin>
      <ymin>964.6234915444396</ymin>
      <xmax>995.0402795420569</xmax>
      <ymax>1124.6094485218339</ymax>
    </bndbox>
    <attributes>
      <attribute>
        <name>track_id</name>
        <value>4</value>
      </attribute>
      <attribute>
        <name>keyframe</name>
        <value>True</value>
      </attribute>
    </attributes>
  </object>
  <object>
    <name>vehicule</name>
    <occluded>0</occluded>
    <bndbox>
      <xmin>514.0888671875</xmin>
      <ymin>1690.9267578125</ymin>
      <xmax>852.4771484375015</xmax>
      <ymax>1975.8778686523438</ymax>
    </bndbox>
    <attributes>
      <attribute>
        <name>track_id</name>
        <value>24</value>
      </attribute>
      <attribute>
        <name>keyframe</name>
        <value>True</value>
      </attribute>
    </attributes>
  </object>
  <object>
    <name>vehicule</name>
    <occluded>0</occluded>
    <bndbox>
      <xmin>177.33658854166666</xmin>
      <ymin>1664.3864583333336</ymin>
      <xmax>530.6947916666674</xmax>
      <ymax>1998.0663391113292</ymax>
    </bndbox>
    <attributes>
      <attribute>
        <name>track_id</name>
        <value>32</value>
      </attribute>
      <attribute>
        <name>keyframe</name>
        <value>True</value>
      </attribute>
    </attributes>
  </object>
  <object>
    <name>vehicule</name>
    <occluded>0</occluded>
    <bndbox>
      <xmin>749.6458565848214</xmin>
      <ymin>1497.8920200892858</ymin>
      <xmax>1135.2366768973213</xmax>
      <ymax>1705.3754185267858</ymax>
    </bndbox>
    <attributes>
      <attribute>
        <name>track_id</name>
        <value>35</value>
      </attribute>
      <attribute>
        <name>keyframe</name>
        <value>True</value>
      </attribute>
    </attributes>
  </object>
  <object>
    <name>vehicule</name>
    <occluded>0</occluded>
    <bndbox>
      <xmin>471.9892578125</xmin>
      <ymin>1450.7666015625</ymin>
      <xmax>842.326196289061</xmax>
      <ymax>1642.414056396483</ymax>
    </bndbox>
    <attributes>
      <attribute>
        <name>track_id</name>
        <value>36</value>
      </attribute>
      <attribute>
        <name>keyframe</name>
        <value>True</value>
      </attribute>
    </attributes>
  </object>
  <object>
    <name>vehicule</name>
    <occluded>0</occluded>
    <bndbox>
      <xmin>476.76579026442306</xmin>
      <ymin>1024.1504086538466</ymin>
      <xmax>608.5987065241887</xmax>
      <ymax>1152.9927868887085</ymax>
    </bndbox>
    <attributes>
      <attribute>
        <name>track_id</name>
        <value>38</value>
      </attribute>
      <attribute>
        <name>keyframe</name>
        <value>True</value>
      </attribute>
    </attributes>
  </object>
  <object>
    <name>vehicule</name>
    <occluded>0</occluded>
    <bndbox>
      <xmin>1100.4000000000015</xmin>
      <ymin>668.630859375</ymin>
      <xmax>1225.2505950927734</xmax>
      <ymax>768.6000000000004</ymax>
    </bndbox>
    <attributes>
      <attribute>
        <name>track_id</name>
        <value>39</value>
      </attribute>
      <attribute>
        <name>keyframe</name>
        <value>True</value>
      </attribute>
    </attributes>
  </object>
  <object>
    <name>vehicule</name>
    <occluded>0</occluded>
    <bndbox>
      <xmin>1230.134486607143</xmin>
      <ymin>1346.991908482143</ymin>
      <xmax>1567.301478794643</xmax>
      <ymax>1590.7747453962054</ymax>
    </bndbox>
    <attributes>
      <attribute>
        <name>track_id</name>
        <value>40</value>
      </attribute>
      <attribute>
        <name>keyframe</name>
        <value>True</value>
      </attribute>
    </attributes>
  </object>
  <object>
    <name>vehicule</name>
    <occluded>0</occluded>
    <bndbox>
      <xmin>456.8037109375</xmin>
      <ymin>1330.6000000000004</ymin>
      <xmax>806.9173583984375</xmax>
      <ymax>1520.2099304199219</ymax>
    </bndbox>
    <attributes>
      <attribute>
        <name>track_id</name>
        <value>41</value>
      </attribute>
      <attribute>
        <name>keyframe</name>
        <value>True</value>
      </attribute>
    </attributes>
  </object>
  <object>
    <name>vehicule</name>
    <occluded>0</occluded>
    <bndbox>
      <xmin>696.2626953125</xmin>
      <ymin>1213.7353515625</ymin>
      <xmax>1016.9984375000004</xmax>
      <ymax>1383.0468261718743</ymax>
    </bndbox>
    <attributes>
      <attribute>
        <name>track_id</name>
        <value>42</value>
      </attribute>
      <attribute>
        <name>keyframe</name>
        <value>True</value>
      </attribute>
    </attributes>
  </object>
  <object>
    <name>vehicule</name>
    <occluded>0</occluded>
    <bndbox>
      <xmin>1413.76953125</xmin>
      <ymin>768.5732421875</ymin>
      <xmax>1527.7639892578118</xmax>
      <ymax>889.6001815795898</ymax>
    </bndbox>
    <attributes>
      <attribute>
        <name>track_id</name>
        <value>43</value>
      </attribute>
      <attribute>
        <name>keyframe</name>
        <value>True</value>
      </attribute>
    </attributes>
  </object>
  <object>
    <name>vehicule</name>
    <occluded>0</occluded>
    <bndbox>
      <xmin>0.0</xmin>
      <ymin>1632.406770833334</ymin>
      <xmax>280.98854166666814</xmax>
      <ymax>1902.5704488118488</ymax>
    </bndbox>
    <attributes>
      <attribute>
        <name>track_id</name>
        <value>44</value>
      </attribute>
      <attribute>
        <name>keyframe</name>
        <value>True</value>
      </attribute>
    </attributes>
  </object>
  <object>
    <name>vehicule</name>
    <occluded>0</occluded>
    <bndbox>
      <xmin>1686.384765625</xmin>
      <ymin>1341.8525390625</ymin>
      <xmax>2086.7958984375</xmax>
      <ymax>1511.1461639404297</ymax>
    </bndbox>
    <attributes>
      <attribute>
        <name>track_id</name>
        <value>45</value>
      </attribute>
      <attribute>
        <name>keyframe</name>
        <value>True</value>
      </attribute>
    </attributes>
  </object>
  <object>
    <name>vehicule</name>
    <occluded>0</occluded>
    <bndbox>
      <xmin>1562.1162109375</xmin>
      <ymin>1277.0185546875</ymin>
      <xmax>1936.723388671875</xmax>
      <ymax>1383.2773208618164</ymax>
    </bndbox>
    <attributes>
      <attribute>
        <name>track_id</name>
        <value>46</value>
      </attribute>
      <attribute>
        <name>keyframe</name>
        <value>True</value>
      </attribute>
    </attributes>
  </object>
  <object>
    <name>vehicule</name>
    <occluded>0</occluded>
    <bndbox>
      <xmin>694.0361328125</xmin>
      <ymin>702.5</ymin>
      <xmax>811.1008758544922</xmax>
      <ymax>814.161750793457</ymax>
    </bndbox>
    <attributes>
      <attribute>
        <name>track_id</name>
        <value>47</value>
      </attribute>
      <attribute>
        <name>keyframe</name>
        <value>True</value>
      </attribute>
    </attributes>
  </object>
  <object>
    <name>vehicule</name>
    <occluded>0</occluded>
    <bndbox>
      <xmin>513.9365234375</xmin>
      <ymin>801.5556640625</ymin>
      <xmax>627.3992767333984</xmax>
      <ymax>902.4114456176758</ymax>
    </bndbox>
    <attributes>
      <attribute>
        <name>track_id</name>
        <value>48</value>
      </attribute>
      <attribute>
        <name>keyframe</name>
        <value>True</value>
      </attribute>
    </attributes>
  </object>
  <object>
    <name>vehicule</name>
    <occluded>0</occluded>
    <bndbox>
      <xmin>612.2614376905489</xmin>
      <ymin>984.0804704313127</ymin>
      <xmax>776.1614376905485</xmax>
      <ymax>1133.437230074866</ymax>
    </bndbox>
    <attributes>
      <attribute>
        <name>track_id</name>
        <value>184</value>
      </attribute>
      <attribute>
        <name>keyframe</name>
        <value>True</value>
      </attribute>
    </attributes>
  </object>
</annotation>
