<annotation>
  <folder>frame</folder>
  <filename>frame_001418.jpg</filename>
  <source>
    <database>Unknown</database>
    <annotation>Unknown</annotation>
    <image>Unknown</image>
  </source>
  <size>
    <width>2456</width>
    <height>2054</height>
    <depth>3</depth>
  </size>
  <segmented>0</segmented>
  <object>
    <name>vehicule</name>
    <occluded>0</occluded>
    <bndbox>
      <xmin>697.7988560267861</xmin>
      <ymin>969.6952008928575</ymin>
      <xmax>842.4073416573663</xmax>
      <ymax>1112.1686091831746</ymax>
    </bndbox>
    <attributes>
      <attribute>
        <name>track_id</name>
        <value>91</value>
      </attribute>
      <attribute>
        <name>keyframe</name>
        <value>True</value>
      </attribute>
    </attributes>
  </object>
  <object>
    <name>vehicule</name>
    <occluded>0</occluded>
    <bndbox>
      <xmin>504.2235691837819</xmin>
      <ymin>995.7663343218842</ymin>
      <xmax>631.5960301212822</xmax>
      <ymax>1187.446424653915</ymax>
    </bndbox>
    <attributes>
      <attribute>
        <name>track_id</name>
        <value>95</value>
      </attribute>
      <attribute>
        <name>keyframe</name>
        <value>True</value>
      </attribute>
    </attributes>
  </object>
  <object>
    <name>vehicule</name>
    <occluded>0</occluded>
    <bndbox>
      <xmin>534.7366208123199</xmin>
      <ymin>951.1861671469754</ymin>
      <xmax>653.1230649041167</xmax>
      <ymax>1040.6558113647814</ymax>
    </bndbox>
    <attributes>
      <attribute>
        <name>track_id</name>
        <value>105</value>
      </attribute>
      <attribute>
        <name>keyframe</name>
        <value>True</value>
      </attribute>
    </attributes>
  </object>
  <object>
    <name>vehicule</name>
    <occluded>0</occluded>
    <bndbox>
      <xmin>618.8053571428578</xmin>
      <ymin>824.7283761160714</ymin>
      <xmax>735.1258719308036</xmax>
      <ymax>936.8285714285721</ymax>
    </bndbox>
    <attributes>
      <attribute>
        <name>track_id</name>
        <value>108</value>
      </attribute>
      <attribute>
        <name>keyframe</name>
        <value>True</value>
      </attribute>
    </attributes>
  </object>
  <object>
    <name>vehicule</name>
    <occluded>0</occluded>
    <bndbox>
      <xmin>1906.5212500000002</xmin>
      <ymin>1335.8744140625</ymin>
      <xmax>2242.869921875</xmax>
      <ymax>1515.3233428955077</ymax>
    </bndbox>
    <attributes>
      <attribute>
        <name>track_id</name>
        <value>109</value>
      </attribute>
      <attribute>
        <name>keyframe</name>
        <value>True</value>
      </attribute>
    </attributes>
  </object>
</annotation>
