<annotation>
  <folder>frame</folder>
  <filename>frame_001290.jpg</filename>
  <source>
    <database>Unknown</database>
    <annotation>Unknown</annotation>
    <image>Unknown</image>
  </source>
  <size>
    <width>2456</width>
    <height>2054</height>
    <depth>3</depth>
  </size>
  <segmented>0</segmented>
  <object>
    <name>vehicule</name>
    <occluded>0</occluded>
    <bndbox>
      <xmin>633.8219372234513</xmin>
      <ymin>835.8795371266593</ymin>
      <xmax>760.303176542299</xmax>
      <ymax>947.7155814381828</ymax>
    </bndbox>
    <attributes>
      <attribute>
        <name>track_id</name>
        <value>91</value>
      </attribute>
      <attribute>
        <name>keyframe</name>
        <value>True</value>
      </attribute>
    </attributes>
  </object>
  <object>
    <name>vehicule</name>
    <occluded>0</occluded>
    <bndbox>
      <xmin>505.94690393518516</xmin>
      <ymin>960.6664930555557</ymin>
      <xmax>633.3193648726856</xmax>
      <ymax>1138.9422657154228</ymax>
    </bndbox>
    <attributes>
      <attribute>
        <name>track_id</name>
        <value>95</value>
      </attribute>
      <attribute>
        <name>keyframe</name>
        <value>True</value>
      </attribute>
    </attributes>
  </object>
  <object>
    <name>vehicule</name>
    <occluded>0</occluded>
    <bndbox>
      <xmin>0.0</xmin>
      <ymin>1484.40625</ymin>
      <xmax>358.1628906250007</xmax>
      <ymax>1709.877694702147</ymax>
    </bndbox>
    <attributes>
      <attribute>
        <name>track_id</name>
        <value>99</value>
      </attribute>
      <attribute>
        <name>keyframe</name>
        <value>True</value>
      </attribute>
    </attributes>
  </object>
  <object>
    <name>vehicule</name>
    <occluded>0</occluded>
    <bndbox>
      <xmin>1134.9000000000015</xmin>
      <ymin>697.5244140625</ymin>
      <xmax>1269.1783447265625</xmax>
      <ymax>803.3000000000011</ymax>
    </bndbox>
    <attributes>
      <attribute>
        <name>track_id</name>
        <value>100</value>
      </attribute>
      <attribute>
        <name>keyframe</name>
        <value>True</value>
      </attribute>
    </attributes>
  </object>
  <object>
    <name>vehicule</name>
    <occluded>0</occluded>
    <bndbox>
      <xmin>844.529052734375</xmin>
      <ymin>1261.79638671875</ymin>
      <xmax>1237.680615234376</xmax>
      <ymax>1438.2002563476562</ymax>
    </bndbox>
    <attributes>
      <attribute>
        <name>track_id</name>
        <value>101</value>
      </attribute>
      <attribute>
        <name>keyframe</name>
        <value>True</value>
      </attribute>
    </attributes>
  </object>
  <object>
    <name>vehicule</name>
    <occluded>0</occluded>
    <bndbox>
      <xmin>715.810546875</xmin>
      <ymin>1459.641796875001</ymin>
      <xmax>1091.797497558593</xmax>
      <ymax>1684.399793243408</ymax>
    </bndbox>
    <attributes>
      <attribute>
        <name>track_id</name>
        <value>102</value>
      </attribute>
      <attribute>
        <name>keyframe</name>
        <value>True</value>
      </attribute>
    </attributes>
  </object>
  <object>
    <name>vehicule</name>
    <occluded>0</occluded>
    <bndbox>
      <xmin>1860.203125</xmin>
      <ymin>1241.72119140625</ymin>
      <xmax>2411.4247817993164</xmax>
      <ymax>1508.2105102539062</ymax>
    </bndbox>
    <attributes>
      <attribute>
        <name>track_id</name>
        <value>103</value>
      </attribute>
      <attribute>
        <name>keyframe</name>
        <value>True</value>
      </attribute>
    </attributes>
  </object>
</annotation>
