<annotation>
  <folder>frame</folder>
  <filename>frame_000542.jpg</filename>
  <source>
    <database>Unknown</database>
    <annotation>Unknown</annotation>
    <image>Unknown</image>
  </source>
  <size>
    <width>2456</width>
    <height>2054</height>
    <depth>3</depth>
  </size>
  <segmented>0</segmented>
  <object>
    <name>vehicule</name>
    <occluded>0</occluded>
    <bndbox>
      <xmin>629.7750842524512</xmin>
      <ymin>931.8595588235306</ymin>
      <xmax>756.3452044917086</xmax>
      <ymax>1047.3798775205425</ymax>
    </bndbox>
    <attributes>
      <attribute>
        <name>track_id</name>
        <value>3</value>
      </attribute>
      <attribute>
        <name>keyframe</name>
        <value>True</value>
      </attribute>
    </attributes>
  </object>
  <object>
    <name>vehicule</name>
    <occluded>0</occluded>
    <bndbox>
      <xmin>849.9995946667032</xmin>
      <ymin>965.3435550295534</ymin>
      <xmax>994.310061380023</xmax>
      <ymax>1123.0648980363594</ymax>
    </bndbox>
    <attributes>
      <attribute>
        <name>track_id</name>
        <value>4</value>
      </attribute>
      <attribute>
        <name>keyframe</name>
        <value>True</value>
      </attribute>
    </attributes>
  </object>
  <object>
    <name>vehicule</name>
    <occluded>0</occluded>
    <bndbox>
      <xmin>462.9521484375</xmin>
      <ymin>1823.9280450994318</ymin>
      <xmax>737.4347656250011</xmax>
      <ymax>2054.0</ymax>
    </bndbox>
    <attributes>
      <attribute>
        <name>track_id</name>
        <value>23</value>
      </attribute>
      <attribute>
        <name>keyframe</name>
        <value>True</value>
      </attribute>
    </attributes>
  </object>
  <object>
    <name>vehicule</name>
    <occluded>0</occluded>
    <bndbox>
      <xmin>555.51171875</xmin>
      <ymin>1600.8669327445652</ymin>
      <xmax>905.9366677989135</xmax>
      <ymax>1842.7614995541774</ymax>
    </bndbox>
    <attributes>
      <attribute>
        <name>track_id</name>
        <value>24</value>
      </attribute>
      <attribute>
        <name>keyframe</name>
        <value>True</value>
      </attribute>
    </attributes>
  </object>
  <object>
    <name>vehicule</name>
    <occluded>0</occluded>
    <bndbox>
      <xmin>22.37109375</xmin>
      <ymin>1835.8994140625</ymin>
      <xmax>379.5241882324208</xmax>
      <ymax>2054.0</ymax>
    </bndbox>
    <attributes>
      <attribute>
        <name>track_id</name>
        <value>28</value>
      </attribute>
      <attribute>
        <name>keyframe</name>
        <value>True</value>
      </attribute>
    </attributes>
  </object>
  <object>
    <name>vehicule</name>
    <occluded>0</occluded>
    <bndbox>
      <xmin>0.0</xmin>
      <ymin>1576.5666015625002</ymin>
      <xmax>392.0784179687507</xmax>
      <ymax>1832.5166046142576</ymax>
    </bndbox>
    <attributes>
      <attribute>
        <name>track_id</name>
        <value>30</value>
      </attribute>
      <attribute>
        <name>keyframe</name>
        <value>True</value>
      </attribute>
    </attributes>
  </object>
  <object>
    <name>vehicule</name>
    <occluded>0</occluded>
    <bndbox>
      <xmin>605.7529296875</xmin>
      <ymin>1418.975864955357</ymin>
      <xmax>1007.7357421875004</xmax>
      <ymax>1660.2494550432477</ymax>
    </bndbox>
    <attributes>
      <attribute>
        <name>track_id</name>
        <value>32</value>
      </attribute>
      <attribute>
        <name>keyframe</name>
        <value>True</value>
      </attribute>
    </attributes>
  </object>
  <object>
    <name>vehicule</name>
    <occluded>0</occluded>
    <bndbox>
      <xmin>16.857421875</xmin>
      <ymin>1450.8456054687504</ymin>
      <xmax>344.88144531250055</xmax>
      <ymax>1646.6539489746092</ymax>
    </bndbox>
    <attributes>
      <attribute>
        <name>track_id</name>
        <value>33</value>
      </attribute>
      <attribute>
        <name>keyframe</name>
        <value>True</value>
      </attribute>
    </attributes>
  </object>
  <object>
    <name>vehicule</name>
    <occluded>0</occluded>
    <bndbox>
      <xmin>1090.5511997767858</xmin>
      <ymin>1387.7738002232156</ymin>
      <xmax>1499.3285714285723</xmax>
      <ymax>1595.2670418875557</ymax>
    </bndbox>
    <attributes>
      <attribute>
        <name>track_id</name>
        <value>35</value>
      </attribute>
      <attribute>
        <name>keyframe</name>
        <value>True</value>
      </attribute>
    </attributes>
  </object>
  <object>
    <name>vehicule</name>
    <occluded>0</occluded>
    <bndbox>
      <xmin>1107.2052176339287</xmin>
      <ymin>1286.57421875</ymin>
      <xmax>1509.9811941964301</xmax>
      <ymax>1418.8335937500015</ymax>
    </bndbox>
    <attributes>
      <attribute>
        <name>track_id</name>
        <value>36</value>
      </attribute>
      <attribute>
        <name>keyframe</name>
        <value>True</value>
      </attribute>
    </attributes>
  </object>
  <object>
    <name>vehicule</name>
    <occluded>0</occluded>
    <bndbox>
      <xmin>708.9762834821429</xmin>
      <ymin>1252.3783482142858</ymin>
      <xmax>1108.5792131696433</xmax>
      <ymax>1405.3454838344019</ymax>
    </bndbox>
    <attributes>
      <attribute>
        <name>track_id</name>
        <value>37</value>
      </attribute>
      <attribute>
        <name>keyframe</name>
        <value>True</value>
      </attribute>
    </attributes>
  </object>
  <object>
    <name>vehicule</name>
    <occluded>0</occluded>
    <bndbox>
      <xmin>481.93790564903844</xmin>
      <ymin>998.2896394230781</ymin>
      <xmax>613.7708219088041</xmax>
      <ymax>1127.13201765794</ymax>
    </bndbox>
    <attributes>
      <attribute>
        <name>track_id</name>
        <value>38</value>
      </attribute>
      <attribute>
        <name>keyframe</name>
        <value>True</value>
      </attribute>
    </attributes>
  </object>
  <object>
    <name>vehicule</name>
    <occluded>0</occluded>
    <bndbox>
      <xmin>1518.3857142857157</xmin>
      <ymin>893.2337611607145</ymin>
      <xmax>1718.7235477992467</xmax>
      <ymax>1020.9796186174665</ymax>
    </bndbox>
    <attributes>
      <attribute>
        <name>track_id</name>
        <value>39</value>
      </attribute>
      <attribute>
        <name>keyframe</name>
        <value>True</value>
      </attribute>
    </attributes>
  </object>
  <object>
    <name>vehicule</name>
    <occluded>0</occluded>
    <bndbox>
      <xmin>1879.3924386160713</xmin>
      <ymin>1262.2162388392858</ymin>
      <xmax>2216.5594308035716</xmax>
      <ymax>1505.9990757533483</ymax>
    </bndbox>
    <attributes>
      <attribute>
        <name>track_id</name>
        <value>40</value>
      </attribute>
      <attribute>
        <name>keyframe</name>
        <value>True</value>
      </attribute>
    </attributes>
  </object>
  <object>
    <name>vehicule</name>
    <occluded>0</occluded>
    <bndbox>
      <xmin>1539.9720982142858</xmin>
      <ymin>1223.5711495535713</ymin>
      <xmax>1890.0857456752233</xmax>
      <ymax>1384.3640877859932</ymax>
    </bndbox>
    <attributes>
      <attribute>
        <name>track_id</name>
        <value>41</value>
      </attribute>
      <attribute>
        <name>keyframe</name>
        <value>True</value>
      </attribute>
    </attributes>
  </object>
  <object>
    <name>vehicule</name>
    <occluded>0</occluded>
    <bndbox>
      <xmin>2120.3357979910716</xmin>
      <ymin>1152.2587611607144</ymin>
      <xmax>2407.3714285714286</xmax>
      <ymax>1343.1668875558037</ymax>
    </bndbox>
    <attributes>
      <attribute>
        <name>track_id</name>
        <value>42</value>
      </attribute>
      <attribute>
        <name>keyframe</name>
        <value>True</value>
      </attribute>
    </attributes>
  </object>
  <object>
    <name>vehicule</name>
    <occluded>0</occluded>
    <bndbox>
      <xmin>1972.3303013392858</xmin>
      <ymin>1025.600864955357</ymin>
      <xmax>2129.0410352434433</xmax>
      <ymax>1146.627804347447</ymax>
    </bndbox>
    <attributes>
      <attribute>
        <name>track_id</name>
        <value>43</value>
      </attribute>
      <attribute>
        <name>keyframe</name>
        <value>True</value>
      </attribute>
    </attributes>
  </object>
  <object>
    <name>vehicule</name>
    <occluded>0</occluded>
    <bndbox>
      <xmin>612.5893340320123</xmin>
      <ymin>984.8063940324605</ymin>
      <xmax>776.4893340320119</xmax>
      <ymax>1134.1631536760137</ymax>
    </bndbox>
    <attributes>
      <attribute>
        <name>track_id</name>
        <value>184</value>
      </attribute>
      <attribute>
        <name>keyframe</name>
        <value>True</value>
      </attribute>
    </attributes>
  </object>
</annotation>
