<annotation>
  <folder>frame</folder>
  <filename>frame_001117.jpg</filename>
  <source>
    <database>Unknown</database>
    <annotation>Unknown</annotation>
    <image>Unknown</image>
  </source>
  <size>
    <width>2456</width>
    <height>2054</height>
    <depth>3</depth>
  </size>
  <segmented>0</segmented>
  <object>
    <name>vehicule</name>
    <occluded>0</occluded>
    <bndbox>
      <xmin>503.72249999999997</xmin>
      <ymin>1367.4983203125</ymin>
      <xmax>900.8426171875</xmax>
      <ymax>1558.461683959961</ymax>
    </bndbox>
    <attributes>
      <attribute>
        <name>track_id</name>
        <value>74</value>
      </attribute>
      <attribute>
        <name>keyframe</name>
        <value>True</value>
      </attribute>
    </attributes>
  </object>
  <object>
    <name>vehicule</name>
    <occluded>0</occluded>
    <bndbox>
      <xmin>617.45234375</xmin>
      <ymin>1464.0474609375</ymin>
      <xmax>1001.7956250000011</xmax>
      <ymax>1648.1062194824212</ymax>
    </bndbox>
    <attributes>
      <attribute>
        <name>track_id</name>
        <value>76</value>
      </attribute>
      <attribute>
        <name>keyframe</name>
        <value>True</value>
      </attribute>
    </attributes>
  </object>
  <object>
    <name>vehicule</name>
    <occluded>0</occluded>
    <bndbox>
      <xmin>1240.6439453125</xmin>
      <ymin>1371.39765625</ymin>
      <xmax>1668.529531250001</xmax>
      <ymax>1561.8642974853515</ymax>
    </bndbox>
    <attributes>
      <attribute>
        <name>track_id</name>
        <value>79</value>
      </attribute>
      <attribute>
        <name>keyframe</name>
        <value>True</value>
      </attribute>
    </attributes>
  </object>
  <object>
    <name>vehicule</name>
    <occluded>0</occluded>
    <bndbox>
      <xmin>949.3818359375</xmin>
      <ymin>1301.9170572916676</ymin>
      <xmax>1347.3907552083342</xmax>
      <ymax>1472.5194142659504</ymax>
    </bndbox>
    <attributes>
      <attribute>
        <name>track_id</name>
        <value>81</value>
      </attribute>
      <attribute>
        <name>keyframe</name>
        <value>True</value>
      </attribute>
    </attributes>
  </object>
  <object>
    <name>vehicule</name>
    <occluded>0</occluded>
    <bndbox>
      <xmin>1149.6000000000004</xmin>
      <ymin>661.2177734375</ymin>
      <xmax>1277.5029296875</xmax>
      <ymax>747.2000000000007</ymax>
    </bndbox>
    <attributes>
      <attribute>
        <name>track_id</name>
        <value>82</value>
      </attribute>
      <attribute>
        <name>keyframe</name>
        <value>True</value>
      </attribute>
    </attributes>
  </object>
  <object>
    <name>vehicule</name>
    <occluded>0</occluded>
    <bndbox>
      <xmin>1646.2291015625</xmin>
      <ymin>1258.1134765625</ymin>
      <xmax>2004.588437500001</xmax>
      <ymax>1428.3598907470703</ymax>
    </bndbox>
    <attributes>
      <attribute>
        <name>track_id</name>
        <value>83</value>
      </attribute>
      <attribute>
        <name>keyframe</name>
        <value>True</value>
      </attribute>
    </attributes>
  </object>
  <object>
    <name>vehicule</name>
    <occluded>0</occluded>
    <bndbox>
      <xmin>2103.5935546875</xmin>
      <ymin>1331.043359375</ymin>
      <xmax>2439.9</xmax>
      <ymax>1498.9891448974608</ymax>
    </bndbox>
    <attributes>
      <attribute>
        <name>track_id</name>
        <value>84</value>
      </attribute>
      <attribute>
        <name>keyframe</name>
        <value>True</value>
      </attribute>
    </attributes>
  </object>
</annotation>
