<annotation>
  <folder>frame</folder>
  <filename>frame_000585.jpg</filename>
  <source>
    <database>Unknown</database>
    <annotation>Unknown</annotation>
    <image>Unknown</image>
  </source>
  <size>
    <width>2456</width>
    <height>2054</height>
    <depth>3</depth>
  </size>
  <segmented>0</segmented>
  <object>
    <name>vehicule</name>
    <occluded>0</occluded>
    <bndbox>
      <xmin>630.5059129901962</xmin>
      <ymin>933.6617647058836</ymin>
      <xmax>757.0760332294536</xmax>
      <ymax>1049.7671644173417</ymax>
    </bndbox>
    <attributes>
      <attribute>
        <name>track_id</name>
        <value>3</value>
      </attribute>
      <attribute>
        <name>keyframe</name>
        <value>True</value>
      </attribute>
    </attributes>
  </object>
  <object>
    <name>vehicule</name>
    <occluded>0</occluded>
    <bndbox>
      <xmin>850.4534191659369</xmin>
      <ymin>964.3759697214317</ymin>
      <xmax>995.291292035256</xmax>
      <ymax>1125.1403877512155</ymax>
    </bndbox>
    <attributes>
      <attribute>
        <name>track_id</name>
        <value>4</value>
      </attribute>
      <attribute>
        <name>keyframe</name>
        <value>True</value>
      </attribute>
    </attributes>
  </object>
  <object>
    <name>vehicule</name>
    <occluded>0</occluded>
    <bndbox>
      <xmin>481.6708984375</xmin>
      <ymin>1813.39453125</ymin>
      <xmax>820.0591796875015</xmax>
      <ymax>2054.0</ymax>
    </bndbox>
    <attributes>
      <attribute>
        <name>track_id</name>
        <value>24</value>
      </attribute>
      <attribute>
        <name>keyframe</name>
        <value>True</value>
      </attribute>
    </attributes>
  </object>
  <object>
    <name>vehicule</name>
    <occluded>0</occluded>
    <bndbox>
      <xmin>105.2958984375</xmin>
      <ymin>1801.8642578125</ymin>
      <xmax>458.6541015625007</xmax>
      <ymax>2054.0</ymax>
    </bndbox>
    <attributes>
      <attribute>
        <name>track_id</name>
        <value>32</value>
      </attribute>
      <attribute>
        <name>keyframe</name>
        <value>True</value>
      </attribute>
    </attributes>
  </object>
  <object>
    <name>vehicule</name>
    <occluded>0</occluded>
    <bndbox>
      <xmin>661.912109375</xmin>
      <ymin>1554.494140625</ymin>
      <xmax>1047.5029296875</xmax>
      <ymax>1761.9775390625</ymax>
    </bndbox>
    <attributes>
      <attribute>
        <name>track_id</name>
        <value>35</value>
      </attribute>
      <attribute>
        <name>keyframe</name>
        <value>True</value>
      </attribute>
    </attributes>
  </object>
  <object>
    <name>vehicule</name>
    <occluded>0</occluded>
    <bndbox>
      <xmin>278.3828125</xmin>
      <ymin>1521.0</ymin>
      <xmax>619.9000000000005</xmax>
      <ymax>1774.78662109375</ymax>
    </bndbox>
    <attributes>
      <attribute>
        <name>track_id</name>
        <value>36</value>
      </attribute>
      <attribute>
        <name>keyframe</name>
        <value>True</value>
      </attribute>
    </attributes>
  </object>
  <object>
    <name>vehicule</name>
    <occluded>0</occluded>
    <bndbox>
      <xmin>474.98787560096156</xmin>
      <ymin>1033.0400480769233</ymin>
      <xmax>606.8207918607271</xmax>
      <ymax>1161.8824263117851</ymax>
    </bndbox>
    <attributes>
      <attribute>
        <name>track_id</name>
        <value>38</value>
      </attribute>
      <attribute>
        <name>keyframe</name>
        <value>True</value>
      </attribute>
    </attributes>
  </object>
  <object>
    <name>vehicule</name>
    <occluded>0</occluded>
    <bndbox>
      <xmin>1138.1552734375</xmin>
      <ymin>1396.51953125</ymin>
      <xmax>1475.322265625</xmax>
      <ymax>1640.3023681640625</ymax>
    </bndbox>
    <attributes>
      <attribute>
        <name>track_id</name>
        <value>40</value>
      </attribute>
      <attribute>
        <name>keyframe</name>
        <value>True</value>
      </attribute>
    </attributes>
  </object>
  <object>
    <name>vehicule</name>
    <occluded>0</occluded>
    <bndbox>
      <xmin>75.89208984375</xmin>
      <ymin>1422.4735351562504</ymin>
      <xmax>450.3237182617195</xmax>
      <ymax>1649.8819000244139</ymax>
    </bndbox>
    <attributes>
      <attribute>
        <name>track_id</name>
        <value>41</value>
      </attribute>
      <attribute>
        <name>keyframe</name>
        <value>True</value>
      </attribute>
    </attributes>
  </object>
  <object>
    <name>vehicule</name>
    <occluded>0</occluded>
    <bndbox>
      <xmin>262.22265625</xmin>
      <ymin>1287.59130859375</ymin>
      <xmax>612.6951171875007</xmax>
      <ymax>1473.0961441040035</ymax>
    </bndbox>
    <attributes>
      <attribute>
        <name>track_id</name>
        <value>42</value>
      </attribute>
      <attribute>
        <name>keyframe</name>
        <value>True</value>
      </attribute>
    </attributes>
  </object>
  <object>
    <name>vehicule</name>
    <occluded>0</occluded>
    <bndbox>
      <xmin>1439.6484375</xmin>
      <ymin>1359.8623046875</ymin>
      <xmax>1840.0595703125</xmax>
      <ymax>1529.1559295654297</ymax>
    </bndbox>
    <attributes>
      <attribute>
        <name>track_id</name>
        <value>45</value>
      </attribute>
      <attribute>
        <name>keyframe</name>
        <value>True</value>
      </attribute>
    </attributes>
  </object>
  <object>
    <name>vehicule</name>
    <occluded>0</occluded>
    <bndbox>
      <xmin>1124.474609375</xmin>
      <ymin>1302.232421875</ymin>
      <xmax>1499.081787109375</xmax>
      <ymax>1408.4911880493164</ymax>
    </bndbox>
    <attributes>
      <attribute>
        <name>track_id</name>
        <value>46</value>
      </attribute>
      <attribute>
        <name>keyframe</name>
        <value>True</value>
      </attribute>
    </attributes>
  </object>
  <object>
    <name>vehicule</name>
    <occluded>0</occluded>
    <bndbox>
      <xmin>758.1212565104166</xmin>
      <ymin>774.0894368489584</ymin>
      <xmax>875.1859995524088</xmax>
      <ymax>885.7511876424154</ymax>
    </bndbox>
    <attributes>
      <attribute>
        <name>track_id</name>
        <value>47</value>
      </attribute>
      <attribute>
        <name>keyframe</name>
        <value>True</value>
      </attribute>
    </attributes>
  </object>
  <object>
    <name>vehicule</name>
    <occluded>0</occluded>
    <bndbox>
      <xmin>501.1800944010417</xmin>
      <ymin>838.3260091145834</ymin>
      <xmax>614.6428476969401</xmax>
      <ymax>939.1817906697592</ymax>
    </bndbox>
    <attributes>
      <attribute>
        <name>track_id</name>
        <value>48</value>
      </attribute>
      <attribute>
        <name>keyframe</name>
        <value>True</value>
      </attribute>
    </attributes>
  </object>
  <object>
    <name>vehicule</name>
    <occluded>0</occluded>
    <bndbox>
      <xmin>1900.7036830357142</xmin>
      <ymin>1214.7706473214287</ymin>
      <xmax>2235.68894304548</xmax>
      <ymax>1383.276576450893</ymax>
    </bndbox>
    <attributes>
      <attribute>
        <name>track_id</name>
        <value>49</value>
      </attribute>
      <attribute>
        <name>keyframe</name>
        <value>True</value>
      </attribute>
    </attributes>
  </object>
  <object>
    <name>vehicule</name>
    <occluded>0</occluded>
    <bndbox>
      <xmin>612.1487233231708</xmin>
      <ymin>983.8309341934182</ymin>
      <xmax>776.0487233231704</xmax>
      <ymax>1133.1876938369714</ymax>
    </bndbox>
    <attributes>
      <attribute>
        <name>track_id</name>
        <value>184</value>
      </attribute>
      <attribute>
        <name>keyframe</name>
        <value>True</value>
      </attribute>
    </attributes>
  </object>
</annotation>
