<annotation>
  <folder>frame</folder>
  <filename>frame_001132.jpg</filename>
  <source>
    <database>Unknown</database>
    <annotation>Unknown</annotation>
    <image>Unknown</image>
  </source>
  <size>
    <width>2456</width>
    <height>2054</height>
    <depth>3</depth>
  </size>
  <segmented>0</segmented>
  <object>
    <name>vehicule</name>
    <occluded>0</occluded>
    <bndbox>
      <xmin>143.421875</xmin>
      <ymin>1444.2000000000007</ymin>
      <xmax>540.5419921875</xmax>
      <ymax>1607.591293334961</ymax>
    </bndbox>
    <attributes>
      <attribute>
        <name>track_id</name>
        <value>74</value>
      </attribute>
      <attribute>
        <name>keyframe</name>
        <value>True</value>
      </attribute>
    </attributes>
  </object>
  <object>
    <name>vehicule</name>
    <occluded>0</occluded>
    <bndbox>
      <xmin>20.2099609375</xmin>
      <ymin>1579.1000000000004</ymin>
      <xmax>446.40000000000146</xmax>
      <ymax>1788.4445037841797</ymax>
    </bndbox>
    <attributes>
      <attribute>
        <name>track_id</name>
        <value>76</value>
      </attribute>
      <attribute>
        <name>keyframe</name>
        <value>True</value>
      </attribute>
    </attributes>
  </object>
  <object>
    <name>vehicule</name>
    <occluded>0</occluded>
    <bndbox>
      <xmin>839.4140625</xmin>
      <ymin>1451.015625</ymin>
      <xmax>1265.439648437501</xmax>
      <ymax>1658.0299224853516</ymax>
    </bndbox>
    <attributes>
      <attribute>
        <name>track_id</name>
        <value>79</value>
      </attribute>
      <attribute>
        <name>keyframe</name>
        <value>True</value>
      </attribute>
    </attributes>
  </object>
  <object>
    <name>vehicule</name>
    <occluded>0</occluded>
    <bndbox>
      <xmin>584.3486328125</xmin>
      <ymin>1351.01171875</ymin>
      <xmax>991.5470703125011</xmax>
      <ymax>1533.1034637451157</ymax>
    </bndbox>
    <attributes>
      <attribute>
        <name>track_id</name>
        <value>81</value>
      </attribute>
      <attribute>
        <name>keyframe</name>
        <value>True</value>
      </attribute>
    </attributes>
  </object>
  <object>
    <name>vehicule</name>
    <occluded>0</occluded>
    <bndbox>
      <xmin>1349.4482421875</xmin>
      <ymin>1267.775390625</ymin>
      <xmax>1724.3531250000015</xmax>
      <ymax>1438.0218048095703</ymax>
    </bndbox>
    <attributes>
      <attribute>
        <name>track_id</name>
        <value>83</value>
      </attribute>
      <attribute>
        <name>keyframe</name>
        <value>True</value>
      </attribute>
    </attributes>
  </object>
  <object>
    <name>vehicule</name>
    <occluded>0</occluded>
    <bndbox>
      <xmin>1789.787109375</xmin>
      <ymin>1346.2275390625</ymin>
      <xmax>2214.4560546875</xmax>
      <ymax>1514.173324584961</ymax>
    </bndbox>
    <attributes>
      <attribute>
        <name>track_id</name>
        <value>84</value>
      </attribute>
      <attribute>
        <name>keyframe</name>
        <value>True</value>
      </attribute>
    </attributes>
  </object>
  <object>
    <name>vehicule</name>
    <occluded>0</occluded>
    <bndbox>
      <xmin>1717.55859375</xmin>
      <ymin>1185.8994140625</ymin>
      <xmax>2009.728021240233</xmax>
      <ymax>1328.5</ymax>
    </bndbox>
    <attributes>
      <attribute>
        <name>track_id</name>
        <value>85</value>
      </attribute>
      <attribute>
        <name>keyframe</name>
        <value>True</value>
      </attribute>
    </attributes>
  </object>
  <object>
    <name>vehicule</name>
    <occluded>0</occluded>
    <bndbox>
      <xmin>2005.126953125</xmin>
      <ymin>1224.984375</ymin>
      <xmax>2341.0</xmax>
      <ymax>1379.1263885498047</ymax>
    </bndbox>
    <attributes>
      <attribute>
        <name>track_id</name>
        <value>86</value>
      </attribute>
      <attribute>
        <name>keyframe</name>
        <value>True</value>
      </attribute>
    </attributes>
  </object>
</annotation>
