<annotation>
  <folder>frame</folder>
  <filename>frame_001044.jpg</filename>
  <source>
    <database>Unknown</database>
    <annotation>Unknown</annotation>
    <image>Unknown</image>
  </source>
  <size>
    <width>2456</width>
    <height>2054</height>
    <depth>3</depth>
  </size>
  <segmented>0</segmented>
  <object>
    <name>vehicule</name>
    <occluded>0</occluded>
    <bndbox>
      <xmin>587.0927734375</xmin>
      <ymin>1315.0</ymin>
      <xmax>797.2000000000007</xmax>
      <ymax>1544.4744262695312</ymax>
    </bndbox>
    <attributes>
      <attribute>
        <name>track_id</name>
        <value>62</value>
      </attribute>
      <attribute>
        <name>keyframe</name>
        <value>True</value>
      </attribute>
    </attributes>
  </object>
  <object>
    <name>vehicule</name>
    <occluded>0</occluded>
    <bndbox>
      <xmin>810.7509765625</xmin>
      <ymin>1400.46875</ymin>
      <xmax>988.5515625000007</xmax>
      <ymax>1614.7317352294922</ymax>
    </bndbox>
    <attributes>
      <attribute>
        <name>track_id</name>
        <value>65</value>
      </attribute>
      <attribute>
        <name>keyframe</name>
        <value>True</value>
      </attribute>
    </attributes>
  </object>
  <object>
    <name>vehicule</name>
    <occluded>0</occluded>
    <bndbox>
      <xmin>275.6845703125</xmin>
      <ymin>1287.7000000000007</ymin>
      <xmax>500.2000000000007</xmax>
      <ymax>1495.296875</ymax>
    </bndbox>
    <attributes>
      <attribute>
        <name>track_id</name>
        <value>66</value>
      </attribute>
      <attribute>
        <name>keyframe</name>
        <value>True</value>
      </attribute>
    </attributes>
  </object>
  <object>
    <name>vehicule</name>
    <occluded>0</occluded>
    <bndbox>
      <xmin>465.1103515625</xmin>
      <ymin>1157.1000000000004</ymin>
      <xmax>662.5</xmax>
      <ymax>1333.0701141357422</ymax>
    </bndbox>
    <attributes>
      <attribute>
        <name>track_id</name>
        <value>70</value>
      </attribute>
      <attribute>
        <name>keyframe</name>
        <value>True</value>
      </attribute>
    </attributes>
  </object>
  <object>
    <name>vehicule</name>
    <occluded>0</occluded>
    <bndbox>
      <xmin>403.9970703125</xmin>
      <ymin>1659.7000000000007</ymin>
      <xmax>773.8000000000011</xmax>
      <ymax>1966.3900299072266</ymax>
    </bndbox>
    <attributes>
      <attribute>
        <name>track_id</name>
        <value>71</value>
      </attribute>
      <attribute>
        <name>keyframe</name>
        <value>True</value>
      </attribute>
    </attributes>
  </object>
  <object>
    <name>vehicule</name>
    <occluded>0</occluded>
    <bndbox>
      <xmin>1019.2000000000007</xmin>
      <ymin>626.4951171875</ymin>
      <xmax>1157.9976043701172</xmax>
      <ymax>730.9000000000015</ymax>
    </bndbox>
    <attributes>
      <attribute>
        <name>track_id</name>
        <value>72</value>
      </attribute>
      <attribute>
        <name>keyframe</name>
        <value>True</value>
      </attribute>
    </attributes>
  </object>
  <object>
    <name>vehicule</name>
    <occluded>0</occluded>
    <bndbox>
      <xmin>749.37890625</xmin>
      <ymin>942.369140625</ymin>
      <xmax>889.1775436401367</xmax>
      <ymax>1087.232415771483</ymax>
    </bndbox>
    <attributes>
      <attribute>
        <name>track_id</name>
        <value>73</value>
      </attribute>
      <attribute>
        <name>keyframe</name>
        <value>True</value>
      </attribute>
    </attributes>
  </object>
  <object>
    <name>vehicule</name>
    <occluded>0</occluded>
    <bndbox>
      <xmin>1145.3447265625</xmin>
      <ymin>1291.255859375</ymin>
      <xmax>1523.2880859375</xmax>
      <ymax>1459.201644897461</ymax>
    </bndbox>
    <attributes>
      <attribute>
        <name>track_id</name>
        <value>74</value>
      </attribute>
      <attribute>
        <name>keyframe</name>
        <value>True</value>
      </attribute>
    </attributes>
  </object>
  <object>
    <name>vehicule</name>
    <occluded>0</occluded>
    <bndbox>
      <xmin>1479.1000000000004</xmin>
      <ymin>837.0712890625</ymin>
      <xmax>1639.3400268554688</xmax>
      <ymax>948.3000000000011</ymax>
    </bndbox>
    <attributes>
      <attribute>
        <name>track_id</name>
        <value>75</value>
      </attribute>
      <attribute>
        <name>keyframe</name>
        <value>True</value>
      </attribute>
    </attributes>
  </object>
  <object>
    <name>vehicule</name>
    <occluded>0</occluded>
    <bndbox>
      <xmin>1549.3603515625</xmin>
      <ymin>1319.4931640625</ymin>
      <xmax>1908.8773437500004</xmax>
      <ymax>1503.5519226074211</ymax>
    </bndbox>
    <attributes>
      <attribute>
        <name>track_id</name>
        <value>76</value>
      </attribute>
      <attribute>
        <name>keyframe</name>
        <value>True</value>
      </attribute>
    </attributes>
  </object>
  <object>
    <name>vehicule</name>
    <occluded>0</occluded>
    <bndbox>
      <xmin>1705.800000000001</xmin>
      <ymin>978.3310546875</ymin>
      <xmax>1983.732421875</xmax>
      <ymax>1117.6000000000004</ymax>
    </bndbox>
    <attributes>
      <attribute>
        <name>track_id</name>
        <value>77</value>
      </attribute>
      <attribute>
        <name>keyframe</name>
        <value>True</value>
      </attribute>
    </attributes>
  </object>
  <object>
    <name>vehicule</name>
    <occluded>0</occluded>
    <bndbox>
      <xmin>521.78515625</xmin>
      <ymin>830.7724609375</ymin>
      <xmax>662.5388031005859</xmax>
      <ymax>958.5850830078125</ymax>
    </bndbox>
    <attributes>
      <attribute>
        <name>track_id</name>
        <value>78</value>
      </attribute>
      <attribute>
        <name>keyframe</name>
        <value>True</value>
      </attribute>
    </attributes>
  </object>
  <object>
    <name>vehicule</name>
    <occluded>0</occluded>
    <bndbox>
      <xmin>2086.1000000000004</xmin>
      <ymin>1334.2177734375</ymin>
      <xmax>2450.3906860351562</xmax>
      <ymax>1499.8629302978516</ymax>
    </bndbox>
    <attributes>
      <attribute>
        <name>track_id</name>
        <value>79</value>
      </attribute>
      <attribute>
        <name>keyframe</name>
        <value>True</value>
      </attribute>
    </attributes>
  </object>
</annotation>
