<annotation>
  <folder>frame</folder>
  <filename>frame_000531.jpg</filename>
  <source>
    <database>Unknown</database>
    <annotation>Unknown</annotation>
    <image>Unknown</image>
  </source>
  <size>
    <width>2456</width>
    <height>2054</height>
    <depth>3</depth>
  </size>
  <segmented>0</segmented>
  <object>
    <name>vehicule</name>
    <occluded>0</occluded>
    <bndbox>
      <xmin>629.5881280637257</xmin>
      <ymin>931.3985294117658</ymin>
      <xmax>756.1582483029831</xmax>
      <ymax>1046.7691762213612</ymax>
    </bndbox>
    <attributes>
      <attribute>
        <name>track_id</name>
        <value>3</value>
      </attribute>
      <attribute>
        <name>keyframe</name>
        <value>True</value>
      </attribute>
    </attributes>
  </object>
  <object>
    <name>vehicule</name>
    <occluded>0</occluded>
    <bndbox>
      <xmin>849.8835000273642</xmin>
      <ymin>965.5910768525613</ymin>
      <xmax>994.0590488868238</xmax>
      <ymax>1122.5339588069776</ymax>
    </bndbox>
    <attributes>
      <attribute>
        <name>track_id</name>
        <value>4</value>
      </attribute>
      <attribute>
        <name>keyframe</name>
        <value>True</value>
      </attribute>
    </attributes>
  </object>
  <object>
    <name>vehicule</name>
    <occluded>0</occluded>
    <bndbox>
      <xmin>473.8173828125</xmin>
      <ymin>1782.32421875</ymin>
      <xmax>748.3000000000011</xmax>
      <ymax>2052.062695312501</ymax>
    </bndbox>
    <attributes>
      <attribute>
        <name>track_id</name>
        <value>23</value>
      </attribute>
      <attribute>
        <name>keyframe</name>
        <value>True</value>
      </attribute>
    </attributes>
  </object>
  <object>
    <name>vehicule</name>
    <occluded>0</occluded>
    <bndbox>
      <xmin>628.1279296875</xmin>
      <ymin>1583.50390625</ymin>
      <xmax>979.1000000000004</xmax>
      <ymax>1823.4413574218743</ymax>
    </bndbox>
    <attributes>
      <attribute>
        <name>track_id</name>
        <value>24</value>
      </attribute>
      <attribute>
        <name>keyframe</name>
        <value>True</value>
      </attribute>
    </attributes>
  </object>
  <object>
    <name>vehicule</name>
    <occluded>0</occluded>
    <bndbox>
      <xmin>89.80000000000109</xmin>
      <ymin>1677.7000000000007</ymin>
      <xmax>446.9530944824219</xmax>
      <ymax>1980.3843688964844</ymax>
    </bndbox>
    <attributes>
      <attribute>
        <name>track_id</name>
        <value>28</value>
      </attribute>
      <attribute>
        <name>keyframe</name>
        <value>True</value>
      </attribute>
    </attributes>
  </object>
  <object>
    <name>vehicule</name>
    <occluded>0</occluded>
    <bndbox>
      <xmin>218.36328125</xmin>
      <ymin>1462.5</ymin>
      <xmax>589.2000000000007</xmax>
      <ymax>1700.2521514892578</ymax>
    </bndbox>
    <attributes>
      <attribute>
        <name>track_id</name>
        <value>30</value>
      </attribute>
      <attribute>
        <name>keyframe</name>
        <value>True</value>
      </attribute>
    </attributes>
  </object>
  <object>
    <name>vehicule</name>
    <occluded>0</occluded>
    <bndbox>
      <xmin>818.3115234375</xmin>
      <ymin>1398.076171875</ymin>
      <xmax>1222.86328125</xmax>
      <ymax>1605.5929290771473</ymax>
    </bndbox>
    <attributes>
      <attribute>
        <name>track_id</name>
        <value>32</value>
      </attribute>
      <attribute>
        <name>keyframe</name>
        <value>True</value>
      </attribute>
    </attributes>
  </object>
  <object>
    <name>vehicule</name>
    <occluded>0</occluded>
    <bndbox>
      <xmin>449.1787109375</xmin>
      <ymin>1318.6000000000004</ymin>
      <xmax>848.0</xmax>
      <ymax>1487.1577606201172</ymax>
    </bndbox>
    <attributes>
      <attribute>
        <name>track_id</name>
        <value>33</value>
      </attribute>
      <attribute>
        <name>keyframe</name>
        <value>True</value>
      </attribute>
    </attributes>
  </object>
  <object>
    <name>vehicule</name>
    <occluded>0</occluded>
    <bndbox>
      <xmin>1346.94140625</xmin>
      <ymin>1349.705078125</ymin>
      <xmax>1723.2487182617188</xmax>
      <ymax>1531.2454681396484</ymax>
    </bndbox>
    <attributes>
      <attribute>
        <name>track_id</name>
        <value>35</value>
      </attribute>
      <attribute>
        <name>keyframe</name>
        <value>True</value>
      </attribute>
    </attributes>
  </object>
  <object>
    <name>vehicule</name>
    <occluded>0</occluded>
    <bndbox>
      <xmin>1391.052734375</xmin>
      <ymin>1249.5146484375</ymin>
      <xmax>1793.8287109375015</xmax>
      <ymax>1381.7740234375015</ymax>
    </bndbox>
    <attributes>
      <attribute>
        <name>track_id</name>
        <value>36</value>
      </attribute>
      <attribute>
        <name>keyframe</name>
        <value>True</value>
      </attribute>
    </attributes>
  </object>
  <object>
    <name>vehicule</name>
    <occluded>0</occluded>
    <bndbox>
      <xmin>1013.251953125</xmin>
      <ymin>1232.701171875</ymin>
      <xmax>1412.8548828125004</xmax>
      <ymax>1385.668307495116</ymax>
    </bndbox>
    <attributes>
      <attribute>
        <name>track_id</name>
        <value>37</value>
      </attribute>
      <attribute>
        <name>keyframe</name>
        <value>True</value>
      </attribute>
    </attributes>
  </object>
  <object>
    <name>vehicule</name>
    <occluded>0</occluded>
    <bndbox>
      <xmin>483.7158203125</xmin>
      <ymin>989.4000000000015</ymin>
      <xmax>615.5487365722656</xmax>
      <ymax>1118.2423782348633</ymax>
    </bndbox>
    <attributes>
      <attribute>
        <name>track_id</name>
        <value>38</value>
      </attribute>
      <attribute>
        <name>keyframe</name>
        <value>True</value>
      </attribute>
    </attributes>
  </object>
  <object>
    <name>vehicule</name>
    <occluded>0</occluded>
    <bndbox>
      <xmin>1773.90625</xmin>
      <ymin>1004.693359375</ymin>
      <xmax>2030.65625</xmax>
      <ymax>1134.3650817871094</ymax>
    </bndbox>
    <attributes>
      <attribute>
        <name>track_id</name>
        <value>39</value>
      </attribute>
      <attribute>
        <name>keyframe</name>
        <value>True</value>
      </attribute>
    </attributes>
  </object>
  <object>
    <name>vehicule</name>
    <occluded>0</occluded>
    <bndbox>
      <xmin>2066.9638671875</xmin>
      <ymin>1287.3779296875</ymin>
      <xmax>2404.130859375</xmax>
      <ymax>1531.1607666015625</ymax>
    </bndbox>
    <attributes>
      <attribute>
        <name>track_id</name>
        <value>40</value>
      </attribute>
      <attribute>
        <name>keyframe</name>
        <value>True</value>
      </attribute>
    </attributes>
  </object>
  <object>
    <name>vehicule</name>
    <occluded>0</occluded>
    <bndbox>
      <xmin>1833.5556640625</xmin>
      <ymin>1209.57421875</ymin>
      <xmax>2183.6693115234375</xmax>
      <ymax>1370.3671569824219</ymax>
    </bndbox>
    <attributes>
      <attribute>
        <name>track_id</name>
        <value>41</value>
      </attribute>
      <attribute>
        <name>keyframe</name>
        <value>True</value>
      </attribute>
    </attributes>
  </object>
  <object>
    <name>vehicule</name>
    <occluded>0</occluded>
    <bndbox>
      <xmin>612.7020483993904</xmin>
      <ymin>985.0559302703551</ymin>
      <xmax>776.60204839939</xmax>
      <ymax>1134.4126899139083</ymax>
    </bndbox>
    <attributes>
      <attribute>
        <name>track_id</name>
        <value>184</value>
      </attribute>
      <attribute>
        <name>keyframe</name>
        <value>True</value>
      </attribute>
    </attributes>
  </object>
</annotation>
