<annotation>
  <folder>frame</folder>
  <filename>frame_001090.jpg</filename>
  <source>
    <database>Unknown</database>
    <annotation>Unknown</annotation>
    <image>Unknown</image>
  </source>
  <size>
    <width>2456</width>
    <height>2054</height>
    <depth>3</depth>
  </size>
  <segmented>0</segmented>
  <object>
    <name>vehicule</name>
    <occluded>0</occluded>
    <bndbox>
      <xmin>333.1296875</xmin>
      <ymin>1551.38671875</ymin>
      <xmax>577.3798828125011</xmax>
      <ymax>1861.0482330322266</ymax>
    </bndbox>
    <attributes>
      <attribute>
        <name>track_id</name>
        <value>73</value>
      </attribute>
      <attribute>
        <name>keyframe</name>
        <value>True</value>
      </attribute>
    </attributes>
  </object>
  <object>
    <name>vehicule</name>
    <occluded>0</occluded>
    <bndbox>
      <xmin>798.578279194079</xmin>
      <ymin>1338.7375616776317</ymin>
      <xmax>1195.698396381579</xmax>
      <ymax>1529.7009253250926</ymax>
    </bndbox>
    <attributes>
      <attribute>
        <name>track_id</name>
        <value>74</value>
      </attribute>
      <attribute>
        <name>keyframe</name>
        <value>True</value>
      </attribute>
    </attributes>
  </object>
  <object>
    <name>vehicule</name>
    <occluded>0</occluded>
    <bndbox>
      <xmin>1062.1264307776162</xmin>
      <ymin>1368.384402252907</ymin>
      <xmax>1421.6434229651165</xmax>
      <ymax>1552.443160797828</ymax>
    </bndbox>
    <attributes>
      <attribute>
        <name>track_id</name>
        <value>76</value>
      </attribute>
      <attribute>
        <name>keyframe</name>
        <value>True</value>
      </attribute>
    </attributes>
  </object>
  <object>
    <name>vehicule</name>
    <occluded>0</occluded>
    <bndbox>
      <xmin>63.796875</xmin>
      <ymin>1425.4269921875007</ymin>
      <xmax>343.8949218750011</xmax>
      <ymax>1687.6026788330078</ymax>
    </bndbox>
    <attributes>
      <attribute>
        <name>track_id</name>
        <value>78</value>
      </attribute>
      <attribute>
        <name>keyframe</name>
        <value>True</value>
      </attribute>
    </attributes>
  </object>
  <object>
    <name>vehicule</name>
    <occluded>0</occluded>
    <bndbox>
      <xmin>1561.7301199776787</xmin>
      <ymin>1346.871547154018</ymin>
      <xmax>1992.4057059151794</xmax>
      <ymax>1512.5167040143695</ymax>
    </bndbox>
    <attributes>
      <attribute>
        <name>track_id</name>
        <value>79</value>
      </attribute>
      <attribute>
        <name>keyframe</name>
        <value>True</value>
      </attribute>
    </attributes>
  </object>
  <object>
    <name>vehicule</name>
    <occluded>0</occluded>
    <bndbox>
      <xmin>1171.7833333333338</xmin>
      <ymin>745.13134765625</ymin>
      <xmax>1326.6449305216472</xmax>
      <ymax>855.7916666666666</ymax>
    </bndbox>
    <attributes>
      <attribute>
        <name>track_id</name>
        <value>80</value>
      </attribute>
      <attribute>
        <name>keyframe</name>
        <value>True</value>
      </attribute>
    </attributes>
  </object>
  <object>
    <name>vehicule</name>
    <occluded>0</occluded>
    <bndbox>
      <xmin>1446.8927001953125</xmin>
      <ymin>1265.0801188151042</ymin>
      <xmax>1826.5225830078125</xmax>
      <ymax>1412.7036997477214</ymax>
    </bndbox>
    <attributes>
      <attribute>
        <name>track_id</name>
        <value>81</value>
      </attribute>
      <attribute>
        <name>keyframe</name>
        <value>True</value>
      </attribute>
    </attributes>
  </object>
  <object>
    <name>vehicule</name>
    <occluded>0</occluded>
    <bndbox>
      <xmin>1521.058333333334</xmin>
      <ymin>849.8307291666666</ymin>
      <xmax>1712.975591023763</xmax>
      <ymax>963.7500000000014</ymax>
    </bndbox>
    <attributes>
      <attribute>
        <name>track_id</name>
        <value>82</value>
      </attribute>
      <attribute>
        <name>keyframe</name>
        <value>True</value>
      </attribute>
    </attributes>
  </object>
  <object>
    <name>vehicule</name>
    <occluded>0</occluded>
    <bndbox>
      <xmin>2105.39599609375</xmin>
      <ymin>1309.1876627604167</ymin>
      <xmax>2438.93701171875</xmax>
      <ymax>1479.434076944987</ymax>
    </bndbox>
    <attributes>
      <attribute>
        <name>track_id</name>
        <value>83</value>
      </attribute>
      <attribute>
        <name>keyframe</name>
        <value>True</value>
      </attribute>
    </attributes>
  </object>
</annotation>
