<annotation>
  <folder>frame</folder>
  <filename>frame_001798.jpg</filename>
  <source>
    <database>Unknown</database>
    <annotation>Unknown</annotation>
    <image>Unknown</image>
  </source>
  <size>
    <width>2456</width>
    <height>2054</height>
    <depth>3</depth>
  </size>
  <segmented>0</segmented>
  <object>
    <name>vehicule</name>
    <occluded>0</occluded>
    <bndbox>
      <xmin>714.3422575431038</xmin>
      <ymin>1013.8466487068969</ymin>
      <xmax>866.5449980216187</xmax>
      <ymax>1162.511410059435</ymax>
    </bndbox>
    <attributes>
      <attribute>
        <name>track_id</name>
        <value>91</value>
      </attribute>
      <attribute>
        <name>keyframe</name>
        <value>True</value>
      </attribute>
    </attributes>
  </object>
  <object>
    <name>vehicule</name>
    <occluded>0</occluded>
    <bndbox>
      <xmin>504.8711435463881</xmin>
      <ymin>989.6541153948301</ymin>
      <xmax>632.2436044838885</xmax>
      <ymax>1181.334205726861</ymax>
    </bndbox>
    <attributes>
      <attribute>
        <name>track_id</name>
        <value>95</value>
      </attribute>
      <attribute>
        <name>keyframe</name>
        <value>True</value>
      </attribute>
    </attributes>
  </object>
  <object>
    <name>vehicule</name>
    <occluded>0</occluded>
    <bndbox>
      <xmin>526.7180013958933</xmin>
      <ymin>956.0046109510097</ymin>
      <xmax>645.1044454876902</xmax>
      <ymax>1058.1514371052942</ymax>
    </bndbox>
    <attributes>
      <attribute>
        <name>track_id</name>
        <value>105</value>
      </attribute>
      <attribute>
        <name>keyframe</name>
        <value>True</value>
      </attribute>
    </attributes>
  </object>
  <object>
    <name>vehicule</name>
    <occluded>0</occluded>
    <bndbox>
      <xmin>670.9623408564814</xmin>
      <ymin>924.1763671875</ymin>
      <xmax>790.6029658564814</xmax>
      <ymax>1041.0478515625005</ymax>
    </bndbox>
    <attributes>
      <attribute>
        <name>track_id</name>
        <value>108</value>
      </attribute>
      <attribute>
        <name>keyframe</name>
        <value>True</value>
      </attribute>
    </attributes>
  </object>
  <object>
    <name>vehicule</name>
    <occluded>0</occluded>
    <bndbox>
      <xmin>470.5979817708333</xmin>
      <ymin>1789.5732421875</ymin>
      <xmax>825.180729166667</xmax>
      <ymax>2054.0</ymax>
    </bndbox>
    <attributes>
      <attribute>
        <name>track_id</name>
        <value>116</value>
      </attribute>
      <attribute>
        <name>keyframe</name>
        <value>True</value>
      </attribute>
    </attributes>
  </object>
  <object>
    <name>vehicule</name>
    <occluded>0</occluded>
    <bndbox>
      <xmin>634.8251227678571</xmin>
      <ymin>822.983515625</ymin>
      <xmax>762.7975119890485</xmax>
      <ymax>947.6008251953125</ymax>
    </bndbox>
    <attributes>
      <attribute>
        <name>track_id</name>
        <value>118</value>
      </attribute>
      <attribute>
        <name>keyframe</name>
        <value>True</value>
      </attribute>
    </attributes>
  </object>
  <object>
    <name>vehicule</name>
    <occluded>0</occluded>
    <bndbox>
      <xmin>777.8431222098214</xmin>
      <ymin>1507.0012416294655</ymin>
      <xmax>1148.6331612723213</xmax>
      <ymax>1748.2227015904016</ymax>
    </bndbox>
    <attributes>
      <attribute>
        <name>track_id</name>
        <value>119</value>
      </attribute>
      <attribute>
        <name>keyframe</name>
        <value>True</value>
      </attribute>
    </attributes>
  </object>
  <object>
    <name>vehicule</name>
    <occluded>0</occluded>
    <bndbox>
      <xmin>156.01149338942307</xmin>
      <ymin>1655.2833984375006</ymin>
      <xmax>532.3382512019245</xmax>
      <ymax>1965.4177795410155</ymax>
    </bndbox>
    <attributes>
      <attribute>
        <name>track_id</name>
        <value>121</value>
      </attribute>
      <attribute>
        <name>keyframe</name>
        <value>True</value>
      </attribute>
    </attributes>
  </object>
  <object>
    <name>vehicule</name>
    <occluded>0</occluded>
    <bndbox>
      <xmin>1148.4388950892858</xmin>
      <ymin>1293.207645089287</ymin>
      <xmax>1597.7019810267861</xmax>
      <ymax>1597.3449375697544</ymax>
    </bndbox>
    <attributes>
      <attribute>
        <name>track_id</name>
        <value>123</value>
      </attribute>
      <attribute>
        <name>keyframe</name>
        <value>True</value>
      </attribute>
    </attributes>
  </object>
  <object>
    <name>vehicule</name>
    <occluded>0</occluded>
    <bndbox>
      <xmin>521.3070286630794</xmin>
      <ymin>820.4928406974337</ymin>
      <xmax>619.2832005380809</xmax>
      <ymax>945.0756104728246</ymax>
    </bndbox>
    <attributes>
      <attribute>
        <name>track_id</name>
        <value>130</value>
      </attribute>
      <attribute>
        <name>keyframe</name>
        <value>True</value>
      </attribute>
    </attributes>
  </object>
  <object>
    <name>vehicule</name>
    <occluded>0</occluded>
    <bndbox>
      <xmin>1664.0929518479568</xmin>
      <ymin>1327.4178936298076</ymin>
      <xmax>2057.5002089280347</xmax>
      <ymax>1509.1674358661357</ymax>
    </bndbox>
    <attributes>
      <attribute>
        <name>track_id</name>
        <value>133</value>
      </attribute>
      <attribute>
        <name>keyframe</name>
        <value>True</value>
      </attribute>
    </attributes>
  </object>
  <object>
    <name>vehicule</name>
    <occluded>0</occluded>
    <bndbox>
      <xmin>431.2342998798077</xmin>
      <ymin>1492.0844050480775</ymin>
      <xmax>801.6858623798081</xmax>
      <ymax>1748.3543604924128</ymax>
    </bndbox>
    <attributes>
      <attribute>
        <name>track_id</name>
        <value>139</value>
      </attribute>
      <attribute>
        <name>keyframe</name>
        <value>True</value>
      </attribute>
    </attributes>
  </object>
  <object>
    <name>vehicule</name>
    <occluded>0</occluded>
    <bndbox>
      <xmin>2101.3961371527776</xmin>
      <ymin>1331.6818901909721</ymin>
      <xmax>2427.5566666666673</xmax>
      <ymax>1495.0264183892143</ymax>
    </bndbox>
    <attributes>
      <attribute>
        <name>track_id</name>
        <value>141</value>
      </attribute>
      <attribute>
        <name>keyframe</name>
        <value>True</value>
      </attribute>
    </attributes>
  </object>
  <object>
    <name>vehicule</name>
    <occluded>0</occluded>
    <bndbox>
      <xmin>718.8131975446429</xmin>
      <ymin>1393.143345424107</ymin>
      <xmax>1116.1547991071436</xmax>
      <ymax>1591.047840663365</ymax>
    </bndbox>
    <attributes>
      <attribute>
        <name>track_id</name>
        <value>142</value>
      </attribute>
      <attribute>
        <name>keyframe</name>
        <value>True</value>
      </attribute>
    </attributes>
  </object>
  <object>
    <name>vehicule</name>
    <occluded>0</occluded>
    <bndbox>
      <xmin>1724.93505859375</xmin>
      <ymin>1218.336669921875</ymin>
      <xmax>2072.559844970703</xmax>
      <ymax>1386.282455444336</ymax>
    </bndbox>
    <attributes>
      <attribute>
        <name>track_id</name>
        <value>143</value>
      </attribute>
      <attribute>
        <name>keyframe</name>
        <value>True</value>
      </attribute>
    </attributes>
  </object>
  <object>
    <name>vehicule</name>
    <occluded>0</occluded>
    <bndbox>
      <xmin>1426.65771484375</xmin>
      <ymin>1184.263671875</ymin>
      <xmax>1748.9985870361334</xmax>
      <ymax>1319.5405578613281</ymax>
    </bndbox>
    <attributes>
      <attribute>
        <name>track_id</name>
        <value>144</value>
      </attribute>
      <attribute>
        <name>keyframe</name>
        <value>True</value>
      </attribute>
    </attributes>
  </object>
</annotation>
