<annotation>
  <folder>frame</folder>
  <filename>frame_001039.jpg</filename>
  <source>
    <database>Unknown</database>
    <annotation>Unknown</annotation>
    <image>Unknown</image>
  </source>
  <size>
    <width>2456</width>
    <height>2054</height>
    <depth>3</depth>
  </size>
  <segmented>0</segmented>
  <object>
    <name>vehicule</name>
    <occluded>0</occluded>
    <bndbox>
      <xmin>611.0570746527778</xmin>
      <ymin>1277.7332899305557</ymin>
      <xmax>798.0809678819455</xmax>
      <ymax>1492.9943847656255</ymax>
    </bndbox>
    <attributes>
      <attribute>
        <name>track_id</name>
        <value>62</value>
      </attribute>
      <attribute>
        <name>keyframe</name>
        <value>True</value>
      </attribute>
    </attributes>
  </object>
  <object>
    <name>vehicule</name>
    <occluded>0</occluded>
    <bndbox>
      <xmin>830.2778862847222</xmin>
      <ymin>1350.763888888889</ymin>
      <xmax>1008.0784722222229</xmax>
      <ymax>1565.026874118381</ymax>
    </bndbox>
    <attributes>
      <attribute>
        <name>track_id</name>
        <value>65</value>
      </attribute>
      <attribute>
        <name>keyframe</name>
        <value>True</value>
      </attribute>
    </attributes>
  </object>
  <object>
    <name>vehicule</name>
    <occluded>0</occluded>
    <bndbox>
      <xmin>314.73838975694446</xmin>
      <ymin>1248.654969618056</ymin>
      <xmax>535.689686754015</xmax>
      <ymax>1449.142361111111</ymax>
    </bndbox>
    <attributes>
      <attribute>
        <name>track_id</name>
        <value>66</value>
      </attribute>
      <attribute>
        <name>keyframe</name>
        <value>True</value>
      </attribute>
    </attributes>
  </object>
  <object>
    <name>vehicule</name>
    <occluded>0</occluded>
    <bndbox>
      <xmin>492.62554253472223</xmin>
      <ymin>1131.3777777777786</ymin>
      <xmax>672.2777777777779</xmax>
      <ymax>1294.9039916992188</ymax>
    </bndbox>
    <attributes>
      <attribute>
        <name>track_id</name>
        <value>70</value>
      </attribute>
      <attribute>
        <name>keyframe</name>
        <value>True</value>
      </attribute>
    </attributes>
  </object>
  <object>
    <name>vehicule</name>
    <occluded>0</occluded>
    <bndbox>
      <xmin>538.9672309027778</xmin>
      <ymin>1578.4222222222234</ymin>
      <xmax>925.633333333334</xmax>
      <ymax>1846.7576480441624</ymax>
    </bndbox>
    <attributes>
      <attribute>
        <name>track_id</name>
        <value>71</value>
      </attribute>
      <attribute>
        <name>keyframe</name>
        <value>True</value>
      </attribute>
    </attributes>
  </object>
  <object>
    <name>vehicule</name>
    <occluded>0</occluded>
    <bndbox>
      <xmin>1086.644444444445</xmin>
      <ymin>661.9985894097222</ymin>
      <xmax>1230.7794002956814</xmax>
      <ymax>774.4064019097236</ymax>
    </bndbox>
    <attributes>
      <attribute>
        <name>track_id</name>
        <value>72</value>
      </attribute>
      <attribute>
        <name>keyframe</name>
        <value>True</value>
      </attribute>
    </attributes>
  </object>
  <object>
    <name>vehicule</name>
    <occluded>0</occluded>
    <bndbox>
      <xmin>741.390625</xmin>
      <ymin>892.6640625000008</ymin>
      <xmax>881.1892623901367</xmax>
      <ymax>1037.5273376464838</ymax>
    </bndbox>
    <attributes>
      <attribute>
        <name>track_id</name>
        <value>73</value>
      </attribute>
      <attribute>
        <name>keyframe</name>
        <value>True</value>
      </attribute>
    </attributes>
  </object>
  <object>
    <name>vehicule</name>
    <occluded>0</occluded>
    <bndbox>
      <xmin>1254.5179036458333</xmin>
      <ymin>1276.1668836805557</ymin>
      <xmax>1632.4612630208333</xmax>
      <ymax>1444.1126692030166</ymax>
    </bndbox>
    <attributes>
      <attribute>
        <name>track_id</name>
        <value>74</value>
      </attribute>
      <attribute>
        <name>keyframe</name>
        <value>True</value>
      </attribute>
    </attributes>
  </object>
  <object>
    <name>vehicule</name>
    <occluded>0</occluded>
    <bndbox>
      <xmin>1600.7111111111112</xmin>
      <ymin>893.8773871527778</ymin>
      <xmax>1782.2420450846355</xmax>
      <ymax>1014.8874413384336</ymax>
    </bndbox>
    <attributes>
      <attribute>
        <name>track_id</name>
        <value>75</value>
      </attribute>
      <attribute>
        <name>keyframe</name>
        <value>True</value>
      </attribute>
    </attributes>
  </object>
  <object>
    <name>vehicule</name>
    <occluded>0</occluded>
    <bndbox>
      <xmin>1692.2618272569443</xmin>
      <ymin>1316.8302951388894</ymin>
      <xmax>2051.7788194444447</xmax>
      <ymax>1500.8890536838105</ymax>
    </bndbox>
    <attributes>
      <attribute>
        <name>track_id</name>
        <value>76</value>
      </attribute>
      <attribute>
        <name>keyframe</name>
        <value>True</value>
      </attribute>
    </attributes>
  </object>
  <object>
    <name>vehicule</name>
    <occluded>0</occluded>
    <bndbox>
      <xmin>1895.9000000000005</xmin>
      <ymin>1046.2314453125</ymin>
      <xmax>2202.611328125</xmax>
      <ymax>1198.305065917969</ymax>
    </bndbox>
    <attributes>
      <attribute>
        <name>track_id</name>
        <value>77</value>
      </attribute>
      <attribute>
        <name>keyframe</name>
        <value>True</value>
      </attribute>
    </attributes>
  </object>
</annotation>
