<annotation>
  <folder>frame</folder>
  <filename>frame_000562.jpg</filename>
  <source>
    <database>Unknown</database>
    <annotation>Unknown</annotation>
    <image>Unknown</image>
  </source>
  <size>
    <width>2456</width>
    <height>2054</height>
    <depth>3</depth>
  </size>
  <segmented>0</segmented>
  <object>
    <name>vehicule</name>
    <occluded>0</occluded>
    <bndbox>
      <xmin>630.1150045955884</xmin>
      <ymin>932.6977941176482</ymin>
      <xmax>756.6851248348459</xmax>
      <ymax>1048.4902435190538</ymax>
    </bndbox>
    <attributes>
      <attribute>
        <name>track_id</name>
        <value>3</value>
      </attribute>
      <attribute>
        <name>keyframe</name>
        <value>True</value>
      </attribute>
    </attributes>
  </object>
  <object>
    <name>vehicule</name>
    <occluded>0</occluded>
    <bndbox>
      <xmin>850.2106758291375</xmin>
      <ymin>964.8935153513572</ymin>
      <xmax>994.7664477312941</xmax>
      <ymax>1124.0302420897808</ymax>
    </bndbox>
    <attributes>
      <attribute>
        <name>track_id</name>
        <value>4</value>
      </attribute>
      <attribute>
        <name>keyframe</name>
        <value>True</value>
      </attribute>
    </attributes>
  </object>
  <object>
    <name>vehicule</name>
    <occluded>0</occluded>
    <bndbox>
      <xmin>453.1279296875</xmin>
      <ymin>1877.9576970880682</ymin>
      <xmax>727.6105468750011</xmax>
      <ymax>2054.0</ymax>
    </bndbox>
    <attributes>
      <attribute>
        <name>track_id</name>
        <value>23</value>
      </attribute>
      <attribute>
        <name>keyframe</name>
        <value>True</value>
      </attribute>
    </attributes>
  </object>
  <object>
    <name>vehicule</name>
    <occluded>0</occluded>
    <bndbox>
      <xmin>555.51171875</xmin>
      <ymin>1636.8969938858695</ymin>
      <xmax>894.9942425271753</xmax>
      <ymax>1917.9338734502378</ymax>
    </bndbox>
    <attributes>
      <attribute>
        <name>track_id</name>
        <value>24</value>
      </attribute>
      <attribute>
        <name>keyframe</name>
        <value>True</value>
      </attribute>
    </attributes>
  </object>
  <object>
    <name>vehicule</name>
    <occluded>0</occluded>
    <bndbox>
      <xmin>317.8232910156253</xmin>
      <ymin>1543.86875</ymin>
      <xmax>705.4375930786136</xmax>
      <ymax>1859.8398330688487</ymax>
    </bndbox>
    <attributes>
      <attribute>
        <name>track_id</name>
        <value>32</value>
      </attribute>
      <attribute>
        <name>keyframe</name>
        <value>True</value>
      </attribute>
    </attributes>
  </object>
  <object>
    <name>vehicule</name>
    <occluded>0</occluded>
    <bndbox>
      <xmin>859.572265625</xmin>
      <ymin>1468.496826171875</ymin>
      <xmax>1245.1630859375</xmax>
      <ymax>1675.980224609375</ymax>
    </bndbox>
    <attributes>
      <attribute>
        <name>track_id</name>
        <value>35</value>
      </attribute>
      <attribute>
        <name>keyframe</name>
        <value>True</value>
      </attribute>
    </attributes>
  </object>
  <object>
    <name>vehicule</name>
    <occluded>0</occluded>
    <bndbox>
      <xmin>712.4169433593761</xmin>
      <ymin>1373.7735839843754</ymin>
      <xmax>1090.8636413574222</xmax>
      <ymax>1565.4210388183583</ymax>
    </bndbox>
    <attributes>
      <attribute>
        <name>track_id</name>
        <value>36</value>
      </attribute>
      <attribute>
        <name>keyframe</name>
        <value>True</value>
      </attribute>
    </attributes>
  </object>
  <object>
    <name>vehicule</name>
    <occluded>0</occluded>
    <bndbox>
      <xmin>180.254638671875</xmin>
      <ymin>1370.7022949218758</ymin>
      <xmax>555.5369140625012</xmax>
      <ymax>1550.7117736816404</ymax>
    </bndbox>
    <attributes>
      <attribute>
        <name>track_id</name>
        <value>37</value>
      </attribute>
      <attribute>
        <name>keyframe</name>
        <value>True</value>
      </attribute>
    </attributes>
  </object>
  <object>
    <name>vehicule</name>
    <occluded>0</occluded>
    <bndbox>
      <xmin>478.70533353365386</xmin>
      <ymin>1014.4526201923085</ymin>
      <xmax>610.5382497934195</xmax>
      <ymax>1143.2949984271702</ymax>
    </bndbox>
    <attributes>
      <attribute>
        <name>track_id</name>
        <value>38</value>
      </attribute>
      <attribute>
        <name>keyframe</name>
        <value>True</value>
      </attribute>
    </attributes>
  </object>
  <object>
    <name>vehicule</name>
    <occluded>0</occluded>
    <bndbox>
      <xmin>1242.7250000000004</xmin>
      <ymin>748.7750976562502</ymin>
      <xmax>1387.3400955200195</xmax>
      <ymax>854.5644165039071</ymax>
    </bndbox>
    <attributes>
      <attribute>
        <name>track_id</name>
        <value>39</value>
      </attribute>
      <attribute>
        <name>keyframe</name>
        <value>True</value>
      </attribute>
    </attributes>
  </object>
  <object>
    <name>vehicule</name>
    <occluded>0</occluded>
    <bndbox>
      <xmin>1407.85400390625</xmin>
      <ymin>1306.46923828125</ymin>
      <xmax>1745.02099609375</xmax>
      <ymax>1550.2520751953125</ymax>
    </bndbox>
    <attributes>
      <attribute>
        <name>track_id</name>
        <value>40</value>
      </attribute>
      <attribute>
        <name>keyframe</name>
        <value>True</value>
      </attribute>
    </attributes>
  </object>
  <object>
    <name>vehicule</name>
    <occluded>0</occluded>
    <bndbox>
      <xmin>878.23486328125</xmin>
      <ymin>1257.661376953125</ymin>
      <xmax>1228.3485107421875</xmax>
      <ymax>1418.4543151855469</ymax>
    </bndbox>
    <attributes>
      <attribute>
        <name>track_id</name>
        <value>41</value>
      </attribute>
      <attribute>
        <name>keyframe</name>
        <value>True</value>
      </attribute>
    </attributes>
  </object>
  <object>
    <name>vehicule</name>
    <occluded>0</occluded>
    <bndbox>
      <xmin>1140.65771484375</xmin>
      <ymin>1172.762451171875</ymin>
      <xmax>1467.2455078125004</xmax>
      <ymax>1342.0739257812493</ymax>
    </bndbox>
    <attributes>
      <attribute>
        <name>track_id</name>
        <value>42</value>
      </attribute>
      <attribute>
        <name>keyframe</name>
        <value>True</value>
      </attribute>
    </attributes>
  </object>
  <object>
    <name>vehicule</name>
    <occluded>0</occluded>
    <bndbox>
      <xmin>1557.8493164062502</xmin>
      <ymin>840.1630859375</ymin>
      <xmax>1671.843774414062</xmax>
      <ymax>961.1900253295898</ymax>
    </bndbox>
    <attributes>
      <attribute>
        <name>track_id</name>
        <value>43</value>
      </attribute>
      <attribute>
        <name>keyframe</name>
        <value>True</value>
      </attribute>
    </attributes>
  </object>
  <object>
    <name>vehicule</name>
    <occluded>0</occluded>
    <bndbox>
      <xmin>163.1801269531261</xmin>
      <ymin>1514.749267578125</ymin>
      <xmax>536.4490966796875</xmax>
      <ymax>1746.6329032897952</ymax>
    </bndbox>
    <attributes>
      <attribute>
        <name>track_id</name>
        <value>44</value>
      </attribute>
      <attribute>
        <name>keyframe</name>
        <value>True</value>
      </attribute>
    </attributes>
  </object>
  <object>
    <name>vehicule</name>
    <occluded>0</occluded>
    <bndbox>
      <xmin>2055.5888671875</xmin>
      <ymin>1322.0419921875</ymin>
      <xmax>2456.0</xmax>
      <ymax>1491.3356170654297</ymax>
    </bndbox>
    <attributes>
      <attribute>
        <name>track_id</name>
        <value>45</value>
      </attribute>
      <attribute>
        <name>keyframe</name>
        <value>True</value>
      </attribute>
    </attributes>
  </object>
  <object>
    <name>vehicule</name>
    <occluded>0</occluded>
    <bndbox>
      <xmin>2039.3798828125</xmin>
      <ymin>1255.40625</ymin>
      <xmax>2413.987060546875</xmax>
      <ymax>1361.6650161743164</ymax>
    </bndbox>
    <attributes>
      <attribute>
        <name>track_id</name>
        <value>46</value>
      </attribute>
      <attribute>
        <name>keyframe</name>
        <value>True</value>
      </attribute>
    </attributes>
  </object>
  <object>
    <name>vehicule</name>
    <occluded>0</occluded>
    <bndbox>
      <xmin>612.3843988185977</xmin>
      <ymin>984.3526917817431</ymin>
      <xmax>776.2843988185973</xmax>
      <ymax>1133.7094514252965</ymax>
    </bndbox>
    <attributes>
      <attribute>
        <name>track_id</name>
        <value>184</value>
      </attribute>
      <attribute>
        <name>keyframe</name>
        <value>True</value>
      </attribute>
    </attributes>
  </object>
</annotation>
