<annotation>
  <folder>frame</folder>
  <filename>frame_000026.jpg</filename>
  <source>
    <database>Unknown</database>
    <annotation>Unknown</annotation>
    <image>Unknown</image>
  </source>
  <size>
    <width>2456</width>
    <height>2054</height>
    <depth>3</depth>
  </size>
  <segmented>0</segmented>
  <object>
    <name>vehicule</name>
    <occluded>0</occluded>
    <bndbox>
      <xmin>1438.4306098090278</xmin>
      <ymin>1245.88017578125</ymin>
      <xmax>1822.401654730903</xmax>
      <ymax>1407.3961283365886</ymax>
    </bndbox>
    <attributes>
      <attribute>
        <name>track_id</name>
        <value>0</value>
      </attribute>
      <attribute>
        <name>keyframe</name>
        <value>True</value>
      </attribute>
    </attributes>
  </object>
  <object>
    <name>vehicule</name>
    <occluded>0</occluded>
    <bndbox>
      <xmin>1729.0398763020833</xmin>
      <ymin>953.6896158854166</ymin>
      <xmax>1952.0590169270847</xmax>
      <ymax>1091.1416422526042</ymax>
    </bndbox>
    <attributes>
      <attribute>
        <name>track_id</name>
        <value>1</value>
      </attribute>
      <attribute>
        <name>keyframe</name>
        <value>True</value>
      </attribute>
    </attributes>
  </object>
  <object>
    <name>vehicule</name>
    <occluded>0</occluded>
    <bndbox>
      <xmin>68.72265625</xmin>
      <ymin>1486.0166015625</ymin>
      <xmax>476.4516113281252</xmax>
      <ymax>1738.6338195800781</ymax>
    </bndbox>
    <attributes>
      <attribute>
        <name>track_id</name>
        <value>180</value>
      </attribute>
      <attribute>
        <name>keyframe</name>
        <value>True</value>
      </attribute>
    </attributes>
  </object>
  <object>
    <name>vehicule</name>
    <occluded>0</occluded>
    <bndbox>
      <xmin>115.14404296875</xmin>
      <ymin>1401.5040039062505</ymin>
      <xmax>499.28919067382867</xmax>
      <ymax>1560.9844818115234</ymax>
    </bndbox>
    <attributes>
      <attribute>
        <name>track_id</name>
        <value>181</value>
      </attribute>
      <attribute>
        <name>keyframe</name>
        <value>True</value>
      </attribute>
    </attributes>
  </object>
  <object>
    <name>vehicule</name>
    <occluded>0</occluded>
    <bndbox>
      <xmin>911.6463216145834</xmin>
      <ymin>1383.3000000000002</ymin>
      <xmax>1300.555555555557</xmax>
      <ymax>1598.3028683132595</ymax>
    </bndbox>
    <attributes>
      <attribute>
        <name>track_id</name>
        <value>182</value>
      </attribute>
      <attribute>
        <name>keyframe</name>
        <value>True</value>
      </attribute>
    </attributes>
  </object>
  <object>
    <name>vehicule</name>
    <occluded>0</occluded>
    <bndbox>
      <xmin>1154.5086263020833</xmin>
      <ymin>760.27392578125</ymin>
      <xmax>1320.8584309895843</xmax>
      <ymax>878.5660980224602</ymax>
    </bndbox>
    <attributes>
      <attribute>
        <name>track_id</name>
        <value>183</value>
      </attribute>
      <attribute>
        <name>keyframe</name>
        <value>True</value>
      </attribute>
    </attributes>
  </object>
  <object>
    <name>vehicule</name>
    <occluded>0</occluded>
    <bndbox>
      <xmin>604.2017872936323</xmin>
      <ymin>995.899712558963</ymin>
      <xmax>781.5</xmax>
      <ymax>1145.2564722025163</ymax>
    </bndbox>
    <attributes>
      <attribute>
        <name>track_id</name>
        <value>184</value>
      </attribute>
      <attribute>
        <name>keyframe</name>
        <value>True</value>
      </attribute>
    </attributes>
  </object>
</annotation>
