<annotation>
  <folder>frame</folder>
  <filename>frame_002162.jpg</filename>
  <source>
    <database>Unknown</database>
    <annotation>Unknown</annotation>
    <image>Unknown</image>
  </source>
  <size>
    <width>2456</width>
    <height>2054</height>
    <depth>3</depth>
  </size>
  <segmented>0</segmented>
  <object>
    <name>vehicule</name>
    <occluded>0</occluded>
    <bndbox>
      <xmin>515.0310546875</xmin>
      <ymin>1077.8200000000008</ymin>
      <xmax>659.8037207031259</xmax>
      <ymax>1238.3985778808594</ymax>
    </bndbox>
    <attributes>
      <attribute>
        <name>track_id</name>
        <value>168</value>
      </attribute>
      <attribute>
        <name>keyframe</name>
        <value>True</value>
      </attribute>
    </attributes>
  </object>
  <object>
    <name>vehicule</name>
    <occluded>0</occluded>
    <bndbox>
      <xmin>723.5375</xmin>
      <ymin>1399.658750000001</ymin>
      <xmax>1082.538828125001</xmax>
      <ymax>1628.7894702148435</ymax>
    </bndbox>
    <attributes>
      <attribute>
        <name>track_id</name>
        <value>171</value>
      </attribute>
      <attribute>
        <name>keyframe</name>
        <value>True</value>
      </attribute>
    </attributes>
  </object>
  <object>
    <name>vehicule</name>
    <occluded>0</occluded>
    <bndbox>
      <xmin>1383.3587890625</xmin>
      <ymin>1188.4498046875</ymin>
      <xmax>1752.0500000000006</xmax>
      <ymax>1417.5922912597657</ymax>
    </bndbox>
    <attributes>
      <attribute>
        <name>track_id</name>
        <value>172</value>
      </attribute>
      <attribute>
        <name>keyframe</name>
        <value>True</value>
      </attribute>
    </attributes>
  </object>
  <object>
    <name>vehicule</name>
    <occluded>0</occluded>
    <bndbox>
      <xmin>605.1029296875</xmin>
      <ymin>925.1388671875</ymin>
      <xmax>748.4085394287118</xmax>
      <ymax>1063.3325488281255</ymax>
    </bndbox>
    <attributes>
      <attribute>
        <name>track_id</name>
        <value>173</value>
      </attribute>
      <attribute>
        <name>keyframe</name>
        <value>True</value>
      </attribute>
    </attributes>
  </object>
  <object>
    <name>vehicule</name>
    <occluded>0</occluded>
    <bndbox>
      <xmin>1744.4666015625</xmin>
      <ymin>1320.415234375</ymin>
      <xmax>2155.818743896484</xmax>
      <ymax>1494.3426483154296</ymax>
    </bndbox>
    <attributes>
      <attribute>
        <name>track_id</name>
        <value>174</value>
      </attribute>
      <attribute>
        <name>keyframe</name>
        <value>True</value>
      </attribute>
    </attributes>
  </object>
  <object>
    <name>vehicule</name>
    <occluded>0</occluded>
    <bndbox>
      <xmin>1736.2200000000005</xmin>
      <ymin>946.33359375</ymin>
      <xmax>1959.063671875</xmax>
      <ymax>1089.8927215576173</ymax>
    </bndbox>
    <attributes>
      <attribute>
        <name>track_id</name>
        <value>175</value>
      </attribute>
      <attribute>
        <name>keyframe</name>
        <value>True</value>
      </attribute>
    </attributes>
  </object>
</annotation>
