<annotation>
  <folder>frame</folder>
  <filename>frame_002041.jpg</filename>
  <source>
    <database>Unknown</database>
    <annotation>Unknown</annotation>
    <image>Unknown</image>
  </source>
  <size>
    <width>2456</width>
    <height>2054</height>
    <depth>3</depth>
  </size>
  <segmented>0</segmented>
  <object>
    <name>vehicule</name>
    <occluded>0</occluded>
    <bndbox>
      <xmin>716.37060546875</xmin>
      <ymin>1076.3601562500003</ymin>
      <xmax>868.5733459472649</xmax>
      <ymax>1225.684049224853</ymax>
    </bndbox>
    <attributes>
      <attribute>
        <name>track_id</name>
        <value>91</value>
      </attribute>
      <attribute>
        <name>keyframe</name>
        <value>True</value>
      </attribute>
    </attributes>
  </object>
  <object>
    <name>vehicule</name>
    <occluded>0</occluded>
    <bndbox>
      <xmin>493.981298828125</xmin>
      <ymin>1033.2224609375</ymin>
      <xmax>621.3537597656253</xmax>
      <ymax>1224.902551269531</ymax>
    </bndbox>
    <attributes>
      <attribute>
        <name>track_id</name>
        <value>95</value>
      </attribute>
      <attribute>
        <name>keyframe</name>
        <value>True</value>
      </attribute>
    </attributes>
  </object>
  <object>
    <name>vehicule</name>
    <occluded>0</occluded>
    <bndbox>
      <xmin>521.590305295389</xmin>
      <ymin>959.0858789625368</ymin>
      <xmax>639.9767493871859</xmax>
      <ymax>1069.3394293551487</ymax>
    </bndbox>
    <attributes>
      <attribute>
        <name>track_id</name>
        <value>105</value>
      </attribute>
      <attribute>
        <name>keyframe</name>
        <value>True</value>
      </attribute>
    </attributes>
  </object>
  <object>
    <name>vehicule</name>
    <occluded>0</occluded>
    <bndbox>
      <xmin>684.48681640625</xmin>
      <ymin>975.7291992187502</ymin>
      <xmax>810.1083984375</xmax>
      <ymax>1098.5887691497805</ymax>
    </bndbox>
    <attributes>
      <attribute>
        <name>track_id</name>
        <value>108</value>
      </attribute>
      <attribute>
        <name>keyframe</name>
        <value>True</value>
      </attribute>
    </attributes>
  </object>
  <object>
    <name>vehicule</name>
    <occluded>0</occluded>
    <bndbox>
      <xmin>657.563232421875</xmin>
      <ymin>865.268798828125</ymin>
      <xmax>785.5356216430664</xmax>
      <ymax>989.8861083984375</ymax>
    </bndbox>
    <attributes>
      <attribute>
        <name>track_id</name>
        <value>118</value>
      </attribute>
      <attribute>
        <name>keyframe</name>
        <value>True</value>
      </attribute>
    </attributes>
  </object>
  <object>
    <name>vehicule</name>
    <occluded>0</occluded>
    <bndbox>
      <xmin>519.7591308593751</xmin>
      <ymin>865.7750976562502</ymin>
      <xmax>622.6900394439708</xmax>
      <ymax>983.6787174224851</ymax>
    </bndbox>
    <attributes>
      <attribute>
        <name>track_id</name>
        <value>130</value>
      </attribute>
      <attribute>
        <name>keyframe</name>
        <value>True</value>
      </attribute>
    </attributes>
  </object>
  <object>
    <name>vehicule</name>
    <occluded>0</occluded>
    <bndbox>
      <xmin>0.0</xmin>
      <ymin>1664.90625</ymin>
      <xmax>383.7009643554684</xmax>
      <ymax>1950.711953735351</ymax>
    </bndbox>
    <attributes>
      <attribute>
        <name>track_id</name>
        <value>149</value>
      </attribute>
      <attribute>
        <name>keyframe</name>
        <value>True</value>
      </attribute>
    </attributes>
  </object>
  <object>
    <name>vehicule</name>
    <occluded>0</occluded>
    <bndbox>
      <xmin>399.5966796875</xmin>
      <ymin>1744.240234375</ymin>
      <xmax>763.15625</xmax>
      <ymax>2054.0</ymax>
    </bndbox>
    <attributes>
      <attribute>
        <name>track_id</name>
        <value>159</value>
      </attribute>
      <attribute>
        <name>keyframe</name>
        <value>True</value>
      </attribute>
    </attributes>
  </object>
  <object>
    <name>vehicule</name>
    <occluded>0</occluded>
    <bndbox>
      <xmin>910.266796875</xmin>
      <ymin>1179.235390625001</ymin>
      <xmax>1111.8985990397143</xmax>
      <ymax>1365.2979341634114</ymax>
    </bndbox>
    <attributes>
      <attribute>
        <name>track_id</name>
        <value>161</value>
      </attribute>
      <attribute>
        <name>keyframe</name>
        <value>True</value>
      </attribute>
    </attributes>
  </object>
  <object>
    <name>vehicule</name>
    <occluded>0</occluded>
    <bndbox>
      <xmin>786.1834542410714</xmin>
      <ymin>1475.4224330357144</ymin>
      <xmax>1170.2141741071432</xmax>
      <ymax>1708.9534506661548</ymax>
    </bndbox>
    <attributes>
      <attribute>
        <name>track_id</name>
        <value>162</value>
      </attribute>
      <attribute>
        <name>keyframe</name>
        <value>True</value>
      </attribute>
    </attributes>
  </object>
  <object>
    <name>vehicule</name>
    <occluded>0</occluded>
    <bndbox>
      <xmin>451.49916294642935</xmin>
      <ymin>1387.9979073660713</ymin>
      <xmax>870.9368347167973</xmax>
      <ymax>1649.7991516113277</ymax>
    </bndbox>
    <attributes>
      <attribute>
        <name>track_id</name>
        <value>164</value>
      </attribute>
      <attribute>
        <name>keyframe</name>
        <value>True</value>
      </attribute>
    </attributes>
  </object>
  <object>
    <name>vehicule</name>
    <occluded>0</occluded>
    <bndbox>
      <xmin>921.0064174107142</xmin>
      <ymin>1344.857142857143</ymin>
      <xmax>1117.4171595982139</xmax>
      <ymax>1524.2962663922988</ymax>
    </bndbox>
    <attributes>
      <attribute>
        <name>track_id</name>
        <value>165</value>
      </attribute>
      <attribute>
        <name>keyframe</name>
        <value>True</value>
      </attribute>
    </attributes>
  </object>
  <object>
    <name>vehicule</name>
    <occluded>0</occluded>
    <bndbox>
      <xmin>1815.1127232142858</xmin>
      <ymin>1321.8726283482142</ymin>
      <xmax>2186.5215122767872</xmax>
      <ymax>1486.7509242466517</ymax>
    </bndbox>
    <attributes>
      <attribute>
        <name>track_id</name>
        <value>166</value>
      </attribute>
      <attribute>
        <name>keyframe</name>
        <value>True</value>
      </attribute>
    </attributes>
  </object>
  <object>
    <name>vehicule</name>
    <occluded>0</occluded>
    <bndbox>
      <xmin>2059.6782366071434</xmin>
      <ymin>1120.021205357143</ymin>
      <xmax>2355.7586495535716</xmax>
      <ymax>1242.7213243756976</ymax>
    </bndbox>
    <attributes>
      <attribute>
        <name>track_id</name>
        <value>167</value>
      </attribute>
      <attribute>
        <name>keyframe</name>
        <value>True</value>
      </attribute>
    </attributes>
  </object>
</annotation>
