<annotation>
  <folder>frame</folder>
  <filename>frame_000010.jpg</filename>
  <source>
    <database>Unknown</database>
    <annotation>Unknown</annotation>
    <image>Unknown</image>
  </source>
  <size>
    <width>2456</width>
    <height>2054</height>
    <depth>3</depth>
  </size>
  <segmented>0</segmented>
  <object>
    <name>vehicule</name>
    <occluded>0</occluded>
    <bndbox>
      <xmin>0.0</xmin>
      <ymin>1506.1767578125</ymin>
      <xmax>408.08294677734375</xmax>
      <ymax>1720.9131317138672</ymax>
    </bndbox>
    <attributes>
      <attribute>
        <name>track_id</name>
        <value>179</value>
      </attribute>
      <attribute>
        <name>keyframe</name>
        <value>True</value>
      </attribute>
    </attributes>
  </object>
  <object>
    <name>vehicule</name>
    <occluded>0</occluded>
    <bndbox>
      <xmin>684.2314453125</xmin>
      <ymin>1363.2784830729167</ymin>
      <xmax>1051.77294921875</xmax>
      <ymax>1602.9118143717449</ymax>
    </bndbox>
    <attributes>
      <attribute>
        <name>track_id</name>
        <value>180</value>
      </attribute>
      <attribute>
        <name>keyframe</name>
        <value>True</value>
      </attribute>
    </attributes>
  </object>
  <object>
    <name>vehicule</name>
    <occluded>0</occluded>
    <bndbox>
      <xmin>1096.75927734375</xmin>
      <ymin>1278.30029296875</ymin>
      <xmax>1454.9644165039062</xmax>
      <ymax>1433.9063568115234</ymax>
    </bndbox>
    <attributes>
      <attribute>
        <name>track_id</name>
        <value>181</value>
      </attribute>
      <attribute>
        <name>keyframe</name>
        <value>True</value>
      </attribute>
    </attributes>
  </object>
  <object>
    <name>vehicule</name>
    <occluded>0</occluded>
    <bndbox>
      <xmin>1703.3642578125</xmin>
      <ymin>1320.7467447916667</ymin>
      <xmax>2015.1162109375</xmax>
      <ymax>1488.8012949625652</ymax>
    </bndbox>
    <attributes>
      <attribute>
        <name>track_id</name>
        <value>182</value>
      </attribute>
      <attribute>
        <name>keyframe</name>
        <value>True</value>
      </attribute>
    </attributes>
  </object>
  <object>
    <name>vehicule</name>
    <occluded>0</occluded>
    <bndbox>
      <xmin>1398.2906901041667</xmin>
      <ymin>914.1559244791673</ymin>
      <xmax>1593.9831899007165</xmax>
      <ymax>1037.6297047932942</ymax>
    </bndbox>
    <attributes>
      <attribute>
        <name>track_id</name>
        <value>183</value>
      </attribute>
      <attribute>
        <name>keyframe</name>
        <value>True</value>
      </attribute>
    </attributes>
  </object>
  <object>
    <name>vehicule</name>
    <occluded>0</occluded>
    <bndbox>
      <xmin>596.2621056898586</xmin>
      <ymin>995.8998894457559</ymin>
      <xmax>781.5</xmax>
      <ymax>1145.2566490893091</ymax>
    </bndbox>
    <attributes>
      <attribute>
        <name>track_id</name>
        <value>184</value>
      </attribute>
      <attribute>
        <name>keyframe</name>
        <value>True</value>
      </attribute>
    </attributes>
  </object>
</annotation>
