<annotation>
  <folder>frame</folder>
  <filename>frame_001463.jpg</filename>
  <source>
    <database>Unknown</database>
    <annotation>Unknown</annotation>
    <image>Unknown</image>
  </source>
  <size>
    <width>2456</width>
    <height>2054</height>
    <depth>3</depth>
  </size>
  <segmented>0</segmented>
  <object>
    <name>vehicule</name>
    <occluded>0</occluded>
    <bndbox>
      <xmin>710.1162893992464</xmin>
      <ymin>1008.70635708513</ymin>
      <xmax>862.3190298777613</xmax>
      <ymax>1157.3711184376684</ymax>
    </bndbox>
    <attributes>
      <attribute>
        <name>track_id</name>
        <value>91</value>
      </attribute>
      <attribute>
        <name>keyframe</name>
        <value>True</value>
      </attribute>
    </attributes>
  </object>
  <object>
    <name>vehicule</name>
    <occluded>0</occluded>
    <bndbox>
      <xmin>504.3002556214589</xmin>
      <ymin>995.0425189226278</ymin>
      <xmax>631.6727165589593</xmax>
      <ymax>1186.7226092546587</ymax>
    </bndbox>
    <attributes>
      <attribute>
        <name>track_id</name>
        <value>95</value>
      </attribute>
      <attribute>
        <name>keyframe</name>
        <value>True</value>
      </attribute>
    </attributes>
  </object>
  <object>
    <name>vehicule</name>
    <occluded>0</occluded>
    <bndbox>
      <xmin>533.7870474603747</xmin>
      <ymin>951.7567723342953</ymin>
      <xmax>652.1734915521715</xmax>
      <ymax>1042.727661781421</ymax>
    </bndbox>
    <attributes>
      <attribute>
        <name>track_id</name>
        <value>105</value>
      </attribute>
      <attribute>
        <name>keyframe</name>
        <value>True</value>
      </attribute>
    </attributes>
  </object>
  <object>
    <name>vehicule</name>
    <occluded>0</occluded>
    <bndbox>
      <xmin>669.106982421875</xmin>
      <ymin>909.4600341796875</ymin>
      <xmax>788.747607421875</xmax>
      <ymax>1026.3315185546878</ymax>
    </bndbox>
    <attributes>
      <attribute>
        <name>track_id</name>
        <value>108</value>
      </attribute>
      <attribute>
        <name>keyframe</name>
        <value>True</value>
      </attribute>
    </attributes>
  </object>
</annotation>
