<annotation>
  <folder>frame</folder>
  <filename>frame_002111.jpg</filename>
  <source>
    <database>Unknown</database>
    <annotation>Unknown</annotation>
    <image>Unknown</image>
  </source>
  <size>
    <width>2456</width>
    <height>2054</height>
    <depth>3</depth>
  </size>
  <segmented>0</segmented>
  <object>
    <name>vehicule</name>
    <occluded>0</occluded>
    <bndbox>
      <xmin>2.393359375</xmin>
      <ymin>1775.4506640625004</ymin>
      <xmax>343.2964843750004</xmax>
      <ymax>2052.768408203125</ymax>
    </bndbox>
    <attributes>
      <attribute>
        <name>track_id</name>
        <value>91</value>
      </attribute>
      <attribute>
        <name>keyframe</name>
        <value>True</value>
      </attribute>
    </attributes>
  </object>
  <object>
    <name>vehicule</name>
    <occluded>0</occluded>
    <bndbox>
      <xmin>72.658203125</xmin>
      <ymin>1314.5899609375003</ymin>
      <xmax>367.73984375000146</xmax>
      <ymax>1553.9184796142574</ymax>
    </bndbox>
    <attributes>
      <attribute>
        <name>track_id</name>
        <value>105</value>
      </attribute>
      <attribute>
        <name>keyframe</name>
        <value>True</value>
      </attribute>
    </attributes>
  </object>
  <object>
    <name>vehicule</name>
    <occluded>0</occluded>
    <bndbox>
      <xmin>528.7859933035714</xmin>
      <ymin>1291.3553292410713</ymin>
      <xmax>801.9142857142859</xmax>
      <ymax>1513.5958993094307</ymax>
    </bndbox>
    <attributes>
      <attribute>
        <name>track_id</name>
        <value>118</value>
      </attribute>
      <attribute>
        <name>keyframe</name>
        <value>True</value>
      </attribute>
    </attributes>
  </object>
  <object>
    <name>vehicule</name>
    <occluded>0</occluded>
    <bndbox>
      <xmin>508.9906529017857</xmin>
      <ymin>1065.3428571428578</ymin>
      <xmax>694.6469866071438</xmax>
      <ymax>1264.0094321114677</ymax>
    </bndbox>
    <attributes>
      <attribute>
        <name>track_id</name>
        <value>130</value>
      </attribute>
      <attribute>
        <name>keyframe</name>
        <value>True</value>
      </attribute>
    </attributes>
  </object>
  <object>
    <name>vehicule</name>
    <occluded>0</occluded>
    <bndbox>
      <xmin>583.5274832589286</xmin>
      <ymin>1588.6351841517858</ymin>
      <xmax>959.6643973214296</xmax>
      <ymax>1857.3621433803014</ymax>
    </bndbox>
    <attributes>
      <attribute>
        <name>track_id</name>
        <value>166</value>
      </attribute>
      <attribute>
        <name>keyframe</name>
        <value>True</value>
      </attribute>
    </attributes>
  </object>
  <object>
    <name>vehicule</name>
    <occluded>0</occluded>
    <bndbox>
      <xmin>511.572119140625</xmin>
      <ymin>861.995458984375</ymin>
      <xmax>636.1894287109375</xmax>
      <ymax>977.0268157958984</ymax>
    </bndbox>
    <attributes>
      <attribute>
        <name>track_id</name>
        <value>168</value>
      </attribute>
      <attribute>
        <name>keyframe</name>
        <value>True</value>
      </attribute>
    </attributes>
  </object>
  <object>
    <name>vehicule</name>
    <occluded>0</occluded>
    <bndbox>
      <xmin>1844.95947265625</xmin>
      <ymin>1306.1962890625</ymin>
      <xmax>2202.931182861328</xmax>
      <ymax>1494.8477172851562</ymax>
    </bndbox>
    <attributes>
      <attribute>
        <name>track_id</name>
        <value>169</value>
      </attribute>
      <attribute>
        <name>keyframe</name>
        <value>True</value>
      </attribute>
    </attributes>
  </object>
  <object>
    <name>vehicule</name>
    <occluded>0</occluded>
    <bndbox>
      <xmin>2150.9873046875</xmin>
      <ymin>1081.88623046875</ymin>
      <xmax>2286.7243041992188</xmax>
      <ymax>1215.3226013183594</ymax>
    </bndbox>
    <attributes>
      <attribute>
        <name>track_id</name>
        <value>170</value>
      </attribute>
      <attribute>
        <name>keyframe</name>
        <value>True</value>
      </attribute>
    </attributes>
  </object>
</annotation>
