<annotation>
  <folder>frame</folder>
  <filename>frame_001269.jpg</filename>
  <source>
    <database>Unknown</database>
    <annotation>Unknown</annotation>
    <image>Unknown</image>
  </source>
  <size>
    <width>2456</width>
    <height>2054</height>
    <depth>3</depth>
  </size>
  <segmented>0</segmented>
  <object>
    <name>vehicule</name>
    <occluded>0</occluded>
    <bndbox>
      <xmin>629.5263671875</xmin>
      <ymin>829.72265625</ymin>
      <xmax>756.0076065063477</xmax>
      <ymax>941.5587005615234</ymax>
    </bndbox>
    <attributes>
      <attribute>
        <name>track_id</name>
        <value>91</value>
      </attribute>
      <attribute>
        <name>keyframe</name>
        <value>True</value>
      </attribute>
    </attributes>
  </object>
  <object>
    <name>vehicule</name>
    <occluded>0</occluded>
    <bndbox>
      <xmin>495.40000000000146</xmin>
      <ymin>891.7000000000007</ymin>
      <xmax>614.2796859741211</xmax>
      <ymax>1058.315170288086</ymax>
    </bndbox>
    <attributes>
      <attribute>
        <name>track_id</name>
        <value>95</value>
      </attribute>
      <attribute>
        <name>keyframe</name>
        <value>True</value>
      </attribute>
    </attributes>
  </object>
  <object>
    <name>vehicule</name>
    <occluded>0</occluded>
    <bndbox>
      <xmin>265.0029296875</xmin>
      <ymin>1424.7000000000007</ymin>
      <xmax>630.7000000000007</xmax>
      <ymax>1659.4561920166016</ymax>
    </bndbox>
    <attributes>
      <attribute>
        <name>track_id</name>
        <value>97</value>
      </attribute>
      <attribute>
        <name>keyframe</name>
        <value>True</value>
      </attribute>
    </attributes>
  </object>
  <object>
    <name>vehicule</name>
    <occluded>0</occluded>
    <bndbox>
      <xmin>841.1826171875</xmin>
      <ymin>1436.0</ymin>
      <xmax>1237.4000000000015</xmax>
      <ymax>1656.40234375</ymax>
    </bndbox>
    <attributes>
      <attribute>
        <name>track_id</name>
        <value>98</value>
      </attribute>
      <attribute>
        <name>keyframe</name>
        <value>True</value>
      </attribute>
    </attributes>
  </object>
  <object>
    <name>vehicule</name>
    <occluded>0</occluded>
    <bndbox>
      <xmin>1000.1376953125</xmin>
      <ymin>1299.9638671875</ymin>
      <xmax>1370.4984375000004</xmax>
      <ymax>1447.2245727539048</ymax>
    </bndbox>
    <attributes>
      <attribute>
        <name>track_id</name>
        <value>99</value>
      </attribute>
      <attribute>
        <name>keyframe</name>
        <value>True</value>
      </attribute>
    </attributes>
  </object>
  <object>
    <name>vehicule</name>
    <occluded>0</occluded>
    <bndbox>
      <xmin>1387.712890625</xmin>
      <ymin>835.1000000000004</ymin>
      <xmax>1558.2000000000007</xmax>
      <ymax>946.4054718017578</ymax>
    </bndbox>
    <attributes>
      <attribute>
        <name>track_id</name>
        <value>100</value>
      </attribute>
      <attribute>
        <name>keyframe</name>
        <value>True</value>
      </attribute>
    </attributes>
  </object>
  <object>
    <name>vehicule</name>
    <occluded>0</occluded>
    <bndbox>
      <xmin>1965.603515625</xmin>
      <ymin>1203.0263671875</ymin>
      <xmax>2312.7594055175778</xmax>
      <ymax>1360.2359008789062</ymax>
    </bndbox>
    <attributes>
      <attribute>
        <name>track_id</name>
        <value>101</value>
      </attribute>
      <attribute>
        <name>keyframe</name>
        <value>True</value>
      </attribute>
    </attributes>
  </object>
  <object>
    <name>vehicule</name>
    <occluded>0</occluded>
    <bndbox>
      <xmin>1702.8759765625</xmin>
      <ymin>1327.32421875</ymin>
      <xmax>2078.862927246093</xmax>
      <ymax>1496.0368957519531</ymax>
    </bndbox>
    <attributes>
      <attribute>
        <name>track_id</name>
        <value>102</value>
      </attribute>
      <attribute>
        <name>keyframe</name>
        <value>True</value>
      </attribute>
    </attributes>
  </object>
</annotation>
