<annotation>
  <folder>frame</folder>
  <filename>frame_000003.jpg</filename>
  <source>
    <database>Unknown</database>
    <annotation>Unknown</annotation>
    <image>Unknown</image>
  </source>
  <size>
    <width>2456</width>
    <height>2054</height>
    <depth>3</depth>
  </size>
  <segmented>0</segmented>
  <object>
    <name>vehicule</name>
    <occluded>0</occluded>
    <bndbox>
      <xmin>237.45244140625</xmin>
      <ymin>1471.3818359375</ymin>
      <xmax>660.7260803222656</xmax>
      <ymax>1686.1182098388672</ymax>
    </bndbox>
    <attributes>
      <attribute>
        <name>track_id</name>
        <value>179</value>
      </attribute>
      <attribute>
        <name>keyframe</name>
        <value>True</value>
      </attribute>
    </attributes>
  </object>
  <object>
    <name>vehicule</name>
    <occluded>0</occluded>
    <bndbox>
      <xmin>945.9521484375</xmin>
      <ymin>1323.945068359375</ymin>
      <xmax>1313.49365234375</xmax>
      <ymax>1563.5783996582031</ymax>
    </bndbox>
    <attributes>
      <attribute>
        <name>track_id</name>
        <value>180</value>
      </attribute>
      <attribute>
        <name>keyframe</name>
        <value>True</value>
      </attribute>
    </attributes>
  </object>
  <object>
    <name>vehicule</name>
    <occluded>0</occluded>
    <bndbox>
      <xmin>1564.226318359375</xmin>
      <ymin>1237.453857421875</ymin>
      <xmax>1922.4314575195312</xmax>
      <ymax>1393.0599212646484</ymax>
    </bndbox>
    <attributes>
      <attribute>
        <name>track_id</name>
        <value>181</value>
      </attribute>
      <attribute>
        <name>keyframe</name>
        <value>True</value>
      </attribute>
    </attributes>
  </object>
  <object>
    <name>vehicule</name>
    <occluded>0</occluded>
    <bndbox>
      <xmin>2011.98291015625</xmin>
      <ymin>1317.720703125</ymin>
      <xmax>2323.73486328125</xmax>
      <ymax>1485.7752532958984</ymax>
    </bndbox>
    <attributes>
      <attribute>
        <name>track_id</name>
        <value>182</value>
      </attribute>
      <attribute>
        <name>keyframe</name>
        <value>True</value>
      </attribute>
    </attributes>
  </object>
  <object>
    <name>vehicule</name>
    <occluded>0</occluded>
    <bndbox>
      <xmin>1508.7275390625</xmin>
      <ymin>982.2516601562502</ymin>
      <xmax>1752.8243545532227</xmax>
      <ymax>1123.861068725586</ymax>
    </bndbox>
    <attributes>
      <attribute>
        <name>track_id</name>
        <value>183</value>
      </attribute>
      <attribute>
        <name>keyframe</name>
        <value>True</value>
      </attribute>
    </attributes>
  </object>
  <object>
    <name>vehicule</name>
    <occluded>0</occluded>
    <bndbox>
      <xmin>592.7884949882076</xmin>
      <ymin>995.8999668337278</ymin>
      <xmax>781.5</xmax>
      <ymax>1145.256726477281</ymax>
    </bndbox>
    <attributes>
      <attribute>
        <name>track_id</name>
        <value>184</value>
      </attribute>
      <attribute>
        <name>keyframe</name>
        <value>True</value>
      </attribute>
    </attributes>
  </object>
  <object>
    <name>vehicule</name>
    <occluded>0</occluded>
    <bndbox>
      <xmin>1097.759765625</xmin>
      <ymin>682.7275390625</ymin>
      <xmax>1242.6992797851562</xmax>
      <ymax>790.8570175170898</ymax>
    </bndbox>
    <attributes>
      <attribute>
        <name>track_id</name>
        <value>185</value>
      </attribute>
      <attribute>
        <name>keyframe</name>
        <value>True</value>
      </attribute>
    </attributes>
  </object>
</annotation>
