<annotation>
  <folder>frame</folder>
  <filename>frame_002895.jpg</filename>
  <source>
    <database>Unknown</database>
    <annotation>Unknown</annotation>
    <image>Unknown</image>
  </source>
  <size>
    <width>2456</width>
    <height>2054</height>
    <depth>3</depth>
  </size>
  <segmented>0</segmented>
  <object>
    <name>vehicule</name>
    <occluded>0</occluded>
    <bndbox>
      <xmin>883.0888365788246</xmin>
      <ymin>945.6505261777053</ymin>
      <xmax>1006.9670142694732</xmax>
      <ymax>1021.9427167294631</ymax>
    </bndbox>
    <attributes>
      <attribute>
        <name>keyframe</name>
        <value>True</value>
      </attribute>
      <attribute>
        <name>track_id</name>
        <value>201</value>
      </attribute>
    </attributes>
  </object>
  <object>
    <name>vehicule</name>
    <occluded>0</occluded>
    <bndbox>
      <xmin>990.9289833254624</xmin>
      <ymin>886.4635006690806</ymin>
      <xmax>1073.5394709576688</xmax>
      <ymax>952.4240475440821</ymax>
    </bndbox>
    <attributes>
      <attribute>
        <name>keyframe</name>
        <value>True</value>
      </attribute>
      <attribute>
        <name>track_id</name>
        <value>203</value>
      </attribute>
    </attributes>
  </object>
  <object>
    <name>vehicule</name>
    <occluded>0</occluded>
    <bndbox>
      <xmin>1100.3224005946834</xmin>
      <ymin>878.2742216651119</ymin>
      <xmax>1189.7572502477844</xmax>
      <ymax>948.312956101147</ymax>
    </bndbox>
    <attributes>
      <attribute>
        <name>keyframe</name>
        <value>True</value>
      </attribute>
      <attribute>
        <name>track_id</name>
        <value>204</value>
      </attribute>
    </attributes>
  </object>
  <object>
    <name>vehicule</name>
    <occluded>0</occluded>
    <bndbox>
      <xmin>138.62266126605135</xmin>
      <ymin>834.3923241873997</ymin>
      <xmax>300.08697095843416</xmax>
      <ymax>943.2025048514622</ymax>
    </bndbox>
    <attributes>
      <attribute>
        <name>keyframe</name>
        <value>True</value>
      </attribute>
      <attribute>
        <name>track_id</name>
        <value>205</value>
      </attribute>
    </attributes>
  </object>
  <object>
    <name>vehicule</name>
    <occluded>0</occluded>
    <bndbox>
      <xmin>325.89129589686996</xmin>
      <ymin>827.1558737961477</ymin>
      <xmax>448.4590830672801</xmax>
      <ymax>894.6932273117727</ymax>
    </bndbox>
    <attributes>
      <attribute>
        <name>keyframe</name>
        <value>True</value>
      </attribute>
      <attribute>
        <name>track_id</name>
        <value>206</value>
      </attribute>
    </attributes>
  </object>
  <object>
    <name>vehicule</name>
    <occluded>0</occluded>
    <bndbox>
      <xmin>673.4327887337031</xmin>
      <ymin>998.84691198965</ymin>
      <xmax>850.1635168077311</xmax>
      <ymax>1094.7332797875017</ymax>
    </bndbox>
    <attributes>
      <attribute>
        <name>keyframe</name>
        <value>True</value>
      </attribute>
      <attribute>
        <name>track_id</name>
        <value>207</value>
      </attribute>
    </attributes>
  </object>
  <object>
    <name>vehicule</name>
    <occluded>0</occluded>
    <bndbox>
      <xmin>1923.2306250000001</xmin>
      <ymin>727.923828125</ymin>
      <xmax>2002.0206610107416</xmax>
      <ymax>776.5562500000015</ymax>
    </bndbox>
    <attributes>
      <attribute>
        <name>keyframe</name>
        <value>True</value>
      </attribute>
      <attribute>
        <name>track_id</name>
        <value>212</value>
      </attribute>
    </attributes>
  </object>
</annotation>
