<annotation>
  <folder>frame</folder>
  <filename>frame_004465.jpg</filename>
  <source>
    <database>Unknown</database>
    <annotation>Unknown</annotation>
    <image>Unknown</image>
  </source>
  <size>
    <width>2456</width>
    <height>2054</height>
    <depth>3</depth>
  </size>
  <segmented>0</segmented>
  <object>
    <name>vehicule</name>
    <occluded>0</occluded>
    <bndbox>
      <xmin>1011.4906610285194</xmin>
      <ymin>814.4600936741505</ymin>
      <xmax>1075.991246966021</xmax>
      <ymax>854.2458358616519</ymax>
    </bndbox>
    <attributes>
      <attribute>
        <name>keyframe</name>
        <value>True</value>
      </attribute>
      <attribute>
        <name>track_id</name>
        <value>201</value>
      </attribute>
    </attributes>
  </object>
  <object>
    <name>vehicule</name>
    <occluded>0</occluded>
    <bndbox>
      <xmin>892.5726852002874</xmin>
      <ymin>802.360685917928</ymin>
      <xmax>981.181521007562</xmax>
      <ymax>847.1606882067452</ymax>
    </bndbox>
    <attributes>
      <attribute>
        <name>keyframe</name>
        <value>True</value>
      </attribute>
      <attribute>
        <name>track_id</name>
        <value>203</value>
      </attribute>
    </attributes>
  </object>
  <object>
    <name>vehicule</name>
    <occluded>0</occluded>
    <bndbox>
      <xmin>1019.6134943181818</xmin>
      <ymin>789.6942826704545</ymin>
      <xmax>1092.877361505683</xmax>
      <ymax>832.5379014448682</ymax>
    </bndbox>
    <attributes>
      <attribute>
        <name>keyframe</name>
        <value>True</value>
      </attribute>
      <attribute>
        <name>track_id</name>
        <value>204</value>
      </attribute>
    </attributes>
  </object>
  <object>
    <name>vehicule</name>
    <occluded>0</occluded>
    <bndbox>
      <xmin>1129.3405936604584</xmin>
      <ymin>796.6388005909743</ymin>
      <xmax>1190.890590608699</xmax>
      <ymax>846.150324028475</ymax>
    </bndbox>
    <attributes>
      <attribute>
        <name>keyframe</name>
        <value>True</value>
      </attribute>
      <attribute>
        <name>track_id</name>
        <value>207</value>
      </attribute>
    </attributes>
  </object>
  <object>
    <name>vehicule</name>
    <occluded>0</occluded>
    <bndbox>
      <xmin>1013.2062500000006</xmin>
      <ymin>852.2795462101063</ymin>
      <xmax>1081.0861358642574</xmax>
      <ymax>904.8354055851074</ymax>
    </bndbox>
    <attributes>
      <attribute>
        <name>keyframe</name>
        <value>True</value>
      </attribute>
      <attribute>
        <name>track_id</name>
        <value>219</value>
      </attribute>
    </attributes>
  </object>
  <object>
    <name>vehicule</name>
    <occluded>0</occluded>
    <bndbox>
      <xmin>1091.007375725211</xmin>
      <ymin>845.0921842035865</ymin>
      <xmax>1152.6693293446738</xmax>
      <ymax>896.8616033755278</ymax>
    </bndbox>
    <attributes>
      <attribute>
        <name>keyframe</name>
        <value>True</value>
      </attribute>
      <attribute>
        <name>track_id</name>
        <value>233</value>
      </attribute>
    </attributes>
  </object>
  <object>
    <name>vehicule</name>
    <occluded>0</occluded>
    <bndbox>
      <xmin>1060.7019876619665</xmin>
      <ymin>894.3014779439786</ymin>
      <xmax>1143.005884756692</xmax>
      <ymax>951.4657357564797</ymax>
    </bndbox>
    <attributes>
      <attribute>
        <name>keyframe</name>
        <value>True</value>
      </attribute>
      <attribute>
        <name>track_id</name>
        <value>235</value>
      </attribute>
    </attributes>
  </object>
  <object>
    <name>vehicule</name>
    <occluded>0</occluded>
    <bndbox>
      <xmin>964.991015625</xmin>
      <ymin>925.9359707446808</ymin>
      <xmax>1094.6183593749986</xmax>
      <ymax>995.3123379321812</ymax>
    </bndbox>
    <attributes>
      <attribute>
        <name>keyframe</name>
        <value>True</value>
      </attribute>
      <attribute>
        <name>track_id</name>
        <value>241</value>
      </attribute>
    </attributes>
  </object>
  <object>
    <name>vehicule</name>
    <occluded>0</occluded>
    <bndbox>
      <xmin>1218.87646484375</xmin>
      <ymin>825.471834047379</ymin>
      <xmax>1287.42822265625</xmax>
      <ymax>889.7899981098798</ymax>
    </bndbox>
    <attributes>
      <attribute>
        <name>keyframe</name>
        <value>True</value>
      </attribute>
      <attribute>
        <name>track_id</name>
        <value>264</value>
      </attribute>
    </attributes>
  </object>
  <object>
    <name>vehicule</name>
    <occluded>0</occluded>
    <bndbox>
      <xmin>1154.8842447916666</xmin>
      <ymin>839.6967556423612</ymin>
      <xmax>1214.1262369791673</xmax>
      <ymax>888.2063213772241</ymax>
    </bndbox>
    <attributes>
      <attribute>
        <name>keyframe</name>
        <value>True</value>
      </attribute>
      <attribute>
        <name>track_id</name>
        <value>269</value>
      </attribute>
    </attributes>
  </object>
  <object>
    <name>vehicule</name>
    <occluded>0</occluded>
    <bndbox>
      <xmin>815.9339001225491</xmin>
      <ymin>965.9508655024509</ymin>
      <xmax>963.1979717778214</xmax>
      <ymax>1033.1016482783289</ymax>
    </bndbox>
    <attributes>
      <attribute>
        <name>keyframe</name>
        <value>True</value>
      </attribute>
      <attribute>
        <name>track_id</name>
        <value>274</value>
      </attribute>
    </attributes>
  </object>
  <object>
    <name>vehicule</name>
    <occluded>0</occluded>
    <bndbox>
      <xmin>12.87890625</xmin>
      <ymin>919.371875</ymin>
      <xmax>106.07617187500072</xmax>
      <ymax>974.039157867431</ymax>
    </bndbox>
    <attributes>
      <attribute>
        <name>keyframe</name>
        <value>True</value>
      </attribute>
      <attribute>
        <name>track_id</name>
        <value>275</value>
      </attribute>
    </attributes>
  </object>
  <object>
    <name>vehicule</name>
    <occluded>0</occluded>
    <bndbox>
      <xmin>1142.583984375</xmin>
      <ymin>900.0484194711539</ymin>
      <xmax>1227.6543301504653</xmax>
      <ymax>960.940663920346</ymax>
    </bndbox>
    <attributes>
      <attribute>
        <name>keyframe</name>
        <value>True</value>
      </attribute>
      <attribute>
        <name>track_id</name>
        <value>279</value>
      </attribute>
    </attributes>
  </object>
  <object>
    <name>vehicule</name>
    <occluded>0</occluded>
    <bndbox>
      <xmin>186.4121981534091</xmin>
      <ymin>875.3665660511364</ymin>
      <xmax>298.1670809659091</xmax>
      <ymax>928.0100993763302</ymax>
    </bndbox>
    <attributes>
      <attribute>
        <name>keyframe</name>
        <value>True</value>
      </attribute>
      <attribute>
        <name>track_id</name>
        <value>281</value>
      </attribute>
    </attributes>
  </object>
  <object>
    <name>vehicule</name>
    <occluded>0</occluded>
    <bndbox>
      <xmin>641.8645212273849</xmin>
      <ymin>1018.7731355365954</ymin>
      <xmax>790.3574930291423</xmax>
      <ymax>1092.4571199115958</ymax>
    </bndbox>
    <attributes>
      <attribute>
        <name>keyframe</name>
        <value>True</value>
      </attribute>
      <attribute>
        <name>track_id</name>
        <value>287</value>
      </attribute>
    </attributes>
  </object>
  <object>
    <name>vehicule</name>
    <occluded>0</occluded>
    <bndbox>
      <xmin>559.1064453125</xmin>
      <ymin>818.9978170955883</ymin>
      <xmax>667.8662109375</xmax>
      <ymax>881.9668997371891</ymax>
    </bndbox>
    <attributes>
      <attribute>
        <name>keyframe</name>
        <value>True</value>
      </attribute>
      <attribute>
        <name>track_id</name>
        <value>291</value>
      </attribute>
    </attributes>
  </object>
  <object>
    <name>vehicule</name>
    <occluded>0</occluded>
    <bndbox>
      <xmin>1738.8759765625</xmin>
      <ymin>785.6279296875</ymin>
      <xmax>1806.6630889892567</xmax>
      <ymax>826.4339843750004</ymax>
    </bndbox>
    <attributes>
      <attribute>
        <name>keyframe</name>
        <value>True</value>
      </attribute>
      <attribute>
        <name>track_id</name>
        <value>298</value>
      </attribute>
    </attributes>
  </object>
  <object>
    <name>vehicule</name>
    <occluded>0</occluded>
    <bndbox>
      <xmin>1887.4866015625003</xmin>
      <ymin>752.2572916666667</ymin>
      <xmax>1962.7244952392566</xmax>
      <ymax>794.4350260416667</ymax>
    </bndbox>
    <attributes>
      <attribute>
        <name>keyframe</name>
        <value>True</value>
      </attribute>
      <attribute>
        <name>track_id</name>
        <value>301</value>
      </attribute>
    </attributes>
  </object>
  <object>
    <name>vehicule</name>
    <occluded>0</occluded>
    <bndbox>
      <xmin>1749.36953125</xmin>
      <ymin>790.9550130208333</ymin>
      <xmax>1829.5126983642563</xmax>
      <ymax>845.8518895467112</ymax>
    </bndbox>
    <attributes>
      <attribute>
        <name>keyframe</name>
        <value>True</value>
      </attribute>
      <attribute>
        <name>track_id</name>
        <value>306</value>
      </attribute>
    </attributes>
  </object>
  <object>
    <name>vehicule</name>
    <occluded>0</occluded>
    <bndbox>
      <xmin>1600.1061458333336</xmin>
      <ymin>802.0098307291667</ymin>
      <xmax>1690.346192525227</xmax>
      <ymax>854.8221354166674</ymax>
    </bndbox>
    <attributes>
      <attribute>
        <name>keyframe</name>
        <value>True</value>
      </attribute>
      <attribute>
        <name>track_id</name>
        <value>307</value>
      </attribute>
    </attributes>
  </object>
  <object>
    <name>vehicule</name>
    <occluded>0</occluded>
    <bndbox>
      <xmin>72.5736328125</xmin>
      <ymin>883.99453125</ymin>
      <xmax>173.19375</xmax>
      <ymax>928.4106910705556</ymax>
    </bndbox>
    <attributes>
      <attribute>
        <name>keyframe</name>
        <value>True</value>
      </attribute>
      <attribute>
        <name>track_id</name>
        <value>310</value>
      </attribute>
    </attributes>
  </object>
  <object>
    <name>vehicule</name>
    <occluded>0</occluded>
    <bndbox>
      <xmin>734.1144875919117</xmin>
      <ymin>798.8970588235294</ymin>
      <xmax>848.2142922794128</xmax>
      <ymax>842.3645278481869</ymax>
    </bndbox>
    <attributes>
      <attribute>
        <name>keyframe</name>
        <value>True</value>
      </attribute>
      <attribute>
        <name>track_id</name>
        <value>311</value>
      </attribute>
    </attributes>
  </object>
  <object>
    <name>vehicule</name>
    <occluded>0</occluded>
    <bndbox>
      <xmin>916.9770795036765</xmin>
      <ymin>765.5957605698529</ymin>
      <xmax>1005.6459561516257</xmax>
      <ymax>814.3925325730268</ymax>
    </bndbox>
    <attributes>
      <attribute>
        <name>keyframe</name>
        <value>True</value>
      </attribute>
      <attribute>
        <name>track_id</name>
        <value>316</value>
      </attribute>
    </attributes>
  </object>
  <object>
    <name>vehicule</name>
    <occluded>0</occluded>
    <bndbox>
      <xmin>1233.93046875</xmin>
      <ymin>862.8198567708333</ymin>
      <xmax>1536.966666666668</xmax>
      <ymax>1037.7800000000013</ymax>
    </bndbox>
    <attributes>
      <attribute>
        <name>keyframe</name>
        <value>True</value>
      </attribute>
      <attribute>
        <name>track_id</name>
        <value>318</value>
      </attribute>
    </attributes>
  </object>
  <object>
    <name>vehicule</name>
    <occluded>0</occluded>
    <bndbox>
      <xmin>413.2028125</xmin>
      <ymin>1061.3757187500007</ymin>
      <xmax>575.3549914550771</xmax>
      <ymax>1131.4474118041992</ymax>
    </bndbox>
    <attributes>
      <attribute>
        <name>keyframe</name>
        <value>True</value>
      </attribute>
      <attribute>
        <name>track_id</name>
        <value>320</value>
      </attribute>
    </attributes>
  </object>
  <object>
    <name>vehicule</name>
    <occluded>0</occluded>
    <bndbox>
      <xmin>968.7931640625</xmin>
      <ymin>1055.09140625</ymin>
      <xmax>1136.9633816528321</xmax>
      <ymax>1134.55</ymax>
    </bndbox>
    <attributes>
      <attribute>
        <name>keyframe</name>
        <value>True</value>
      </attribute>
      <attribute>
        <name>track_id</name>
        <value>322</value>
      </attribute>
    </attributes>
  </object>
  <object>
    <name>vehicule</name>
    <occluded>0</occluded>
    <bndbox>
      <xmin>374.067626953125</xmin>
      <ymin>1148.2548828125</ymin>
      <xmax>534.7859886169435</xmax>
      <ymax>1236.9006607055667</ymax>
    </bndbox>
    <attributes>
      <attribute>
        <name>keyframe</name>
        <value>True</value>
      </attribute>
      <attribute>
        <name>track_id</name>
        <value>323</value>
      </attribute>
    </attributes>
  </object>
  <object>
    <name>vehicule</name>
    <occluded>0</occluded>
    <bndbox>
      <xmin>708.24580078125</xmin>
      <ymin>1039.16962890625</ymin>
      <xmax>860.8923919677734</xmax>
      <ymax>1138.0986679077148</ymax>
    </bndbox>
    <attributes>
      <attribute>
        <name>keyframe</name>
        <value>True</value>
      </attribute>
      <attribute>
        <name>track_id</name>
        <value>324</value>
      </attribute>
    </attributes>
  </object>
  <object>
    <name>vehicule</name>
    <occluded>0</occluded>
    <bndbox>
      <xmin>1083.962833180147</xmin>
      <ymin>757.9460592830883</ymin>
      <xmax>1173.9158361098346</xmax>
      <ymax>795.9944334591137</ymax>
    </bndbox>
    <attributes>
      <attribute>
        <name>keyframe</name>
        <value>True</value>
      </attribute>
      <attribute>
        <name>track_id</name>
        <value>325</value>
      </attribute>
    </attributes>
  </object>
  <object>
    <name>vehicule</name>
    <occluded>0</occluded>
    <bndbox>
      <xmin>872.58359375</xmin>
      <ymin>1101.9921875</ymin>
      <xmax>949.4154037475586</xmax>
      <ymax>1192.6000900268555</ymax>
    </bndbox>
    <attributes>
      <attribute>
        <name>keyframe</name>
        <value>True</value>
      </attribute>
      <attribute>
        <name>track_id</name>
        <value>326</value>
      </attribute>
    </attributes>
  </object>
  <object>
    <name>vehicule</name>
    <occluded>0</occluded>
    <bndbox>
      <xmin>331.9539062500001</xmin>
      <ymin>1164.4586588541667</ymin>
      <xmax>522.8751129150393</xmax>
      <ymax>1267.608462524414</ymax>
    </bndbox>
    <attributes>
      <attribute>
        <name>keyframe</name>
        <value>True</value>
      </attribute>
      <attribute>
        <name>track_id</name>
        <value>327</value>
      </attribute>
    </attributes>
  </object>
  <object>
    <name>vehicule</name>
    <occluded>0</occluded>
    <bndbox>
      <xmin>192.20546875000002</xmin>
      <ymin>1093.20029296875</ymin>
      <xmax>387.38230285644534</xmax>
      <ymax>1199.5259002685548</ymax>
    </bndbox>
    <attributes>
      <attribute>
        <name>keyframe</name>
        <value>True</value>
      </attribute>
      <attribute>
        <name>track_id</name>
        <value>328</value>
      </attribute>
    </attributes>
  </object>
  <object>
    <name>vehicule</name>
    <occluded>0</occluded>
    <bndbox>
      <xmin>1017.69375</xmin>
      <ymin>1004.0770898437513</ymin>
      <xmax>1137.2064279174817</xmax>
      <ymax>1063.0550155639648</ymax>
    </bndbox>
    <attributes>
      <attribute>
        <name>keyframe</name>
        <value>True</value>
      </attribute>
      <attribute>
        <name>track_id</name>
        <value>329</value>
      </attribute>
    </attributes>
  </object>
  <object>
    <name>vehicule</name>
    <occluded>0</occluded>
    <bndbox>
      <xmin>974.6575882523148</xmin>
      <ymin>974.500144675926</ymin>
      <xmax>1096.7933456986038</xmax>
      <ymax>1045.692069724754</ymax>
    </bndbox>
    <attributes>
      <attribute>
        <name>keyframe</name>
        <value>True</value>
      </attribute>
      <attribute>
        <name>track_id</name>
        <value>330</value>
      </attribute>
    </attributes>
  </object>
  <object>
    <name>vehicule</name>
    <occluded>0</occluded>
    <bndbox>
      <xmin>1290.8193945312503</xmin>
      <ymin>852.79296875</ymin>
      <xmax>1350.1350929260254</xmax>
      <ymax>900.1234908294682</ymax>
    </bndbox>
    <attributes>
      <attribute>
        <name>keyframe</name>
        <value>True</value>
      </attribute>
      <attribute>
        <name>track_id</name>
        <value>332</value>
      </attribute>
    </attributes>
  </object>
  <object>
    <name>vehicule</name>
    <occluded>0</occluded>
    <bndbox>
      <xmin>316.26542968750005</xmin>
      <ymin>1454.0842187500002</ymin>
      <xmax>436.089762878418</xmax>
      <ymax>1564.318088989258</ymax>
    </bndbox>
    <attributes>
      <attribute>
        <name>keyframe</name>
        <value>True</value>
      </attribute>
      <attribute>
        <name>track_id</name>
        <value>335</value>
      </attribute>
    </attributes>
  </object>
</annotation>
