<annotation>
  <folder>frame</folder>
  <filename>frame_003531.jpg</filename>
  <source>
    <database>Unknown</database>
    <annotation>Unknown</annotation>
    <image>Unknown</image>
  </source>
  <size>
    <width>2456</width>
    <height>2054</height>
    <depth>3</depth>
  </size>
  <segmented>0</segmented>
  <object>
    <name>vehicule</name>
    <occluded>0</occluded>
    <bndbox>
      <xmin>956.3004941114739</xmin>
      <ymin>918.4433754081157</ymin>
      <xmax>1059.8823709334195</xmax>
      <ymax>994.7355659598735</ymax>
    </bndbox>
    <attributes>
      <attribute>
        <name>keyframe</name>
        <value>True</value>
      </attribute>
      <attribute>
        <name>track_id</name>
        <value>201</value>
      </attribute>
    </attributes>
  </object>
  <object>
    <name>vehicule</name>
    <occluded>0</occluded>
    <bndbox>
      <xmin>1006.5093103878057</xmin>
      <ymin>841.3817941199623</ymin>
      <xmax>1074.6523291125807</xmax>
      <ymax>907.3423409949637</ymax>
    </bndbox>
    <attributes>
      <attribute>
        <name>keyframe</name>
        <value>True</value>
      </attribute>
      <attribute>
        <name>track_id</name>
        <value>203</value>
      </attribute>
    </attributes>
  </object>
  <object>
    <name>vehicule</name>
    <occluded>0</occluded>
    <bndbox>
      <xmin>1105.7862642840496</xmin>
      <ymin>852.0566493703358</ymin>
      <xmax>1182.3370339464786</xmax>
      <ymax>922.0953838063709</ymax>
    </bndbox>
    <attributes>
      <attribute>
        <name>keyframe</name>
        <value>True</value>
      </attribute>
      <attribute>
        <name>track_id</name>
        <value>204</value>
      </attribute>
    </attributes>
  </object>
  <object>
    <name>vehicule</name>
    <occluded>0</occluded>
    <bndbox>
      <xmin>108.88393484149277</xmin>
      <ymin>841.9924978681781</ymin>
      <xmax>270.3482445338756</xmax>
      <ymax>950.8026785322406</ymax>
    </bndbox>
    <attributes>
      <attribute>
        <name>keyframe</name>
        <value>True</value>
      </attribute>
      <attribute>
        <name>track_id</name>
        <value>205</value>
      </attribute>
    </attributes>
  </object>
  <object>
    <name>vehicule</name>
    <occluded>0</occluded>
    <bndbox>
      <xmin>309.3620272371589</xmin>
      <ymin>826.9021525130418</ymin>
      <xmax>431.92981440756904</xmax>
      <ymax>894.4395060286668</ymax>
    </bndbox>
    <attributes>
      <attribute>
        <name>keyframe</name>
        <value>True</value>
      </attribute>
      <attribute>
        <name>track_id</name>
        <value>206</value>
      </attribute>
    </attributes>
  </object>
  <object>
    <name>vehicule</name>
    <occluded>0</occluded>
    <bndbox>
      <xmin>746.8156119553408</xmin>
      <ymin>985.5039089304095</ymin>
      <xmax>899.2860676171263</xmax>
      <ymax>1081.390276728261</ymax>
    </bndbox>
    <attributes>
      <attribute>
        <name>keyframe</name>
        <value>True</value>
      </attribute>
      <attribute>
        <name>track_id</name>
        <value>207</value>
      </attribute>
    </attributes>
  </object>
  <object>
    <name>vehicule</name>
    <occluded>0</occluded>
    <bndbox>
      <xmin>1721.6000000000004</xmin>
      <ymin>793.705078125</ymin>
      <xmax>1806.4855422973633</xmax>
      <ymax>855.3777328491196</ymax>
    </bndbox>
    <attributes>
      <attribute>
        <name>keyframe</name>
        <value>True</value>
      </attribute>
      <attribute>
        <name>track_id</name>
        <value>217</value>
      </attribute>
    </attributes>
  </object>
  <object>
    <name>vehicule</name>
    <occluded>0</occluded>
    <bndbox>
      <xmin>1493.2000000000007</xmin>
      <ymin>859.3486328125</ymin>
      <xmax>1592.9841766357422</xmax>
      <ymax>925.3000000000011</ymax>
    </bndbox>
    <attributes>
      <attribute>
        <name>keyframe</name>
        <value>True</value>
      </attribute>
      <attribute>
        <name>track_id</name>
        <value>218</value>
      </attribute>
    </attributes>
  </object>
</annotation>
