<annotation>
  <folder>frame</folder>
  <filename>frame_004614.jpg</filename>
  <source>
    <database>Unknown</database>
    <annotation>Unknown</annotation>
    <image>Unknown</image>
  </source>
  <size>
    <width>2456</width>
    <height>2054</height>
    <depth>3</depth>
  </size>
  <segmented>0</segmented>
  <object>
    <name>vehicule</name>
    <occluded>0</occluded>
    <bndbox>
      <xmin>1004.7181906098301</xmin>
      <ymin>807.8811627730582</ymin>
      <xmax>1069.2187765473316</xmax>
      <ymax>847.6669049605597</ymax>
    </bndbox>
    <attributes>
      <attribute>
        <name>keyframe</name>
        <value>True</value>
      </attribute>
      <attribute>
        <name>track_id</name>
        <value>201</value>
      </attribute>
    </attributes>
  </object>
  <object>
    <name>vehicule</name>
    <occluded>0</occluded>
    <bndbox>
      <xmin>867.768979971295</xmin>
      <ymin>797.8669550822025</ymin>
      <xmax>959.0454990363072</xmax>
      <ymax>842.6669573710197</ymax>
    </bndbox>
    <attributes>
      <attribute>
        <name>keyframe</name>
        <value>True</value>
      </attribute>
      <attribute>
        <name>track_id</name>
        <value>203</value>
      </attribute>
    </attributes>
  </object>
  <object>
    <name>vehicule</name>
    <occluded>0</occluded>
    <bndbox>
      <xmin>999.4165414663462</xmin>
      <ymin>783.0497546073718</ymin>
      <xmax>1072.6804086538473</xmax>
      <ymax>825.8933733817855</ymax>
    </bndbox>
    <attributes>
      <attribute>
        <name>keyframe</name>
        <value>True</value>
      </attribute>
      <attribute>
        <name>track_id</name>
        <value>204</value>
      </attribute>
    </attributes>
  </object>
  <object>
    <name>vehicule</name>
    <occluded>0</occluded>
    <bndbox>
      <xmin>1026.2685546875</xmin>
      <ymin>742.490234375</ymin>
      <xmax>1090.2855529785156</xmax>
      <ymax>786.1535171508785</ymax>
    </bndbox>
    <attributes>
      <attribute>
        <name>keyframe</name>
        <value>True</value>
      </attribute>
      <attribute>
        <name>track_id</name>
        <value>207</value>
      </attribute>
    </attributes>
  </object>
  <object>
    <name>vehicule</name>
    <occluded>0</occluded>
    <bndbox>
      <xmin>1011.7220703125003</xmin>
      <ymin>847.1906426612367</ymin>
      <xmax>1079.6019561767569</xmax>
      <ymax>899.7465020362378</ymax>
    </bndbox>
    <attributes>
      <attribute>
        <name>keyframe</name>
        <value>True</value>
      </attribute>
      <attribute>
        <name>track_id</name>
        <value>219</value>
      </attribute>
    </attributes>
  </object>
  <object>
    <name>vehicule</name>
    <occluded>0</occluded>
    <bndbox>
      <xmin>1088.9876348920864</xmin>
      <ymin>830.7114152428057</ymin>
      <xmax>1146.6657598920867</xmax>
      <ymax>882.7371964928061</ymax>
    </bndbox>
    <attributes>
      <attribute>
        <name>keyframe</name>
        <value>True</value>
      </attribute>
      <attribute>
        <name>track_id</name>
        <value>233</value>
      </attribute>
    </attributes>
  </object>
  <object>
    <name>vehicule</name>
    <occluded>0</occluded>
    <bndbox>
      <xmin>1097.6656394675927</xmin>
      <ymin>872.7006148726852</ymin>
      <xmax>1179.9695365623181</xmax>
      <ymax>929.8648726851862</ymax>
    </bndbox>
    <attributes>
      <attribute>
        <name>keyframe</name>
        <value>True</value>
      </attribute>
      <attribute>
        <name>track_id</name>
        <value>235</value>
      </attribute>
    </attributes>
  </object>
  <object>
    <name>vehicule</name>
    <occluded>0</occluded>
    <bndbox>
      <xmin>1001.8828864644972</xmin>
      <ymin>912.9385343472633</ymin>
      <xmax>1114.7598304342234</xmax>
      <ymax>980.5043546597636</ymax>
    </bndbox>
    <attributes>
      <attribute>
        <name>keyframe</name>
        <value>True</value>
      </attribute>
      <attribute>
        <name>track_id</name>
        <value>241</value>
      </attribute>
    </attributes>
  </object>
  <object>
    <name>vehicule</name>
    <occluded>0</occluded>
    <bndbox>
      <xmin>1185.232421875</xmin>
      <ymin>793.013671875</ymin>
      <xmax>1253.7841796875</xmax>
      <ymax>857.3318359375007</ymax>
    </bndbox>
    <attributes>
      <attribute>
        <name>keyframe</name>
        <value>True</value>
      </attribute>
      <attribute>
        <name>track_id</name>
        <value>264</value>
      </attribute>
    </attributes>
  </object>
  <object>
    <name>vehicule</name>
    <occluded>0</occluded>
    <bndbox>
      <xmin>1112.888671875</xmin>
      <ymin>780.1923828125</ymin>
      <xmax>1172.1306640625007</xmax>
      <ymax>828.7019485473629</ymax>
    </bndbox>
    <attributes>
      <attribute>
        <name>keyframe</name>
        <value>True</value>
      </attribute>
      <attribute>
        <name>track_id</name>
        <value>269</value>
      </attribute>
    </attributes>
  </object>
  <object>
    <name>vehicule</name>
    <occluded>0</occluded>
    <bndbox>
      <xmin>878.1558266129035</xmin>
      <ymin>955.3302230342742</ymin>
      <xmax>1007.9429420914188</xmax>
      <ymax>1025.8327620967757</ymax>
    </bndbox>
    <attributes>
      <attribute>
        <name>keyframe</name>
        <value>True</value>
      </attribute>
      <attribute>
        <name>track_id</name>
        <value>274</value>
      </attribute>
    </attributes>
  </object>
  <object>
    <name>vehicule</name>
    <occluded>0</occluded>
    <bndbox>
      <xmin>1178.9715768914473</xmin>
      <ymin>859.8093133223684</ymin>
      <xmax>1262.3823190789487</xmax>
      <ymax>921.039000059429</ymax>
    </bndbox>
    <attributes>
      <attribute>
        <name>keyframe</name>
        <value>True</value>
      </attribute>
      <attribute>
        <name>track_id</name>
        <value>279</value>
      </attribute>
    </attributes>
  </object>
  <object>
    <name>vehicule</name>
    <occluded>0</occluded>
    <bndbox>
      <xmin>776.22998046875</xmin>
      <ymin>1015.1371093750004</ymin>
      <xmax>924.7229522705074</xmax>
      <ymax>1083.8089836120607</ymax>
    </bndbox>
    <attributes>
      <attribute>
        <name>keyframe</name>
        <value>True</value>
      </attribute>
      <attribute>
        <name>track_id</name>
        <value>287</value>
      </attribute>
    </attributes>
  </object>
  <object>
    <name>vehicule</name>
    <occluded>0</occluded>
    <bndbox>
      <xmin>259.8011067708333</xmin>
      <ymin>850.7760416666666</ymin>
      <xmax>384.34308120265206</xmax>
      <ymax>918.9645182291666</ymax>
    </bndbox>
    <attributes>
      <attribute>
        <name>keyframe</name>
        <value>True</value>
      </attribute>
      <attribute>
        <name>track_id</name>
        <value>291</value>
      </attribute>
    </attributes>
  </object>
  <object>
    <name>vehicule</name>
    <occluded>0</occluded>
    <bndbox>
      <xmin>474.8014322916667</xmin>
      <ymin>830.689453125</ymin>
      <xmax>589.973164766329</xmax>
      <ymax>888.2510606920387</ymax>
    </bndbox>
    <attributes>
      <attribute>
        <name>keyframe</name>
        <value>True</value>
      </attribute>
      <attribute>
        <name>track_id</name>
        <value>311</value>
      </attribute>
    </attributes>
  </object>
  <object>
    <name>vehicule</name>
    <occluded>0</occluded>
    <bndbox>
      <xmin>641.6715494791666</xmin>
      <ymin>811.728515625</ymin>
      <xmax>743.977604166667</xmax>
      <ymax>860.6371093750004</ymax>
    </bndbox>
    <attributes>
      <attribute>
        <name>keyframe</name>
        <value>True</value>
      </attribute>
      <attribute>
        <name>track_id</name>
        <value>316</value>
      </attribute>
    </attributes>
  </object>
  <object>
    <name>vehicule</name>
    <occluded>0</occluded>
    <bndbox>
      <xmin>1969.921428571429</xmin>
      <ymin>679.77490234375</ymin>
      <xmax>2114.173381260463</xmax>
      <ymax>768.8142857142863</ymax>
    </bndbox>
    <attributes>
      <attribute>
        <name>keyframe</name>
        <value>True</value>
      </attribute>
      <attribute>
        <name>track_id</name>
        <value>318</value>
      </attribute>
    </attributes>
  </object>
  <object>
    <name>vehicule</name>
    <occluded>0</occluded>
    <bndbox>
      <xmin>472.1253255208333</xmin>
      <ymin>1042.9333333333336</ymin>
      <xmax>641.5138020833341</xmax>
      <ymax>1128.6711298624675</ymax>
    </bndbox>
    <attributes>
      <attribute>
        <name>keyframe</name>
        <value>True</value>
      </attribute>
      <attribute>
        <name>track_id</name>
        <value>320</value>
      </attribute>
    </attributes>
  </object>
  <object>
    <name>vehicule</name>
    <occluded>0</occluded>
    <bndbox>
      <xmin>1141.9468544407894</xmin>
      <ymin>928.8061780427631</ymin>
      <xmax>1247.3277138157894</xmax>
      <ymax>973.6887982820206</ymax>
    </bndbox>
    <attributes>
      <attribute>
        <name>keyframe</name>
        <value>True</value>
      </attribute>
      <attribute>
        <name>track_id</name>
        <value>323</value>
      </attribute>
    </attributes>
  </object>
  <object>
    <name>vehicule</name>
    <occluded>0</occluded>
    <bndbox>
      <xmin>1310.2248149671052</xmin>
      <ymin>886.2638774671053</ymin>
      <xmax>1413.3327439960678</xmax>
      <ymax>947.1708162006593</ymax>
    </bndbox>
    <attributes>
      <attribute>
        <name>keyframe</name>
        <value>True</value>
      </attribute>
      <attribute>
        <name>track_id</name>
        <value>324</value>
      </attribute>
    </attributes>
  </object>
  <object>
    <name>vehicule</name>
    <occluded>0</occluded>
    <bndbox>
      <xmin>782.7490234375</xmin>
      <ymin>795.837174479167</ymin>
      <xmax>882.5067471590907</xmax>
      <ymax>841.8182288892336</ymax>
    </bndbox>
    <attributes>
      <attribute>
        <name>keyframe</name>
        <value>True</value>
      </attribute>
      <attribute>
        <name>track_id</name>
        <value>325</value>
      </attribute>
    </attributes>
  </object>
  <object>
    <name>vehicule</name>
    <occluded>0</occluded>
    <bndbox>
      <xmin>1504.0432291666668</xmin>
      <ymin>845.7633463541666</ymin>
      <xmax>1601.726108805339</xmax>
      <ymax>904.9118489583337</ymax>
    </bndbox>
    <attributes>
      <attribute>
        <name>keyframe</name>
        <value>True</value>
      </attribute>
      <attribute>
        <name>track_id</name>
        <value>327</value>
      </attribute>
    </attributes>
  </object>
  <object>
    <name>vehicule</name>
    <occluded>0</occluded>
    <bndbox>
      <xmin>245.42595766129037</xmin>
      <ymin>1076.1366809475808</ymin>
      <xmax>425.8836511427353</xmax>
      <ymax>1168.9367023098844</ymax>
    </bndbox>
    <attributes>
      <attribute>
        <name>keyframe</name>
        <value>True</value>
      </attribute>
      <attribute>
        <name>track_id</name>
        <value>328</value>
      </attribute>
    </attributes>
  </object>
  <object>
    <name>vehicule</name>
    <occluded>0</occluded>
    <bndbox>
      <xmin>1274.9886410361842</xmin>
      <ymin>857.0928248355264</ymin>
      <xmax>1351.8220394736845</xmax>
      <ymax>912.2359904239053</ymax>
    </bndbox>
    <attributes>
      <attribute>
        <name>keyframe</name>
        <value>True</value>
      </attribute>
      <attribute>
        <name>track_id</name>
        <value>330</value>
      </attribute>
    </attributes>
  </object>
  <object>
    <name>vehicule</name>
    <occluded>0</occluded>
    <bndbox>
      <xmin>1132.1210526315797</xmin>
      <ymin>956.1316303453947</ymin>
      <xmax>1260.4639996980366</xmax>
      <ymax>1029.2210526315798</ymax>
    </bndbox>
    <attributes>
      <attribute>
        <name>keyframe</name>
        <value>True</value>
      </attribute>
      <attribute>
        <name>track_id</name>
        <value>331</value>
      </attribute>
    </attributes>
  </object>
  <object>
    <name>vehicule</name>
    <occluded>0</occluded>
    <bndbox>
      <xmin>1248.5276692708333</xmin>
      <ymin>799.607177734375</ymin>
      <xmax>1314.608219401042</xmax>
      <ymax>851.0071777343765</ymax>
    </bndbox>
    <attributes>
      <attribute>
        <name>keyframe</name>
        <value>True</value>
      </attribute>
      <attribute>
        <name>track_id</name>
        <value>332</value>
      </attribute>
    </attributes>
  </object>
  <object>
    <name>vehicule</name>
    <occluded>0</occluded>
    <bndbox>
      <xmin>1019.4760485197369</xmin>
      <ymin>1016.4142680921053</ymin>
      <xmax>1178.6828966642681</xmax>
      <ymax>1095.6568462171056</ymax>
    </bndbox>
    <attributes>
      <attribute>
        <name>keyframe</name>
        <value>True</value>
      </attribute>
      <attribute>
        <name>track_id</name>
        <value>333</value>
      </attribute>
    </attributes>
  </object>
  <object>
    <name>vehicule</name>
    <occluded>0</occluded>
    <bndbox>
      <xmin>903.448790433114</xmin>
      <ymin>777.7835115131579</ymin>
      <xmax>990.7763294956144</xmax>
      <ymax>816.8002656635485</ymax>
    </bndbox>
    <attributes>
      <attribute>
        <name>keyframe</name>
        <value>True</value>
      </attribute>
      <attribute>
        <name>track_id</name>
        <value>334</value>
      </attribute>
    </attributes>
  </object>
  <object>
    <name>vehicule</name>
    <occluded>0</occluded>
    <bndbox>
      <xmin>28.603125</xmin>
      <ymin>1123.3154485887096</ymin>
      <xmax>228.71367492675782</xmax>
      <ymax>1234.2214620774791</ymax>
    </bndbox>
    <attributes>
      <attribute>
        <name>keyframe</name>
        <value>True</value>
      </attribute>
      <attribute>
        <name>track_id</name>
        <value>336</value>
      </attribute>
    </attributes>
  </object>
  <object>
    <name>vehicule</name>
    <occluded>0</occluded>
    <bndbox>
      <xmin>1363.8527446546052</xmin>
      <ymin>931.8691406250002</ymin>
      <xmax>1471.1537989566204</xmax>
      <ymax>994.6019626015119</ymax>
    </bndbox>
    <attributes>
      <attribute>
        <name>keyframe</name>
        <value>True</value>
      </attribute>
      <attribute>
        <name>track_id</name>
        <value>337</value>
      </attribute>
    </attributes>
  </object>
  <object>
    <name>vehicule</name>
    <occluded>0</occluded>
    <bndbox>
      <xmin>67.99667358398443</xmin>
      <ymin>871.3612670898438</ymin>
      <xmax>198.16637420814902</xmax>
      <ymax>941.0517959594727</ymax>
    </bndbox>
    <attributes>
      <attribute>
        <name>keyframe</name>
        <value>True</value>
      </attribute>
      <attribute>
        <name>track_id</name>
        <value>338</value>
      </attribute>
    </attributes>
  </object>
  <object>
    <name>vehicule</name>
    <occluded>0</occluded>
    <bndbox>
      <xmin>746.7341180098684</xmin>
      <ymin>1092.4637643914473</ymin>
      <xmax>945.8237664473692</xmax>
      <ymax>1185.4086252312907</ymax>
    </bndbox>
    <attributes>
      <attribute>
        <name>keyframe</name>
        <value>True</value>
      </attribute>
      <attribute>
        <name>track_id</name>
        <value>339</value>
      </attribute>
    </attributes>
  </object>
  <object>
    <name>vehicule</name>
    <occluded>0</occluded>
    <bndbox>
      <xmin>678.1031901041666</xmin>
      <ymin>1041.5559895833333</ymin>
      <xmax>864.5475596110015</xmax>
      <ymax>1123.04310353597</ymax>
    </bndbox>
    <attributes>
      <attribute>
        <name>keyframe</name>
        <value>True</value>
      </attribute>
      <attribute>
        <name>track_id</name>
        <value>340</value>
      </attribute>
    </attributes>
  </object>
  <object>
    <name>vehicule</name>
    <occluded>0</occluded>
    <bndbox>
      <xmin>512.0572916666666</xmin>
      <ymin>1158.2578776041676</ymin>
      <xmax>719.6051432291666</xmax>
      <ymax>1249.8001993815099</ymax>
    </bndbox>
    <attributes>
      <attribute>
        <name>keyframe</name>
        <value>True</value>
      </attribute>
      <attribute>
        <name>track_id</name>
        <value>341</value>
      </attribute>
    </attributes>
  </object>
  <object>
    <name>vehicule</name>
    <occluded>0</occluded>
    <bndbox>
      <xmin>219.88496093750047</xmin>
      <ymin>1200.5677083333333</ymin>
      <xmax>425.507531738281</xmax>
      <ymax>1301.838997395834</ymax>
    </bndbox>
    <attributes>
      <attribute>
        <name>keyframe</name>
        <value>True</value>
      </attribute>
      <attribute>
        <name>track_id</name>
        <value>342</value>
      </attribute>
    </attributes>
  </object>
  <object>
    <name>vehicule</name>
    <occluded>0</occluded>
    <bndbox>
      <xmin>253.66783854166715</xmin>
      <ymin>1125.908203125</ymin>
      <xmax>447.13073018392</xmax>
      <ymax>1212.4847218831383</ymax>
    </bndbox>
    <attributes>
      <attribute>
        <name>keyframe</name>
        <value>True</value>
      </attribute>
      <attribute>
        <name>track_id</name>
        <value>343</value>
      </attribute>
    </attributes>
  </object>
</annotation>
