<annotation>
  <folder>frame</folder>
  <filename>frame_004188.jpg</filename>
  <source>
    <database>Unknown</database>
    <annotation>Unknown</annotation>
    <image>Unknown</image>
  </source>
  <size>
    <width>2456</width>
    <height>2054</height>
    <depth>3</depth>
  </size>
  <segmented>0</segmented>
  <object>
    <name>vehicule</name>
    <occluded>0</occluded>
    <bndbox>
      <xmin>1023.4388316761364</xmin>
      <ymin>823.5352108828671</ymin>
      <xmax>1087.5881249701238</xmax>
      <ymax>865.9352510679028</ymax>
    </bndbox>
    <attributes>
      <attribute>
        <name>keyframe</name>
        <value>True</value>
      </attribute>
      <attribute>
        <name>track_id</name>
        <value>201</value>
      </attribute>
    </attributes>
  </object>
  <object>
    <name>vehicule</name>
    <occluded>0</occluded>
    <bndbox>
      <xmin>915.7521372767857</xmin>
      <ymin>807.0024620535714</ymin>
      <xmax>1001.245691964286</xmax>
      <ymax>851.8024643423887</ymax>
    </bndbox>
    <attributes>
      <attribute>
        <name>keyframe</name>
        <value>True</value>
      </attribute>
      <attribute>
        <name>track_id</name>
        <value>203</value>
      </attribute>
    </attributes>
  </object>
  <object>
    <name>vehicule</name>
    <occluded>0</occluded>
    <bndbox>
      <xmin>1022.268737492303</xmin>
      <ymin>788.6305418719215</ymin>
      <xmax>1095.532604679804</xmax>
      <ymax>831.5081402069242</ymax>
    </bndbox>
    <attributes>
      <attribute>
        <name>keyframe</name>
        <value>True</value>
      </attribute>
      <attribute>
        <name>track_id</name>
        <value>204</value>
      </attribute>
    </attributes>
  </object>
  <object>
    <name>vehicule</name>
    <occluded>0</occluded>
    <bndbox>
      <xmin>1140.665492366583</xmin>
      <ymin>804.7780628805516</ymin>
      <xmax>1202.2154893148238</xmax>
      <ymax>854.2895863180523</ymax>
    </bndbox>
    <attributes>
      <attribute>
        <name>keyframe</name>
        <value>True</value>
      </attribute>
      <attribute>
        <name>track_id</name>
        <value>207</value>
      </attribute>
    </attributes>
  </object>
  <object>
    <name>vehicule</name>
    <occluded>0</occluded>
    <bndbox>
      <xmin>1001.1446986607147</xmin>
      <ymin>878.4377790178571</ymin>
      <xmax>1074.7548828125</xmax>
      <ymax>935.8819165910993</ymax>
    </bndbox>
    <attributes>
      <attribute>
        <name>keyframe</name>
        <value>True</value>
      </attribute>
      <attribute>
        <name>track_id</name>
        <value>219</value>
      </attribute>
    </attributes>
  </object>
  <object>
    <name>vehicule</name>
    <occluded>0</occluded>
    <bndbox>
      <xmin>1050.8681919642859</xmin>
      <ymin>903.0621930803578</ymin>
      <xmax>1138.9293760027213</xmax>
      <ymax>967.5181732177734</ymax>
    </bndbox>
    <attributes>
      <attribute>
        <name>keyframe</name>
        <value>True</value>
      </attribute>
      <attribute>
        <name>track_id</name>
        <value>233</value>
      </attribute>
    </attributes>
  </object>
  <object>
    <name>vehicule</name>
    <occluded>0</occluded>
    <bndbox>
      <xmin>908.9651227678571</xmin>
      <ymin>956.2166573660714</ymin>
      <xmax>1032.5922589983259</xmax>
      <ymax>1018.9172433035718</ymax>
    </bndbox>
    <attributes>
      <attribute>
        <name>keyframe</name>
        <value>True</value>
      </attribute>
      <attribute>
        <name>track_id</name>
        <value>235</value>
      </attribute>
    </attributes>
  </object>
  <object>
    <name>vehicule</name>
    <occluded>0</occluded>
    <bndbox>
      <xmin>712.053496570122</xmin>
      <ymin>996.7672256097562</ymin>
      <xmax>868.765410632622</xmax>
      <ymax>1057.6431991204977</ymax>
    </bndbox>
    <attributes>
      <attribute>
        <name>keyframe</name>
        <value>True</value>
      </attribute>
      <attribute>
        <name>track_id</name>
        <value>241</value>
      </attribute>
    </attributes>
  </object>
  <object>
    <name>vehicule</name>
    <occluded>0</occluded>
    <bndbox>
      <xmin>81.70892693014706</xmin>
      <ymin>880.8460477941177</ymin>
      <xmax>225.68138481588926</xmax>
      <ymax>937.4571310155521</ymax>
    </bndbox>
    <attributes>
      <attribute>
        <name>keyframe</name>
        <value>True</value>
      </attribute>
      <attribute>
        <name>track_id</name>
        <value>260</value>
      </attribute>
    </attributes>
  </object>
  <object>
    <name>vehicule</name>
    <occluded>0</occluded>
    <bndbox>
      <xmin>285.8317073170735</xmin>
      <ymin>853.0613805259146</ymin>
      <xmax>411.00046342058766</xmax>
      <ymax>911.0763158286483</ymax>
    </bndbox>
    <attributes>
      <attribute>
        <name>keyframe</name>
        <value>True</value>
      </attribute>
      <attribute>
        <name>track_id</name>
        <value>262</value>
      </attribute>
    </attributes>
  </object>
  <object>
    <name>vehicule</name>
    <occluded>0</occluded>
    <bndbox>
      <xmin>1221.9482421875</xmin>
      <ymin>833.5331433354592</ymin>
      <xmax>1290.5</xmax>
      <ymax>900.1561866812156</ymax>
    </bndbox>
    <attributes>
      <attribute>
        <name>keyframe</name>
        <value>True</value>
      </attribute>
      <attribute>
        <name>track_id</name>
        <value>264</value>
      </attribute>
    </attributes>
  </object>
  <object>
    <name>vehicule</name>
    <occluded>0</occluded>
    <bndbox>
      <xmin>1886.1586216517858</xmin>
      <ymin>750.2259765625006</ymin>
      <xmax>1955.4000000000015</xmax>
      <ymax>790.2445370265411</ymax>
    </bndbox>
    <attributes>
      <attribute>
        <name>keyframe</name>
        <value>True</value>
      </attribute>
      <attribute>
        <name>track_id</name>
        <value>267</value>
      </attribute>
    </attributes>
  </object>
  <object>
    <name>vehicule</name>
    <occluded>0</occluded>
    <bndbox>
      <xmin>1152.79512195122</xmin>
      <ymin>897.0759098704268</ymin>
      <xmax>1223.7655233987948</xmax>
      <ymax>951.9677029307288</ymax>
    </bndbox>
    <attributes>
      <attribute>
        <name>keyframe</name>
        <value>True</value>
      </attribute>
      <attribute>
        <name>track_id</name>
        <value>269</value>
      </attribute>
    </attributes>
  </object>
  <object>
    <name>vehicule</name>
    <occluded>0</occluded>
    <bndbox>
      <xmin>472.5343783103814</xmin>
      <ymin>833.4916578389831</ymin>
      <xmax>577.8054720603828</xmax>
      <ymax>884.3772977925956</ymax>
    </bndbox>
    <attributes>
      <attribute>
        <name>keyframe</name>
        <value>True</value>
      </attribute>
      <attribute>
        <name>track_id</name>
        <value>270</value>
      </attribute>
    </attributes>
  </object>
  <object>
    <name>vehicule</name>
    <occluded>0</occluded>
    <bndbox>
      <xmin>606.5384632457386</xmin>
      <ymin>816.8748979048296</ymin>
      <xmax>702.5027244741267</xmax>
      <ymax>861.4687437577682</ymax>
    </bndbox>
    <attributes>
      <attribute>
        <name>keyframe</name>
        <value>True</value>
      </attribute>
      <attribute>
        <name>track_id</name>
        <value>271</value>
      </attribute>
    </attributes>
  </object>
  <object>
    <name>vehicule</name>
    <occluded>0</occluded>
    <bndbox>
      <xmin>1803.5120814732145</xmin>
      <ymin>791.2260044642857</ymin>
      <xmax>1878.0241727556495</xmax>
      <ymax>832.0030135018484</ymax>
    </bndbox>
    <attributes>
      <attribute>
        <name>keyframe</name>
        <value>True</value>
      </attribute>
      <attribute>
        <name>track_id</name>
        <value>272</value>
      </attribute>
    </attributes>
  </object>
  <object>
    <name>vehicule</name>
    <occluded>0</occluded>
    <bndbox>
      <xmin>1627.2000000000012</xmin>
      <ymin>803.4768415178571</ymin>
      <xmax>1713.4974975585938</xmax>
      <ymax>858.0456194196439</ymax>
    </bndbox>
    <attributes>
      <attribute>
        <name>keyframe</name>
        <value>True</value>
      </attribute>
      <attribute>
        <name>track_id</name>
        <value>273</value>
      </attribute>
    </attributes>
  </object>
  <object>
    <name>vehicule</name>
    <occluded>0</occluded>
    <bndbox>
      <xmin>480.37220982142856</xmin>
      <ymin>1048.4458705357142</ymin>
      <xmax>660.2753317696707</xmax>
      <ymax>1130.5568080357157</ymax>
    </bndbox>
    <attributes>
      <attribute>
        <name>keyframe</name>
        <value>True</value>
      </attribute>
      <attribute>
        <name>track_id</name>
        <value>274</value>
      </attribute>
    </attributes>
  </object>
  <object>
    <name>vehicule</name>
    <occluded>0</occluded>
    <bndbox>
      <xmin>729.6085815429688</xmin>
      <ymin>806.3828735351562</ymin>
      <xmax>816.0224487304695</xmax>
      <ymax>849.5372627258294</ymax>
    </bndbox>
    <attributes>
      <attribute>
        <name>keyframe</name>
        <value>True</value>
      </attribute>
      <attribute>
        <name>track_id</name>
        <value>275</value>
      </attribute>
    </attributes>
  </object>
  <object>
    <name>vehicule</name>
    <occluded>0</occluded>
    <bndbox>
      <xmin>1483.9142857142863</xmin>
      <ymin>852.3331473214286</ymin>
      <xmax>1585.6151210239955</xmax>
      <ymax>903.4571428571435</ymax>
    </bndbox>
    <attributes>
      <attribute>
        <name>keyframe</name>
        <value>True</value>
      </attribute>
      <attribute>
        <name>track_id</name>
        <value>278</value>
      </attribute>
    </attributes>
  </object>
  <object>
    <name>vehicule</name>
    <occluded>0</occluded>
    <bndbox>
      <xmin>1040.9777901785721</xmin>
      <ymin>949.681640625</ymin>
      <xmax>1163.6135960170197</xmax>
      <ymax>1021.5257812500004</ymax>
    </bndbox>
    <attributes>
      <attribute>
        <name>keyframe</name>
        <value>True</value>
      </attribute>
      <attribute>
        <name>track_id</name>
        <value>279</value>
      </attribute>
    </attributes>
  </object>
  <object>
    <name>vehicule</name>
    <occluded>0</occluded>
    <bndbox>
      <xmin>856.7517277644231</xmin>
      <ymin>782.3961989182694</ymin>
      <xmax>948.4318058894235</xmax>
      <ymax>829.4231291550855</ymax>
    </bndbox>
    <attributes>
      <attribute>
        <name>keyframe</name>
        <value>True</value>
      </attribute>
      <attribute>
        <name>track_id</name>
        <value>281</value>
      </attribute>
    </attributes>
  </object>
  <object>
    <name>vehicule</name>
    <occluded>0</occluded>
    <bndbox>
      <xmin>1281.914285714287</xmin>
      <ymin>909.681138392858</ymin>
      <xmax>1392.5653359549385</xmax>
      <ymax>978.5949768066408</ymax>
    </bndbox>
    <attributes>
      <attribute>
        <name>keyframe</name>
        <value>True</value>
      </attribute>
      <attribute>
        <name>track_id</name>
        <value>284</value>
      </attribute>
    </attributes>
  </object>
  <object>
    <name>vehicule</name>
    <occluded>0</occluded>
    <bndbox>
      <xmin>1343.9890625000005</xmin>
      <ymin>943.4499162946429</ymin>
      <xmax>1468.2322518484932</xmax>
      <ymax>1018.5410731724335</ymax>
    </bndbox>
    <attributes>
      <attribute>
        <name>keyframe</name>
        <value>True</value>
      </attribute>
      <attribute>
        <name>track_id</name>
        <value>285</value>
      </attribute>
    </attributes>
  </object>
  <object>
    <name>vehicule</name>
    <occluded>0</occluded>
    <bndbox>
      <xmin>845.3702566964286</xmin>
      <ymin>1013.2135881696429</ymin>
      <xmax>1005.8648646763397</xmax>
      <ymax>1088.793860081263</ymax>
    </bndbox>
    <attributes>
      <attribute>
        <name>keyframe</name>
        <value>True</value>
      </attribute>
      <attribute>
        <name>track_id</name>
        <value>286</value>
      </attribute>
    </attributes>
  </object>
  <object>
    <name>vehicule</name>
    <occluded>0</occluded>
    <bndbox>
      <xmin>214.02357700892856</xmin>
      <ymin>1113.4506138392858</ymin>
      <xmax>388.23861607142965</xmax>
      <ymax>1196.6982166835237</ymax>
    </bndbox>
    <attributes>
      <attribute>
        <name>keyframe</name>
        <value>True</value>
      </attribute>
      <attribute>
        <name>track_id</name>
        <value>287</value>
      </attribute>
    </attributes>
  </object>
  <object>
    <name>vehicule</name>
    <occluded>0</occluded>
    <bndbox>
      <xmin>1009.6714285714295</xmin>
      <ymin>1021.1741071428571</ymin>
      <xmax>1149.8098602294922</xmax>
      <ymax>1099.9571428571433</ymax>
    </bndbox>
    <attributes>
      <attribute>
        <name>keyframe</name>
        <value>True</value>
      </attribute>
      <attribute>
        <name>track_id</name>
        <value>289</value>
      </attribute>
    </attributes>
  </object>
  <object>
    <name>vehicule</name>
    <occluded>0</occluded>
    <bndbox>
      <xmin>1092.47509765625</xmin>
      <ymin>747.2120605468751</ymin>
      <xmax>1189.6320495605469</xmax>
      <ymax>798.0168876647947</ymax>
    </bndbox>
    <attributes>
      <attribute>
        <name>keyframe</name>
        <value>True</value>
      </attribute>
      <attribute>
        <name>track_id</name>
        <value>291</value>
      </attribute>
    </attributes>
  </object>
  <object>
    <name>vehicule</name>
    <occluded>0</occluded>
    <bndbox>
      <xmin>694.59677734375</xmin>
      <ymin>1049.28466796875</ymin>
      <xmax>867.7835518973212</xmax>
      <ymax>1144.2022181919656</ymax>
    </bndbox>
    <attributes>
      <attribute>
        <name>keyframe</name>
        <value>True</value>
      </attribute>
      <attribute>
        <name>track_id</name>
        <value>292</value>
      </attribute>
    </attributes>
  </object>
  <object>
    <name>vehicule</name>
    <occluded>0</occluded>
    <bndbox>
      <xmin>146.47698974609375</xmin>
      <ymin>839.0394531250005</ymin>
      <xmax>265.74824218750064</xmax>
      <ymax>889.7039642333984</ymax>
    </bndbox>
    <attributes>
      <attribute>
        <name>keyframe</name>
        <value>True</value>
      </attribute>
      <attribute>
        <name>track_id</name>
        <value>293</value>
      </attribute>
    </attributes>
  </object>
  <object>
    <name>vehicule</name>
    <occluded>0</occluded>
    <bndbox>
      <xmin>696.41142578125</xmin>
      <ymin>1105.18681640625</ymin>
      <xmax>888.165577697753</xmax>
      <ymax>1196.91359375</ymax>
    </bndbox>
    <attributes>
      <attribute>
        <name>keyframe</name>
        <value>True</value>
      </attribute>
      <attribute>
        <name>track_id</name>
        <value>294</value>
      </attribute>
    </attributes>
  </object>
  <object>
    <name>vehicule</name>
    <occluded>0</occluded>
    <bndbox>
      <xmin>246.4451904296875</xmin>
      <ymin>1205.5251708984379</ymin>
      <xmax>460.61692752838167</xmax>
      <ymax>1318.4745398521422</ymax>
    </bndbox>
    <attributes>
      <attribute>
        <name>keyframe</name>
        <value>True</value>
      </attribute>
      <attribute>
        <name>track_id</name>
        <value>295</value>
      </attribute>
    </attributes>
  </object>
  <object>
    <name>vehicule</name>
    <occluded>0</occluded>
    <bndbox>
      <xmin>660.8160400390625</xmin>
      <ymin>773.7177734375007</ymin>
      <xmax>755.7872018814087</xmax>
      <ymax>815.2574310302734</ymax>
    </bndbox>
    <attributes>
      <attribute>
        <name>keyframe</name>
        <value>True</value>
      </attribute>
      <attribute>
        <name>track_id</name>
        <value>296</value>
      </attribute>
    </attributes>
  </object>
  <object>
    <name>vehicule</name>
    <occluded>0</occluded>
    <bndbox>
      <xmin>402.8031005859375</xmin>
      <ymin>817.955078125</ymin>
      <xmax>519.2219314575195</xmax>
      <ymax>871.1178817749023</ymax>
    </bndbox>
    <attributes>
      <attribute>
        <name>keyframe</name>
        <value>True</value>
      </attribute>
      <attribute>
        <name>track_id</name>
        <value>297</value>
      </attribute>
    </attributes>
  </object>
  <object>
    <name>vehicule</name>
    <occluded>0</occluded>
    <bndbox>
      <xmin>144.39000976562522</xmin>
      <ymin>1179.61591796875</ymin>
      <xmax>331.97722778320315</xmax>
      <ymax>1277.7829441833499</ymax>
    </bndbox>
    <attributes>
      <attribute>
        <name>keyframe</name>
        <value>True</value>
      </attribute>
      <attribute>
        <name>track_id</name>
        <value>298</value>
      </attribute>
    </attributes>
  </object>
</annotation>
