<annotation>
  <folder>frame</folder>
  <filename>frame_004010.jpg</filename>
  <source>
    <database>Unknown</database>
    <annotation>Unknown</annotation>
    <image>Unknown</image>
  </source>
  <size>
    <width>2456</width>
    <height>2054</height>
    <depth>3</depth>
  </size>
  <segmented>0</segmented>
  <object>
    <name>vehicule</name>
    <occluded>0</occluded>
    <bndbox>
      <xmin>1030.118045691288</xmin>
      <ymin>824.4602682473776</ymin>
      <xmax>1093.4953625587875</xmax>
      <ymax>872.6053089702045</ymax>
    </bndbox>
    <attributes>
      <attribute>
        <name>keyframe</name>
        <value>True</value>
      </attribute>
      <attribute>
        <name>track_id</name>
        <value>201</value>
      </attribute>
    </attributes>
  </object>
  <object>
    <name>vehicule</name>
    <occluded>0</occluded>
    <bndbox>
      <xmin>924.3730189732142</xmin>
      <ymin>808.1776395089291</ymin>
      <xmax>1009.8665736607146</xmax>
      <ymax>852.9776417977464</ymax>
    </bndbox>
    <attributes>
      <attribute>
        <name>keyframe</name>
        <value>True</value>
      </attribute>
      <attribute>
        <name>track_id</name>
        <value>203</value>
      </attribute>
    </attributes>
  </object>
  <object>
    <name>vehicule</name>
    <occluded>0</occluded>
    <bndbox>
      <xmin>1027.673678994766</xmin>
      <ymin>791.3487684729071</ymin>
      <xmax>1100.9375461822672</xmax>
      <ymax>837.2505477003276</ymax>
    </bndbox>
    <attributes>
      <attribute>
        <name>keyframe</name>
        <value>True</value>
      </attribute>
      <attribute>
        <name>track_id</name>
        <value>204</value>
      </attribute>
    </attributes>
  </object>
  <object>
    <name>vehicule</name>
    <occluded>0</occluded>
    <bndbox>
      <xmin>1143.0230837844495</xmin>
      <ymin>807.7658941313977</ymin>
      <xmax>1204.5730807326902</xmax>
      <ymax>864.3816944512806</ymax>
    </bndbox>
    <attributes>
      <attribute>
        <name>keyframe</name>
        <value>True</value>
      </attribute>
      <attribute>
        <name>track_id</name>
        <value>207</value>
      </attribute>
    </attributes>
  </object>
  <object>
    <name>vehicule</name>
    <occluded>0</occluded>
    <bndbox>
      <xmin>977.6630859375</xmin>
      <ymin>904.5588235294126</ymin>
      <xmax>1060.6176470588234</xmax>
      <ymax>967.4475851619945</ymax>
    </bndbox>
    <attributes>
      <attribute>
        <name>keyframe</name>
        <value>True</value>
      </attribute>
      <attribute>
        <name>track_id</name>
        <value>219</value>
      </attribute>
    </attributes>
  </object>
  <object>
    <name>vehicule</name>
    <occluded>0</occluded>
    <bndbox>
      <xmin>909.1957903922872</xmin>
      <ymin>949.5754446476063</ymin>
      <xmax>1033.8489031852557</xmax>
      <ymax>1017.9969381778798</ymax>
    </bndbox>
    <attributes>
      <attribute>
        <name>keyframe</name>
        <value>True</value>
      </attribute>
      <attribute>
        <name>track_id</name>
        <value>233</value>
      </attribute>
    </attributes>
  </object>
  <object>
    <name>vehicule</name>
    <occluded>0</occluded>
    <bndbox>
      <xmin>755.7174572841726</xmin>
      <ymin>986.4524786420864</ymin>
      <xmax>889.3350354091712</xmax>
      <ymax>1053.0449713178662</ymax>
    </bndbox>
    <attributes>
      <attribute>
        <name>keyframe</name>
        <value>True</value>
      </attribute>
      <attribute>
        <name>track_id</name>
        <value>235</value>
      </attribute>
    </attributes>
  </object>
  <object>
    <name>vehicule</name>
    <occluded>0</occluded>
    <bndbox>
      <xmin>557.7284330985915</xmin>
      <ymin>1024.944842099472</ymin>
      <xmax>728.2929899833564</xmax>
      <ymax>1093.7572564138488</ymax>
    </bndbox>
    <attributes>
      <attribute>
        <name>keyframe</name>
        <value>True</value>
      </attribute>
      <attribute>
        <name>track_id</name>
        <value>241</value>
      </attribute>
    </attributes>
  </object>
  <object>
    <name>vehicule</name>
    <occluded>0</occluded>
    <bndbox>
      <xmin>1822.5426635742194</xmin>
      <ymin>783.7398071289062</ymin>
      <xmax>1897.8176620483398</xmax>
      <ymax>826.6286743164073</ymax>
    </bndbox>
    <attributes>
      <attribute>
        <name>keyframe</name>
        <value>True</value>
      </attribute>
      <attribute>
        <name>track_id</name>
        <value>250</value>
      </attribute>
    </attributes>
  </object>
  <object>
    <name>vehicule</name>
    <occluded>0</occluded>
    <bndbox>
      <xmin>1779.0</xmin>
      <ymin>748.7000000000007</ymin>
      <xmax>1837.9724578857422</xmax>
      <ymax>802.626953125</ymax>
    </bndbox>
    <attributes>
      <attribute>
        <name>keyframe</name>
        <value>True</value>
      </attribute>
      <attribute>
        <name>track_id</name>
        <value>251</value>
      </attribute>
    </attributes>
  </object>
  <object>
    <name>vehicule</name>
    <occluded>0</occluded>
    <bndbox>
      <xmin>1610.5768798828126</xmin>
      <ymin>822.0090942382812</ymin>
      <xmax>1697.1911869049077</xmax>
      <ymax>875.5915161132816</ymax>
    </bndbox>
    <attributes>
      <attribute>
        <name>keyframe</name>
        <value>True</value>
      </attribute>
      <attribute>
        <name>track_id</name>
        <value>252</value>
      </attribute>
    </attributes>
  </object>
  <object>
    <name>vehicule</name>
    <occluded>0</occluded>
    <bndbox>
      <xmin>116.93365885416667</xmin>
      <ymin>881.1461588541666</ymin>
      <xmax>247.7930468750003</xmax>
      <ymax>947.2959421793608</ymax>
    </bndbox>
    <attributes>
      <attribute>
        <name>keyframe</name>
        <value>True</value>
      </attribute>
      <attribute>
        <name>track_id</name>
        <value>253</value>
      </attribute>
    </attributes>
  </object>
  <object>
    <name>vehicule</name>
    <occluded>0</occluded>
    <bndbox>
      <xmin>0.0</xmin>
      <ymin>833.8000000000011</ymin>
      <xmax>163.5</xmax>
      <ymax>913.5775680541992</ymax>
    </bndbox>
    <attributes>
      <attribute>
        <name>keyframe</name>
        <value>True</value>
      </attribute>
      <attribute>
        <name>track_id</name>
        <value>255</value>
      </attribute>
    </attributes>
  </object>
  <object>
    <name>vehicule</name>
    <occluded>0</occluded>
    <bndbox>
      <xmin>1466.235974121094</xmin>
      <ymin>863.2119140625</ymin>
      <xmax>1578.8024172782905</xmax>
      <ymax>935.3341186523442</ymax>
    </bndbox>
    <attributes>
      <attribute>
        <name>keyframe</name>
        <value>True</value>
      </attribute>
      <attribute>
        <name>track_id</name>
        <value>256</value>
      </attribute>
    </attributes>
  </object>
  <object>
    <name>vehicule</name>
    <occluded>0</occluded>
    <bndbox>
      <xmin>1421.2167846679688</xmin>
      <ymin>838.443750000001</ymin>
      <xmax>1530.982568264008</xmax>
      <ymax>899.5643570423126</ymax>
    </bndbox>
    <attributes>
      <attribute>
        <name>keyframe</name>
        <value>True</value>
      </attribute>
      <attribute>
        <name>track_id</name>
        <value>257</value>
      </attribute>
    </attributes>
  </object>
  <object>
    <name>vehicule</name>
    <occluded>0</occluded>
    <bndbox>
      <xmin>1383.4443359375</xmin>
      <ymin>907.8802490234375</ymin>
      <xmax>1458.6968750000015</xmax>
      <ymax>977.9200927734382</ymax>
    </bndbox>
    <attributes>
      <attribute>
        <name>keyframe</name>
        <value>True</value>
      </attribute>
      <attribute>
        <name>track_id</name>
        <value>258</value>
      </attribute>
    </attributes>
  </object>
  <object>
    <name>vehicule</name>
    <occluded>0</occluded>
    <bndbox>
      <xmin>323.60980902777777</xmin>
      <ymin>851.8202256944447</ymin>
      <xmax>423.9219184027786</xmax>
      <ymax>907.5322274102105</ymax>
    </bndbox>
    <attributes>
      <attribute>
        <name>keyframe</name>
        <value>True</value>
      </attribute>
      <attribute>
        <name>track_id</name>
        <value>259</value>
      </attribute>
    </attributes>
  </object>
  <object>
    <name>vehicule</name>
    <occluded>0</occluded>
    <bndbox>
      <xmin>605.2108289930555</xmin>
      <ymin>808.9770833333338</ymin>
      <xmax>728.8487630208342</xmax>
      <ymax>860.2963909573019</ymax>
    </bndbox>
    <attributes>
      <attribute>
        <name>keyframe</name>
        <value>True</value>
      </attribute>
      <attribute>
        <name>track_id</name>
        <value>260</value>
      </attribute>
    </attributes>
  </object>
  <object>
    <name>vehicule</name>
    <occluded>0</occluded>
    <bndbox>
      <xmin>1216.6681396484375</xmin>
      <ymin>920.6351318359375</ymin>
      <xmax>1338.177359104156</xmax>
      <ymax>993.4807495117202</ymax>
    </bndbox>
    <attributes>
      <attribute>
        <name>keyframe</name>
        <value>True</value>
      </attribute>
      <attribute>
        <name>track_id</name>
        <value>261</value>
      </attribute>
    </attributes>
  </object>
  <object>
    <name>vehicule</name>
    <occluded>0</occluded>
    <bndbox>
      <xmin>816.3374565972222</xmin>
      <ymin>776.3745876736115</ymin>
      <xmax>924.2475474039716</xmax>
      <ymax>829.0997009277344</ymax>
    </bndbox>
    <attributes>
      <attribute>
        <name>keyframe</name>
        <value>True</value>
      </attribute>
      <attribute>
        <name>track_id</name>
        <value>262</value>
      </attribute>
    </attributes>
  </object>
  <object>
    <name>vehicule</name>
    <occluded>0</occluded>
    <bndbox>
      <xmin>1109.4923706054688</xmin>
      <ymin>982.1937255859375</ymin>
      <xmax>1243.4796752929688</xmax>
      <ymax>1063.120092773439</ymax>
    </bndbox>
    <attributes>
      <attribute>
        <name>keyframe</name>
        <value>True</value>
      </attribute>
      <attribute>
        <name>track_id</name>
        <value>263</value>
      </attribute>
    </attributes>
  </object>
  <object>
    <name>vehicule</name>
    <occluded>0</occluded>
    <bndbox>
      <xmin>850.94580078125</xmin>
      <ymin>994.1904296875</ymin>
      <xmax>1023.7827377319333</xmax>
      <ymax>1085.1426147460943</ymax>
    </bndbox>
    <attributes>
      <attribute>
        <name>keyframe</name>
        <value>True</value>
      </attribute>
      <attribute>
        <name>track_id</name>
        <value>264</value>
      </attribute>
    </attributes>
  </object>
  <object>
    <name>vehicule</name>
    <occluded>0</occluded>
    <bndbox>
      <xmin>526.7653862847227</xmin>
      <ymin>1099.3678385416667</ymin>
      <xmax>717.1455366346563</xmax>
      <ymax>1193.354543219673</ymax>
    </bndbox>
    <attributes>
      <attribute>
        <name>keyframe</name>
        <value>True</value>
      </attribute>
      <attribute>
        <name>track_id</name>
        <value>267</value>
      </attribute>
    </attributes>
  </object>
  <object>
    <name>vehicule</name>
    <occluded>0</occluded>
    <bndbox>
      <xmin>693.525390625</xmin>
      <ymin>1107.5344848632812</ymin>
      <xmax>883.4125000000004</xmax>
      <ymax>1209.4500000000014</ymax>
    </bndbox>
    <attributes>
      <attribute>
        <name>keyframe</name>
        <value>True</value>
      </attribute>
      <attribute>
        <name>track_id</name>
        <value>268</value>
      </attribute>
    </attributes>
  </object>
  <object>
    <name>vehicule</name>
    <occluded>0</occluded>
    <bndbox>
      <xmin>293.95084635416663</xmin>
      <ymin>1114.0376519097222</ymin>
      <xmax>474.7217261420358</xmax>
      <ymax>1200.8912438286675</ymax>
    </bndbox>
    <attributes>
      <attribute>
        <name>keyframe</name>
        <value>True</value>
      </attribute>
      <attribute>
        <name>track_id</name>
        <value>269</value>
      </attribute>
    </attributes>
  </object>
  <object>
    <name>vehicule</name>
    <occluded>0</occluded>
    <bndbox>
      <xmin>1000.8664279513889</xmin>
      <ymin>764.2105034722222</ymin>
      <xmax>1100.7480578952366</xmax>
      <ymax>805.031689537896</ymax>
    </bndbox>
    <attributes>
      <attribute>
        <name>keyframe</name>
        <value>True</value>
      </attribute>
      <attribute>
        <name>track_id</name>
        <value>270</value>
      </attribute>
    </attributes>
  </object>
  <object>
    <name>vehicule</name>
    <occluded>0</occluded>
    <bndbox>
      <xmin>1127.866427951389</xmin>
      <ymin>749.7349175347222</ymin>
      <xmax>1223.405376010471</xmax>
      <ymax>793.1617134941948</ymax>
    </bndbox>
    <attributes>
      <attribute>
        <name>keyframe</name>
        <value>True</value>
      </attribute>
      <attribute>
        <name>track_id</name>
        <value>271</value>
      </attribute>
    </attributes>
  </object>
  <object>
    <name>vehicule</name>
    <occluded>0</occluded>
    <bndbox>
      <xmin>225.004638671875</xmin>
      <ymin>1227.7187744140624</ymin>
      <xmax>476.0656517028809</xmax>
      <ymax>1338.1860885620117</ymax>
    </bndbox>
    <attributes>
      <attribute>
        <name>keyframe</name>
        <value>True</value>
      </attribute>
      <attribute>
        <name>track_id</name>
        <value>272</value>
      </attribute>
    </attributes>
  </object>
  <object>
    <name>vehicule</name>
    <occluded>0</occluded>
    <bndbox>
      <xmin>122.3551025390625</xmin>
      <ymin>1190.1541748046875</ymin>
      <xmax>340.57460021972656</xmax>
      <ymax>1285.6931228637695</ymax>
    </bndbox>
    <attributes>
      <attribute>
        <name>keyframe</name>
        <value>True</value>
      </attribute>
      <attribute>
        <name>track_id</name>
        <value>273</value>
      </attribute>
    </attributes>
  </object>
  <object>
    <name>vehicule</name>
    <occluded>0</occluded>
    <bndbox>
      <xmin>364.76178385416665</xmin>
      <ymin>801.9557942708333</ymin>
      <xmax>461.07120920817056</xmax>
      <ymax>863.5938252766927</ymax>
    </bndbox>
    <attributes>
      <attribute>
        <name>keyframe</name>
        <value>True</value>
      </attribute>
      <attribute>
        <name>track_id</name>
        <value>280</value>
      </attribute>
    </attributes>
  </object>
</annotation>
