<annotation>
  <folder>frame</folder>
  <filename>frame_004871.jpg</filename>
  <source>
    <database>Unknown</database>
    <annotation>Unknown</annotation>
    <image>Unknown</image>
  </source>
  <size>
    <width>2456</width>
    <height>2054</height>
    <depth>3</depth>
  </size>
  <segmented>0</segmented>
  <object>
    <name>vehicule</name>
    <occluded>0</occluded>
    <bndbox>
      <xmin>943.370703125</xmin>
      <ymin>800.3256250000002</ymin>
      <xmax>1018.4671875000007</xmax>
      <ymax>858.1273812866209</ymax>
    </bndbox>
    <attributes>
      <attribute>
        <name>keyframe</name>
        <value>True</value>
      </attribute>
      <attribute>
        <name>track_id</name>
        <value>274</value>
      </attribute>
    </attributes>
  </object>
  <object>
    <name>vehicule</name>
    <occluded>0</occluded>
    <bndbox>
      <xmin>1019.123046875</xmin>
      <ymin>776.2373828125004</ymin>
      <xmax>1091.2209747314457</xmax>
      <ymax>827.9025404357908</ymax>
    </bndbox>
    <attributes>
      <attribute>
        <name>keyframe</name>
        <value>True</value>
      </attribute>
      <attribute>
        <name>track_id</name>
        <value>287</value>
      </attribute>
    </attributes>
  </object>
  <object>
    <name>vehicule</name>
    <occluded>0</occluded>
    <bndbox>
      <xmin>109.03556116615853</xmin>
      <ymin>892.5596417682926</ymin>
      <xmax>228.5767244664641</xmax>
      <ymax>950.6792467629037</ymax>
    </bndbox>
    <attributes>
      <attribute>
        <name>keyframe</name>
        <value>True</value>
      </attribute>
      <attribute>
        <name>track_id</name>
        <value>316</value>
      </attribute>
    </attributes>
  </object>
  <object>
    <name>vehicule</name>
    <occluded>0</occluded>
    <bndbox>
      <xmin>941.0200000000008</xmin>
      <ymin>925.5208593750009</ymin>
      <xmax>1052.5035705566406</xmax>
      <ymax>997.6139291381842</ymax>
    </bndbox>
    <attributes>
      <attribute>
        <name>keyframe</name>
        <value>True</value>
      </attribute>
      <attribute>
        <name>track_id</name>
        <value>320</value>
      </attribute>
    </attributes>
  </object>
  <object>
    <name>vehicule</name>
    <occluded>0</occluded>
    <bndbox>
      <xmin>406.207793445122</xmin>
      <ymin>845.5497332317074</ymin>
      <xmax>527.7978325076231</xmax>
      <ymax>896.6443949443538</ymax>
    </bndbox>
    <attributes>
      <attribute>
        <name>keyframe</name>
        <value>True</value>
      </attribute>
      <attribute>
        <name>track_id</name>
        <value>325</value>
      </attribute>
    </attributes>
  </object>
  <object>
    <name>vehicule</name>
    <occluded>0</occluded>
    <bndbox>
      <xmin>668.4108203125004</xmin>
      <ymin>994.165625</ymin>
      <xmax>834.1700122070306</xmax>
      <ymax>1073.8103280639655</ymax>
    </bndbox>
    <attributes>
      <attribute>
        <name>keyframe</name>
        <value>True</value>
      </attribute>
      <attribute>
        <name>track_id</name>
        <value>328</value>
      </attribute>
    </attributes>
  </object>
  <object>
    <name>vehicule</name>
    <occluded>0</occluded>
    <bndbox>
      <xmin>1102.90625</xmin>
      <ymin>773.1451171875</ymin>
      <xmax>1186.103121948241</xmax>
      <ymax>832.4917938232414</ymax>
    </bndbox>
    <attributes>
      <attribute>
        <name>keyframe</name>
        <value>True</value>
      </attribute>
      <attribute>
        <name>track_id</name>
        <value>331</value>
      </attribute>
    </attributes>
  </object>
  <object>
    <name>vehicule</name>
    <occluded>0</occluded>
    <bndbox>
      <xmin>572.5772722271126</xmin>
      <ymin>824.5312912632043</ymin>
      <xmax>671.1462175396141</xmax>
      <ymax>871.5525376010945</ymax>
    </bndbox>
    <attributes>
      <attribute>
        <name>keyframe</name>
        <value>True</value>
      </attribute>
      <attribute>
        <name>track_id</name>
        <value>334</value>
      </attribute>
    </attributes>
  </object>
  <object>
    <name>vehicule</name>
    <occluded>0</occluded>
    <bndbox>
      <xmin>465.25632812500044</xmin>
      <ymin>1027.908203125</ymin>
      <xmax>657.7167999267579</xmax>
      <ymax>1129.6529440307615</ymax>
    </bndbox>
    <attributes>
      <attribute>
        <name>keyframe</name>
        <value>True</value>
      </attribute>
      <attribute>
        <name>track_id</name>
        <value>336</value>
      </attribute>
    </attributes>
  </object>
  <object>
    <name>vehicule</name>
    <occluded>0</occluded>
    <bndbox>
      <xmin>1031.400156250001</xmin>
      <ymin>854.5904296875</ymin>
      <xmax>1094.8447378540034</xmax>
      <ymax>914.9945281982422</ymax>
    </bndbox>
    <attributes>
      <attribute>
        <name>keyframe</name>
        <value>True</value>
      </attribute>
      <attribute>
        <name>track_id</name>
        <value>340</value>
      </attribute>
    </attributes>
  </object>
  <object>
    <name>vehicule</name>
    <occluded>0</occluded>
    <bndbox>
      <xmin>1128.8859375</xmin>
      <ymin>824.012890625</ymin>
      <xmax>1212.972264099121</xmax>
      <ymax>884.0808593750014</ymax>
    </bndbox>
    <attributes>
      <attribute>
        <name>keyframe</name>
        <value>True</value>
      </attribute>
      <attribute>
        <name>track_id</name>
        <value>343</value>
      </attribute>
    </attributes>
  </object>
  <object>
    <name>vehicule</name>
    <occluded>0</occluded>
    <bndbox>
      <xmin>1369.416215945513</xmin>
      <ymin>859.7310196314103</ymin>
      <xmax>1473.139848758013</xmax>
      <ymax>922.782582131411</ymax>
    </bndbox>
    <attributes>
      <attribute>
        <name>keyframe</name>
        <value>True</value>
      </attribute>
      <attribute>
        <name>track_id</name>
        <value>344</value>
      </attribute>
    </attributes>
  </object>
  <object>
    <name>vehicule</name>
    <occluded>0</occluded>
    <bndbox>
      <xmin>1106.8853515625</xmin>
      <ymin>872.1834375000005</ymin>
      <xmax>1184.160000000001</xmax>
      <ymax>943.5412097167973</ymax>
    </bndbox>
    <attributes>
      <attribute>
        <name>keyframe</name>
        <value>True</value>
      </attribute>
      <attribute>
        <name>track_id</name>
        <value>345</value>
      </attribute>
    </attributes>
  </object>
  <object>
    <name>vehicule</name>
    <occluded>0</occluded>
    <bndbox>
      <xmin>790.4255859375</xmin>
      <ymin>1016.6068750000006</ymin>
      <xmax>952.1633593750005</xmax>
      <ymax>1079.5503912353524</ymax>
    </bndbox>
    <attributes>
      <attribute>
        <name>keyframe</name>
        <value>True</value>
      </attribute>
      <attribute>
        <name>track_id</name>
        <value>348</value>
      </attribute>
    </attributes>
  </object>
  <object>
    <name>vehicule</name>
    <occluded>0</occluded>
    <bndbox>
      <xmin>926.600390625</xmin>
      <ymin>936.701171875</ymin>
      <xmax>1235.2400000000002</xmax>
      <ymax>1171.940000000001</ymax>
    </bndbox>
    <attributes>
      <attribute>
        <name>keyframe</name>
        <value>True</value>
      </attribute>
      <attribute>
        <name>track_id</name>
        <value>349</value>
      </attribute>
    </attributes>
  </object>
  <object>
    <name>vehicule</name>
    <occluded>0</occluded>
    <bndbox>
      <xmin>495.1248046875</xmin>
      <ymin>1154.2457421875006</ymin>
      <xmax>682.2281329345697</xmax>
      <ymax>1252.2421929931631</ymax>
    </bndbox>
    <attributes>
      <attribute>
        <name>keyframe</name>
        <value>True</value>
      </attribute>
      <attribute>
        <name>track_id</name>
        <value>350</value>
      </attribute>
    </attributes>
  </object>
  <object>
    <name>vehicule</name>
    <occluded>0</occluded>
    <bndbox>
      <xmin>229.4250950168919</xmin>
      <ymin>1088.2152924408783</ymin>
      <xmax>409.16159098857156</xmax>
      <ymax>1189.4002823700775</ymax>
    </bndbox>
    <attributes>
      <attribute>
        <name>keyframe</name>
        <value>True</value>
      </attribute>
      <attribute>
        <name>track_id</name>
        <value>351</value>
      </attribute>
    </attributes>
  </object>
  <object>
    <name>vehicule</name>
    <occluded>0</occluded>
    <bndbox>
      <xmin>775.25625</xmin>
      <ymin>1065.75390625</ymin>
      <xmax>915.5598236083985</xmax>
      <ymax>1151.794717102051</ymax>
    </bndbox>
    <attributes>
      <attribute>
        <name>keyframe</name>
        <value>True</value>
      </attribute>
      <attribute>
        <name>track_id</name>
        <value>353</value>
      </attribute>
    </attributes>
  </object>
  <object>
    <name>vehicule</name>
    <occluded>0</occluded>
    <bndbox>
      <xmin>42.5478515625</xmin>
      <ymin>1373.9296875</ymin>
      <xmax>258.35801696777344</xmax>
      <ymax>1514.1562042236328</ymax>
    </bndbox>
    <attributes>
      <attribute>
        <name>keyframe</name>
        <value>True</value>
      </attribute>
      <attribute>
        <name>track_id</name>
        <value>354</value>
      </attribute>
    </attributes>
  </object>
  <object>
    <name>vehicule</name>
    <occluded>0</occluded>
    <bndbox>
      <xmin>281.2000000000007</xmin>
      <ymin>1381.6025390625</ymin>
      <xmax>525.8833312988281</xmax>
      <ymax>1543.1000000000004</ymax>
    </bndbox>
    <attributes>
      <attribute>
        <name>keyframe</name>
        <value>True</value>
      </attribute>
      <attribute>
        <name>track_id</name>
        <value>355</value>
      </attribute>
    </attributes>
  </object>
  <object>
    <name>vehicule</name>
    <occluded>0</occluded>
    <bndbox>
      <xmin>268.048828125</xmin>
      <ymin>857.0950683593755</ymin>
      <xmax>388.4072265625</xmax>
      <ymax>911.4724380493162</ymax>
    </bndbox>
    <attributes>
      <attribute>
        <name>keyframe</name>
        <value>True</value>
      </attribute>
      <attribute>
        <name>track_id</name>
        <value>357</value>
      </attribute>
    </attributes>
  </object>
</annotation>
