<annotation>
  <folder>frame</folder>
  <filename>frame_002087.jpg</filename>
  <source>
    <database>Unknown</database>
    <annotation>Unknown</annotation>
    <image>Unknown</image>
  </source>
  <size>
    <width>2456</width>
    <height>2054</height>
    <depth>3</depth>
  </size>
  <segmented>0</segmented>
  <object>
    <name>vehicule</name>
    <occluded>0</occluded>
    <bndbox>
      <xmin>453.5581752232143</xmin>
      <ymin>879.7132672991072</ymin>
      <xmax>522.9771190098351</xmax>
      <ymax>919.6839711870459</ymax>
    </bndbox>
    <attributes>
      <attribute>
        <name>keyframe</name>
        <value>True</value>
      </attribute>
      <attribute>
        <name>track_id</name>
        <value>163</value>
      </attribute>
    </attributes>
  </object>
  <object>
    <name>vehicule</name>
    <occluded>0</occluded>
    <bndbox>
      <xmin>280.87841796875</xmin>
      <ymin>896.5588650173611</ymin>
      <xmax>378.24540863036964</xmax>
      <ymax>956.5024197048622</ymax>
    </bndbox>
    <attributes>
      <attribute>
        <name>keyframe</name>
        <value>True</value>
      </attribute>
      <attribute>
        <name>track_id</name>
        <value>169</value>
      </attribute>
    </attributes>
  </object>
  <object>
    <name>vehicule</name>
    <occluded>0</occluded>
    <bndbox>
      <xmin>959.3090060763892</xmin>
      <ymin>896.32177734375</ymin>
      <xmax>1075.0126542833118</xmax>
      <ymax>952.7409052530927</ymax>
    </bndbox>
    <attributes>
      <attribute>
        <name>keyframe</name>
        <value>True</value>
      </attribute>
      <attribute>
        <name>track_id</name>
        <value>184</value>
      </attribute>
    </attributes>
  </object>
  <object>
    <name>vehicule</name>
    <occluded>0</occluded>
    <bndbox>
      <xmin>529.4613909040179</xmin>
      <ymin>845.8979143415179</ymin>
      <xmax>586.7847589765277</xmax>
      <ymax>903.2212824140277</ymax>
    </bndbox>
    <attributes>
      <attribute>
        <name>keyframe</name>
        <value>True</value>
      </attribute>
      <attribute>
        <name>track_id</name>
        <value>191</value>
      </attribute>
    </attributes>
  </object>
  <object>
    <name>vehicule</name>
    <occluded>0</occluded>
    <bndbox>
      <xmin>182.97523716517856</xmin>
      <ymin>893.3723353794643</ymin>
      <xmax>290.32628086635043</xmax>
      <ymax>942.3577632359096</ymax>
    </bndbox>
    <attributes>
      <attribute>
        <name>keyframe</name>
        <value>True</value>
      </attribute>
      <attribute>
        <name>track_id</name>
        <value>193</value>
      </attribute>
    </attributes>
  </object>
  <object>
    <name>vehicule</name>
    <occluded>0</occluded>
    <bndbox>
      <xmin>673.4081054687501</xmin>
      <ymin>978.378662109375</ymin>
      <xmax>811.230175781249</xmax>
      <ymax>1052.549560546875</ymax>
    </bndbox>
    <attributes>
      <attribute>
        <name>keyframe</name>
        <value>True</value>
      </attribute>
      <attribute>
        <name>track_id</name>
        <value>194</value>
      </attribute>
    </attributes>
  </object>
  <object>
    <name>vehicule</name>
    <occluded>0</occluded>
    <bndbox>
      <xmin>0.0</xmin>
      <ymin>917.619140625</ymin>
      <xmax>79.31191406250036</xmax>
      <ymax>988.7236000061021</ymax>
    </bndbox>
    <attributes>
      <attribute>
        <name>keyframe</name>
        <value>True</value>
      </attribute>
      <attribute>
        <name>track_id</name>
        <value>195</value>
      </attribute>
    </attributes>
  </object>
  <object>
    <name>vehicule</name>
    <occluded>0</occluded>
    <bndbox>
      <xmin>87.8837890625</xmin>
      <ymin>858.2133544921878</ymin>
      <xmax>198.16273231506443</xmax>
      <ymax>924.4751472473145</ymax>
    </bndbox>
    <attributes>
      <attribute>
        <name>keyframe</name>
        <value>True</value>
      </attribute>
      <attribute>
        <name>track_id</name>
        <value>196</value>
      </attribute>
    </attributes>
  </object>
  <object>
    <name>vehicule</name>
    <occluded>0</occluded>
    <bndbox>
      <xmin>284.2447916666667</xmin>
      <ymin>827.0983072916666</ymin>
      <xmax>362.1516596476237</xmax>
      <ymax>882.8896776835123</ymax>
    </bndbox>
    <attributes>
      <attribute>
        <name>keyframe</name>
        <value>True</value>
      </attribute>
      <attribute>
        <name>track_id</name>
        <value>197</value>
      </attribute>
    </attributes>
  </object>
</annotation>
