<annotation>
  <folder>frame</folder>
  <filename>frame_003717.jpg</filename>
  <source>
    <database>Unknown</database>
    <annotation>Unknown</annotation>
    <image>Unknown</image>
  </source>
  <size>
    <width>2456</width>
    <height>2054</height>
    <depth>3</depth>
  </size>
  <segmented>0</segmented>
  <object>
    <name>vehicule</name>
    <occluded>0</occluded>
    <bndbox>
      <xmin>1049.60546875</xmin>
      <ymin>842.7332356770834</ymin>
      <xmax>1112.2455047607418</xmax>
      <ymax>896.3650746663401</ymax>
    </bndbox>
    <attributes>
      <attribute>
        <name>keyframe</name>
        <value>True</value>
      </attribute>
      <attribute>
        <name>track_id</name>
        <value>201</value>
      </attribute>
    </attributes>
  </object>
  <object>
    <name>vehicule</name>
    <occluded>0</occluded>
    <bndbox>
      <xmin>951.2690774356618</xmin>
      <ymin>813.6173138786766</ymin>
      <xmax>1031.3075662051926</xmax>
      <ymax>865.5448544670547</ymax>
    </bndbox>
    <attributes>
      <attribute>
        <name>keyframe</name>
        <value>True</value>
      </attribute>
      <attribute>
        <name>track_id</name>
        <value>203</value>
      </attribute>
    </attributes>
  </object>
  <object>
    <name>vehicule</name>
    <occluded>0</occluded>
    <bndbox>
      <xmin>1046.93505859375</xmin>
      <ymin>797.5493852095173</ymin>
      <xmax>1126.612798690795</xmax>
      <ymax>852.8079151933836</ymax>
    </bndbox>
    <attributes>
      <attribute>
        <name>keyframe</name>
        <value>True</value>
      </attribute>
      <attribute>
        <name>track_id</name>
        <value>204</value>
      </attribute>
    </attributes>
  </object>
  <object>
    <name>vehicule</name>
    <occluded>0</occluded>
    <bndbox>
      <xmin>1063.8307059151787</xmin>
      <ymin>879.5237165178571</ymin>
      <xmax>1173.3055803571435</xmax>
      <ymax>944.3236607142866</ymax>
    </bndbox>
    <attributes>
      <attribute>
        <name>keyframe</name>
        <value>True</value>
      </attribute>
      <attribute>
        <name>track_id</name>
        <value>207</value>
      </attribute>
    </attributes>
  </object>
  <object>
    <name>vehicule</name>
    <occluded>0</occluded>
    <bndbox>
      <xmin>515.6922433035714</xmin>
      <ymin>1042.5089285714287</ymin>
      <xmax>692.7901894705636</xmax>
      <ymax>1126.555406842913</ymax>
    </bndbox>
    <attributes>
      <attribute>
        <name>keyframe</name>
        <value>True</value>
      </attribute>
      <attribute>
        <name>track_id</name>
        <value>219</value>
      </attribute>
    </attributes>
  </object>
  <object>
    <name>vehicule</name>
    <occluded>0</occluded>
    <bndbox>
      <xmin>37.73402622767857</xmin>
      <ymin>895.4319196428571</ymin>
      <xmax>150.27855747768</xmax>
      <ymax>957.9108510698591</ymax>
    </bndbox>
    <attributes>
      <attribute>
        <name>keyframe</name>
        <value>True</value>
      </attribute>
      <attribute>
        <name>track_id</name>
        <value>222</value>
      </attribute>
    </attributes>
  </object>
  <object>
    <name>vehicule</name>
    <occluded>0</occluded>
    <bndbox>
      <xmin>196.14927455357144</xmin>
      <ymin>856.8533063616071</ymin>
      <xmax>324.3092354910722</xmax>
      <ymax>907.9124860491086</ymax>
    </bndbox>
    <attributes>
      <attribute>
        <name>keyframe</name>
        <value>True</value>
      </attribute>
      <attribute>
        <name>track_id</name>
        <value>223</value>
      </attribute>
    </attributes>
  </object>
  <object>
    <name>vehicule</name>
    <occluded>0</occluded>
    <bndbox>
      <xmin>334.31333705357144</xmin>
      <ymin>855.0915876116071</ymin>
      <xmax>452.044517299108</xmax>
      <ymax>908.2459874834333</ymax>
    </bndbox>
    <attributes>
      <attribute>
        <name>keyframe</name>
        <value>True</value>
      </attribute>
      <attribute>
        <name>track_id</name>
        <value>224</value>
      </attribute>
    </attributes>
  </object>
  <object>
    <name>vehicule</name>
    <occluded>0</occluded>
    <bndbox>
      <xmin>1107.5642857142866</xmin>
      <ymin>965.6067940848214</ymin>
      <xmax>1237.2191423688616</xmax>
      <ymax>1038.964285714287</ymax>
    </bndbox>
    <attributes>
      <attribute>
        <name>keyframe</name>
        <value>True</value>
      </attribute>
      <attribute>
        <name>track_id</name>
        <value>225</value>
      </attribute>
    </attributes>
  </object>
  <object>
    <name>vehicule</name>
    <occluded>0</occluded>
    <bndbox>
      <xmin>790.679931640625</xmin>
      <ymin>791.6837158203125</ymin>
      <xmax>892.8197555541992</xmax>
      <ymax>843.7958717346191</ymax>
    </bndbox>
    <attributes>
      <attribute>
        <name>keyframe</name>
        <value>True</value>
      </attribute>
      <attribute>
        <name>track_id</name>
        <value>226</value>
      </attribute>
    </attributes>
  </object>
  <object>
    <name>vehicule</name>
    <occluded>0</occluded>
    <bndbox>
      <xmin>706.3258056640625</xmin>
      <ymin>779.57861328125</ymin>
      <xmax>793.735571289064</xmax>
      <ymax>819.1838531494141</ymax>
    </bndbox>
    <attributes>
      <attribute>
        <name>keyframe</name>
        <value>True</value>
      </attribute>
      <attribute>
        <name>track_id</name>
        <value>228</value>
      </attribute>
    </attributes>
  </object>
  <object>
    <name>vehicule</name>
    <occluded>0</occluded>
    <bndbox>
      <xmin>1040.97392578125</xmin>
      <ymin>746.13349609375</ymin>
      <xmax>1130.9437896728516</xmax>
      <ymax>800.4169929504394</ymax>
    </bndbox>
    <attributes>
      <attribute>
        <name>keyframe</name>
        <value>True</value>
      </attribute>
      <attribute>
        <name>track_id</name>
        <value>229</value>
      </attribute>
    </attributes>
  </object>
  <object>
    <name>vehicule</name>
    <occluded>0</occluded>
    <bndbox>
      <xmin>1034.43916015625</xmin>
      <ymin>714.4181640625</ymin>
      <xmax>1120.8906524658203</xmax>
      <ymax>763.6754081726074</ymax>
    </bndbox>
    <attributes>
      <attribute>
        <name>keyframe</name>
        <value>True</value>
      </attribute>
      <attribute>
        <name>track_id</name>
        <value>230</value>
      </attribute>
    </attributes>
  </object>
  <object>
    <name>vehicule</name>
    <occluded>0</occluded>
    <bndbox>
      <xmin>18.595552884615387</xmin>
      <ymin>1144.5677584134614</ymin>
      <xmax>198.04396291879507</xmax>
      <ymax>1236.2851580106294</ymax>
    </bndbox>
    <attributes>
      <attribute>
        <name>keyframe</name>
        <value>True</value>
      </attribute>
      <attribute>
        <name>track_id</name>
        <value>233</value>
      </attribute>
    </attributes>
  </object>
</annotation>
