<annotation>
  <folder>frame</folder>
  <filename>frame_005196.jpg</filename>
  <source>
    <database>Unknown</database>
    <annotation>Unknown</annotation>
    <image>Unknown</image>
  </source>
  <size>
    <width>2456</width>
    <height>2054</height>
    <depth>3</depth>
  </size>
  <segmented>0</segmented>
  <object>
    <name>vehicule</name>
    <occluded>0</occluded>
    <bndbox>
      <xmin>832.1007339015151</xmin>
      <ymin>765.6959339488636</ymin>
      <xmax>923.2583556666515</xmax>
      <ymax>821.3031605113625</ymax>
    </bndbox>
    <attributes>
      <attribute>
        <name>keyframe</name>
        <value>True</value>
      </attribute>
      <attribute>
        <name>track_id</name>
        <value>274</value>
      </attribute>
    </attributes>
  </object>
  <object>
    <name>vehicule</name>
    <occluded>0</occluded>
    <bndbox>
      <xmin>1016.3870353524543</xmin>
      <ymin>797.5619113869863</ymin>
      <xmax>1075.470842725501</xmax>
      <ymax>861.8652316994877</ymax>
    </bndbox>
    <attributes>
      <attribute>
        <name>keyframe</name>
        <value>True</value>
      </attribute>
      <attribute>
        <name>track_id</name>
        <value>320</value>
      </attribute>
    </attributes>
  </object>
  <object>
    <name>vehicule</name>
    <occluded>0</occluded>
    <bndbox>
      <xmin>984.5817937077703</xmin>
      <ymin>883.4885451858108</ymin>
      <xmax>1057.8726590955564</xmax>
      <ymax>948.1801482741894</ymax>
    </bndbox>
    <attributes>
      <attribute>
        <name>keyframe</name>
        <value>True</value>
      </attribute>
      <attribute>
        <name>track_id</name>
        <value>328</value>
      </attribute>
    </attributes>
  </object>
  <object>
    <name>vehicule</name>
    <occluded>0</occluded>
    <bndbox>
      <xmin>842.8084987331082</xmin>
      <ymin>957.0649968327704</ymin>
      <xmax>1006.4743190456071</xmax>
      <ymax>1037.2411717595273</ymax>
    </bndbox>
    <attributes>
      <attribute>
        <name>keyframe</name>
        <value>True</value>
      </attribute>
      <attribute>
        <name>track_id</name>
        <value>336</value>
      </attribute>
    </attributes>
  </object>
  <object>
    <name>vehicule</name>
    <occluded>0</occluded>
    <bndbox>
      <xmin>945.2862205933989</xmin>
      <ymin>767.9049771769663</ymin>
      <xmax>1040.2344643067763</xmax>
      <ymax>822.8897374613902</ymax>
    </bndbox>
    <attributes>
      <attribute>
        <name>keyframe</name>
        <value>True</value>
      </attribute>
      <attribute>
        <name>track_id</name>
        <value>345</value>
      </attribute>
    </attributes>
  </object>
  <object>
    <name>vehicule</name>
    <occluded>0</occluded>
    <bndbox>
      <xmin>1019.7408678209459</xmin>
      <ymin>848.7686391469601</ymin>
      <xmax>1077.4931636913407</xmax>
      <ymax>907.554370777027</ymax>
    </bndbox>
    <attributes>
      <attribute>
        <name>keyframe</name>
        <value>True</value>
      </attribute>
      <attribute>
        <name>track_id</name>
        <value>348</value>
      </attribute>
    </attributes>
  </object>
  <object>
    <name>vehicule</name>
    <occluded>0</occluded>
    <bndbox>
      <xmin>922.6908353365385</xmin>
      <ymin>709.7818810096154</ymin>
      <xmax>1134.2672806490389</xmax>
      <ymax>787.6816856971158</ymax>
    </bndbox>
    <attributes>
      <attribute>
        <name>keyframe</name>
        <value>True</value>
      </attribute>
      <attribute>
        <name>track_id</name>
        <value>349</value>
      </attribute>
    </attributes>
  </object>
  <object>
    <name>vehicule</name>
    <occluded>0</occluded>
    <bndbox>
      <xmin>1001.2584987331081</xmin>
      <ymin>920.1644056165541</ymin>
      <xmax>1097.080375258987</xmax>
      <ymax>995.3450681531748</ymax>
    </bndbox>
    <attributes>
      <attribute>
        <name>keyframe</name>
        <value>True</value>
      </attribute>
      <attribute>
        <name>track_id</name>
        <value>350</value>
      </attribute>
    </attributes>
  </object>
  <object>
    <name>vehicule</name>
    <occluded>0</occluded>
    <bndbox>
      <xmin>673.836333198052</xmin>
      <ymin>1006.0738890016233</ymin>
      <xmax>841.7800174069099</xmax>
      <ymax>1077.0813429200805</ymax>
    </bndbox>
    <attributes>
      <attribute>
        <name>keyframe</name>
        <value>True</value>
      </attribute>
      <attribute>
        <name>track_id</name>
        <value>351</value>
      </attribute>
    </attributes>
  </object>
  <object>
    <name>vehicule</name>
    <occluded>0</occluded>
    <bndbox>
      <xmin>1121.8930312500008</xmin>
      <ymin>823.5761328125</ymin>
      <xmax>1179.1897704467767</xmax>
      <ymax>879.8757421875007</ymax>
    </bndbox>
    <attributes>
      <attribute>
        <name>keyframe</name>
        <value>True</value>
      </attribute>
      <attribute>
        <name>track_id</name>
        <value>356</value>
      </attribute>
    </attributes>
  </object>
  <object>
    <name>vehicule</name>
    <occluded>0</occluded>
    <bndbox>
      <xmin>1085.7724609375</xmin>
      <ymin>791.8044499577703</ymin>
      <xmax>1138.8064136402033</xmax>
      <ymax>847.0430345689929</ymax>
    </bndbox>
    <attributes>
      <attribute>
        <name>keyframe</name>
        <value>True</value>
      </attribute>
      <attribute>
        <name>track_id</name>
        <value>359</value>
      </attribute>
    </attributes>
  </object>
  <object>
    <name>vehicule</name>
    <occluded>0</occluded>
    <bndbox>
      <xmin>627.2226562500003</xmin>
      <ymin>1059.3111979166672</ymin>
      <xmax>787.5081451416012</xmax>
      <ymax>1137.4850214640294</ymax>
    </bndbox>
    <attributes>
      <attribute>
        <name>keyframe</name>
        <value>True</value>
      </attribute>
      <attribute>
        <name>track_id</name>
        <value>360</value>
      </attribute>
    </attributes>
  </object>
  <object>
    <name>vehicule</name>
    <occluded>0</occluded>
    <bndbox>
      <xmin>533.2561693948413</xmin>
      <ymin>1121.1360367063492</ymin>
      <xmax>711.7186663430824</xmax>
      <ymax>1222.817875695607</ymax>
    </bndbox>
    <attributes>
      <attribute>
        <name>keyframe</name>
        <value>True</value>
      </attribute>
      <attribute>
        <name>track_id</name>
        <value>364</value>
      </attribute>
    </attributes>
  </object>
  <object>
    <name>vehicule</name>
    <occluded>0</occluded>
    <bndbox>
      <xmin>1155.6361328125</xmin>
      <ymin>872.9511328125002</ymin>
      <xmax>1221.8439843750007</xmax>
      <ymax>918.4837310791015</ymax>
    </bndbox>
    <attributes>
      <attribute>
        <name>keyframe</name>
        <value>True</value>
      </attribute>
      <attribute>
        <name>track_id</name>
        <value>365</value>
      </attribute>
    </attributes>
  </object>
  <object>
    <name>vehicule</name>
    <occluded>0</occluded>
    <bndbox>
      <xmin>1139.673828125</xmin>
      <ymin>758.8000000000011</ymin>
      <xmax>1201.6000000000004</xmax>
      <ymax>807.3326187133789</ymax>
    </bndbox>
    <attributes>
      <attribute>
        <name>keyframe</name>
        <value>True</value>
      </attribute>
      <attribute>
        <name>track_id</name>
        <value>366</value>
      </attribute>
    </attributes>
  </object>
  <object>
    <name>vehicule</name>
    <occluded>0</occluded>
    <bndbox>
      <xmin>0.0</xmin>
      <ymin>916.1142578125</ymin>
      <xmax>113.0</xmax>
      <ymax>983.2095039367669</ymax>
    </bndbox>
    <attributes>
      <attribute>
        <name>keyframe</name>
        <value>True</value>
      </attribute>
      <attribute>
        <name>track_id</name>
        <value>367</value>
      </attribute>
    </attributes>
  </object>
  <object>
    <name>vehicule</name>
    <occluded>0</occluded>
    <bndbox>
      <xmin>1082.9421875</xmin>
      <ymin>907.6776953125002</ymin>
      <xmax>1219.3170745849607</xmax>
      <ymax>1010.871484375</ymax>
    </bndbox>
    <attributes>
      <attribute>
        <name>keyframe</name>
        <value>True</value>
      </attribute>
      <attribute>
        <name>track_id</name>
        <value>368</value>
      </attribute>
    </attributes>
  </object>
  <object>
    <name>vehicule</name>
    <occluded>0</occluded>
    <bndbox>
      <xmin>265.0052490234375</xmin>
      <ymin>1193.8919921875</ymin>
      <xmax>493.9525604248047</xmax>
      <ymax>1303.7309661865233</ymax>
    </bndbox>
    <attributes>
      <attribute>
        <name>keyframe</name>
        <value>True</value>
      </attribute>
      <attribute>
        <name>track_id</name>
        <value>369</value>
      </attribute>
    </attributes>
  </object>
  <object>
    <name>vehicule</name>
    <occluded>0</occluded>
    <bndbox>
      <xmin>1729.0</xmin>
      <ymin>790.1000000000004</ymin>
      <xmax>1814.185546875</xmax>
      <ymax>843.6970710754395</ymax>
    </bndbox>
    <attributes>
      <attribute>
        <name>keyframe</name>
        <value>True</value>
      </attribute>
      <attribute>
        <name>track_id</name>
        <value>370</value>
      </attribute>
    </attributes>
  </object>
  <object>
    <name>vehicule</name>
    <occluded>0</occluded>
    <bndbox>
      <xmin>974.04609375</xmin>
      <ymin>999.9322265625</ymin>
      <xmax>1099.5060546875</xmax>
      <ymax>1077.6738281250005</ymax>
    </bndbox>
    <attributes>
      <attribute>
        <name>keyframe</name>
        <value>True</value>
      </attribute>
      <attribute>
        <name>track_id</name>
        <value>371</value>
      </attribute>
    </attributes>
  </object>
  <object>
    <name>vehicule</name>
    <occluded>0</occluded>
    <bndbox>
      <xmin>812.0593335700758</xmin>
      <ymin>1037.953184185606</ymin>
      <xmax>930.3944367842231</xmax>
      <ymax>1095.781758811257</ymax>
    </bndbox>
    <attributes>
      <attribute>
        <name>keyframe</name>
        <value>True</value>
      </attribute>
      <attribute>
        <name>track_id</name>
        <value>372</value>
      </attribute>
    </attributes>
  </object>
  <object>
    <name>vehicule</name>
    <occluded>0</occluded>
    <bndbox>
      <xmin>1483.4111111111115</xmin>
      <ymin>874.4444444444458</ymin>
      <xmax>1580.5108337402344</xmax>
      <ymax>933.2813118828667</ymax>
    </bndbox>
    <attributes>
      <attribute>
        <name>keyframe</name>
        <value>True</value>
      </attribute>
      <attribute>
        <name>track_id</name>
        <value>373</value>
      </attribute>
    </attributes>
  </object>
  <object>
    <name>vehicule</name>
    <occluded>0</occluded>
    <bndbox>
      <xmin>233.56644154743975</xmin>
      <ymin>1294.1106692394578</ymin>
      <xmax>464.75421686747035</xmax>
      <ymax>1421.7012942394585</ymax>
    </bndbox>
    <attributes>
      <attribute>
        <name>keyframe</name>
        <value>True</value>
      </attribute>
      <attribute>
        <name>track_id</name>
        <value>374</value>
      </attribute>
    </attributes>
  </object>
  <object>
    <name>vehicule</name>
    <occluded>0</occluded>
    <bndbox>
      <xmin>229.0642578125</xmin>
      <ymin>855.6511067708333</ymin>
      <xmax>315.20768280029296</xmax>
      <ymax>907.5511884053548</ymax>
    </bndbox>
    <attributes>
      <attribute>
        <name>keyframe</name>
        <value>True</value>
      </attribute>
      <attribute>
        <name>track_id</name>
        <value>375</value>
      </attribute>
    </attributes>
  </object>
  <object>
    <name>vehicule</name>
    <occluded>0</occluded>
    <bndbox>
      <xmin>304.03394990808823</xmin>
      <ymin>1086.3312844669117</ymin>
      <xmax>461.30338960535386</xmax>
      <ymax>1169.5426263248219</ymax>
    </bndbox>
    <attributes>
      <attribute>
        <name>keyframe</name>
        <value>True</value>
      </attribute>
      <attribute>
        <name>track_id</name>
        <value>376</value>
      </attribute>
    </attributes>
  </object>
  <object>
    <name>vehicule</name>
    <occluded>0</occluded>
    <bndbox>
      <xmin>449.17486979166665</xmin>
      <ymin>818.2432942708333</ymin>
      <xmax>546.7705729166667</xmax>
      <ymax>875.5666623433431</ymax>
    </bndbox>
    <attributes>
      <attribute>
        <name>keyframe</name>
        <value>True</value>
      </attribute>
      <attribute>
        <name>track_id</name>
        <value>377</value>
      </attribute>
    </attributes>
  </object>
  <object>
    <name>vehicule</name>
    <occluded>0</occluded>
    <bndbox>
      <xmin>796.4098307291666</xmin>
      <ymin>1077.905056423611</ymin>
      <xmax>962.8580729166666</xmax>
      <ymax>1169.428493923611</ymax>
    </bndbox>
    <attributes>
      <attribute>
        <name>keyframe</name>
        <value>True</value>
      </attribute>
      <attribute>
        <name>track_id</name>
        <value>378</value>
      </attribute>
    </attributes>
  </object>
  <object>
    <name>vehicule</name>
    <occluded>0</occluded>
    <bndbox>
      <xmin>686.46337890625</xmin>
      <ymin>1164.091796875</ymin>
      <xmax>835.5702896118164</xmax>
      <ymax>1266.0523494720464</ymax>
    </bndbox>
    <attributes>
      <attribute>
        <name>keyframe</name>
        <value>True</value>
      </attribute>
      <attribute>
        <name>track_id</name>
        <value>379</value>
      </attribute>
    </attributes>
  </object>
  <object>
    <name>vehicule</name>
    <occluded>0</occluded>
    <bndbox>
      <xmin>13.534108231707316</xmin>
      <ymin>1323.8447027439033</ymin>
      <xmax>253.29372126881668</xmax>
      <ymax>1448.736732668993</ymax>
    </bndbox>
    <attributes>
      <attribute>
        <name>keyframe</name>
        <value>True</value>
      </attribute>
      <attribute>
        <name>track_id</name>
        <value>380</value>
      </attribute>
    </attributes>
  </object>
  <object>
    <name>vehicule</name>
    <occluded>0</occluded>
    <bndbox>
      <xmin>0.0</xmin>
      <ymin>1424.5283203125</ymin>
      <xmax>203.76270141601563</xmax>
      <ymax>1587.62255859375</ymax>
    </bndbox>
    <attributes>
      <attribute>
        <name>keyframe</name>
        <value>True</value>
      </attribute>
      <attribute>
        <name>track_id</name>
        <value>381</value>
      </attribute>
    </attributes>
  </object>
  <object>
    <name>vehicule</name>
    <occluded>0</occluded>
    <bndbox>
      <xmin>696.4607421875</xmin>
      <ymin>765.988671875</ymin>
      <xmax>787.6978713989258</xmax>
      <ymax>823.7743278503418</ymax>
    </bndbox>
    <attributes>
      <attribute>
        <name>keyframe</name>
        <value>True</value>
      </attribute>
      <attribute>
        <name>track_id</name>
        <value>382</value>
      </attribute>
    </attributes>
  </object>
  <object>
    <name>vehicule</name>
    <occluded>0</occluded>
    <bndbox>
      <xmin>243.88404017857204</xmin>
      <ymin>1418.3794642857142</ymin>
      <xmax>486.9678353445862</xmax>
      <ymax>1575.9560267857146</ymax>
    </bndbox>
    <attributes>
      <attribute>
        <name>keyframe</name>
        <value>True</value>
      </attribute>
      <attribute>
        <name>track_id</name>
        <value>387</value>
      </attribute>
    </attributes>
  </object>
</annotation>
