<annotation>
  <folder>frame</folder>
  <filename>frame_001420.jpg</filename>
  <source>
    <database>Unknown</database>
    <annotation>Unknown</annotation>
    <image>Unknown</image>
  </source>
  <size>
    <width>2456</width>
    <height>2054</height>
    <depth>3</depth>
  </size>
  <segmented>0</segmented>
  <object>
    <name>vehicule</name>
    <occluded>0</occluded>
    <bndbox>
      <xmin>1904.6768532526476</xmin>
      <ymin>870.602516901475</ymin>
      <xmax>1974.728055160453</xmax>
      <ymax>922.7740012764765</ymax>
    </bndbox>
    <attributes>
      <attribute>
        <name>keyframe</name>
        <value>True</value>
      </attribute>
      <attribute>
        <name>track_id</name>
        <value>0</value>
      </attribute>
    </attributes>
  </object>
  <object>
    <name>vehicule</name>
    <occluded>0</occluded>
    <bndbox>
      <xmin>2005.3292722239078</xmin>
      <ymin>857.8277173088592</ymin>
      <xmax>2080.9384519114087</xmax>
      <ymax>913.5372876213606</ymax>
    </bndbox>
    <attributes>
      <attribute>
        <name>keyframe</name>
        <value>True</value>
      </attribute>
      <attribute>
        <name>track_id</name>
        <value>24</value>
      </attribute>
    </attributes>
  </object>
  <object>
    <name>vehicule</name>
    <occluded>0</occluded>
    <bndbox>
      <xmin>2084.4585815429687</xmin>
      <ymin>877.3917504882818</ymin>
      <xmax>2141.1843627929698</xmax>
      <ymax>940.9925302124018</ymax>
    </bndbox>
    <attributes>
      <attribute>
        <name>keyframe</name>
        <value>True</value>
      </attribute>
      <attribute>
        <name>track_id</name>
        <value>26</value>
      </attribute>
    </attributes>
  </object>
  <object>
    <name>vehicule</name>
    <occluded>0</occluded>
    <bndbox>
      <xmin>2066.801971435547</xmin>
      <ymin>855.9672105872114</ymin>
      <xmax>2134.0828308105483</xmax>
      <ymax>906.746310623831</ymax>
    </bndbox>
    <attributes>
      <attribute>
        <name>keyframe</name>
        <value>True</value>
      </attribute>
      <attribute>
        <name>track_id</name>
        <value>27</value>
      </attribute>
    </attributes>
  </object>
  <object>
    <name>vehicule</name>
    <occluded>0</occluded>
    <bndbox>
      <xmin>1589.1124477735807</xmin>
      <ymin>1005.4676375057235</ymin>
      <xmax>1746.5304134718222</xmax>
      <ymax>1083.6606749202738</ymax>
    </bndbox>
    <attributes>
      <attribute>
        <name>keyframe</name>
        <value>True</value>
      </attribute>
      <attribute>
        <name>track_id</name>
        <value>30</value>
      </attribute>
    </attributes>
  </object>
  <object>
    <name>vehicule</name>
    <occluded>0</occluded>
    <bndbox>
      <xmin>1850.9086588541666</xmin>
      <ymin>1068.28046875</ymin>
      <xmax>2034.7885449218754</xmax>
      <ymax>1154.0713342285164</ymax>
    </bndbox>
    <attributes>
      <attribute>
        <name>keyframe</name>
        <value>True</value>
      </attribute>
      <attribute>
        <name>track_id</name>
        <value>32</value>
      </attribute>
    </attributes>
  </object>
  <object>
    <name>vehicule</name>
    <occluded>0</occluded>
    <bndbox>
      <xmin>2021.4348386808206</xmin>
      <ymin>912.0860269561068</ymin>
      <xmax>2112.655538754062</xmax>
      <ymax>971.5995035186075</ymax>
    </bndbox>
    <attributes>
      <attribute>
        <name>keyframe</name>
        <value>True</value>
      </attribute>
      <attribute>
        <name>track_id</name>
        <value>48</value>
      </attribute>
    </attributes>
  </object>
  <object>
    <name>vehicule</name>
    <occluded>0</occluded>
    <bndbox>
      <xmin>498.90245361328124</xmin>
      <ymin>993.1758813476567</ymin>
      <xmax>595.6724755859389</xmax>
      <ymax>1080.5419235229492</ymax>
    </bndbox>
    <attributes>
      <attribute>
        <name>keyframe</name>
        <value>True</value>
      </attribute>
      <attribute>
        <name>track_id</name>
        <value>53</value>
      </attribute>
    </attributes>
  </object>
  <object>
    <name>vehicule</name>
    <occluded>0</occluded>
    <bndbox>
      <xmin>2138.709638210837</xmin>
      <ymin>926.3106160307135</ymin>
      <xmax>2201.8867866483374</xmax>
      <ymax>991.7821004057142</ymax>
    </bndbox>
    <attributes>
      <attribute>
        <name>keyframe</name>
        <value>True</value>
      </attribute>
      <attribute>
        <name>track_id</name>
        <value>65</value>
      </attribute>
    </attributes>
  </object>
  <object>
    <name>vehicule</name>
    <occluded>0</occluded>
    <bndbox>
      <xmin>1905.1829057173295</xmin>
      <ymin>939.0189497514205</ymin>
      <xmax>2003.0252931074651</xmax>
      <ymax>1001.3697310014215</ymax>
    </bndbox>
    <attributes>
      <attribute>
        <name>keyframe</name>
        <value>True</value>
      </attribute>
      <attribute>
        <name>track_id</name>
        <value>66</value>
      </attribute>
    </attributes>
  </object>
  <object>
    <name>vehicule</name>
    <occluded>0</occluded>
    <bndbox>
      <xmin>626.2456665039062</xmin>
      <ymin>953.5450000000005</ymin>
      <xmax>707.4237500000007</xmax>
      <ymax>1040.8220350265503</ymax>
    </bndbox>
    <attributes>
      <attribute>
        <name>keyframe</name>
        <value>True</value>
      </attribute>
      <attribute>
        <name>track_id</name>
        <value>74</value>
      </attribute>
    </attributes>
  </object>
  <object>
    <name>vehicule</name>
    <occluded>0</occluded>
    <bndbox>
      <xmin>1983.711616847826</xmin>
      <ymin>964.6163241621376</ymin>
      <xmax>2085.3885653951893</xmax>
      <ymax>1022.7235507246384</ymax>
    </bndbox>
    <attributes>
      <attribute>
        <name>keyframe</name>
        <value>True</value>
      </attribute>
      <attribute>
        <name>track_id</name>
        <value>76</value>
      </attribute>
    </attributes>
  </object>
  <object>
    <name>vehicule</name>
    <occluded>0</occluded>
    <bndbox>
      <xmin>199.92374320652175</xmin>
      <ymin>949.5310377038044</ymin>
      <xmax>338.6764775815225</xmax>
      <ymax>1017.5144361413044</ymax>
    </bndbox>
    <attributes>
      <attribute>
        <name>keyframe</name>
        <value>True</value>
      </attribute>
      <attribute>
        <name>track_id</name>
        <value>89</value>
      </attribute>
    </attributes>
  </object>
  <object>
    <name>vehicule</name>
    <occluded>0</occluded>
    <bndbox>
      <xmin>744.1910807291666</xmin>
      <ymin>863.0458333333336</ymin>
      <xmax>865.240636189778</xmax>
      <ymax>918.1309674580892</ymax>
    </bndbox>
    <attributes>
      <attribute>
        <name>keyframe</name>
        <value>True</value>
      </attribute>
      <attribute>
        <name>track_id</name>
        <value>90</value>
      </attribute>
    </attributes>
  </object>
  <object>
    <name>vehicule</name>
    <occluded>0</occluded>
    <bndbox>
      <xmin>600.6341070130813</xmin>
      <ymin>880.8980377906978</ymin>
      <xmax>711.0560773982562</xmax>
      <ymax>943.8420484853343</ymax>
    </bndbox>
    <attributes>
      <attribute>
        <name>keyframe</name>
        <value>True</value>
      </attribute>
      <attribute>
        <name>track_id</name>
        <value>94</value>
      </attribute>
    </attributes>
  </object>
  <object>
    <name>vehicule</name>
    <occluded>0</occluded>
    <bndbox>
      <xmin>879.85693359375</xmin>
      <ymin>840.95263671875</ymin>
      <xmax>993.78662109375</xmax>
      <ymax>889.1206138610833</ymax>
    </bndbox>
    <attributes>
      <attribute>
        <name>keyframe</name>
        <value>True</value>
      </attribute>
      <attribute>
        <name>track_id</name>
        <value>104</value>
      </attribute>
    </attributes>
  </object>
  <object>
    <name>vehicule</name>
    <occluded>0</occluded>
    <bndbox>
      <xmin>1040.03076171875</xmin>
      <ymin>825.28271484375</ymin>
      <xmax>1144.1091537475586</xmax>
      <ymax>876.0056762695312</ymax>
    </bndbox>
    <attributes>
      <attribute>
        <name>keyframe</name>
        <value>True</value>
      </attribute>
      <attribute>
        <name>track_id</name>
        <value>109</value>
      </attribute>
    </attributes>
  </object>
  <object>
    <name>vehicule</name>
    <occluded>0</occluded>
    <bndbox>
      <xmin>1899.4349677905702</xmin>
      <ymin>989.282106633772</ymin>
      <xmax>2021.436750017132</xmax>
      <ymax>1055.8166830497876</ymax>
    </bndbox>
    <attributes>
      <attribute>
        <name>keyframe</name>
        <value>True</value>
      </attribute>
      <attribute>
        <name>track_id</name>
        <value>116</value>
      </attribute>
    </attributes>
  </object>
  <object>
    <name>vehicule</name>
    <occluded>0</occluded>
    <bndbox>
      <xmin>1269.245361328125</xmin>
      <ymin>823.619140625</ymin>
      <xmax>1372.0396194458008</xmax>
      <ymax>862.7849731445312</ymax>
    </bndbox>
    <attributes>
      <attribute>
        <name>keyframe</name>
        <value>True</value>
      </attribute>
      <attribute>
        <name>track_id</name>
        <value>121</value>
      </attribute>
    </attributes>
  </object>
  <object>
    <name>vehicule</name>
    <occluded>0</occluded>
    <bndbox>
      <xmin>1427.402099609375</xmin>
      <ymin>819.0</ymin>
      <xmax>1532.1225509643555</xmax>
      <ymax>867.7234497070312</ymax>
    </bndbox>
    <attributes>
      <attribute>
        <name>keyframe</name>
        <value>True</value>
      </attribute>
      <attribute>
        <name>track_id</name>
        <value>122</value>
      </attribute>
    </attributes>
  </object>
  <object>
    <name>vehicule</name>
    <occluded>0</occluded>
    <bndbox>
      <xmin>2259.898046875</xmin>
      <ymin>977.3609375</ymin>
      <xmax>2398.301171874999</xmax>
      <ymax>1052.2498046875012</ymax>
    </bndbox>
    <attributes>
      <attribute>
        <name>keyframe</name>
        <value>True</value>
      </attribute>
      <attribute>
        <name>track_id</name>
        <value>126</value>
      </attribute>
    </attributes>
  </object>
  <object>
    <name>vehicule</name>
    <occluded>0</occluded>
    <bndbox>
      <xmin>1632.823486328125</xmin>
      <ymin>830.859375</ymin>
      <xmax>1718.8599090576172</xmax>
      <ymax>868.741081237793</ymax>
    </bndbox>
    <attributes>
      <attribute>
        <name>keyframe</name>
        <value>True</value>
      </attribute>
      <attribute>
        <name>track_id</name>
        <value>132</value>
      </attribute>
    </attributes>
  </object>
  <object>
    <name>vehicule</name>
    <occluded>0</occluded>
    <bndbox>
      <xmin>1797.55126953125</xmin>
      <ymin>816.63916015625</ymin>
      <xmax>1908.6281433105469</xmax>
      <ymax>872.4986267089844</ymax>
    </bndbox>
    <attributes>
      <attribute>
        <name>keyframe</name>
        <value>True</value>
      </attribute>
      <attribute>
        <name>track_id</name>
        <value>135</value>
      </attribute>
    </attributes>
  </object>
  <object>
    <name>vehicule</name>
    <occluded>0</occluded>
    <bndbox>
      <xmin>443.9466403439748</xmin>
      <ymin>960.7311460206837</ymin>
      <xmax>538.9885512537238</xmax>
      <ymax>1040.2554835751757</ymax>
    </bndbox>
    <attributes>
      <attribute>
        <name>keyframe</name>
        <value>True</value>
      </attribute>
      <attribute>
        <name>track_id</name>
        <value>137</value>
      </attribute>
    </attributes>
  </object>
  <object>
    <name>vehicule</name>
    <occluded>0</occluded>
    <bndbox>
      <xmin>2036.471484375</xmin>
      <ymin>990.9714192708333</ymin>
      <xmax>2146.7551057942715</xmax>
      <ymax>1064.723229166667</ymax>
    </bndbox>
    <attributes>
      <attribute>
        <name>keyframe</name>
        <value>True</value>
      </attribute>
      <attribute>
        <name>track_id</name>
        <value>138</value>
      </attribute>
    </attributes>
  </object>
  <object>
    <name>vehicule</name>
    <occluded>0</occluded>
    <bndbox>
      <xmin>1761.8298744050082</xmin>
      <ymin>1007.474829263245</ymin>
      <xmax>1894.7158607331332</xmax>
      <ymax>1086.5115953154911</ymax>
    </bndbox>
    <attributes>
      <attribute>
        <name>keyframe</name>
        <value>True</value>
      </attribute>
      <attribute>
        <name>track_id</name>
        <value>139</value>
      </attribute>
    </attributes>
  </object>
  <object>
    <name>vehicule</name>
    <occluded>0</occluded>
    <bndbox>
      <xmin>318.0715490107914</xmin>
      <ymin>1062.9775994829147</ymin>
      <xmax>438.9056795188854</xmax>
      <ymax>1168.6715068899468</ymax>
    </bndbox>
    <attributes>
      <attribute>
        <name>keyframe</name>
        <value>True</value>
      </attribute>
      <attribute>
        <name>track_id</name>
        <value>140</value>
      </attribute>
    </attributes>
  </object>
  <object>
    <name>vehicule</name>
    <occluded>0</occluded>
    <bndbox>
      <xmin>1341.443638392857</xmin>
      <ymin>1062.595005580357</ymin>
      <xmax>1505.0341230119977</xmax>
      <ymax>1143.6398282732282</ymax>
    </bndbox>
    <attributes>
      <attribute>
        <name>keyframe</name>
        <value>True</value>
      </attribute>
      <attribute>
        <name>track_id</name>
        <value>142</value>
      </attribute>
    </attributes>
  </object>
  <object>
    <name>vehicule</name>
    <occluded>0</occluded>
    <bndbox>
      <xmin>1568.0688927283659</xmin>
      <ymin>1065.0391000600962</ymin>
      <xmax>1750.0012946495642</xmax>
      <ymax>1142.4835504385142</ymax>
    </bndbox>
    <attributes>
      <attribute>
        <name>keyframe</name>
        <value>True</value>
      </attribute>
      <attribute>
        <name>track_id</name>
        <value>143</value>
      </attribute>
    </attributes>
  </object>
  <object>
    <name>vehicule</name>
    <occluded>0</occluded>
    <bndbox>
      <xmin>0.0</xmin>
      <ymin>956.955078125</ymin>
      <xmax>110.88007812500109</xmax>
      <ymax>1025.5129142761216</ymax>
    </bndbox>
    <attributes>
      <attribute>
        <name>keyframe</name>
        <value>True</value>
      </attribute>
      <attribute>
        <name>track_id</name>
        <value>144</value>
      </attribute>
    </attributes>
  </object>
  <object>
    <name>vehicule</name>
    <occluded>0</occluded>
    <bndbox>
      <xmin>413.35190217391306</xmin>
      <ymin>915.9415336277174</ymin>
      <xmax>525.4605129076087</xmax>
      <ymax>980.3343056056814</ymax>
    </bndbox>
    <attributes>
      <attribute>
        <name>keyframe</name>
        <value>True</value>
      </attribute>
      <attribute>
        <name>track_id</name>
        <value>145</value>
      </attribute>
    </attributes>
  </object>
  <object>
    <name>vehicule</name>
    <occluded>0</occluded>
    <bndbox>
      <xmin>591.4556361607142</xmin>
      <ymin>1074.646205357143</ymin>
      <xmax>744.3179561070033</xmax>
      <ymax>1152.8144411359515</ymax>
    </bndbox>
    <attributes>
      <attribute>
        <name>keyframe</name>
        <value>True</value>
      </attribute>
      <attribute>
        <name>track_id</name>
        <value>146</value>
      </attribute>
    </attributes>
  </object>
  <object>
    <name>vehicule</name>
    <occluded>0</occluded>
    <bndbox>
      <xmin>1968.797119140625</xmin>
      <ymin>833.2000488281255</ymin>
      <xmax>2076.4902832031257</xmax>
      <ymax>871.4458190917967</ymax>
    </bndbox>
    <attributes>
      <attribute>
        <name>keyframe</name>
        <value>True</value>
      </attribute>
      <attribute>
        <name>track_id</name>
        <value>147</value>
      </attribute>
    </attributes>
  </object>
  <object>
    <name>vehicule</name>
    <occluded>0</occluded>
    <bndbox>
      <xmin>2102.55126953125</xmin>
      <ymin>824.327880859375</ymin>
      <xmax>2205.038505554199</xmax>
      <ymax>879.0456466674805</ymax>
    </bndbox>
    <attributes>
      <attribute>
        <name>keyframe</name>
        <value>True</value>
      </attribute>
      <attribute>
        <name>track_id</name>
        <value>148</value>
      </attribute>
    </attributes>
  </object>
  <object>
    <name>vehicule</name>
    <occluded>0</occluded>
    <bndbox>
      <xmin>122.56947544642857</xmin>
      <ymin>1103.096958705357</ymin>
      <xmax>311.91029575892856</xmax>
      <ymax>1181.2651944841657</ymax>
    </bndbox>
    <attributes>
      <attribute>
        <name>keyframe</name>
        <value>True</value>
      </attribute>
      <attribute>
        <name>track_id</name>
        <value>149</value>
      </attribute>
    </attributes>
  </object>
</annotation>
