<annotation>
  <folder>frame</folder>
  <filename>frame_000351.jpg</filename>
  <source>
    <database>Unknown</database>
    <annotation>Unknown</annotation>
    <image>Unknown</image>
  </source>
  <size>
    <width>2456</width>
    <height>2054</height>
    <depth>3</depth>
  </size>
  <segmented>0</segmented>
  <object>
    <name>vehicule</name>
    <occluded>0</occluded>
    <bndbox>
      <xmin>1708.935331852064</xmin>
      <ymin>1018.7421857081423</ymin>
      <xmax>1831.0562302895648</xmax>
      <ymax>1081.216818685269</ymax>
    </bndbox>
    <attributes>
      <attribute>
        <name>keyframe</name>
        <value>True</value>
      </attribute>
      <attribute>
        <name>track_id</name>
        <value>0</value>
      </attribute>
    </attributes>
  </object>
  <object>
    <name>vehicule</name>
    <occluded>0</occluded>
    <bndbox>
      <xmin>2024.9160621279761</xmin>
      <ymin>849.154064360119</ymin>
      <xmax>2095.88292953249</xmax>
      <ymax>906.6763299851198</ymax>
    </bndbox>
    <attributes>
      <attribute>
        <name>keyframe</name>
        <value>True</value>
      </attribute>
      <attribute>
        <name>track_id</name>
        <value>3</value>
      </attribute>
    </attributes>
  </object>
  <object>
    <name>vehicule</name>
    <occluded>0</occluded>
    <bndbox>
      <xmin>2338.0182291666665</xmin>
      <ymin>974.8362630208334</ymin>
      <xmax>2456.0</xmax>
      <ymax>1050.4614537556965</ymax>
    </bndbox>
    <attributes>
      <attribute>
        <name>keyframe</name>
        <value>True</value>
      </attribute>
      <attribute>
        <name>track_id</name>
        <value>13</value>
      </attribute>
    </attributes>
  </object>
  <object>
    <name>vehicule</name>
    <occluded>0</occluded>
    <bndbox>
      <xmin>733.4300000000009</xmin>
      <ymin>1000.960000000001</ymin>
      <xmax>877.4882987976074</xmax>
      <ymax>1085.9249336242676</ymax>
    </bndbox>
    <attributes>
      <attribute>
        <name>keyframe</name>
        <value>True</value>
      </attribute>
      <attribute>
        <name>track_id</name>
        <value>16</value>
      </attribute>
    </attributes>
  </object>
  <object>
    <name>vehicule</name>
    <occluded>0</occluded>
    <bndbox>
      <xmin>456.11923828125</xmin>
      <ymin>966.9985742187507</ymin>
      <xmax>538.3320449829101</xmax>
      <ymax>1042.2895309448243</ymax>
    </bndbox>
    <attributes>
      <attribute>
        <name>keyframe</name>
        <value>True</value>
      </attribute>
      <attribute>
        <name>track_id</name>
        <value>17</value>
      </attribute>
    </attributes>
  </object>
  <object>
    <name>vehicule</name>
    <occluded>0</occluded>
    <bndbox>
      <xmin>733.6712890625</xmin>
      <ymin>1443.858823529412</ymin>
      <xmax>994.710294835708</xmax>
      <ymax>1600.907310037052</ymax>
    </bndbox>
    <attributes>
      <attribute>
        <name>keyframe</name>
        <value>True</value>
      </attribute>
      <attribute>
        <name>track_id</name>
        <value>18</value>
      </attribute>
    </attributes>
  </object>
  <object>
    <name>vehicule</name>
    <occluded>0</occluded>
    <bndbox>
      <xmin>1911.2781137319712</xmin>
      <ymin>803.9884390024039</ymin>
      <xmax>1989.3693246694697</xmax>
      <ymax>861.8774969247664</ymax>
    </bndbox>
    <attributes>
      <attribute>
        <name>keyframe</name>
        <value>True</value>
      </attribute>
      <attribute>
        <name>track_id</name>
        <value>401</value>
      </attribute>
    </attributes>
  </object>
  <object>
    <name>vehicule</name>
    <occluded>0</occluded>
    <bndbox>
      <xmin>1829.837890625</xmin>
      <ymin>855.1181640625</ymin>
      <xmax>1911.3444444444453</xmax>
      <ymax>907.8439236111122</ymax>
    </bndbox>
    <attributes>
      <attribute>
        <name>keyframe</name>
        <value>True</value>
      </attribute>
      <attribute>
        <name>track_id</name>
        <value>403</value>
      </attribute>
    </attributes>
  </object>
  <object>
    <name>vehicule</name>
    <occluded>0</occluded>
    <bndbox>
      <xmin>1711.338314470308</xmin>
      <ymin>833.21329728739</ymin>
      <xmax>1819.9851894703065</xmax>
      <ymax>895.2388862766478</ymax>
    </bndbox>
    <attributes>
      <attribute>
        <name>keyframe</name>
        <value>True</value>
      </attribute>
      <attribute>
        <name>track_id</name>
        <value>404</value>
      </attribute>
    </attributes>
  </object>
  <object>
    <name>vehicule</name>
    <occluded>0</occluded>
    <bndbox>
      <xmin>1981.4308518629807</xmin>
      <ymin>804.237548828125</ymin>
      <xmax>2056.9146409254813</xmax>
      <ymax>854.8574699401852</ymax>
    </bndbox>
    <attributes>
      <attribute>
        <name>keyframe</name>
        <value>True</value>
      </attribute>
      <attribute>
        <name>track_id</name>
        <value>406</value>
      </attribute>
    </attributes>
  </object>
  <object>
    <name>vehicule</name>
    <occluded>0</occluded>
    <bndbox>
      <xmin>1107.5465190347722</xmin>
      <ymin>819.2417973433754</ymin>
      <xmax>1220.1448008951238</xmax>
      <ymax>878.470147290049</ymax>
    </bndbox>
    <attributes>
      <attribute>
        <name>keyframe</name>
        <value>True</value>
      </attribute>
      <attribute>
        <name>track_id</name>
        <value>412</value>
      </attribute>
    </attributes>
  </object>
  <object>
    <name>vehicule</name>
    <occluded>0</occluded>
    <bndbox>
      <xmin>1569.626723448721</xmin>
      <ymin>821.6486303579444</ymin>
      <xmax>1677.836569945303</xmax>
      <ymax>869.675192095005</ymax>
    </bndbox>
    <attributes>
      <attribute>
        <name>keyframe</name>
        <value>True</value>
      </attribute>
      <attribute>
        <name>track_id</name>
        <value>417</value>
      </attribute>
    </attributes>
  </object>
  <object>
    <name>vehicule</name>
    <occluded>0</occluded>
    <bndbox>
      <xmin>1320.6726096134425</xmin>
      <ymin>804.5541510042639</ymin>
      <xmax>1422.8791373234035</xmax>
      <ymax>861.5856947359533</ymax>
    </bndbox>
    <attributes>
      <attribute>
        <name>keyframe</name>
        <value>True</value>
      </attribute>
      <attribute>
        <name>track_id</name>
        <value>418</value>
      </attribute>
    </attributes>
  </object>
</annotation>
