<annotation>
  <folder>frame</folder>
  <filename>frame_000352.jpg</filename>
  <source>
    <database>Unknown</database>
    <annotation>Unknown</annotation>
    <image>Unknown</image>
  </source>
  <size>
    <width>2456</width>
    <height>2054</height>
    <depth>3</depth>
  </size>
  <segmented>0</segmented>
  <object>
    <name>vehicule</name>
    <occluded>0</occluded>
    <bndbox>
      <xmin>1708.9176551748853</xmin>
      <ymin>1018.6773329988533</ymin>
      <xmax>1831.038553612386</xmax>
      <ymax>1081.0518871482357</ymax>
    </bndbox>
    <attributes>
      <attribute>
        <name>keyframe</name>
        <value>True</value>
      </attribute>
      <attribute>
        <name>track_id</name>
        <value>0</value>
      </attribute>
    </attributes>
  </object>
  <object>
    <name>vehicule</name>
    <occluded>0</occluded>
    <bndbox>
      <xmin>2024.8673270089287</xmin>
      <ymin>849.1662946428571</ymin>
      <xmax>2096.005235435849</xmax>
      <ymax>906.6885602678578</ymax>
    </bndbox>
    <attributes>
      <attribute>
        <name>keyframe</name>
        <value>True</value>
      </attribute>
      <attribute>
        <name>track_id</name>
        <value>3</value>
      </attribute>
    </attributes>
  </object>
  <object>
    <name>vehicule</name>
    <occluded>0</occluded>
    <bndbox>
      <xmin>2353.1809895833335</xmin>
      <ymin>970.7682291666666</ymin>
      <xmax>2456.0</xmax>
      <ymax>1046.39341990153</ymax>
    </bndbox>
    <attributes>
      <attribute>
        <name>keyframe</name>
        <value>True</value>
      </attribute>
      <attribute>
        <name>track_id</name>
        <value>13</value>
      </attribute>
    </attributes>
  </object>
  <object>
    <name>vehicule</name>
    <occluded>0</occluded>
    <bndbox>
      <xmin>741.5200000000008</xmin>
      <ymin>1003.0400000000009</ymin>
      <xmax>886.5798812866211</xmax>
      <ymax>1088.3133514404296</ymax>
    </bndbox>
    <attributes>
      <attribute>
        <name>keyframe</name>
        <value>True</value>
      </attribute>
      <attribute>
        <name>track_id</name>
        <value>16</value>
      </attribute>
    </attributes>
  </object>
  <object>
    <name>vehicule</name>
    <occluded>0</occluded>
    <bndbox>
      <xmin>455.271875</xmin>
      <ymin>970.9323828125009</ymin>
      <xmax>537.4846817016602</xmax>
      <ymax>1046.8353317260742</ymax>
    </bndbox>
    <attributes>
      <attribute>
        <name>keyframe</name>
        <value>True</value>
      </attribute>
      <attribute>
        <name>track_id</name>
        <value>17</value>
      </attribute>
    </attributes>
  </object>
  <object>
    <name>vehicule</name>
    <occluded>0</occluded>
    <bndbox>
      <xmin>758.9332031250001</xmin>
      <ymin>1435.2882352941178</ymin>
      <xmax>1017.2654422535619</xmax>
      <ymax>1591.321315092199</ymax>
    </bndbox>
    <attributes>
      <attribute>
        <name>keyframe</name>
        <value>True</value>
      </attribute>
      <attribute>
        <name>track_id</name>
        <value>18</value>
      </attribute>
    </attributes>
  </object>
  <object>
    <name>vehicule</name>
    <occluded>0</occluded>
    <bndbox>
      <xmin>1911.0558518629807</xmin>
      <ymin>803.8106520432692</ymin>
      <xmax>1989.1470628004793</xmax>
      <ymax>861.6997099656318</ymax>
    </bndbox>
    <attributes>
      <attribute>
        <name>keyframe</name>
        <value>True</value>
      </attribute>
      <attribute>
        <name>track_id</name>
        <value>401</value>
      </attribute>
    </attributes>
  </object>
  <object>
    <name>vehicule</name>
    <occluded>0</occluded>
    <bndbox>
      <xmin>1829.837890625</xmin>
      <ymin>855.1181640625</ymin>
      <xmax>1910.3222222222232</xmax>
      <ymax>906.8219618055567</ymax>
    </bndbox>
    <attributes>
      <attribute>
        <name>keyframe</name>
        <value>True</value>
      </attribute>
      <attribute>
        <name>track_id</name>
        <value>403</value>
      </attribute>
    </attributes>
  </object>
  <object>
    <name>vehicule</name>
    <occluded>0</occluded>
    <bndbox>
      <xmin>1711.1864776163857</xmin>
      <ymin>833.1834706057551</ymin>
      <xmax>1819.8333526163842</xmax>
      <ymax>895.209059595013</ymax>
    </bndbox>
    <attributes>
      <attribute>
        <name>keyframe</name>
        <value>True</value>
      </attribute>
      <attribute>
        <name>track_id</name>
        <value>404</value>
      </attribute>
    </attributes>
  </object>
  <object>
    <name>vehicule</name>
    <occluded>0</occluded>
    <bndbox>
      <xmin>1981.2826772836538</xmin>
      <ymin>804.00048828125</ymin>
      <xmax>2056.766466346154</xmax>
      <ymax>854.6204093933102</ymax>
    </bndbox>
    <attributes>
      <attribute>
        <name>keyframe</name>
        <value>True</value>
      </attribute>
      <attribute>
        <name>track_id</name>
        <value>406</value>
      </attribute>
    </attributes>
  </object>
  <object>
    <name>vehicule</name>
    <occluded>0</occluded>
    <bndbox>
      <xmin>1107.2797863271883</xmin>
      <ymin>819.2569085356716</ymin>
      <xmax>1219.8780681875398</xmax>
      <ymax>878.5065815157283</ymax>
    </bndbox>
    <attributes>
      <attribute>
        <name>keyframe</name>
        <value>True</value>
      </attribute>
      <attribute>
        <name>track_id</name>
        <value>412</value>
      </attribute>
    </attributes>
  </object>
  <object>
    <name>vehicule</name>
    <occluded>0</occluded>
    <bndbox>
      <xmin>1569.5536863919435</xmin>
      <ymin>821.6386701217459</ymin>
      <xmax>1677.7635328885256</xmax>
      <ymax>869.6652318588065</ymax>
    </bndbox>
    <attributes>
      <attribute>
        <name>keyframe</name>
        <value>True</value>
      </attribute>
      <attribute>
        <name>track_id</name>
        <value>417</value>
      </attribute>
    </attributes>
  </object>
  <object>
    <name>vehicule</name>
    <occluded>0</occluded>
    <bndbox>
      <xmin>1320.6080723322486</xmin>
      <ymin>804.5589321280296</ymin>
      <xmax>1422.8146000422096</xmax>
      <ymax>861.590475859719</ymax>
    </bndbox>
    <attributes>
      <attribute>
        <name>keyframe</name>
        <value>True</value>
      </attribute>
      <attribute>
        <name>track_id</name>
        <value>418</value>
      </attribute>
    </attributes>
  </object>
</annotation>
