<annotation>
  <folder>frame</folder>
  <filename>frame_001714.jpg</filename>
  <source>
    <database>Unknown</database>
    <annotation>Unknown</annotation>
    <image>Unknown</image>
  </source>
  <size>
    <width>2456</width>
    <height>2054</height>
    <depth>3</depth>
  </size>
  <segmented>0</segmented>
  <object>
    <name>vehicule</name>
    <occluded>0</occluded>
    <bndbox>
      <xmin>1855.7874348958333</xmin>
      <ymin>892.8056640625</ymin>
      <xmax>1932.2931004842114</xmax>
      <ymax>960.9781250000015</ymax>
    </bndbox>
    <attributes>
      <attribute>
        <name>keyframe</name>
        <value>True</value>
      </attribute>
      <attribute>
        <name>track_id</name>
        <value>30</value>
      </attribute>
    </attributes>
  </object>
  <object>
    <name>vehicule</name>
    <occluded>0</occluded>
    <bndbox>
      <xmin>1939.486328125</xmin>
      <ymin>877.1554361979166</ymin>
      <xmax>1999.342384338379</xmax>
      <ymax>934.4284824371331</ymax>
    </bndbox>
    <attributes>
      <attribute>
        <name>keyframe</name>
        <value>True</value>
      </attribute>
      <attribute>
        <name>track_id</name>
        <value>66</value>
      </attribute>
    </attributes>
  </object>
  <object>
    <name>vehicule</name>
    <occluded>0</occluded>
    <bndbox>
      <xmin>1973.5537109375</xmin>
      <ymin>832.34375</ymin>
      <xmax>2033.244335937501</xmax>
      <ymax>893.8896545410153</ymax>
    </bndbox>
    <attributes>
      <attribute>
        <name>keyframe</name>
        <value>True</value>
      </attribute>
      <attribute>
        <name>track_id</name>
        <value>116</value>
      </attribute>
    </attributes>
  </object>
  <object>
    <name>vehicule</name>
    <occluded>0</occluded>
    <bndbox>
      <xmin>470.9111328125</xmin>
      <ymin>977.1572753906253</ymin>
      <xmax>574.9758300781259</xmax>
      <ymax>1061.7760871887199</ymax>
    </bndbox>
    <attributes>
      <attribute>
        <name>keyframe</name>
        <value>True</value>
      </attribute>
      <attribute>
        <name>track_id</name>
        <value>122</value>
      </attribute>
    </attributes>
  </object>
  <object>
    <name>vehicule</name>
    <occluded>0</occluded>
    <bndbox>
      <xmin>650.292724609375</xmin>
      <ymin>915.846923828125</ymin>
      <xmax>739.0112792968757</xmax>
      <ymax>980.6534355163567</ymax>
    </bndbox>
    <attributes>
      <attribute>
        <name>keyframe</name>
        <value>True</value>
      </attribute>
      <attribute>
        <name>track_id</name>
        <value>132</value>
      </attribute>
    </attributes>
  </object>
  <object>
    <name>vehicule</name>
    <occluded>0</occluded>
    <bndbox>
      <xmin>790.504638671875</xmin>
      <ymin>845.55908203125</ymin>
      <xmax>917.2417480468757</xmax>
      <ymax>904.8453063964844</ymax>
    </bndbox>
    <attributes>
      <attribute>
        <name>keyframe</name>
        <value>True</value>
      </attribute>
      <attribute>
        <name>track_id</name>
        <value>135</value>
      </attribute>
    </attributes>
  </object>
  <object>
    <name>vehicule</name>
    <occluded>0</occluded>
    <bndbox>
      <xmin>2003.1267903645833</xmin>
      <ymin>882.8889973958334</ymin>
      <xmax>2084.8933919270835</xmax>
      <ymax>948.5992024739584</ymax>
    </bndbox>
    <attributes>
      <attribute>
        <name>keyframe</name>
        <value>True</value>
      </attribute>
      <attribute>
        <name>track_id</name>
        <value>139</value>
      </attribute>
    </attributes>
  </object>
  <object>
    <name>vehicule</name>
    <occluded>0</occluded>
    <bndbox>
      <xmin>2070.460693359376</xmin>
      <ymin>939.153076171875</ymin>
      <xmax>2140.641551208496</xmax>
      <ymax>1009.3450683593765</ymax>
    </bndbox>
    <attributes>
      <attribute>
        <name>keyframe</name>
        <value>True</value>
      </attribute>
      <attribute>
        <name>track_id</name>
        <value>142</value>
      </attribute>
    </attributes>
  </object>
  <object>
    <name>vehicule</name>
    <occluded>0</occluded>
    <bndbox>
      <xmin>2028.4548950195312</xmin>
      <ymin>828.285900878907</ymin>
      <xmax>2090.3779418945323</xmax>
      <ymax>884.9242660999294</ymax>
    </bndbox>
    <attributes>
      <attribute>
        <name>keyframe</name>
        <value>True</value>
      </attribute>
      <attribute>
        <name>track_id</name>
        <value>143</value>
      </attribute>
    </attributes>
  </object>
  <object>
    <name>vehicule</name>
    <occluded>0</occluded>
    <bndbox>
      <xmin>1952.2625000000012</xmin>
      <ymin>969.8814086914062</ymin>
      <xmax>2044.9670209884644</xmax>
      <ymax>1038.6298461914066</ymax>
    </bndbox>
    <attributes>
      <attribute>
        <name>keyframe</name>
        <value>True</value>
      </attribute>
      <attribute>
        <name>track_id</name>
        <value>146</value>
      </attribute>
    </attributes>
  </object>
  <object>
    <name>vehicule</name>
    <occluded>0</occluded>
    <bndbox>
      <xmin>982.919189453125</xmin>
      <ymin>846.83056640625</ymin>
      <xmax>1090.6123535156257</xmax>
      <ymax>890.0889648437515</ymax>
    </bndbox>
    <attributes>
      <attribute>
        <name>keyframe</name>
        <value>True</value>
      </attribute>
      <attribute>
        <name>track_id</name>
        <value>147</value>
      </attribute>
    </attributes>
  </object>
  <object>
    <name>vehicule</name>
    <occluded>0</occluded>
    <bndbox>
      <xmin>1142.552734375</xmin>
      <ymin>819.76806640625</ymin>
      <xmax>1245.0399703979492</xmax>
      <ymax>873.7534103393555</ymax>
    </bndbox>
    <attributes>
      <attribute>
        <name>keyframe</name>
        <value>True</value>
      </attribute>
      <attribute>
        <name>track_id</name>
        <value>148</value>
      </attribute>
    </attributes>
  </object>
  <object>
    <name>vehicule</name>
    <occluded>0</occluded>
    <bndbox>
      <xmin>2098.152099609375</xmin>
      <ymin>884.2875366210938</ymin>
      <xmax>2183.609326171876</xmax>
      <ymax>954.5656616210945</ymax>
    </bndbox>
    <attributes>
      <attribute>
        <name>keyframe</name>
        <value>True</value>
      </attribute>
      <attribute>
        <name>track_id</name>
        <value>149</value>
      </attribute>
    </attributes>
  </object>
  <object>
    <name>vehicule</name>
    <occluded>0</occluded>
    <bndbox>
      <xmin>1303.420166015625</xmin>
      <ymin>824.240966796875</ymin>
      <xmax>1399.7552795410156</xmax>
      <ymax>866.2202033996582</ymax>
    </bndbox>
    <attributes>
      <attribute>
        <name>keyframe</name>
        <value>True</value>
      </attribute>
      <attribute>
        <name>track_id</name>
        <value>153</value>
      </attribute>
    </attributes>
  </object>
  <object>
    <name>vehicule</name>
    <occluded>0</occluded>
    <bndbox>
      <xmin>1825.1500000000005</xmin>
      <ymin>964.998046875</ymin>
      <xmax>1927.0459938049316</xmax>
      <ymax>1042.2705062866207</ymax>
    </bndbox>
    <attributes>
      <attribute>
        <name>keyframe</name>
        <value>True</value>
      </attribute>
      <attribute>
        <name>track_id</name>
        <value>155</value>
      </attribute>
    </attributes>
  </object>
  <object>
    <name>vehicule</name>
    <occluded>0</occluded>
    <bndbox>
      <xmin>321.64404296875</xmin>
      <ymin>1060.7500000000005</ymin>
      <xmax>468.0500000000002</xmax>
      <ymax>1194.3217239379883</ymax>
    </bndbox>
    <attributes>
      <attribute>
        <name>keyframe</name>
        <value>True</value>
      </attribute>
      <attribute>
        <name>track_id</name>
        <value>159</value>
      </attribute>
    </attributes>
  </object>
  <object>
    <name>vehicule</name>
    <occluded>0</occluded>
    <bndbox>
      <xmin>2105.455078125</xmin>
      <ymin>993.1298828125</ymin>
      <xmax>2209.23779296875</xmax>
      <ymax>1065.32421875</ymax>
    </bndbox>
    <attributes>
      <attribute>
        <name>keyframe</name>
        <value>True</value>
      </attribute>
      <attribute>
        <name>track_id</name>
        <value>160</value>
      </attribute>
    </attributes>
  </object>
  <object>
    <name>vehicule</name>
    <occluded>0</occluded>
    <bndbox>
      <xmin>2194.8057861328125</xmin>
      <ymin>928.7374267578125</ymin>
      <xmax>2320.476293945314</xmax>
      <ymax>1004.6337966918945</ymax>
    </bndbox>
    <attributes>
      <attribute>
        <name>keyframe</name>
        <value>True</value>
      </attribute>
      <attribute>
        <name>track_id</name>
        <value>161</value>
      </attribute>
    </attributes>
  </object>
  <object>
    <name>vehicule</name>
    <occluded>0</occluded>
    <bndbox>
      <xmin>1835.01904296875</xmin>
      <ymin>1081.52490234375</ymin>
      <xmax>1902.0081054687507</xmax>
      <ymax>1159.995800781251</ymax>
    </bndbox>
    <attributes>
      <attribute>
        <name>keyframe</name>
        <value>True</value>
      </attribute>
      <attribute>
        <name>track_id</name>
        <value>162</value>
      </attribute>
    </attributes>
  </object>
  <object>
    <name>vehicule</name>
    <occluded>0</occluded>
    <bndbox>
      <xmin>1547.6139160156254</xmin>
      <ymin>1106.668701171875</ymin>
      <xmax>1701.436508178711</xmax>
      <ymax>1196.718505859375</ymax>
    </bndbox>
    <attributes>
      <attribute>
        <name>keyframe</name>
        <value>True</value>
      </attribute>
      <attribute>
        <name>track_id</name>
        <value>163</value>
      </attribute>
    </attributes>
  </object>
  <object>
    <name>vehicule</name>
    <occluded>0</occluded>
    <bndbox>
      <xmin>124.4501953125</xmin>
      <ymin>924.092529296875</ymin>
      <xmax>263.79331054687646</xmax>
      <ymax>1007.5097946166989</ymax>
    </bndbox>
    <attributes>
      <attribute>
        <name>keyframe</name>
        <value>True</value>
      </attribute>
      <attribute>
        <name>track_id</name>
        <value>164</value>
      </attribute>
    </attributes>
  </object>
  <object>
    <name>vehicule</name>
    <occluded>0</occluded>
    <bndbox>
      <xmin>361.006591796875</xmin>
      <ymin>887.999755859375</ymin>
      <xmax>486.1799850463867</xmax>
      <ymax>953.6610717773438</ymax>
    </bndbox>
    <attributes>
      <attribute>
        <name>keyframe</name>
        <value>True</value>
      </attribute>
      <attribute>
        <name>track_id</name>
        <value>165</value>
      </attribute>
    </attributes>
  </object>
  <object>
    <name>vehicule</name>
    <occluded>0</occluded>
    <bndbox>
      <xmin>633.775000000001</xmin>
      <ymin>1321.6243652343755</ymin>
      <xmax>889.0715179443359</xmax>
      <ymax>1460.3804199218748</ymax>
    </bndbox>
    <attributes>
      <attribute>
        <name>keyframe</name>
        <value>True</value>
      </attribute>
      <attribute>
        <name>track_id</name>
        <value>166</value>
      </attribute>
    </attributes>
  </object>
  <object>
    <name>vehicule</name>
    <occluded>0</occluded>
    <bndbox>
      <xmin>516.7177734375</xmin>
      <ymin>861.769287109375</ymin>
      <xmax>627.2997665405273</xmax>
      <ymax>929.5150833129883</ymax>
    </bndbox>
    <attributes>
      <attribute>
        <name>keyframe</name>
        <value>True</value>
      </attribute>
      <attribute>
        <name>track_id</name>
        <value>167</value>
      </attribute>
    </attributes>
  </object>
  <object>
    <name>vehicule</name>
    <occluded>0</occluded>
    <bndbox>
      <xmin>1756.5212965745193</xmin>
      <ymin>849.7530048076923</ymin>
      <xmax>1842.6511107224685</xmax>
      <ymax>898.9700381939227</ymax>
    </bndbox>
    <attributes>
      <attribute>
        <name>keyframe</name>
        <value>True</value>
      </attribute>
      <attribute>
        <name>track_id</name>
        <value>168</value>
      </attribute>
    </attributes>
  </object>
  <object>
    <name>vehicule</name>
    <occluded>0</occluded>
    <bndbox>
      <xmin>393.8583496093752</xmin>
      <ymin>1550.0750000000012</ymin>
      <xmax>683.9044006347667</xmax>
      <ymax>1748.6063270568848</ymax>
    </bndbox>
    <attributes>
      <attribute>
        <name>keyframe</name>
        <value>True</value>
      </attribute>
      <attribute>
        <name>track_id</name>
        <value>170</value>
      </attribute>
    </attributes>
  </object>
  <object>
    <name>vehicule</name>
    <occluded>0</occluded>
    <bndbox>
      <xmin>816.176513671875</xmin>
      <ymin>1349.23779296875</ymin>
      <xmax>1037.3735839843757</xmax>
      <ymax>1519.3665039062507</ymax>
    </bndbox>
    <attributes>
      <attribute>
        <name>keyframe</name>
        <value>True</value>
      </attribute>
      <attribute>
        <name>track_id</name>
        <value>171</value>
      </attribute>
    </attributes>
  </object>
</annotation>
