<annotation>
  <folder>frame</folder>
  <filename>frame_004601.jpg</filename>
  <source>
    <database>Unknown</database>
    <annotation>Unknown</annotation>
    <image>Unknown</image>
  </source>
  <size>
    <width>2456</width>
    <height>2054</height>
    <depth>3</depth>
  </size>
  <segmented>0</segmented>
  <object>
    <name>vehicule</name>
    <occluded>0</occluded>
    <bndbox>
      <xmin>1005.3090772906553</xmin>
      <ymin>808.4551634557039</ymin>
      <xmax>1069.8096632281568</xmax>
      <ymax>848.2409056432053</ymax>
    </bndbox>
    <attributes>
      <attribute>
        <name>keyframe</name>
        <value>True</value>
      </attribute>
      <attribute>
        <name>track_id</name>
        <value>201</value>
      </attribute>
    </attributes>
  </object>
  <object>
    <name>vehicule</name>
    <occluded>0</occluded>
    <bndbox>
      <xmin>869.9330616355696</xmin>
      <ymin>798.2590255578027</ymin>
      <xmax>960.9768298123228</xmax>
      <ymax>843.05902784662</ymax>
    </bndbox>
    <attributes>
      <attribute>
        <name>keyframe</name>
        <value>True</value>
      </attribute>
      <attribute>
        <name>track_id</name>
        <value>203</value>
      </attribute>
    </attributes>
  </object>
  <object>
    <name>vehicule</name>
    <occluded>0</occluded>
    <bndbox>
      <xmin>1002.0972055288462</xmin>
      <ymin>783.3010566907051</ymin>
      <xmax>1075.3610727163473</xmax>
      <ymax>826.1446754651188</ymax>
    </bndbox>
    <attributes>
      <attribute>
        <name>keyframe</name>
        <value>True</value>
      </attribute>
      <attribute>
        <name>track_id</name>
        <value>204</value>
      </attribute>
    </attributes>
  </object>
  <object>
    <name>vehicule</name>
    <occluded>0</occluded>
    <bndbox>
      <xmin>1054.6666015625</xmin>
      <ymin>754.4525585937502</ymin>
      <xmax>1118.6835998535157</xmax>
      <ymax>798.1158413696287</ymax>
    </bndbox>
    <attributes>
      <attribute>
        <name>keyframe</name>
        <value>True</value>
      </attribute>
      <attribute>
        <name>track_id</name>
        <value>207</value>
      </attribute>
    </attributes>
  </object>
  <object>
    <name>vehicule</name>
    <occluded>0</occluded>
    <bndbox>
      <xmin>1011.8515625000002</xmin>
      <ymin>847.6346409574468</ymin>
      <xmax>1079.731448364257</xmax>
      <ymax>900.1905003324479</ymax>
    </bndbox>
    <attributes>
      <attribute>
        <name>keyframe</name>
        <value>True</value>
      </attribute>
      <attribute>
        <name>track_id</name>
        <value>219</value>
      </attribute>
    </attributes>
  </object>
  <object>
    <name>vehicule</name>
    <occluded>0</occluded>
    <bndbox>
      <xmin>1089.7882615782373</xmin>
      <ymin>832.7630325427158</ymin>
      <xmax>1147.4663865782377</xmax>
      <ymax>884.7888137927162</ymax>
    </bndbox>
    <attributes>
      <attribute>
        <name>keyframe</name>
        <value>True</value>
      </attribute>
      <attribute>
        <name>track_id</name>
        <value>233</value>
      </attribute>
    </attributes>
  </object>
  <object>
    <name>vehicule</name>
    <occluded>0</occluded>
    <bndbox>
      <xmin>1096.0170355902778</xmin>
      <ymin>873.4735243055555</ymin>
      <xmax>1178.3209326850033</xmax>
      <ymax>930.6377821180566</ymax>
    </bndbox>
    <attributes>
      <attribute>
        <name>keyframe</name>
        <value>True</value>
      </attribute>
      <attribute>
        <name>track_id</name>
        <value>235</value>
      </attribute>
    </attributes>
  </object>
  <object>
    <name>vehicule</name>
    <occluded>0</occluded>
    <bndbox>
      <xmin>1000.4776430750742</xmin>
      <ymin>914.1294147559172</ymin>
      <xmax>1113.3545870448004</xmax>
      <ymax>981.6952350684176</ymax>
    </bndbox>
    <attributes>
      <attribute>
        <name>keyframe</name>
        <value>True</value>
      </attribute>
      <attribute>
        <name>track_id</name>
        <value>241</value>
      </attribute>
    </attributes>
  </object>
  <object>
    <name>vehicule</name>
    <occluded>0</occluded>
    <bndbox>
      <xmin>1195.033656529018</xmin>
      <ymin>799.5481305803571</ymin>
      <xmax>1263.585414341518</xmax>
      <ymax>863.8662946428578</ymax>
    </bndbox>
    <attributes>
      <attribute>
        <name>keyframe</name>
        <value>True</value>
      </attribute>
      <attribute>
        <name>track_id</name>
        <value>264</value>
      </attribute>
    </attributes>
  </object>
  <object>
    <name>vehicule</name>
    <occluded>0</occluded>
    <bndbox>
      <xmin>1130.14599609375</xmin>
      <ymin>797.7008463541666</ymin>
      <xmax>1189.3879882812507</xmax>
      <ymax>846.2104120890295</ymax>
    </bndbox>
    <attributes>
      <attribute>
        <name>keyframe</name>
        <value>True</value>
      </attribute>
      <attribute>
        <name>track_id</name>
        <value>269</value>
      </attribute>
    </attributes>
  </object>
  <object>
    <name>vehicule</name>
    <occluded>0</occluded>
    <bndbox>
      <xmin>876.1094569052423</xmin>
      <ymin>956.8380166330645</ymin>
      <xmax>1005.8965723837575</xmax>
      <ymax>1027.340555695566</ymax>
    </bndbox>
    <attributes>
      <attribute>
        <name>keyframe</name>
        <value>True</value>
      </attribute>
      <attribute>
        <name>track_id</name>
        <value>274</value>
      </attribute>
    </attributes>
  </object>
  <object>
    <name>vehicule</name>
    <occluded>0</occluded>
    <bndbox>
      <xmin>1176.220369037829</xmin>
      <ymin>863.5921823601974</ymin>
      <xmax>1259.6311112253304</xmax>
      <ymax>924.821869097258</ymax>
    </bndbox>
    <attributes>
      <attribute>
        <name>keyframe</name>
        <value>True</value>
      </attribute>
      <attribute>
        <name>track_id</name>
        <value>279</value>
      </attribute>
    </attributes>
  </object>
  <object>
    <name>vehicule</name>
    <occluded>0</occluded>
    <bndbox>
      <xmin>705.35546875</xmin>
      <ymin>1012.7600911458339</ymin>
      <xmax>853.8484405517574</xmax>
      <ymax>1078.0905586242677</ymax>
    </bndbox>
    <attributes>
      <attribute>
        <name>keyframe</name>
        <value>True</value>
      </attribute>
      <attribute>
        <name>track_id</name>
        <value>287</value>
      </attribute>
    </attributes>
  </object>
  <object>
    <name>vehicule</name>
    <occluded>0</occluded>
    <bndbox>
      <xmin>299.1989156788793</xmin>
      <ymin>842.7190025592672</ymin>
      <xmax>424.0956593480611</xmax>
      <ymax>910.9074791217672</ymax>
    </bndbox>
    <attributes>
      <attribute>
        <name>keyframe</name>
        <value>True</value>
      </attribute>
      <attribute>
        <name>track_id</name>
        <value>291</value>
      </attribute>
    </attributes>
  </object>
  <object>
    <name>vehicule</name>
    <occluded>0</occluded>
    <bndbox>
      <xmin>493.66377981085526</xmin>
      <ymin>827.11767578125</ymin>
      <xmax>609.7469156322242</xmax>
      <ymax>884.4948313945043</ymax>
    </bndbox>
    <attributes>
      <attribute>
        <name>keyframe</name>
        <value>True</value>
      </attribute>
      <attribute>
        <name>track_id</name>
        <value>311</value>
      </attribute>
    </attributes>
  </object>
  <object>
    <name>vehicule</name>
    <occluded>0</occluded>
    <bndbox>
      <xmin>655.6457905016448</xmin>
      <ymin>810.0962171052631</ymin>
      <xmax>757.9518451891452</xmax>
      <ymax>859.0048108552635</ymax>
    </bndbox>
    <attributes>
      <attribute>
        <name>keyframe</name>
        <value>True</value>
      </attribute>
      <attribute>
        <name>track_id</name>
        <value>316</value>
      </attribute>
    </attributes>
  </object>
  <object>
    <name>vehicule</name>
    <occluded>0</occluded>
    <bndbox>
      <xmin>1933.2892857142863</xmin>
      <ymin>687.242919921875</ymin>
      <xmax>2087.5702689034597</xmax>
      <ymax>778.8428571428578</ymax>
    </bndbox>
    <attributes>
      <attribute>
        <name>keyframe</name>
        <value>True</value>
      </attribute>
      <attribute>
        <name>track_id</name>
        <value>318</value>
      </attribute>
    </attributes>
  </object>
  <object>
    <name>vehicule</name>
    <occluded>0</occluded>
    <bndbox>
      <xmin>454.3714192708333</xmin>
      <ymin>1049.3500000000001</ymin>
      <xmax>624.3504557291675</xmax>
      <ymax>1134.2042325337727</ymax>
    </bndbox>
    <attributes>
      <attribute>
        <name>keyframe</name>
        <value>True</value>
      </attribute>
      <attribute>
        <name>track_id</name>
        <value>320</value>
      </attribute>
    </attributes>
  </object>
  <object>
    <name>vehicule</name>
    <occluded>0</occluded>
    <bndbox>
      <xmin>1098.0992495888158</xmin>
      <ymin>942.5622173108553</ymin>
      <xmax>1203.4801089638158</xmax>
      <ymax>987.4448375501128</ymax>
    </bndbox>
    <attributes>
      <attribute>
        <name>keyframe</name>
        <value>True</value>
      </attribute>
      <attribute>
        <name>track_id</name>
        <value>323</value>
      </attribute>
    </attributes>
  </object>
  <object>
    <name>vehicule</name>
    <occluded>0</occluded>
    <bndbox>
      <xmin>1256.567074424342</xmin>
      <ymin>899.5040861430921</ymin>
      <xmax>1364.8426648591687</xmax>
      <ymax>962.4728772615144</ymax>
    </bndbox>
    <attributes>
      <attribute>
        <name>keyframe</name>
        <value>True</value>
      </attribute>
      <attribute>
        <name>track_id</name>
        <value>324</value>
      </attribute>
    </attributes>
  </object>
  <object>
    <name>vehicule</name>
    <occluded>0</occluded>
    <bndbox>
      <xmin>796.46240234375</xmin>
      <ymin>793.6026315789478</ymin>
      <xmax>896.2500000000003</xmax>
      <ymax>838.8894896256296</ymax>
    </bndbox>
    <attributes>
      <attribute>
        <name>keyframe</name>
        <value>True</value>
      </attribute>
      <attribute>
        <name>track_id</name>
        <value>325</value>
      </attribute>
    </attributes>
  </object>
  <object>
    <name>vehicule</name>
    <occluded>0</occluded>
    <bndbox>
      <xmin>1448.7194270833334</xmin>
      <ymin>863.4055989583334</ymin>
      <xmax>1549.2352220662444</xmax>
      <ymax>926.8972526041675</ymax>
    </bndbox>
    <attributes>
      <attribute>
        <name>keyframe</name>
        <value>True</value>
      </attribute>
      <attribute>
        <name>track_id</name>
        <value>327</value>
      </attribute>
    </attributes>
  </object>
  <object>
    <name>vehicule</name>
    <occluded>0</occluded>
    <bndbox>
      <xmin>243.5649395161291</xmin>
      <ymin>1077.0672227822583</ymin>
      <xmax>424.0226329975741</xmax>
      <ymax>1169.867244144562</ymax>
    </bndbox>
    <attributes>
      <attribute>
        <name>keyframe</name>
        <value>True</value>
      </attribute>
      <attribute>
        <name>track_id</name>
        <value>328</value>
      </attribute>
    </attributes>
  </object>
  <object>
    <name>vehicule</name>
    <occluded>0</occluded>
    <bndbox>
      <xmin>1273.9569798519738</xmin>
      <ymin>865.1747275904605</ymin>
      <xmax>1350.7903782894741</xmax>
      <ymax>920.3178931788394</ymax>
    </bndbox>
    <attributes>
      <attribute>
        <name>keyframe</name>
        <value>True</value>
      </attribute>
      <attribute>
        <name>track_id</name>
        <value>330</value>
      </attribute>
    </attributes>
  </object>
  <object>
    <name>vehicule</name>
    <occluded>0</occluded>
    <bndbox>
      <xmin>1106.6684210526325</xmin>
      <ymin>964.2131990131579</ymin>
      <xmax>1238.2826839246247</xmax>
      <ymax>1042.118421052632</ymax>
    </bndbox>
    <attributes>
      <attribute>
        <name>keyframe</name>
        <value>True</value>
      </attribute>
      <attribute>
        <name>track_id</name>
        <value>331</value>
      </attribute>
    </attributes>
  </object>
  <object>
    <name>vehicule</name>
    <occluded>0</occluded>
    <bndbox>
      <xmin>1252.049560546875</xmin>
      <ymin>799.7079467773438</ymin>
      <xmax>1313.8975463867191</xmax>
      <ymax>851.1079467773452</ymax>
    </bndbox>
    <attributes>
      <attribute>
        <name>keyframe</name>
        <value>True</value>
      </attribute>
      <attribute>
        <name>track_id</name>
        <value>332</value>
      </attribute>
    </attributes>
  </object>
  <object>
    <name>vehicule</name>
    <occluded>0</occluded>
    <bndbox>
      <xmin>963.0764545641448</xmin>
      <ymin>1027.762875205592</ymin>
      <xmax>1122.283302708676</xmax>
      <ymax>1107.0054533305924</ymax>
    </bndbox>
    <attributes>
      <attribute>
        <name>keyframe</name>
        <value>True</value>
      </attribute>
      <attribute>
        <name>track_id</name>
        <value>333</value>
      </attribute>
    </attributes>
  </object>
  <object>
    <name>vehicule</name>
    <occluded>0</occluded>
    <bndbox>
      <xmin>918.4715169270834</xmin>
      <ymin>775.8343098958334</ymin>
      <xmax>1005.1211578369142</xmax>
      <ymax>814.3466692606607</ymax>
    </bndbox>
    <attributes>
      <attribute>
        <name>keyframe</name>
        <value>True</value>
      </attribute>
      <attribute>
        <name>track_id</name>
        <value>334</value>
      </attribute>
    </attributes>
  </object>
  <object>
    <name>vehicule</name>
    <occluded>0</occluded>
    <bndbox>
      <xmin>25.16015625</xmin>
      <ymin>1124.0598853326612</ymin>
      <xmax>225.2707061767578</xmax>
      <ymax>1234.9658988214308</ymax>
    </bndbox>
    <attributes>
      <attribute>
        <name>keyframe</name>
        <value>True</value>
      </attribute>
      <attribute>
        <name>track_id</name>
        <value>336</value>
      </attribute>
    </attributes>
  </object>
  <object>
    <name>vehicule</name>
    <occluded>0</occluded>
    <bndbox>
      <xmin>1292.161312705592</xmin>
      <ymin>961.2727539062505</ymin>
      <xmax>1406.5002494410473</xmax>
      <ymax>1028.144513983476</ymax>
    </bndbox>
    <attributes>
      <attribute>
        <name>keyframe</name>
        <value>True</value>
      </attribute>
      <attribute>
        <name>track_id</name>
        <value>337</value>
      </attribute>
    </attributes>
  </object>
  <object>
    <name>vehicule</name>
    <occluded>0</occluded>
    <bndbox>
      <xmin>75.84295654296875</xmin>
      <ymin>868.6649169921875</ymin>
      <xmax>209.0116374669435</xmax>
      <ymax>941.8600845336914</ymax>
    </bndbox>
    <attributes>
      <attribute>
        <name>keyframe</name>
        <value>True</value>
      </attribute>
      <attribute>
        <name>track_id</name>
        <value>338</value>
      </attribute>
    </attributes>
  </object>
  <object>
    <name>vehicule</name>
    <occluded>0</occluded>
    <bndbox>
      <xmin>686.5516550164474</xmin>
      <ymin>1109.142732319079</ymin>
      <xmax>885.6413034539481</xmax>
      <ymax>1202.0875931589223</ymax>
    </bndbox>
    <attributes>
      <attribute>
        <name>keyframe</name>
        <value>True</value>
      </attribute>
      <attribute>
        <name>track_id</name>
        <value>339</value>
      </attribute>
    </attributes>
  </object>
  <object>
    <name>vehicule</name>
    <occluded>0</occluded>
    <bndbox>
      <xmin>658.921484375</xmin>
      <ymin>1057.5193359375</ymin>
      <xmax>845.3658538818348</xmax>
      <ymax>1142.018753204346</ymax>
    </bndbox>
    <attributes>
      <attribute>
        <name>keyframe</name>
        <value>True</value>
      </attribute>
      <attribute>
        <name>track_id</name>
        <value>340</value>
      </attribute>
    </attributes>
  </object>
  <object>
    <name>vehicule</name>
    <occluded>0</occluded>
    <bndbox>
      <xmin>432.76666666666677</xmin>
      <ymin>1180.7563476562511</ymin>
      <xmax>642.9061533610027</xmax>
      <ymax>1275.0707397460938</ymax>
    </bndbox>
    <attributes>
      <attribute>
        <name>keyframe</name>
        <value>True</value>
      </attribute>
      <attribute>
        <name>track_id</name>
        <value>341</value>
      </attribute>
    </attributes>
  </object>
  <object>
    <name>vehicule</name>
    <occluded>0</occluded>
    <bndbox>
      <xmin>107.51110839843795</xmin>
      <ymin>1229.6068115234375</ymin>
      <xmax>320.29595947265625</xmax>
      <ymax>1327.0912122726445</ymax>
    </bndbox>
    <attributes>
      <attribute>
        <name>keyframe</name>
        <value>True</value>
      </attribute>
      <attribute>
        <name>track_id</name>
        <value>342</value>
      </attribute>
    </attributes>
  </object>
  <object>
    <name>vehicule</name>
    <occluded>0</occluded>
    <bndbox>
      <xmin>118.36279296875</xmin>
      <ymin>1154.7164306640625</ymin>
      <xmax>318.1149414062511</xmax>
      <ymax>1244.6052322387695</ymax>
    </bndbox>
    <attributes>
      <attribute>
        <name>keyframe</name>
        <value>True</value>
      </attribute>
      <attribute>
        <name>track_id</name>
        <value>343</value>
      </attribute>
    </attributes>
  </object>
</annotation>
