<annotation>
  <folder>frame</folder>
  <filename>frame_000867.jpg</filename>
  <source>
    <database>Unknown</database>
    <annotation>Unknown</annotation>
    <image>Unknown</image>
  </source>
  <size>
    <width>2456</width>
    <height>2054</height>
    <depth>3</depth>
  </size>
  <segmented>0</segmented>
  <object>
    <name>vehicule</name>
    <occluded>0</occluded>
    <bndbox>
      <xmin>1925.8431164901674</xmin>
      <ymin>880.2905399016641</ymin>
      <xmax>1993.4988678024683</xmax>
      <ymax>932.4620242766656</ymax>
    </bndbox>
    <attributes>
      <attribute>
        <name>keyframe</name>
        <value>True</value>
      </attribute>
      <attribute>
        <name>track_id</name>
        <value>0</value>
      </attribute>
    </attributes>
  </object>
  <object>
    <name>vehicule</name>
    <occluded>0</occluded>
    <bndbox>
      <xmin>2018.6901609088302</xmin>
      <ymin>886.1664277522935</ymin>
      <xmax>2094.299340596331</xmax>
      <ymax>941.875998064795</ymax>
    </bndbox>
    <attributes>
      <attribute>
        <name>keyframe</name>
        <value>True</value>
      </attribute>
      <attribute>
        <name>track_id</name>
        <value>24</value>
      </attribute>
    </attributes>
  </object>
  <object>
    <name>vehicule</name>
    <occluded>0</occluded>
    <bndbox>
      <xmin>2091.6027451552354</xmin>
      <ymin>893.6943264255278</ymin>
      <xmax>2158.529220779221</xmax>
      <ymax>963.6294106471076</ymax>
    </bndbox>
    <attributes>
      <attribute>
        <name>keyframe</name>
        <value>True</value>
      </attribute>
      <attribute>
        <name>track_id</name>
        <value>26</value>
      </attribute>
    </attributes>
  </object>
  <object>
    <name>vehicule</name>
    <occluded>0</occluded>
    <bndbox>
      <xmin>2072.1517333984375</xmin>
      <ymin>862.2617474099877</ymin>
      <xmax>2139.432592773439</xmax>
      <ymax>913.0408474466074</ymax>
    </bndbox>
    <attributes>
      <attribute>
        <name>keyframe</name>
        <value>True</value>
      </attribute>
      <attribute>
        <name>track_id</name>
        <value>27</value>
      </attribute>
    </attributes>
  </object>
  <object>
    <name>vehicule</name>
    <occluded>0</occluded>
    <bndbox>
      <xmin>682.6779597355769</xmin>
      <ymin>893.7240384615385</ymin>
      <xmax>764.8923076923077</xmax>
      <ymax>948.3282295227048</ymax>
    </bndbox>
    <attributes>
      <attribute>
        <name>keyframe</name>
        <value>True</value>
      </attribute>
      <attribute>
        <name>track_id</name>
        <value>28</value>
      </attribute>
    </attributes>
  </object>
  <object>
    <name>vehicule</name>
    <occluded>0</occluded>
    <bndbox>
      <xmin>722.7645539314516</xmin>
      <ymin>973.5197517641129</ymin>
      <xmax>843.1918094758066</xmax>
      <ymax>1073.9256752260255</ymax>
    </bndbox>
    <attributes>
      <attribute>
        <name>keyframe</name>
        <value>True</value>
      </attribute>
      <attribute>
        <name>track_id</name>
        <value>30</value>
      </attribute>
    </attributes>
  </object>
  <object>
    <name>vehicule</name>
    <occluded>0</occluded>
    <bndbox>
      <xmin>581.0967088386194</xmin>
      <ymin>944.4156500699627</ymin>
      <xmax>649.0665199484769</xmax>
      <ymax>1017.2128750359834</ymax>
    </bndbox>
    <attributes>
      <attribute>
        <name>keyframe</name>
        <value>True</value>
      </attribute>
      <attribute>
        <name>track_id</name>
        <value>32</value>
      </attribute>
    </attributes>
  </object>
  <object>
    <name>vehicule</name>
    <occluded>0</occluded>
    <bndbox>
      <xmin>950.93818359375</xmin>
      <ymin>839.223828125</ymin>
      <xmax>1041.8542831420898</xmax>
      <ymax>890.0752075195312</ymax>
    </bndbox>
    <attributes>
      <attribute>
        <name>keyframe</name>
        <value>True</value>
      </attribute>
      <attribute>
        <name>track_id</name>
        <value>34</value>
      </attribute>
    </attributes>
  </object>
  <object>
    <name>vehicule</name>
    <occluded>0</occluded>
    <bndbox>
      <xmin>1132.505078125</xmin>
      <ymin>820.86884765625</ymin>
      <xmax>1238.8505859375007</xmax>
      <ymax>877.353417968751</ymax>
    </bndbox>
    <attributes>
      <attribute>
        <name>keyframe</name>
        <value>True</value>
      </attribute>
      <attribute>
        <name>track_id</name>
        <value>35</value>
      </attribute>
    </attributes>
  </object>
  <object>
    <name>vehicule</name>
    <occluded>0</occluded>
    <bndbox>
      <xmin>595.6945705307263</xmin>
      <ymin>986.8178770949725</ymin>
      <xmax>697.8544692737441</xmax>
      <ymax>1079.2105117669985</ymax>
    </bndbox>
    <attributes>
      <attribute>
        <name>keyframe</name>
        <value>True</value>
      </attribute>
      <attribute>
        <name>track_id</name>
        <value>36</value>
      </attribute>
    </attributes>
  </object>
  <object>
    <name>vehicule</name>
    <occluded>0</occluded>
    <bndbox>
      <xmin>1937.283203125</xmin>
      <ymin>925.0595703125</ymin>
      <xmax>2009.6738265991207</xmax>
      <ymax>986.7955078125015</ymax>
    </bndbox>
    <attributes>
      <attribute>
        <name>keyframe</name>
        <value>True</value>
      </attribute>
      <attribute>
        <name>track_id</name>
        <value>37</value>
      </attribute>
    </attributes>
  </object>
  <object>
    <name>vehicule</name>
    <occluded>0</occluded>
    <bndbox>
      <xmin>1327.6038912259614</xmin>
      <ymin>816.1226712740385</ymin>
      <xmax>1419.156364675668</xmax>
      <ymax>869.0707349337057</ymax>
    </bndbox>
    <attributes>
      <attribute>
        <name>keyframe</name>
        <value>True</value>
      </attribute>
      <attribute>
        <name>track_id</name>
        <value>44</value>
      </attribute>
    </attributes>
  </object>
  <object>
    <name>vehicule</name>
    <occluded>0</occluded>
    <bndbox>
      <xmin>355.0909529006201</xmin>
      <ymin>997.7208285737601</ymin>
      <xmax>455.98742964622556</xmax>
      <ymax>1084.512475912627</ymax>
    </bndbox>
    <attributes>
      <attribute>
        <name>keyframe</name>
        <value>True</value>
      </attribute>
      <attribute>
        <name>track_id</name>
        <value>45</value>
      </attribute>
    </attributes>
  </object>
  <object>
    <name>vehicule</name>
    <occluded>0</occluded>
    <bndbox>
      <xmin>2228.443659855769</xmin>
      <ymin>1029.5306490384614</ymin>
      <xmax>2362.1317549485425</xmax>
      <ymax>1105.0710787259618</ymax>
    </bndbox>
    <attributes>
      <attribute>
        <name>keyframe</name>
        <value>True</value>
      </attribute>
      <attribute>
        <name>track_id</name>
        <value>47</value>
      </attribute>
    </attributes>
  </object>
  <object>
    <name>vehicule</name>
    <occluded>0</occluded>
    <bndbox>
      <xmin>1892.2768465909098</xmin>
      <ymin>976.7283558238639</ymin>
      <xmax>2034.8726029829545</xmax>
      <ymax>1041.1832477916366</ymax>
    </bndbox>
    <attributes>
      <attribute>
        <name>keyframe</name>
        <value>True</value>
      </attribute>
      <attribute>
        <name>track_id</name>
        <value>48</value>
      </attribute>
    </attributes>
  </object>
  <object>
    <name>vehicule</name>
    <occluded>0</occluded>
    <bndbox>
      <xmin>2013.7201704545455</xmin>
      <ymin>1047.1227805397727</ymin>
      <xmax>2160.576775568183</xmax>
      <ymax>1122.2073508522742</ymax>
    </bndbox>
    <attributes>
      <attribute>
        <name>keyframe</name>
        <value>True</value>
      </attribute>
      <attribute>
        <name>track_id</name>
        <value>49</value>
      </attribute>
    </attributes>
  </object>
  <object>
    <name>vehicule</name>
    <occluded>0</occluded>
    <bndbox>
      <xmin>1913.7660688920455</xmin>
      <ymin>1014.9567471590912</ymin>
      <xmax>2062.111982588334</xmax>
      <ymax>1086.8010700572618</ymax>
    </bndbox>
    <attributes>
      <attribute>
        <name>keyframe</name>
        <value>True</value>
      </attribute>
      <attribute>
        <name>track_id</name>
        <value>50</value>
      </attribute>
    </attributes>
  </object>
  <object>
    <name>vehicule</name>
    <occluded>0</occluded>
    <bndbox>
      <xmin>1103.47978515625</xmin>
      <ymin>791.063671875</ymin>
      <xmax>1200.5596878051758</xmax>
      <ymax>831.3604225158676</ymax>
    </bndbox>
    <attributes>
      <attribute>
        <name>keyframe</name>
        <value>True</value>
      </attribute>
      <attribute>
        <name>track_id</name>
        <value>51</value>
      </attribute>
    </attributes>
  </object>
  <object>
    <name>vehicule</name>
    <occluded>0</occluded>
    <bndbox>
      <xmin>895.14931640625</xmin>
      <ymin>805.41337890625</ymin>
      <xmax>979.6875854492188</xmax>
      <ymax>849.3404685974122</ymax>
    </bndbox>
    <attributes>
      <attribute>
        <name>keyframe</name>
        <value>True</value>
      </attribute>
      <attribute>
        <name>track_id</name>
        <value>52</value>
      </attribute>
    </attributes>
  </object>
  <object>
    <name>vehicule</name>
    <occluded>0</occluded>
    <bndbox>
      <xmin>1519.121844951923</xmin>
      <ymin>824.1088491586538</ymin>
      <xmax>1619.7116963313176</xmax>
      <ymax>867.9831434396597</ymax>
    </bndbox>
    <attributes>
      <attribute>
        <name>keyframe</name>
        <value>True</value>
      </attribute>
      <attribute>
        <name>track_id</name>
        <value>53</value>
      </attribute>
    </attributes>
  </object>
  <object>
    <name>vehicule</name>
    <occluded>0</occluded>
    <bndbox>
      <xmin>1789.7982066761363</xmin>
      <ymin>1064.8673650568182</ymin>
      <xmax>1952.8741435657832</xmax>
      <ymax>1160.0981237238104</ymax>
    </bndbox>
    <attributes>
      <attribute>
        <name>keyframe</name>
        <value>True</value>
      </attribute>
      <attribute>
        <name>track_id</name>
        <value>57</value>
      </attribute>
    </attributes>
  </object>
  <object>
    <name>vehicule</name>
    <occluded>0</occluded>
    <bndbox>
      <xmin>1473.3303444602273</xmin>
      <ymin>1053.8225319602273</ymin>
      <xmax>1660.0935890891335</xmax>
      <ymax>1138.883017800071</ymax>
    </bndbox>
    <attributes>
      <attribute>
        <name>keyframe</name>
        <value>True</value>
      </attribute>
      <attribute>
        <name>track_id</name>
        <value>61</value>
      </attribute>
    </attributes>
  </object>
  <object>
    <name>vehicule</name>
    <occluded>0</occluded>
    <bndbox>
      <xmin>1288.5262169471155</xmin>
      <ymin>793.3328575721154</ymin>
      <xmax>1379.3893028846162</xmax>
      <ymax>834.1680512061486</ymax>
    </bndbox>
    <attributes>
      <attribute>
        <name>keyframe</name>
        <value>True</value>
      </attribute>
      <attribute>
        <name>track_id</name>
        <value>62</value>
      </attribute>
    </attributes>
  </object>
  <object>
    <name>vehicule</name>
    <occluded>0</occluded>
    <bndbox>
      <xmin>1276.571200284091</xmin>
      <ymin>1119.9453125</ymin>
      <xmax>1473.1833096590917</xmax>
      <ymax>1214.2515029907227</ymax>
    </bndbox>
    <attributes>
      <attribute>
        <name>keyframe</name>
        <value>True</value>
      </attribute>
      <attribute>
        <name>track_id</name>
        <value>64</value>
      </attribute>
    </attributes>
  </object>
  <object>
    <name>vehicule</name>
    <occluded>0</occluded>
    <bndbox>
      <xmin>1035.880859375</xmin>
      <ymin>1092.0771484375</ymin>
      <xmax>1213.3983917236328</xmax>
      <ymax>1171.9600372314453</ymax>
    </bndbox>
    <attributes>
      <attribute>
        <name>keyframe</name>
        <value>True</value>
      </attribute>
      <attribute>
        <name>track_id</name>
        <value>65</value>
      </attribute>
    </attributes>
  </object>
  <object>
    <name>vehicule</name>
    <occluded>0</occluded>
    <bndbox>
      <xmin>984.7181250000006</xmin>
      <ymin>1037.3669921875</ymin>
      <xmax>1148.4139383951824</xmax>
      <ymax>1111.702456665039</ymax>
    </bndbox>
    <attributes>
      <attribute>
        <name>keyframe</name>
        <value>True</value>
      </attribute>
      <attribute>
        <name>track_id</name>
        <value>66</value>
      </attribute>
    </attributes>
  </object>
  <object>
    <name>vehicule</name>
    <occluded>0</occluded>
    <bndbox>
      <xmin>1707.6022385817307</xmin>
      <ymin>825.3500600961538</ymin>
      <xmax>1822.4030732374924</xmax>
      <ymax>876.2014394906851</ymax>
    </bndbox>
    <attributes>
      <attribute>
        <name>keyframe</name>
        <value>True</value>
      </attribute>
      <attribute>
        <name>track_id</name>
        <value>67</value>
      </attribute>
    </attributes>
  </object>
  <object>
    <name>vehicule</name>
    <occluded>0</occluded>
    <bndbox>
      <xmin>841.346484375</xmin>
      <ymin>830.3734375</ymin>
      <xmax>947.3279296875</xmax>
      <ymax>883.5362411499024</ymax>
    </bndbox>
    <attributes>
      <attribute>
        <name>keyframe</name>
        <value>True</value>
      </attribute>
      <attribute>
        <name>track_id</name>
        <value>68</value>
      </attribute>
    </attributes>
  </object>
  <object>
    <name>vehicule</name>
    <occluded>0</occluded>
    <bndbox>
      <xmin>942.6427343750004</xmin>
      <ymin>1140.1192057291667</ymin>
      <xmax>1145.180390014648</xmax>
      <ymax>1228.7238733927409</ymax>
    </bndbox>
    <attributes>
      <attribute>
        <name>keyframe</name>
        <value>True</value>
      </attribute>
      <attribute>
        <name>track_id</name>
        <value>69</value>
      </attribute>
    </attributes>
  </object>
  <object>
    <name>vehicule</name>
    <occluded>0</occluded>
    <bndbox>
      <xmin>682.0392878605769</xmin>
      <ymin>853.1260516826923</ymin>
      <xmax>782.6291392399714</xmax>
      <ymax>901.2807643596942</ymax>
    </bndbox>
    <attributes>
      <attribute>
        <name>keyframe</name>
        <value>True</value>
      </attribute>
      <attribute>
        <name>track_id</name>
        <value>70</value>
      </attribute>
    </attributes>
  </object>
  <object>
    <name>vehicule</name>
    <occluded>0</occluded>
    <bndbox>
      <xmin>1424.1041917067307</xmin>
      <ymin>802.57421875</ymin>
      <xmax>1522.0187730055588</xmax>
      <ymax>845.3784065246582</ymax>
    </bndbox>
    <attributes>
      <attribute>
        <name>keyframe</name>
        <value>True</value>
      </attribute>
      <attribute>
        <name>track_id</name>
        <value>72</value>
      </attribute>
    </attributes>
  </object>
  <object>
    <name>vehicule</name>
    <occluded>0</occluded>
    <bndbox>
      <xmin>1883.1622596153845</xmin>
      <ymin>812.9640925480769</ymin>
      <xmax>1994.9882026085486</xmax>
      <ymax>869.1445887638972</ymax>
    </bndbox>
    <attributes>
      <attribute>
        <name>keyframe</name>
        <value>True</value>
      </attribute>
      <attribute>
        <name>track_id</name>
        <value>73</value>
      </attribute>
    </attributes>
  </object>
  <object>
    <name>vehicule</name>
    <occluded>0</occluded>
    <bndbox>
      <xmin>2049.6466346153848</xmin>
      <ymin>826.1373948317307</ymin>
      <xmax>2146.491109407865</xmax>
      <ymax>875.8972634535569</ymax>
    </bndbox>
    <attributes>
      <attribute>
        <name>keyframe</name>
        <value>True</value>
      </attribute>
      <attribute>
        <name>track_id</name>
        <value>74</value>
      </attribute>
    </attributes>
  </object>
  <object>
    <name>vehicule</name>
    <occluded>0</occluded>
    <bndbox>
      <xmin>615.5537109375</xmin>
      <ymin>1117.5641276041667</ymin>
      <xmax>799.2843475341797</xmax>
      <ymax>1218.2165705362956</ymax>
    </bndbox>
    <attributes>
      <attribute>
        <name>keyframe</name>
        <value>True</value>
      </attribute>
      <attribute>
        <name>track_id</name>
        <value>75</value>
      </attribute>
    </attributes>
  </object>
  <object>
    <name>vehicule</name>
    <occluded>0</occluded>
    <bndbox>
      <xmin>637.1393229166666</xmin>
      <ymin>1057.3337239583334</ymin>
      <xmax>812.8816782633463</xmax>
      <ymax>1138.8142690022787</ymax>
    </bndbox>
    <attributes>
      <attribute>
        <name>keyframe</name>
        <value>True</value>
      </attribute>
      <attribute>
        <name>track_id</name>
        <value>76</value>
      </attribute>
    </attributes>
  </object>
  <object>
    <name>vehicule</name>
    <occluded>0</occluded>
    <bndbox>
      <xmin>234.9482421875</xmin>
      <ymin>1159.900390625</ymin>
      <xmax>401.3709259033203</xmax>
      <ymax>1244.652687072754</ymax>
    </bndbox>
    <attributes>
      <attribute>
        <name>keyframe</name>
        <value>True</value>
      </attribute>
      <attribute>
        <name>track_id</name>
        <value>77</value>
      </attribute>
    </attributes>
  </object>
  <object>
    <name>vehicule</name>
    <occluded>0</occluded>
    <bndbox>
      <xmin>225.2158203125</xmin>
      <ymin>1080.3935546875</ymin>
      <xmax>400.88421630859375</xmax>
      <ymax>1168.2277526855469</ymax>
    </bndbox>
    <attributes>
      <attribute>
        <name>keyframe</name>
        <value>True</value>
      </attribute>
      <attribute>
        <name>track_id</name>
        <value>78</value>
      </attribute>
    </attributes>
  </object>
  <object>
    <name>vehicule</name>
    <occluded>0</occluded>
    <bndbox>
      <xmin>72.29071514423077</xmin>
      <ymin>1075.2675030048076</ymin>
      <xmax>236.0506333571214</xmax>
      <ymax>1149.8248607928936</ymax>
    </bndbox>
    <attributes>
      <attribute>
        <name>keyframe</name>
        <value>True</value>
      </attribute>
      <attribute>
        <name>track_id</name>
        <value>79</value>
      </attribute>
    </attributes>
  </object>
  <object>
    <name>vehicule</name>
    <occluded>0</occluded>
    <bndbox>
      <xmin>97.740234375</xmin>
      <ymin>1153.0228515625</ymin>
      <xmax>185.61141204833984</xmax>
      <ymax>1242.2254119873046</ymax>
    </bndbox>
    <attributes>
      <attribute>
        <name>keyframe</name>
        <value>True</value>
      </attribute>
      <attribute>
        <name>track_id</name>
        <value>80</value>
      </attribute>
    </attributes>
  </object>
  <object>
    <name>vehicule</name>
    <occluded>0</occluded>
    <bndbox>
      <xmin>604.1995442708334</xmin>
      <ymin>842.3448350694445</ymin>
      <xmax>702.1141255696615</xmax>
      <ymax>893.7098634507921</ymax>
    </bndbox>
    <attributes>
      <attribute>
        <name>keyframe</name>
        <value>True</value>
      </attribute>
      <attribute>
        <name>track_id</name>
        <value>81</value>
      </attribute>
    </attributes>
  </object>
  <object>
    <name>vehicule</name>
    <occluded>0</occluded>
    <bndbox>
      <xmin>1505.52138671875</xmin>
      <ymin>1251.115625</ymin>
      <xmax>1583.1853118896483</xmax>
      <ymax>1340.9838729858398</ymax>
    </bndbox>
    <attributes>
      <attribute>
        <name>keyframe</name>
        <value>True</value>
      </attribute>
      <attribute>
        <name>track_id</name>
        <value>82</value>
      </attribute>
    </attributes>
  </object>
  <object>
    <name>vehicule</name>
    <occluded>0</occluded>
    <bndbox>
      <xmin>1026.22783203125</xmin>
      <ymin>813.23486328125</ymin>
      <xmax>1139.0290039062504</xmax>
      <ymax>867.9386138916016</ymax>
    </bndbox>
    <attributes>
      <attribute>
        <name>keyframe</name>
        <value>True</value>
      </attribute>
      <attribute>
        <name>track_id</name>
        <value>92</value>
      </attribute>
    </attributes>
  </object>
  <object>
    <name>vehicule</name>
    <occluded>0</occluded>
    <bndbox>
      <xmin>124.572265625</xmin>
      <ymin>938.985546875</ymin>
      <xmax>262.85976562500036</xmax>
      <ymax>1019.068943786621</ymax>
    </bndbox>
    <attributes>
      <attribute>
        <name>keyframe</name>
        <value>True</value>
      </attribute>
      <attribute>
        <name>track_id</name>
        <value>404</value>
      </attribute>
    </attributes>
  </object>
  <object>
    <name>vehicule</name>
    <occluded>0</occluded>
    <bndbox>
      <xmin>457.0904912763229</xmin>
      <ymin>985.3328664956806</ymin>
      <xmax>567.8629711966794</xmax>
      <ymax>1085.1361357093626</ymax>
    </bndbox>
    <attributes>
      <attribute>
        <name>keyframe</name>
        <value>True</value>
      </attribute>
      <attribute>
        <name>track_id</name>
        <value>412</value>
      </attribute>
    </attributes>
  </object>
  <object>
    <name>vehicule</name>
    <occluded>0</occluded>
    <bndbox>
      <xmin>433.4475249891744</xmin>
      <ymin>940.6615274971132</ymin>
      <xmax>550.3731213012416</xmax>
      <ymax>1012.655605612175</ymax>
    </bndbox>
    <attributes>
      <attribute>
        <name>keyframe</name>
        <value>True</value>
      </attribute>
      <attribute>
        <name>track_id</name>
        <value>418</value>
      </attribute>
    </attributes>
  </object>
</annotation>
