<annotation>
  <folder>frame</folder>
  <filename>frame_005088.jpg</filename>
  <source>
    <database>Unknown</database>
    <annotation>Unknown</annotation>
    <image>Unknown</image>
  </source>
  <size>
    <width>2456</width>
    <height>2054</height>
    <depth>3</depth>
  </size>
  <segmented>0</segmented>
  <object>
    <name>vehicule</name>
    <occluded>0</occluded>
    <bndbox>
      <xmin>864.4823529411766</xmin>
      <ymin>777.2471277573529</ymin>
      <xmax>961.0124471327838</xmax>
      <ymax>832.8543543198518</ymax>
    </bndbox>
    <attributes>
      <attribute>
        <name>keyframe</name>
        <value>True</value>
      </attribute>
      <attribute>
        <name>track_id</name>
        <value>274</value>
      </attribute>
    </attributes>
  </object>
  <object>
    <name>vehicule</name>
    <occluded>0</occluded>
    <bndbox>
      <xmin>1013.3477053010845</xmin>
      <ymin>805.1614404965753</ymin>
      <xmax>1072.431512674131</xmax>
      <ymax>869.4647608090768</ymax>
    </bndbox>
    <attributes>
      <attribute>
        <name>keyframe</name>
        <value>True</value>
      </attribute>
      <attribute>
        <name>track_id</name>
        <value>320</value>
      </attribute>
    </attributes>
  </object>
  <object>
    <name>vehicule</name>
    <occluded>0</occluded>
    <bndbox>
      <xmin>959.2095336914062</xmin>
      <ymin>891.7431640625</ymin>
      <xmax>1055.7773147582993</xmax>
      <ymax>956.4347671508785</ymax>
    </bndbox>
    <attributes>
      <attribute>
        <name>keyframe</name>
        <value>True</value>
      </attribute>
      <attribute>
        <name>track_id</name>
        <value>328</value>
      </attribute>
    </attributes>
  </object>
  <object>
    <name>vehicule</name>
    <occluded>0</occluded>
    <bndbox>
      <xmin>905.1181640625</xmin>
      <ymin>751.7000000000007</ymin>
      <xmax>997.5</xmax>
      <ymax>797.1562461853027</ymax>
    </bndbox>
    <attributes>
      <attribute>
        <name>keyframe</name>
        <value>True</value>
      </attribute>
      <attribute>
        <name>track_id</name>
        <value>331</value>
      </attribute>
    </attributes>
  </object>
  <object>
    <name>vehicule</name>
    <occluded>0</occluded>
    <bndbox>
      <xmin>0.0</xmin>
      <ymin>922.4645182291666</ymin>
      <xmax>75.34707031250036</xmax>
      <ymax>979.1332270304362</ymax>
    </bndbox>
    <attributes>
      <attribute>
        <name>keyframe</name>
        <value>True</value>
      </attribute>
      <attribute>
        <name>track_id</name>
        <value>334</value>
      </attribute>
    </attributes>
  </object>
  <object>
    <name>vehicule</name>
    <occluded>0</occluded>
    <bndbox>
      <xmin>796.7083068847667</xmin>
      <ymin>968.1351074218757</ymin>
      <xmax>961.9978335380554</xmax>
      <ymax>1049.3994595527647</ymax>
    </bndbox>
    <attributes>
      <attribute>
        <name>keyframe</name>
        <value>True</value>
      </attribute>
      <attribute>
        <name>track_id</name>
        <value>336</value>
      </attribute>
    </attributes>
  </object>
  <object>
    <name>vehicule</name>
    <occluded>0</occluded>
    <bndbox>
      <xmin>970.1754150390625</xmin>
      <ymin>774.600341796875</ymin>
      <xmax>1065.12365875244</xmax>
      <ymax>829.5851020812988</ymax>
    </bndbox>
    <attributes>
      <attribute>
        <name>keyframe</name>
        <value>True</value>
      </attribute>
      <attribute>
        <name>track_id</name>
        <value>345</value>
      </attribute>
    </attributes>
  </object>
  <object>
    <name>vehicule</name>
    <occluded>0</occluded>
    <bndbox>
      <xmin>1020.0814606741575</xmin>
      <ymin>851.3592543012641</ymin>
      <xmax>1082.7804795340203</xmax>
      <ymax>920.4422621137641</ymax>
    </bndbox>
    <attributes>
      <attribute>
        <name>keyframe</name>
        <value>True</value>
      </attribute>
      <attribute>
        <name>track_id</name>
        <value>348</value>
      </attribute>
    </attributes>
  </object>
  <object>
    <name>vehicule</name>
    <occluded>0</occluded>
    <bndbox>
      <xmin>982.6028053977273</xmin>
      <ymin>720.3441051136364</ymin>
      <xmax>1186.1135475852273</xmax>
      <ymax>798.2439098011367</ymax>
    </bndbox>
    <attributes>
      <attribute>
        <name>keyframe</name>
        <value>True</value>
      </attribute>
      <attribute>
        <name>track_id</name>
        <value>349</value>
      </attribute>
    </attributes>
  </object>
  <object>
    <name>vehicule</name>
    <occluded>0</occluded>
    <bndbox>
      <xmin>968.7216796875</xmin>
      <ymin>940.625555419922</ymin>
      <xmax>1084.3003906250015</xmax>
      <ymax>1015.8062179565427</ymax>
    </bndbox>
    <attributes>
      <attribute>
        <name>keyframe</name>
        <value>True</value>
      </attribute>
      <attribute>
        <name>track_id</name>
        <value>350</value>
      </attribute>
    </attributes>
  </object>
  <object>
    <name>vehicule</name>
    <occluded>0</occluded>
    <bndbox>
      <xmin>616.60986328125</xmin>
      <ymin>1006.8707580566406</ymin>
      <xmax>785.0985351562504</xmax>
      <ymax>1077.8782119750977</ymax>
    </bndbox>
    <attributes>
      <attribute>
        <name>keyframe</name>
        <value>True</value>
      </attribute>
      <attribute>
        <name>track_id</name>
        <value>351</value>
      </attribute>
    </attributes>
  </object>
  <object>
    <name>vehicule</name>
    <occluded>0</occluded>
    <bndbox>
      <xmin>1192.5704210069443</xmin>
      <ymin>827.4120551215278</ymin>
      <xmax>1260.9323350694458</xmax>
      <ymax>899.7476019965293</ymax>
    </bndbox>
    <attributes>
      <attribute>
        <name>keyframe</name>
        <value>True</value>
      </attribute>
      <attribute>
        <name>track_id</name>
        <value>352</value>
      </attribute>
    </attributes>
  </object>
  <object>
    <name>vehicule</name>
    <occluded>0</occluded>
    <bndbox>
      <xmin>1182.647732204861</xmin>
      <ymin>783.0173611111111</ymin>
      <xmax>1241.492458767361</xmax>
      <ymax>837.1773205227307</ymax>
    </bndbox>
    <attributes>
      <attribute>
        <name>keyframe</name>
        <value>True</value>
      </attribute>
      <attribute>
        <name>track_id</name>
        <value>353</value>
      </attribute>
    </attributes>
  </object>
  <object>
    <name>vehicule</name>
    <occluded>0</occluded>
    <bndbox>
      <xmin>1732.710175781251</xmin>
      <ymin>790.71884765625</ymin>
      <xmax>1820.958596343994</xmax>
      <ymax>839.5248442077639</ymax>
    </bndbox>
    <attributes>
      <attribute>
        <name>keyframe</name>
        <value>True</value>
      </attribute>
      <attribute>
        <name>track_id</name>
        <value>355</value>
      </attribute>
    </attributes>
  </object>
  <object>
    <name>vehicule</name>
    <occluded>0</occluded>
    <bndbox>
      <xmin>1108.92236328125</xmin>
      <ymin>854.4769965277778</ymin>
      <xmax>1181.2235961914048</xmax>
      <ymax>916.1486762152786</ymax>
    </bndbox>
    <attributes>
      <attribute>
        <name>keyframe</name>
        <value>True</value>
      </attribute>
      <attribute>
        <name>track_id</name>
        <value>356</value>
      </attribute>
    </attributes>
  </object>
  <object>
    <name>vehicule</name>
    <occluded>0</occluded>
    <bndbox>
      <xmin>142.702734375</xmin>
      <ymin>882.3124609375005</ymin>
      <xmax>246.81376953125147</xmax>
      <ymax>947.9468391418457</ymax>
    </bndbox>
    <attributes>
      <attribute>
        <name>keyframe</name>
        <value>True</value>
      </attribute>
      <attribute>
        <name>track_id</name>
        <value>358</value>
      </attribute>
    </attributes>
  </object>
  <object>
    <name>vehicule</name>
    <occluded>0</occluded>
    <bndbox>
      <xmin>1077.6590021306818</xmin>
      <ymin>804.5936612215909</ymin>
      <xmax>1150.3488458806821</xmax>
      <ymax>867.1979580965916</ymax>
    </bndbox>
    <attributes>
      <attribute>
        <name>keyframe</name>
        <value>True</value>
      </attribute>
      <attribute>
        <name>track_id</name>
        <value>359</value>
      </attribute>
    </attributes>
  </object>
  <object>
    <name>vehicule</name>
    <occluded>0</occluded>
    <bndbox>
      <xmin>603.24066280242</xmin>
      <ymin>1068.8898500504042</ymin>
      <xmax>763.9631854641822</xmax>
      <ymax>1147.7787160319667</ymax>
    </bndbox>
    <attributes>
      <attribute>
        <name>keyframe</name>
        <value>True</value>
      </attribute>
      <attribute>
        <name>track_id</name>
        <value>360</value>
      </attribute>
    </attributes>
  </object>
  <object>
    <name>vehicule</name>
    <occluded>0</occluded>
    <bndbox>
      <xmin>1465.816528320313</xmin>
      <ymin>869.671630859375</ymin>
      <xmax>1579.205322265625</xmax>
      <ymax>934.8837163925168</ymax>
    </bndbox>
    <attributes>
      <attribute>
        <name>keyframe</name>
        <value>True</value>
      </attribute>
      <attribute>
        <name>track_id</name>
        <value>361</value>
      </attribute>
    </attributes>
  </object>
  <object>
    <name>vehicule</name>
    <occluded>0</occluded>
    <bndbox>
      <xmin>340.5994140625</xmin>
      <ymin>852.01005859375</ymin>
      <xmax>446.1318359375011</xmax>
      <ymax>911.5359169006344</ymax>
    </bndbox>
    <attributes>
      <attribute>
        <name>keyframe</name>
        <value>True</value>
      </attribute>
      <attribute>
        <name>track_id</name>
        <value>362</value>
      </attribute>
    </attributes>
  </object>
  <object>
    <name>vehicule</name>
    <occluded>0</occluded>
    <bndbox>
      <xmin>500.714990234376</xmin>
      <ymin>1136.7647705078125</ymin>
      <xmax>681.9431299209593</xmax>
      <ymax>1238.4466094970703</ymax>
    </bndbox>
    <attributes>
      <attribute>
        <name>keyframe</name>
        <value>True</value>
      </attribute>
      <attribute>
        <name>track_id</name>
        <value>364</value>
      </attribute>
    </attributes>
  </object>
  <object>
    <name>vehicule</name>
    <occluded>0</occluded>
    <bndbox>
      <xmin>1049.4140625</xmin>
      <ymin>960.5645263671879</ymin>
      <xmax>1164.049023437501</xmax>
      <ymax>1035.9720840454095</ymax>
    </bndbox>
    <attributes>
      <attribute>
        <name>keyframe</name>
        <value>True</value>
      </attribute>
      <attribute>
        <name>track_id</name>
        <value>365</value>
      </attribute>
    </attributes>
  </object>
  <object>
    <name>vehicule</name>
    <occluded>0</occluded>
    <bndbox>
      <xmin>1264.1360677083333</xmin>
      <ymin>830.2791883680555</ymin>
      <xmax>1342.6897786458333</xmax>
      <ymax>897.0432508680559</ymax>
    </bndbox>
    <attributes>
      <attribute>
        <name>keyframe</name>
        <value>True</value>
      </attribute>
      <attribute>
        <name>track_id</name>
        <value>366</value>
      </attribute>
    </attributes>
  </object>
  <object>
    <name>vehicule</name>
    <occluded>0</occluded>
    <bndbox>
      <xmin>508.86572265625</xmin>
      <ymin>827.650390625</ymin>
      <xmax>608.83642578125</xmax>
      <ymax>880.622393798827</ymax>
    </bndbox>
    <attributes>
      <attribute>
        <name>keyframe</name>
        <value>True</value>
      </attribute>
      <attribute>
        <name>track_id</name>
        <value>367</value>
      </attribute>
    </attributes>
  </object>
  <object>
    <name>vehicule</name>
    <occluded>0</occluded>
    <bndbox>
      <xmin>859.6815185546882</xmin>
      <ymin>1012.57470703125</ymin>
      <xmax>1042.7887725830078</xmax>
      <ymax>1142.1092624664307</ymax>
    </bndbox>
    <attributes>
      <attribute>
        <name>keyframe</name>
        <value>True</value>
      </attribute>
      <attribute>
        <name>track_id</name>
        <value>368</value>
      </attribute>
    </attributes>
  </object>
  <object>
    <name>vehicule</name>
    <occluded>0</occluded>
    <bndbox>
      <xmin>110.47429547991072</xmin>
      <ymin>1199.487548828125</ymin>
      <xmax>339.4216068812779</xmax>
      <ymax>1309.3265228271484</ymax>
    </bndbox>
    <attributes>
      <attribute>
        <name>keyframe</name>
        <value>True</value>
      </attribute>
      <attribute>
        <name>track_id</name>
        <value>369</value>
      </attribute>
    </attributes>
  </object>
  <object>
    <name>vehicule</name>
    <occluded>0</occluded>
    <bndbox>
      <xmin>874.5894775390625</xmin>
      <ymin>1119.384765625</ymin>
      <xmax>1025.4029293060303</xmax>
      <ymax>1215.1000000000004</ymax>
    </bndbox>
    <attributes>
      <attribute>
        <name>keyframe</name>
        <value>True</value>
      </attribute>
      <attribute>
        <name>track_id</name>
        <value>370</value>
      </attribute>
    </attributes>
  </object>
  <object>
    <name>vehicule</name>
    <occluded>0</occluded>
    <bndbox>
      <xmin>189.2947656250006</xmin>
      <ymin>1309.7767578125</ymin>
      <xmax>429.17461425781255</xmax>
      <ymax>1477.1375598144539</ymax>
    </bndbox>
    <attributes>
      <attribute>
        <name>keyframe</name>
        <value>True</value>
      </attribute>
      <attribute>
        <name>track_id</name>
        <value>378</value>
      </attribute>
    </attributes>
  </object>
  <object>
    <name>vehicule</name>
    <occluded>0</occluded>
    <bndbox>
      <xmin>28.638125000000585</xmin>
      <ymin>1501.0833984375</ymin>
      <xmax>267.10337829589844</xmax>
      <ymax>1677.0086151123046</ymax>
    </bndbox>
    <attributes>
      <attribute>
        <name>keyframe</name>
        <value>True</value>
      </attribute>
      <attribute>
        <name>track_id</name>
        <value>379</value>
      </attribute>
    </attributes>
  </object>
</annotation>
