<annotation>
  <folder>frame</folder>
  <filename>frame_004468.jpg</filename>
  <source>
    <database>Unknown</database>
    <annotation>Unknown</annotation>
    <image>Unknown</image>
  </source>
  <size>
    <width>2456</width>
    <height>2054</height>
    <depth>3</depth>
  </size>
  <segmented>0</segmented>
  <object>
    <name>vehicule</name>
    <occluded>0</occluded>
    <bndbox>
      <xmin>1011.3543025637136</xmin>
      <ymin>814.3276319781553</ymin>
      <xmax>1075.854888501215</xmax>
      <ymax>854.1133741656568</ymax>
    </bndbox>
    <attributes>
      <attribute>
        <name>keyframe</name>
        <value>True</value>
      </attribute>
      <attribute>
        <name>track_id</name>
        <value>201</value>
      </attribute>
    </attributes>
  </object>
  <object>
    <name>vehicule</name>
    <occluded>0</occluded>
    <bndbox>
      <xmin>892.073281739301</xmin>
      <ymin>802.2702081158664</ymin>
      <xmax>980.73582929002</xmax>
      <ymax>847.0702104046836</ymax>
    </bndbox>
    <attributes>
      <attribute>
        <name>keyframe</name>
        <value>True</value>
      </attribute>
      <attribute>
        <name>track_id</name>
        <value>203</value>
      </attribute>
    </attributes>
  </object>
  <object>
    <name>vehicule</name>
    <occluded>0</occluded>
    <bndbox>
      <xmin>1019.4918856534091</xmin>
      <ymin>789.7246848366477</ymin>
      <xmax>1092.7557528409102</xmax>
      <ymax>832.5683036110614</ymax>
    </bndbox>
    <attributes>
      <attribute>
        <name>keyframe</name>
        <value>True</value>
      </attribute>
      <attribute>
        <name>track_id</name>
        <value>204</value>
      </attribute>
    </attributes>
  </object>
  <object>
    <name>vehicule</name>
    <occluded>0</occluded>
    <bndbox>
      <xmin>1129.2179413279011</xmin>
      <ymin>796.5506497358524</ymin>
      <xmax>1190.7679382761419</xmax>
      <ymax>846.0621731733531</ymax>
    </bndbox>
    <attributes>
      <attribute>
        <name>keyframe</name>
        <value>True</value>
      </attribute>
      <attribute>
        <name>track_id</name>
        <value>207</value>
      </attribute>
    </attributes>
  </object>
  <object>
    <name>vehicule</name>
    <occluded>0</occluded>
    <bndbox>
      <xmin>1013.1763671875007</xmin>
      <ymin>852.1770850648271</ymin>
      <xmax>1081.0562530517573</xmax>
      <ymax>904.7329444398282</ymax>
    </bndbox>
    <attributes>
      <attribute>
        <name>keyframe</name>
        <value>True</value>
      </attribute>
      <attribute>
        <name>track_id</name>
        <value>219</value>
      </attribute>
    </attributes>
  </object>
  <object>
    <name>vehicule</name>
    <occluded>0</occluded>
    <bndbox>
      <xmin>1091.1014471255273</xmin>
      <ymin>844.9746011339662</ymin>
      <xmax>1152.608186642933</xmax>
      <ymax>896.7540084388189</ymax>
    </bndbox>
    <attributes>
      <attribute>
        <name>keyframe</name>
        <value>True</value>
      </attribute>
      <attribute>
        <name>track_id</name>
        <value>233</value>
      </attribute>
    </attributes>
  </object>
  <object>
    <name>vehicule</name>
    <occluded>0</occluded>
    <bndbox>
      <xmin>1060.791718273628</xmin>
      <ymin>894.2280749809452</ymin>
      <xmax>1143.0956153683535</xmax>
      <ymax>951.3923327934463</ymax>
    </bndbox>
    <attributes>
      <attribute>
        <name>keyframe</name>
        <value>True</value>
      </attribute>
      <attribute>
        <name>track_id</name>
        <value>235</value>
      </attribute>
    </attributes>
  </object>
  <object>
    <name>vehicule</name>
    <occluded>0</occluded>
    <bndbox>
      <xmin>965.269921875</xmin>
      <ymin>925.8221243351064</ymin>
      <xmax>1094.8972656249985</xmax>
      <ymax>995.1984915226068</ymax>
    </bndbox>
    <attributes>
      <attribute>
        <name>keyframe</name>
        <value>True</value>
      </attribute>
      <attribute>
        <name>track_id</name>
        <value>241</value>
      </attribute>
    </attributes>
  </object>
  <object>
    <name>vehicule</name>
    <occluded>0</occluded>
    <bndbox>
      <xmin>1218.8369140625</xmin>
      <ymin>825.4214906754032</ymin>
      <xmax>1287.388671875</xmax>
      <ymax>889.739654737904</ymax>
    </bndbox>
    <attributes>
      <attribute>
        <name>keyframe</name>
        <value>True</value>
      </attribute>
      <attribute>
        <name>track_id</name>
        <value>264</value>
      </attribute>
    </attributes>
  </object>
  <object>
    <name>vehicule</name>
    <occluded>0</occluded>
    <bndbox>
      <xmin>1154.7356119791666</xmin>
      <ymin>838.9536241319445</ymin>
      <xmax>1213.9776041666673</xmax>
      <ymax>887.4631898668074</ymax>
    </bndbox>
    <attributes>
      <attribute>
        <name>keyframe</name>
        <value>True</value>
      </attribute>
      <attribute>
        <name>track_id</name>
        <value>269</value>
      </attribute>
    </attributes>
  </object>
  <object>
    <name>vehicule</name>
    <occluded>0</occluded>
    <bndbox>
      <xmin>816.6879212622549</xmin>
      <ymin>966.2896178002451</ymin>
      <xmax>963.9519929175273</xmax>
      <ymax>1033.440400576123</ymax>
    </bndbox>
    <attributes>
      <attribute>
        <name>keyframe</name>
        <value>True</value>
      </attribute>
      <attribute>
        <name>track_id</name>
        <value>274</value>
      </attribute>
    </attributes>
  </object>
  <object>
    <name>vehicule</name>
    <occluded>0</occluded>
    <bndbox>
      <xmin>3.2197265625</xmin>
      <ymin>921.1056640625</ymin>
      <xmax>93.36337890625072</xmax>
      <ymax>975.7729469299309</ymax>
    </bndbox>
    <attributes>
      <attribute>
        <name>keyframe</name>
        <value>True</value>
      </attribute>
      <attribute>
        <name>track_id</name>
        <value>275</value>
      </attribute>
    </attributes>
  </object>
  <object>
    <name>vehicule</name>
    <occluded>0</occluded>
    <bndbox>
      <xmin>1142.90625</xmin>
      <ymin>899.7992067307692</ymin>
      <xmax>1227.6209664351875</xmax>
      <ymax>960.7637602416476</ymax>
    </bndbox>
    <attributes>
      <attribute>
        <name>keyframe</name>
        <value>True</value>
      </attribute>
      <attribute>
        <name>track_id</name>
        <value>279</value>
      </attribute>
    </attributes>
  </object>
  <object>
    <name>vehicule</name>
    <occluded>0</occluded>
    <bndbox>
      <xmin>176.72292258522725</xmin>
      <ymin>876.9424715909091</ymin>
      <xmax>288.47780539772725</xmax>
      <ymax>929.586004916103</ymax>
    </bndbox>
    <attributes>
      <attribute>
        <name>keyframe</name>
        <value>True</value>
      </attribute>
      <attribute>
        <name>track_id</name>
        <value>281</value>
      </attribute>
    </attributes>
  </object>
  <object>
    <name>vehicule</name>
    <occluded>0</occluded>
    <bndbox>
      <xmin>642.3502903988486</xmin>
      <ymin>1018.931550678454</ymin>
      <xmax>790.8432622006061</xmax>
      <ymax>1092.6155350534543</ymax>
    </bndbox>
    <attributes>
      <attribute>
        <name>keyframe</name>
        <value>True</value>
      </attribute>
      <attribute>
        <name>track_id</name>
        <value>287</value>
      </attribute>
    </attributes>
  </object>
  <object>
    <name>vehicule</name>
    <occluded>0</occluded>
    <bndbox>
      <xmin>554.234375</xmin>
      <ymin>820.0175206801471</ymin>
      <xmax>662.994140625</xmax>
      <ymax>882.9866033217479</ymax>
    </bndbox>
    <attributes>
      <attribute>
        <name>keyframe</name>
        <value>True</value>
      </attribute>
      <attribute>
        <name>track_id</name>
        <value>291</value>
      </attribute>
    </attributes>
  </object>
  <object>
    <name>vehicule</name>
    <occluded>0</occluded>
    <bndbox>
      <xmin>1899.9810384114583</xmin>
      <ymin>747.9896647135416</ymin>
      <xmax>1974.841718292235</xmax>
      <ymax>790.1673990885416</ymax>
    </bndbox>
    <attributes>
      <attribute>
        <name>keyframe</name>
        <value>True</value>
      </attribute>
      <attribute>
        <name>track_id</name>
        <value>301</value>
      </attribute>
    </attributes>
  </object>
  <object>
    <name>vehicule</name>
    <occluded>0</occluded>
    <bndbox>
      <xmin>1757.587890625</xmin>
      <ymin>787.2568359375</ymin>
      <xmax>1837.7310577392564</xmax>
      <ymax>842.1537124633778</ymax>
    </bndbox>
    <attributes>
      <attribute>
        <name>keyframe</name>
        <value>True</value>
      </attribute>
      <attribute>
        <name>track_id</name>
        <value>306</value>
      </attribute>
    </attributes>
  </object>
  <object>
    <name>vehicule</name>
    <occluded>0</occluded>
    <bndbox>
      <xmin>1618.755859375</xmin>
      <ymin>796.40673828125</ymin>
      <xmax>1708.5699624379465</xmax>
      <ymax>849.2190429687507</ymax>
    </bndbox>
    <attributes>
      <attribute>
        <name>keyframe</name>
        <value>True</value>
      </attribute>
      <attribute>
        <name>track_id</name>
        <value>307</value>
      </attribute>
    </attributes>
  </object>
  <object>
    <name>vehicule</name>
    <occluded>0</occluded>
    <bndbox>
      <xmin>57.741796875</xmin>
      <ymin>888.61728515625</ymin>
      <xmax>158.3619140625</xmax>
      <ymax>933.0334449768055</ymax>
    </bndbox>
    <attributes>
      <attribute>
        <name>keyframe</name>
        <value>True</value>
      </attribute>
      <attribute>
        <name>track_id</name>
        <value>310</value>
      </attribute>
    </attributes>
  </object>
  <object>
    <name>vehicule</name>
    <occluded>0</occluded>
    <bndbox>
      <xmin>728.5625574448529</xmin>
      <ymin>799.1236787683823</ymin>
      <xmax>842.662362132354</xmax>
      <ymax>842.5911477930398</ymax>
    </bndbox>
    <attributes>
      <attribute>
        <name>keyframe</name>
        <value>True</value>
      </attribute>
      <attribute>
        <name>track_id</name>
        <value>311</value>
      </attribute>
    </attributes>
  </object>
  <object>
    <name>vehicule</name>
    <occluded>0</occluded>
    <bndbox>
      <xmin>909.2723460477941</xmin>
      <ymin>765.1423483455883</ymin>
      <xmax>997.9412226957434</xmax>
      <ymax>813.9391203487621</ymax>
    </bndbox>
    <attributes>
      <attribute>
        <name>keyframe</name>
        <value>True</value>
      </attribute>
      <attribute>
        <name>track_id</name>
        <value>316</value>
      </attribute>
    </attributes>
  </object>
  <object>
    <name>vehicule</name>
    <occluded>0</occluded>
    <bndbox>
      <xmin>1261.4365234375</xmin>
      <ymin>855.8341471354166</ymin>
      <xmax>1548.8333333333346</xmax>
      <ymax>1027.2750000000015</ymax>
    </bndbox>
    <attributes>
      <attribute>
        <name>keyframe</name>
        <value>True</value>
      </attribute>
      <attribute>
        <name>track_id</name>
        <value>318</value>
      </attribute>
    </attributes>
  </object>
  <object>
    <name>vehicule</name>
    <occluded>0</occluded>
    <bndbox>
      <xmin>416.81393612132354</xmin>
      <ymin>1061.9823529411772</ymin>
      <xmax>578.9661150764006</xmax>
      <ymax>1131.015079722685</ymax>
    </bndbox>
    <attributes>
      <attribute>
        <name>keyframe</name>
        <value>True</value>
      </attribute>
      <attribute>
        <name>track_id</name>
        <value>320</value>
      </attribute>
    </attributes>
  </object>
  <object>
    <name>vehicule</name>
    <occluded>0</occluded>
    <bndbox>
      <xmin>1004.0947265625</xmin>
      <ymin>1046.3873697916667</ymin>
      <xmax>1169.1738146464031</xmax>
      <ymax>1125.2250000000001</ymax>
    </bndbox>
    <attributes>
      <attribute>
        <name>keyframe</name>
        <value>True</value>
      </attribute>
      <attribute>
        <name>track_id</name>
        <value>322</value>
      </attribute>
    </attributes>
  </object>
  <object>
    <name>vehicule</name>
    <occluded>0</occluded>
    <bndbox>
      <xmin>414.1943359375</xmin>
      <ymin>1132.67626953125</ymin>
      <xmax>571.7073257446291</xmax>
      <ymax>1212.5337738037115</ymax>
    </bndbox>
    <attributes>
      <attribute>
        <name>keyframe</name>
        <value>True</value>
      </attribute>
      <attribute>
        <name>track_id</name>
        <value>323</value>
      </attribute>
    </attributes>
  </object>
  <object>
    <name>vehicule</name>
    <occluded>0</occluded>
    <bndbox>
      <xmin>726.205078125</xmin>
      <ymin>1036.1775716145833</ymin>
      <xmax>878.6967450459798</xmax>
      <ymax>1133.7940344492595</ymax>
    </bndbox>
    <attributes>
      <attribute>
        <name>keyframe</name>
        <value>True</value>
      </attribute>
      <attribute>
        <name>track_id</name>
        <value>324</value>
      </attribute>
    </attributes>
  </object>
  <object>
    <name>vehicule</name>
    <occluded>0</occluded>
    <bndbox>
      <xmin>1075.6916360294117</xmin>
      <ymin>758.6259191176471</ymin>
      <xmax>1165.6446389590992</xmax>
      <ymax>796.6742932936725</ymax>
    </bndbox>
    <attributes>
      <attribute>
        <name>keyframe</name>
        <value>True</value>
      </attribute>
      <attribute>
        <name>track_id</name>
        <value>325</value>
      </attribute>
    </attributes>
  </object>
  <object>
    <name>vehicule</name>
    <occluded>0</occluded>
    <bndbox>
      <xmin>895.90185546875</xmin>
      <ymin>1088.415771484375</ymin>
      <xmax>972.7336654663086</xmax>
      <ymax>1179.0236740112305</ymax>
    </bndbox>
    <attributes>
      <attribute>
        <name>keyframe</name>
        <value>True</value>
      </attribute>
      <attribute>
        <name>track_id</name>
        <value>326</value>
      </attribute>
    </attributes>
  </object>
  <object>
    <name>vehicule</name>
    <occluded>0</occluded>
    <bndbox>
      <xmin>369.39912109375</xmin>
      <ymin>1160.7396647135417</ymin>
      <xmax>560.5437782287601</xmax>
      <ymax>1260.6741359710693</ymax>
    </bndbox>
    <attributes>
      <attribute>
        <name>keyframe</name>
        <value>True</value>
      </attribute>
      <attribute>
        <name>track_id</name>
        <value>327</value>
      </attribute>
    </attributes>
  </object>
  <object>
    <name>vehicule</name>
    <occluded>0</occluded>
    <bndbox>
      <xmin>206.13260091145835</xmin>
      <ymin>1091.0581217447918</ymin>
      <xmax>400.0828399658203</xmax>
      <ymax>1196.256596883138</ymax>
    </bndbox>
    <attributes>
      <attribute>
        <name>keyframe</name>
        <value>True</value>
      </attribute>
      <attribute>
        <name>track_id</name>
        <value>328</value>
      </attribute>
    </attributes>
  </object>
  <object>
    <name>vehicule</name>
    <occluded>0</occluded>
    <bndbox>
      <xmin>1040.21044921875</xmin>
      <ymin>998.724820963543</ymin>
      <xmax>1157.8907226562515</xmax>
      <ymax>1055.8319849650063</ymax>
    </bndbox>
    <attributes>
      <attribute>
        <name>keyframe</name>
        <value>True</value>
      </attribute>
      <attribute>
        <name>track_id</name>
        <value>329</value>
      </attribute>
    </attributes>
  </object>
  <object>
    <name>vehicule</name>
    <occluded>0</occluded>
    <bndbox>
      <xmin>988.047119140625</xmin>
      <ymin>971.4220377604166</ymin>
      <xmax>1110.182876586914</xmax>
      <ymax>1042.6139628092449</ymax>
    </bndbox>
    <attributes>
      <attribute>
        <name>keyframe</name>
        <value>True</value>
      </attribute>
      <attribute>
        <name>track_id</name>
        <value>330</value>
      </attribute>
    </attributes>
  </object>
  <object>
    <name>vehicule</name>
    <occluded>0</occluded>
    <bndbox>
      <xmin>1289.9580957031255</xmin>
      <ymin>847.49609375</ymin>
      <xmax>1347.4384620666503</xmax>
      <ymax>895.6986468124396</ymax>
    </bndbox>
    <attributes>
      <attribute>
        <name>keyframe</name>
        <value>True</value>
      </attribute>
      <attribute>
        <name>track_id</name>
        <value>332</value>
      </attribute>
    </attributes>
  </object>
  <object>
    <name>vehicule</name>
    <occluded>0</occluded>
    <bndbox>
      <xmin>362.6974609375</xmin>
      <ymin>1424.793759765625</ymin>
      <xmax>482.521794128418</xmax>
      <ymax>1533.0295222473148</ymax>
    </bndbox>
    <attributes>
      <attribute>
        <name>keyframe</name>
        <value>True</value>
      </attribute>
      <attribute>
        <name>track_id</name>
        <value>335</value>
      </attribute>
    </attributes>
  </object>
</annotation>
