<annotation>
  <folder>frame</folder>
  <filename>frame_003493.jpg</filename>
  <source>
    <database>Unknown</database>
    <annotation>Unknown</annotation>
    <image>Unknown</image>
  </source>
  <size>
    <width>2456</width>
    <height>2054</height>
    <depth>3</depth>
  </size>
  <segmented>0</segmented>
  <object>
    <name>vehicule</name>
    <occluded>0</occluded>
    <bndbox>
      <xmin>951.9262126865672</xmin>
      <ymin>920.0689598880597</ymin>
      <xmax>1056.7207615729951</xmax>
      <ymax>996.3611504398175</ymax>
    </bndbox>
    <attributes>
      <attribute>
        <name>keyframe</name>
        <value>True</value>
      </attribute>
      <attribute>
        <name>track_id</name>
        <value>201</value>
      </attribute>
    </attributes>
  </object>
  <object>
    <name>vehicule</name>
    <occluded>0</occluded>
    <bndbox>
      <xmin>1005.5784103432003</xmin>
      <ymin>844.0753552030857</ymin>
      <xmax>1074.5858375876016</xmax>
      <ymax>910.0359020780871</ymax>
    </bndbox>
    <attributes>
      <attribute>
        <name>keyframe</name>
        <value>True</value>
      </attribute>
      <attribute>
        <name>track_id</name>
        <value>203</value>
      </attribute>
    </attributes>
  </object>
  <object>
    <name>vehicule</name>
    <occluded>0</occluded>
    <bndbox>
      <xmin>1105.4598070195905</xmin>
      <ymin>853.6231080923508</ymin>
      <xmax>1182.7803802034748</xmax>
      <ymax>923.6618425283859</ymax>
    </bndbox>
    <attributes>
      <attribute>
        <name>keyframe</name>
        <value>True</value>
      </attribute>
      <attribute>
        <name>track_id</name>
        <value>204</value>
      </attribute>
    </attributes>
  </object>
  <object>
    <name>vehicule</name>
    <occluded>0</occluded>
    <bndbox>
      <xmin>110.66077698635634</xmin>
      <ymin>841.5383994407102</ymin>
      <xmax>272.12508667873914</xmax>
      <ymax>950.3485801047727</ymax>
    </bndbox>
    <attributes>
      <attribute>
        <name>keyframe</name>
        <value>True</value>
      </attribute>
      <attribute>
        <name>track_id</name>
        <value>205</value>
      </attribute>
    </attributes>
  </object>
  <object>
    <name>vehicule</name>
    <occluded>0</occluded>
    <bndbox>
      <xmin>310.3496250501605</xmin>
      <ymin>826.9173119607744</ymin>
      <xmax>432.91741222057067</xmax>
      <ymax>894.4546654763994</ymax>
    </bndbox>
    <attributes>
      <attribute>
        <name>keyframe</name>
        <value>True</value>
      </attribute>
      <attribute>
        <name>track_id</name>
        <value>206</value>
      </attribute>
    </attributes>
  </object>
  <object>
    <name>vehicule</name>
    <occluded>0</occluded>
    <bndbox>
      <xmin>742.4311036496455</xmin>
      <ymin>986.3011323836345</ymin>
      <xmax>896.35107244298</xmax>
      <ymax>1082.187500181486</ymax>
    </bndbox>
    <attributes>
      <attribute>
        <name>keyframe</name>
        <value>True</value>
      </attribute>
      <attribute>
        <name>track_id</name>
        <value>207</value>
      </attribute>
    </attributes>
  </object>
  <object>
    <name>vehicule</name>
    <occluded>0</occluded>
    <bndbox>
      <xmin>1425.66962890625</xmin>
      <ymin>868.4516210937502</ymin>
      <xmax>1541.2000000000012</xmax>
      <ymax>937.5972654724125</ymax>
    </bndbox>
    <attributes>
      <attribute>
        <name>keyframe</name>
        <value>True</value>
      </attribute>
      <attribute>
        <name>track_id</name>
        <value>217</value>
      </attribute>
    </attributes>
  </object>
  <object>
    <name>vehicule</name>
    <occluded>0</occluded>
    <bndbox>
      <xmin>1143.75615234375</xmin>
      <ymin>959.1536523437501</ymin>
      <xmax>1277.640000000001</xmax>
      <ymax>1044.5211915588393</ymax>
    </bndbox>
    <attributes>
      <attribute>
        <name>keyframe</name>
        <value>True</value>
      </attribute>
      <attribute>
        <name>track_id</name>
        <value>218</value>
      </attribute>
    </attributes>
  </object>
</annotation>
