<annotation>
  <folder>frame</folder>
  <filename>frame_005121.jpg</filename>
  <source>
    <database>Unknown</database>
    <annotation>Unknown</annotation>
    <image>Unknown</image>
  </source>
  <size>
    <width>2456</width>
    <height>2054</height>
    <depth>3</depth>
  </size>
  <segmented>0</segmented>
  <object>
    <name>vehicule</name>
    <occluded>0</occluded>
    <bndbox>
      <xmin>858.4092436974793</xmin>
      <ymin>776.8019137342437</ymin>
      <xmax>952.4066008880359</xmax>
      <ymax>832.4091402967426</ymax>
    </bndbox>
    <attributes>
      <attribute>
        <name>keyframe</name>
        <value>True</value>
      </attribute>
      <attribute>
        <name>track_id</name>
        <value>274</value>
      </attribute>
    </attributes>
  </object>
  <object>
    <name>vehicule</name>
    <occluded>0</occluded>
    <bndbox>
      <xmin>1014.2763894834475</xmin>
      <ymin>802.8393621575342</ymin>
      <xmax>1073.360196856494</xmax>
      <ymax>867.1426824700357</ymax>
    </bndbox>
    <attributes>
      <attribute>
        <name>keyframe</name>
        <value>True</value>
      </attribute>
      <attribute>
        <name>track_id</name>
        <value>320</value>
      </attribute>
    </attributes>
  </object>
  <object>
    <name>vehicule</name>
    <occluded>0</occluded>
    <bndbox>
      <xmin>967.2326330236486</xmin>
      <ymin>888.9117662584459</ymin>
      <xmax>1057.1498667536541</xmax>
      <ymax>953.6033693468245</ymax>
    </bndbox>
    <attributes>
      <attribute>
        <name>keyframe</name>
        <value>True</value>
      </attribute>
      <attribute>
        <name>track_id</name>
        <value>328</value>
      </attribute>
    </attributes>
  </object>
  <object>
    <name>vehicule</name>
    <occluded>0</occluded>
    <bndbox>
      <xmin>905.1181640625</xmin>
      <ymin>751.7000000000007</ymin>
      <xmax>997.5</xmax>
      <ymax>797.1562461853027</ymax>
    </bndbox>
    <attributes>
      <attribute>
        <name>keyframe</name>
        <value>True</value>
      </attribute>
      <attribute>
        <name>track_id</name>
        <value>331</value>
      </attribute>
    </attributes>
  </object>
  <object>
    <name>vehicule</name>
    <occluded>0</occluded>
    <bndbox>
      <xmin>812.8024282094602</xmin>
      <ymin>965.0185705236491</ymin>
      <xmax>976.4682485219591</xmax>
      <ymax>1045.1947454504063</ymax>
    </bndbox>
    <attributes>
      <attribute>
        <name>keyframe</name>
        <value>True</value>
      </attribute>
      <attribute>
        <name>track_id</name>
        <value>336</value>
      </attribute>
    </attributes>
  </object>
  <object>
    <name>vehicule</name>
    <occluded>0</occluded>
    <bndbox>
      <xmin>962.7265472412109</xmin>
      <ymin>772.5307922363281</ymin>
      <xmax>1057.6747909545884</xmax>
      <ymax>827.515552520752</ymax>
    </bndbox>
    <attributes>
      <attribute>
        <name>keyframe</name>
        <value>True</value>
      </attribute>
      <attribute>
        <name>track_id</name>
        <value>345</value>
      </attribute>
    </attributes>
  </object>
  <object>
    <name>vehicule</name>
    <occluded>0</occluded>
    <bndbox>
      <xmin>1019.3955056179775</xmin>
      <ymin>845.1887728230337</ymin>
      <xmax>1082.0945244778404</xmax>
      <ymax>914.2717806355337</ymax>
    </bndbox>
    <attributes>
      <attribute>
        <name>keyframe</name>
        <value>True</value>
      </attribute>
      <attribute>
        <name>track_id</name>
        <value>348</value>
      </attribute>
    </attributes>
  </object>
  <object>
    <name>vehicule</name>
    <occluded>0</occluded>
    <bndbox>
      <xmin>942.1526100852273</xmin>
      <ymin>712.9607066761364</ymin>
      <xmax>1145.6633522727273</xmax>
      <ymax>790.8605113636368</ymax>
    </bndbox>
    <attributes>
      <attribute>
        <name>keyframe</name>
        <value>True</value>
      </attribute>
      <attribute>
        <name>track_id</name>
        <value>349</value>
      </attribute>
    </attributes>
  </object>
  <object>
    <name>vehicule</name>
    <occluded>0</occluded>
    <bndbox>
      <xmin>983.6672033361486</xmin>
      <ymin>932.6010082347973</ymin>
      <xmax>1083.2268593453075</xmax>
      <ymax>1007.781670771418</ymax>
    </bndbox>
    <attributes>
      <attribute>
        <name>keyframe</name>
        <value>True</value>
      </attribute>
      <attribute>
        <name>track_id</name>
        <value>350</value>
      </attribute>
    </attributes>
  </object>
  <object>
    <name>vehicule</name>
    <occluded>0</occluded>
    <bndbox>
      <xmin>634.9318243347773</xmin>
      <ymin>1005.6232885983911</ymin>
      <xmax>803.4204962097776</xmax>
      <ymax>1076.6307425168482</ymax>
    </bndbox>
    <attributes>
      <attribute>
        <name>keyframe</name>
        <value>True</value>
      </attribute>
      <attribute>
        <name>track_id</name>
        <value>351</value>
      </attribute>
    </attributes>
  </object>
  <object>
    <name>vehicule</name>
    <occluded>0</occluded>
    <bndbox>
      <xmin>1171.017333984375</xmin>
      <ymin>795.9714843750003</ymin>
      <xmax>1231.7477050781254</xmax>
      <ymax>857.0662609100345</ymax>
    </bndbox>
    <attributes>
      <attribute>
        <name>keyframe</name>
        <value>True</value>
      </attribute>
      <attribute>
        <name>track_id</name>
        <value>352</value>
      </attribute>
    </attributes>
  </object>
  <object>
    <name>vehicule</name>
    <occluded>0</occluded>
    <bndbox>
      <xmin>1111.3374974634744</xmin>
      <ymin>840.1982421875</ymin>
      <xmax>1179.741459279245</xmax>
      <ymax>900.474578936689</ymax>
    </bndbox>
    <attributes>
      <attribute>
        <name>keyframe</name>
        <value>True</value>
      </attribute>
      <attribute>
        <name>track_id</name>
        <value>356</value>
      </attribute>
    </attributes>
  </object>
  <object>
    <name>vehicule</name>
    <occluded>0</occluded>
    <bndbox>
      <xmin>1073.8064630681818</xmin>
      <ymin>796.8891690340909</ymin>
      <xmax>1146.4963068181821</xmax>
      <ymax>859.4934659090916</ymax>
    </bndbox>
    <attributes>
      <attribute>
        <name>keyframe</name>
        <value>True</value>
      </attribute>
      <attribute>
        <name>track_id</name>
        <value>359</value>
      </attribute>
    </attributes>
  </object>
  <object>
    <name>vehicule</name>
    <occluded>0</occluded>
    <bndbox>
      <xmin>611.4921875000006</xmin>
      <ymin>1065.7317708333342</ymin>
      <xmax>771.7776763916014</xmax>
      <ymax>1143.9055943806964</ymax>
    </bndbox>
    <attributes>
      <attribute>
        <name>keyframe</name>
        <value>True</value>
      </attribute>
      <attribute>
        <name>track_id</name>
        <value>360</value>
      </attribute>
    </attributes>
  </object>
  <object>
    <name>vehicule</name>
    <occluded>0</occluded>
    <bndbox>
      <xmin>1683.7085193452385</xmin>
      <ymin>806.3928106398816</ymin>
      <xmax>1778.3382283528645</xmax>
      <ymax>855.4961402529761</ymax>
    </bndbox>
    <attributes>
      <attribute>
        <name>keyframe</name>
        <value>True</value>
      </attribute>
      <attribute>
        <name>track_id</name>
        <value>361</value>
      </attribute>
    </attributes>
  </object>
  <object>
    <name>vehicule</name>
    <occluded>0</occluded>
    <bndbox>
      <xmin>184.74137369791666</xmin>
      <ymin>874.268326822917</ymin>
      <xmax>293.8213216145844</xmax>
      <ymax>936.2276814778643</ymax>
    </bndbox>
    <attributes>
      <attribute>
        <name>keyframe</name>
        <value>True</value>
      </attribute>
      <attribute>
        <name>track_id</name>
        <value>362</value>
      </attribute>
    </attributes>
  </object>
  <object>
    <name>vehicule</name>
    <occluded>0</occluded>
    <bndbox>
      <xmin>520.9043976814517</xmin>
      <ymin>1124.2302797379032</ymin>
      <xmax>699.3668946296928</xmax>
      <ymax>1225.912118727161</ymax>
    </bndbox>
    <attributes>
      <attribute>
        <name>keyframe</name>
        <value>True</value>
      </attribute>
      <attribute>
        <name>track_id</name>
        <value>364</value>
      </attribute>
    </attributes>
  </object>
  <object>
    <name>vehicule</name>
    <occluded>0</occluded>
    <bndbox>
      <xmin>1102.9565248842594</xmin>
      <ymin>919.7788990162045</ymin>
      <xmax>1203.1784360532422</xmax>
      <ymax>990.4120042023833</ymax>
    </bndbox>
    <attributes>
      <attribute>
        <name>keyframe</name>
        <value>True</value>
      </attribute>
      <attribute>
        <name>track_id</name>
        <value>365</value>
      </attribute>
    </attributes>
  </object>
  <object>
    <name>vehicule</name>
    <occluded>0</occluded>
    <bndbox>
      <xmin>1238.5703125</xmin>
      <ymin>803.2248697916673</ymin>
      <xmax>1305.7344401041676</xmax>
      <ymax>863.3345906575521</ymax>
    </bndbox>
    <attributes>
      <attribute>
        <name>keyframe</name>
        <value>True</value>
      </attribute>
      <attribute>
        <name>track_id</name>
        <value>366</value>
      </attribute>
    </attributes>
  </object>
  <object>
    <name>vehicule</name>
    <occluded>0</occluded>
    <bndbox>
      <xmin>401.32177734375</xmin>
      <ymin>844.1761067708334</ymin>
      <xmax>501.29248046875</xmax>
      <ymax>897.1481099446604</ymax>
    </bndbox>
    <attributes>
      <attribute>
        <name>keyframe</name>
        <value>True</value>
      </attribute>
      <attribute>
        <name>track_id</name>
        <value>367</value>
      </attribute>
    </attributes>
  </object>
  <object>
    <name>vehicule</name>
    <occluded>0</occluded>
    <bndbox>
      <xmin>998.7594594594606</xmin>
      <ymin>957.718723606419</ymin>
      <xmax>1149.4974534318253</xmax>
      <ymax>1066.3108108108108</ymax>
    </bndbox>
    <attributes>
      <attribute>
        <name>keyframe</name>
        <value>True</value>
      </attribute>
      <attribute>
        <name>track_id</name>
        <value>368</value>
      </attribute>
    </attributes>
  </object>
  <object>
    <name>vehicule</name>
    <occluded>0</occluded>
    <bndbox>
      <xmin>184.36797805059524</xmin>
      <ymin>1195.9454985119048</ymin>
      <xmax>413.3152894519624</xmax>
      <ymax>1305.7844725109283</ymax>
    </bndbox>
    <attributes>
      <attribute>
        <name>keyframe</name>
        <value>True</value>
      </attribute>
      <attribute>
        <name>track_id</name>
        <value>369</value>
      </attribute>
    </attributes>
  </object>
  <object>
    <name>vehicule</name>
    <occluded>0</occluded>
    <bndbox>
      <xmin>1189.9323640046298</xmin>
      <ymin>985.4899088541666</ymin>
      <xmax>1315.5641999421296</xmax>
      <ymax>1063.7758174189817</ymax>
    </bndbox>
    <attributes>
      <attribute>
        <name>keyframe</name>
        <value>True</value>
      </attribute>
      <attribute>
        <name>track_id</name>
        <value>370</value>
      </attribute>
    </attributes>
  </object>
  <object>
    <name>vehicule</name>
    <occluded>0</occluded>
    <bndbox>
      <xmin>796.1779875578703</xmin>
      <ymin>1061.1298828125</ymin>
      <xmax>958.0472542091654</xmax>
      <ymax>1160.0225962886109</ymax>
    </bndbox>
    <attributes>
      <attribute>
        <name>keyframe</name>
        <value>True</value>
      </attribute>
      <attribute>
        <name>track_id</name>
        <value>371</value>
      </attribute>
    </attributes>
  </object>
  <object>
    <name>vehicule</name>
    <occluded>0</occluded>
    <bndbox>
      <xmin>799.4452180631877</xmin>
      <ymin>1036.7633821256868</ymin>
      <xmax>916.9403001554717</xmax>
      <ymax>1114.4739114949991</ymax>
    </bndbox>
    <attributes>
      <attribute>
        <name>keyframe</name>
        <value>True</value>
      </attribute>
      <attribute>
        <name>track_id</name>
        <value>372</value>
      </attribute>
    </attributes>
  </object>
  <object>
    <name>vehicule</name>
    <occluded>0</occluded>
    <bndbox>
      <xmin>812.888826069079</xmin>
      <ymin>1147.877107319079</ymin>
      <xmax>961.2160416452515</xmax>
      <ymax>1252.7936975579512</ymax>
    </bndbox>
    <attributes>
      <attribute>
        <name>keyframe</name>
        <value>True</value>
      </attribute>
      <attribute>
        <name>track_id</name>
        <value>373</value>
      </attribute>
    </attributes>
  </object>
  <object>
    <name>vehicule</name>
    <occluded>0</occluded>
    <bndbox>
      <xmin>359.80539899553605</xmin>
      <ymin>1336.4248744419642</ymin>
      <xmax>522.660563659668</xmax>
      <ymax>1468.761872209822</ymax>
    </bndbox>
    <attributes>
      <attribute>
        <name>keyframe</name>
        <value>True</value>
      </attribute>
      <attribute>
        <name>track_id</name>
        <value>379</value>
      </attribute>
    </attributes>
  </object>
</annotation>
