<annotation>
  <folder>frame</folder>
  <filename>frame_003895.jpg</filename>
  <source>
    <database>Unknown</database>
    <annotation>Unknown</annotation>
    <image>Unknown</image>
  </source>
  <size>
    <width>2456</width>
    <height>2054</height>
    <depth>3</depth>
  </size>
  <segmented>0</segmented>
  <object>
    <name>vehicule</name>
    <occluded>0</occluded>
    <bndbox>
      <xmin>1034.4332682291667</xmin>
      <ymin>825.0579176682693</ymin>
      <xmax>1097.3118362818007</xmax>
      <ymax>876.9146160419162</ymax>
    </bndbox>
    <attributes>
      <attribute>
        <name>keyframe</name>
        <value>True</value>
      </attribute>
      <attribute>
        <name>track_id</name>
        <value>201</value>
      </attribute>
    </attributes>
  </object>
  <object>
    <name>vehicule</name>
    <occluded>0</occluded>
    <bndbox>
      <xmin>929.9426897321429</xmin>
      <ymin>808.9368833705366</ymin>
      <xmax>1015.4362444196432</xmax>
      <ymax>853.7368856593539</ymax>
    </bndbox>
    <attributes>
      <attribute>
        <name>keyframe</name>
        <value>True</value>
      </attribute>
      <attribute>
        <name>track_id</name>
        <value>203</value>
      </attribute>
    </attributes>
  </object>
  <object>
    <name>vehicule</name>
    <occluded>0</occluded>
    <bndbox>
      <xmin>1031.165635583436</xmin>
      <ymin>793.1049261083753</ymin>
      <xmax>1104.429502770937</xmax>
      <ymax>840.9605300696612</ymax>
    </bndbox>
    <attributes>
      <attribute>
        <name>keyframe</name>
        <value>True</value>
      </attribute>
      <attribute>
        <name>track_id</name>
        <value>204</value>
      </attribute>
    </attributes>
  </object>
  <object>
    <name>vehicule</name>
    <occluded>0</occluded>
    <bndbox>
      <xmin>1143.372643177905</xmin>
      <ymin>809.1613019808071</ymin>
      <xmax>1204.9226401261458</xmax>
      <ymax>872.0616549274129</ymax>
    </bndbox>
    <attributes>
      <attribute>
        <name>keyframe</name>
        <value>True</value>
      </attribute>
      <attribute>
        <name>track_id</name>
        <value>207</value>
      </attribute>
    </attributes>
  </object>
  <object>
    <name>vehicule</name>
    <occluded>0</occluded>
    <bndbox>
      <xmin>964.6935614224138</xmin>
      <ymin>910.1142780172424</ymin>
      <xmax>1057.3121986126077</xmax>
      <ymax>978.0002682916053</ymax>
    </bndbox>
    <attributes>
      <attribute>
        <name>keyframe</name>
        <value>True</value>
      </attribute>
      <attribute>
        <name>track_id</name>
        <value>219</value>
      </attribute>
    </attributes>
  </object>
  <object>
    <name>vehicule</name>
    <occluded>0</occluded>
    <bndbox>
      <xmin>871.574064555921</xmin>
      <ymin>962.728515625</ymin>
      <xmax>1015.7695632131465</xmax>
      <ymax>1031.1500091552734</ymax>
    </bndbox>
    <attributes>
      <attribute>
        <name>keyframe</name>
        <value>True</value>
      </attribute>
      <attribute>
        <name>track_id</name>
        <value>233</value>
      </attribute>
    </attributes>
  </object>
  <object>
    <name>vehicule</name>
    <occluded>0</occluded>
    <bndbox>
      <xmin>4.576757812499999</xmin>
      <ymin>837.59873046875</ymin>
      <xmax>109.94980468750038</xmax>
      <ymax>906.3820297241203</ymax>
    </bndbox>
    <attributes>
      <attribute>
        <name>keyframe</name>
        <value>True</value>
      </attribute>
      <attribute>
        <name>track_id</name>
        <value>234</value>
      </attribute>
    </attributes>
  </object>
  <object>
    <name>vehicule</name>
    <occluded>0</occluded>
    <bndbox>
      <xmin>720.3294531250012</xmin>
      <ymin>998.9456640625012</ymin>
      <xmax>853.9470312499998</xmax>
      <ymax>1065.538156738281</ymax>
    </bndbox>
    <attributes>
      <attribute>
        <name>keyframe</name>
        <value>True</value>
      </attribute>
      <attribute>
        <name>track_id</name>
        <value>235</value>
      </attribute>
    </attributes>
  </object>
  <object>
    <name>vehicule</name>
    <occluded>0</occluded>
    <bndbox>
      <xmin>1546.1700000000008</xmin>
      <ymin>830.36923828125</ymin>
      <xmax>1634.904257965088</xmax>
      <ymax>882.1526372528075</ymax>
    </bndbox>
    <attributes>
      <attribute>
        <name>keyframe</name>
        <value>True</value>
      </attribute>
      <attribute>
        <name>track_id</name>
        <value>236</value>
      </attribute>
    </attributes>
  </object>
  <object>
    <name>vehicule</name>
    <occluded>0</occluded>
    <bndbox>
      <xmin>1840.4118750000002</xmin>
      <ymin>746.7826171875</ymin>
      <xmax>1922.4144018554675</xmax>
      <ymax>796.7292968750004</ymax>
    </bndbox>
    <attributes>
      <attribute>
        <name>keyframe</name>
        <value>True</value>
      </attribute>
      <attribute>
        <name>track_id</name>
        <value>239</value>
      </attribute>
    </attributes>
  </object>
  <object>
    <name>vehicule</name>
    <occluded>0</occluded>
    <bndbox>
      <xmin>1305.41</xmin>
      <ymin>891.396875</ymin>
      <xmax>1422.5389123535153</xmax>
      <ymax>960.1298828125015</ymax>
    </bndbox>
    <attributes>
      <attribute>
        <name>keyframe</name>
        <value>True</value>
      </attribute>
      <attribute>
        <name>track_id</name>
        <value>240</value>
      </attribute>
    </attributes>
  </object>
  <object>
    <name>vehicule</name>
    <occluded>0</occluded>
    <bndbox>
      <xmin>502.3399493243243</xmin>
      <ymin>1036.8991501266892</ymin>
      <xmax>672.9045062090893</xmax>
      <ymax>1104.663986247294</ymax>
    </bndbox>
    <attributes>
      <attribute>
        <name>keyframe</name>
        <value>True</value>
      </attribute>
      <attribute>
        <name>track_id</name>
        <value>241</value>
      </attribute>
    </attributes>
  </object>
  <object>
    <name>vehicule</name>
    <occluded>0</occluded>
    <bndbox>
      <xmin>1501.6000000000015</xmin>
      <ymin>873.72705078125</ymin>
      <xmax>1613.875154876709</xmax>
      <ymax>931.1575195312507</ymax>
    </bndbox>
    <attributes>
      <attribute>
        <name>keyframe</name>
        <value>True</value>
      </attribute>
      <attribute>
        <name>track_id</name>
        <value>242</value>
      </attribute>
    </attributes>
  </object>
  <object>
    <name>vehicule</name>
    <occluded>0</occluded>
    <bndbox>
      <xmin>82.001953125</xmin>
      <ymin>887.5125</ymin>
      <xmax>202.82695312500073</xmax>
      <ymax>950.4423698425283</ymax>
    </bndbox>
    <attributes>
      <attribute>
        <name>keyframe</name>
        <value>True</value>
      </attribute>
      <attribute>
        <name>track_id</name>
        <value>243</value>
      </attribute>
    </attributes>
  </object>
  <object>
    <name>vehicule</name>
    <occluded>0</occluded>
    <bndbox>
      <xmin>195.52177734375</xmin>
      <ymin>860.5138085937513</ymin>
      <xmax>305.59234375000034</xmax>
      <ymax>920.7943983459472</ymax>
    </bndbox>
    <attributes>
      <attribute>
        <name>keyframe</name>
        <value>True</value>
      </attribute>
      <attribute>
        <name>track_id</name>
        <value>244</value>
      </attribute>
    </attributes>
  </object>
  <object>
    <name>vehicule</name>
    <occluded>0</occluded>
    <bndbox>
      <xmin>537.58056640625</xmin>
      <ymin>812.4135156250013</ymin>
      <xmax>643.453632812501</xmax>
      <ymax>873.8128295898438</ymax>
    </bndbox>
    <attributes>
      <attribute>
        <name>keyframe</name>
        <value>True</value>
      </attribute>
      <attribute>
        <name>track_id</name>
        <value>245</value>
      </attribute>
    </attributes>
  </object>
  <object>
    <name>vehicule</name>
    <occluded>0</occluded>
    <bndbox>
      <xmin>938.594921875</xmin>
      <ymin>986.6255859375</ymin>
      <xmax>1073.5985229492187</xmax>
      <ymax>1063.9750000000008</ymax>
    </bndbox>
    <attributes>
      <attribute>
        <name>keyframe</name>
        <value>True</value>
      </attribute>
      <attribute>
        <name>track_id</name>
        <value>246</value>
      </attribute>
    </attributes>
  </object>
  <object>
    <name>vehicule</name>
    <occluded>0</occluded>
    <bndbox>
      <xmin>1210.9600000000005</xmin>
      <ymin>954.32216796875</ymin>
      <xmax>1343.7281143188477</xmax>
      <ymax>1035.7000000000007</ymax>
    </bndbox>
    <attributes>
      <attribute>
        <name>keyframe</name>
        <value>True</value>
      </attribute>
      <attribute>
        <name>track_id</name>
        <value>247</value>
      </attribute>
    </attributes>
  </object>
  <object>
    <name>vehicule</name>
    <occluded>0</occluded>
    <bndbox>
      <xmin>335.31572265625</xmin>
      <ymin>853.14619140625</ymin>
      <xmax>448.7101367187508</xmax>
      <ymax>905.4437904357899</ymax>
    </bndbox>
    <attributes>
      <attribute>
        <name>keyframe</name>
        <value>True</value>
      </attribute>
      <attribute>
        <name>track_id</name>
        <value>248</value>
      </attribute>
    </attributes>
  </object>
  <object>
    <name>vehicule</name>
    <occluded>0</occluded>
    <bndbox>
      <xmin>426.8080078125</xmin>
      <ymin>815.773828125</ymin>
      <xmax>548.010805969239</xmax>
      <ymax>865.4761932373046</ymax>
    </bndbox>
    <attributes>
      <attribute>
        <name>keyframe</name>
        <value>True</value>
      </attribute>
      <attribute>
        <name>track_id</name>
        <value>249</value>
      </attribute>
    </attributes>
  </object>
  <object>
    <name>vehicule</name>
    <occluded>0</occluded>
    <bndbox>
      <xmin>939.5900000000001</xmin>
      <ymin>1053.5240234375</ymin>
      <xmax>1097.563801574707</xmax>
      <ymax>1140.540000000001</ymax>
    </bndbox>
    <attributes>
      <attribute>
        <name>keyframe</name>
        <value>True</value>
      </attribute>
      <attribute>
        <name>track_id</name>
        <value>250</value>
      </attribute>
    </attributes>
  </object>
  <object>
    <name>vehicule</name>
    <occluded>0</occluded>
    <bndbox>
      <xmin>673.801953125</xmin>
      <ymin>1034.8700000000008</ymin>
      <xmax>826.9960937500007</xmax>
      <ymax>1116.5422508239747</ymax>
    </bndbox>
    <attributes>
      <attribute>
        <name>keyframe</name>
        <value>True</value>
      </attribute>
      <attribute>
        <name>track_id</name>
        <value>251</value>
      </attribute>
    </attributes>
  </object>
  <object>
    <name>vehicule</name>
    <occluded>0</occluded>
    <bndbox>
      <xmin>584.8229296875</xmin>
      <ymin>1103.77138671875</ymin>
      <xmax>775.0185443115228</xmax>
      <ymax>1194.48623046875</ymax>
    </bndbox>
    <attributes>
      <attribute>
        <name>keyframe</name>
        <value>True</value>
      </attribute>
      <attribute>
        <name>track_id</name>
        <value>252</value>
      </attribute>
    </attributes>
  </object>
  <object>
    <name>vehicule</name>
    <occluded>0</occluded>
    <bndbox>
      <xmin>725.484765625</xmin>
      <ymin>781.2517578125</ymin>
      <xmax>824.5326077270514</xmax>
      <ymax>827.9958755493165</ymax>
    </bndbox>
    <attributes>
      <attribute>
        <name>keyframe</name>
        <value>True</value>
      </attribute>
      <attribute>
        <name>track_id</name>
        <value>253</value>
      </attribute>
    </attributes>
  </object>
  <object>
    <name>vehicule</name>
    <occluded>0</occluded>
    <bndbox>
      <xmin>830.11474609375</xmin>
      <ymin>777.7533789062502</ymin>
      <xmax>933.68505859375</xmax>
      <ymax>826.9124990844714</ymax>
    </bndbox>
    <attributes>
      <attribute>
        <name>keyframe</name>
        <value>True</value>
      </attribute>
      <attribute>
        <name>track_id</name>
        <value>254</value>
      </attribute>
    </attributes>
  </object>
  <object>
    <name>vehicule</name>
    <occluded>0</occluded>
    <bndbox>
      <xmin>876.7086132812501</xmin>
      <ymin>712.3758398437501</ymin>
      <xmax>994.1290646362295</xmax>
      <ymax>768.7018453979479</ymax>
    </bndbox>
    <attributes>
      <attribute>
        <name>keyframe</name>
        <value>True</value>
      </attribute>
      <attribute>
        <name>track_id</name>
        <value>255</value>
      </attribute>
    </attributes>
  </object>
  <object>
    <name>vehicule</name>
    <occluded>0</occluded>
    <bndbox>
      <xmin>349.1900000000011</xmin>
      <ymin>1177.779296875</ymin>
      <xmax>556.155891418457</xmax>
      <ymax>1285.9100000000008</ymax>
    </bndbox>
    <attributes>
      <attribute>
        <name>keyframe</name>
        <value>True</value>
      </attribute>
      <attribute>
        <name>track_id</name>
        <value>256</value>
      </attribute>
    </attributes>
  </object>
  <object>
    <name>vehicule</name>
    <occluded>0</occluded>
    <bndbox>
      <xmin>103.04076171875131</xmin>
      <ymin>1149.4634765625</ymin>
      <xmax>307.22674255371095</xmax>
      <ymax>1243.2653564453126</ymax>
    </bndbox>
    <attributes>
      <attribute>
        <name>keyframe</name>
        <value>True</value>
      </attribute>
      <attribute>
        <name>track_id</name>
        <value>257</value>
      </attribute>
    </attributes>
  </object>
  <object>
    <name>vehicule</name>
    <occluded>0</occluded>
    <bndbox>
      <xmin>937.2322591145834</xmin>
      <ymin>754.2125651041666</ymin>
      <xmax>1023.3620732625326</xmax>
      <ymax>800.5344835917155</ymax>
    </bndbox>
    <attributes>
      <attribute>
        <name>keyframe</name>
        <value>True</value>
      </attribute>
      <attribute>
        <name>track_id</name>
        <value>259</value>
      </attribute>
    </attributes>
  </object>
  <object>
    <name>vehicule</name>
    <occluded>0</occluded>
    <bndbox>
      <xmin>1163.0816040039062</xmin>
      <ymin>742.1093261718758</ymin>
      <xmax>1266.582130432129</xmax>
      <ymax>789.1952133178708</ymax>
    </bndbox>
    <attributes>
      <attribute>
        <name>keyframe</name>
        <value>True</value>
      </attribute>
      <attribute>
        <name>track_id</name>
        <value>260</value>
      </attribute>
    </attributes>
  </object>
</annotation>
