<annotation>
  <folder>frame</folder>
  <filename>frame_001418.jpg</filename>
  <source>
    <database>Unknown</database>
    <annotation>Unknown</annotation>
    <image>Unknown</image>
  </source>
  <size>
    <width>2456</width>
    <height>2054</height>
    <depth>3</depth>
  </size>
  <segmented>0</segmented>
  <object>
    <name>vehicule</name>
    <occluded>0</occluded>
    <bndbox>
      <xmin>1904.7534039334344</xmin>
      <ymin>870.6375549593419</ymin>
      <xmax>1974.795942367115</xmax>
      <ymax>922.8090393343433</ymax>
    </bndbox>
    <attributes>
      <attribute>
        <name>keyframe</name>
        <value>True</value>
      </attribute>
      <attribute>
        <name>track_id</name>
        <value>0</value>
      </attribute>
    </attributes>
  </object>
  <object>
    <name>vehicule</name>
    <occluded>0</occluded>
    <bndbox>
      <xmin>2005.3963080248786</xmin>
      <ymin>857.9386699787622</ymin>
      <xmax>2081.0054877123794</xmax>
      <ymax>913.6482402912636</ymax>
    </bndbox>
    <attributes>
      <attribute>
        <name>keyframe</name>
        <value>True</value>
      </attribute>
      <attribute>
        <name>track_id</name>
        <value>24</value>
      </attribute>
    </attributes>
  </object>
  <object>
    <name>vehicule</name>
    <occluded>0</occluded>
    <bndbox>
      <xmin>2084.5973103841147</xmin>
      <ymin>877.620951334636</ymin>
      <xmax>2141.323091634116</xmax>
      <ymax>941.221731058756</ymax>
    </bndbox>
    <attributes>
      <attribute>
        <name>keyframe</name>
        <value>True</value>
      </attribute>
      <attribute>
        <name>track_id</name>
        <value>26</value>
      </attribute>
    </attributes>
  </object>
  <object>
    <name>vehicule</name>
    <occluded>0</occluded>
    <bndbox>
      <xmin>2066.821319580078</xmin>
      <ymin>855.9899756390117</ymin>
      <xmax>2134.1021789550796</xmax>
      <ymax>906.7690756756314</ymax>
    </bndbox>
    <attributes>
      <attribute>
        <name>keyframe</name>
        <value>True</value>
      </attribute>
      <attribute>
        <name>track_id</name>
        <value>27</value>
      </attribute>
    </attributes>
  </object>
  <object>
    <name>vehicule</name>
    <occluded>0</occluded>
    <bndbox>
      <xmin>1588.6314066792581</xmin>
      <ymin>1005.5287281078297</ymin>
      <xmax>1746.0493723774996</xmax>
      <ymax>1083.72176552238</ymax>
    </bndbox>
    <attributes>
      <attribute>
        <name>keyframe</name>
        <value>True</value>
      </attribute>
      <attribute>
        <name>track_id</name>
        <value>30</value>
      </attribute>
    </attributes>
  </object>
  <object>
    <name>vehicule</name>
    <occluded>0</occluded>
    <bndbox>
      <xmin>1840.1388671875</xmin>
      <ymin>1069.7859375</ymin>
      <xmax>2024.832817382813</xmax>
      <ymax>1158.707001342774</ymax>
    </bndbox>
    <attributes>
      <attribute>
        <name>keyframe</name>
        <value>True</value>
      </attribute>
      <attribute>
        <name>track_id</name>
        <value>32</value>
      </attribute>
    </attributes>
  </object>
  <object>
    <name>vehicule</name>
    <occluded>0</occluded>
    <bndbox>
      <xmin>2021.676877087309</xmin>
      <ymin>912.5501699666031</ymin>
      <xmax>2112.8975771605506</xmax>
      <ymax>972.0636465291038</ymax>
    </bndbox>
    <attributes>
      <attribute>
        <name>keyframe</name>
        <value>True</value>
      </attribute>
      <attribute>
        <name>track_id</name>
        <value>48</value>
      </attribute>
    </attributes>
  </object>
  <object>
    <name>vehicule</name>
    <occluded>0</occluded>
    <bndbox>
      <xmin>501.27874755859375</xmin>
      <ymin>991.2994995117192</ymin>
      <xmax>597.6110595703138</xmax>
      <ymax>1077.9154586791992</ymax>
    </bndbox>
    <attributes>
      <attribute>
        <name>keyframe</name>
        <value>True</value>
      </attribute>
      <attribute>
        <name>track_id</name>
        <value>53</value>
      </attribute>
    </attributes>
  </object>
  <object>
    <name>vehicule</name>
    <occluded>0</occluded>
    <bndbox>
      <xmin>2138.689863868026</xmin>
      <ymin>926.3519627648874</ymin>
      <xmax>2201.8670123055263</xmax>
      <ymax>991.8234471398881</ymax>
    </bndbox>
    <attributes>
      <attribute>
        <name>keyframe</name>
        <value>True</value>
      </attribute>
      <attribute>
        <name>track_id</name>
        <value>65</value>
      </attribute>
    </attributes>
  </object>
  <object>
    <name>vehicule</name>
    <occluded>0</occluded>
    <bndbox>
      <xmin>1905.031582919034</xmin>
      <ymin>939.1505459872159</ymin>
      <xmax>2002.8739703091696</xmax>
      <ymax>1001.501327237217</ymax>
    </bndbox>
    <attributes>
      <attribute>
        <name>keyframe</name>
        <value>True</value>
      </attribute>
      <attribute>
        <name>track_id</name>
        <value>66</value>
      </attribute>
    </attributes>
  </object>
  <object>
    <name>vehicule</name>
    <occluded>0</occluded>
    <bndbox>
      <xmin>627.3400268554688</xmin>
      <ymin>952.0750000000005</ymin>
      <xmax>708.0812500000008</xmax>
      <ymax>1038.8209314346313</ymax>
    </bndbox>
    <attributes>
      <attribute>
        <name>keyframe</name>
        <value>True</value>
      </attribute>
      <attribute>
        <name>track_id</name>
        <value>74</value>
      </attribute>
    </attributes>
  </object>
  <object>
    <name>vehicule</name>
    <occluded>0</occluded>
    <bndbox>
      <xmin>1983.5022078804348</xmin>
      <ymin>964.744400098128</ymin>
      <xmax>2085.1791564277983</xmax>
      <ymax>1022.8516266606288</ymax>
    </bndbox>
    <attributes>
      <attribute>
        <name>keyframe</name>
        <value>True</value>
      </attribute>
      <attribute>
        <name>track_id</name>
        <value>76</value>
      </attribute>
    </attributes>
  </object>
  <object>
    <name>vehicule</name>
    <occluded>0</occluded>
    <bndbox>
      <xmin>218.2007472826087</xmin>
      <ymin>946.4344853940217</ymin>
      <xmax>356.9534816576094</xmax>
      <ymax>1014.4178838315217</ymax>
    </bndbox>
    <attributes>
      <attribute>
        <name>keyframe</name>
        <value>True</value>
      </attribute>
      <attribute>
        <name>track_id</name>
        <value>89</value>
      </attribute>
    </attributes>
  </object>
  <object>
    <name>vehicule</name>
    <occluded>0</occluded>
    <bndbox>
      <xmin>748.1389382102273</xmin>
      <ymin>862.6227272727275</ymin>
      <xmax>868.8716031161214</xmax>
      <ymax>917.0781738974831</ymax>
    </bndbox>
    <attributes>
      <attribute>
        <name>keyframe</name>
        <value>True</value>
      </attribute>
      <attribute>
        <name>track_id</name>
        <value>90</value>
      </attribute>
    </attributes>
  </object>
  <object>
    <name>vehicule</name>
    <occluded>0</occluded>
    <bndbox>
      <xmin>602.209597565407</xmin>
      <ymin>879.2433139534885</ymin>
      <xmax>714.7339026162795</xmax>
      <ymax>941.8221992137818</ymax>
    </bndbox>
    <attributes>
      <attribute>
        <name>keyframe</name>
        <value>True</value>
      </attribute>
      <attribute>
        <name>track_id</name>
        <value>94</value>
      </attribute>
    </attributes>
  </object>
  <object>
    <name>vehicule</name>
    <occluded>0</occluded>
    <bndbox>
      <xmin>883.8048206676136</xmin>
      <ymin>840.4394087357955</ymin>
      <xmax>997.7345081676136</xmax>
      <ymax>888.6073858781288</ymax>
    </bndbox>
    <attributes>
      <attribute>
        <name>keyframe</name>
        <value>True</value>
      </attribute>
      <attribute>
        <name>track_id</name>
        <value>104</value>
      </attribute>
    </attributes>
  </object>
  <object>
    <name>vehicule</name>
    <occluded>0</occluded>
    <bndbox>
      <xmin>1043.3864968039773</xmin>
      <ymin>825.1247780539773</ymin>
      <xmax>1147.4648888327858</xmax>
      <ymax>875.8477394797585</ymax>
    </bndbox>
    <attributes>
      <attribute>
        <name>keyframe</name>
        <value>True</value>
      </attribute>
      <attribute>
        <name>track_id</name>
        <value>109</value>
      </attribute>
    </attributes>
  </object>
  <object>
    <name>vehicule</name>
    <occluded>0</occluded>
    <bndbox>
      <xmin>1899.0949321546052</xmin>
      <ymin>989.4104646381579</ymin>
      <xmax>2021.096714381167</xmax>
      <ymax>1055.9450410541735</ymax>
    </bndbox>
    <attributes>
      <attribute>
        <name>keyframe</name>
        <value>True</value>
      </attribute>
      <attribute>
        <name>track_id</name>
        <value>116</value>
      </attribute>
    </attributes>
  </object>
  <object>
    <name>vehicule</name>
    <occluded>0</occluded>
    <bndbox>
      <xmin>1276.1936479048295</xmin>
      <ymin>823.3822798295455</ymin>
      <xmax>1378.9879060225053</xmax>
      <ymax>862.5481123490767</ymax>
    </bndbox>
    <attributes>
      <attribute>
        <name>keyframe</name>
        <value>True</value>
      </attribute>
      <attribute>
        <name>track_id</name>
        <value>121</value>
      </attribute>
    </attributes>
  </object>
  <object>
    <name>vehicule</name>
    <occluded>0</occluded>
    <bndbox>
      <xmin>1435.1004749644887</xmin>
      <ymin>819.0</ymin>
      <xmax>1539.8209263194692</xmax>
      <ymax>867.7234497070312</ymax>
    </bndbox>
    <attributes>
      <attribute>
        <name>keyframe</name>
        <value>True</value>
      </attribute>
      <attribute>
        <name>track_id</name>
        <value>122</value>
      </attribute>
    </attributes>
  </object>
  <object>
    <name>vehicule</name>
    <occluded>0</occluded>
    <bndbox>
      <xmin>2251.7337890625</xmin>
      <ymin>979.445703125</ymin>
      <xmax>2390.136914062499</xmax>
      <ymax>1054.334570312501</ymax>
    </bndbox>
    <attributes>
      <attribute>
        <name>keyframe</name>
        <value>True</value>
      </attribute>
      <attribute>
        <name>track_id</name>
        <value>126</value>
      </attribute>
    </attributes>
  </object>
  <object>
    <name>vehicule</name>
    <occluded>0</occluded>
    <bndbox>
      <xmin>1641.1535200639205</xmin>
      <ymin>830.9778053977273</ymin>
      <xmax>1727.1899427934127</xmax>
      <ymax>868.8595116355202</ymax>
    </bndbox>
    <attributes>
      <attribute>
        <name>keyframe</name>
        <value>True</value>
      </attribute>
      <attribute>
        <name>track_id</name>
        <value>132</value>
      </attribute>
    </attributes>
  </object>
  <object>
    <name>vehicule</name>
    <occluded>0</occluded>
    <bndbox>
      <xmin>1806.433993252841</xmin>
      <ymin>816.7970969460227</ymin>
      <xmax>1917.5108670321379</xmax>
      <ymax>872.6565634987571</ymax>
    </bndbox>
    <attributes>
      <attribute>
        <name>keyframe</name>
        <value>True</value>
      </attribute>
      <attribute>
        <name>track_id</name>
        <value>135</value>
      </attribute>
    </attributes>
  </object>
  <object>
    <name>vehicule</name>
    <occluded>0</occluded>
    <bndbox>
      <xmin>444.4145191659173</xmin>
      <ymin>960.2455288893887</ymin>
      <xmax>539.4560437538643</xmax>
      <ymax>1039.44568142788</ymax>
    </bndbox>
    <attributes>
      <attribute>
        <name>keyframe</name>
        <value>True</value>
      </attribute>
      <attribute>
        <name>track_id</name>
        <value>137</value>
      </attribute>
    </attributes>
  </object>
  <object>
    <name>vehicule</name>
    <occluded>0</occluded>
    <bndbox>
      <xmin>2030.21796875</xmin>
      <ymin>993.2876953125</ymin>
      <xmax>2142.9326586914067</xmax>
      <ymax>1068.0848437500003</ymax>
    </bndbox>
    <attributes>
      <attribute>
        <name>keyframe</name>
        <value>True</value>
      </attribute>
      <attribute>
        <name>track_id</name>
        <value>138</value>
      </attribute>
    </attributes>
  </object>
  <object>
    <name>vehicule</name>
    <occluded>0</occluded>
    <bndbox>
      <xmin>1761.6333525196605</xmin>
      <ymin>1007.4987970819536</ymin>
      <xmax>1894.5193388477855</xmax>
      <ymax>1086.5355631341997</ymax>
    </bndbox>
    <attributes>
      <attribute>
        <name>keyframe</name>
        <value>True</value>
      </attribute>
      <attribute>
        <name>track_id</name>
        <value>139</value>
      </attribute>
    </attributes>
  </object>
  <object>
    <name>vehicule</name>
    <occluded>0</occluded>
    <bndbox>
      <xmin>319.88910746402877</xmin>
      <ymin>1060.9805277652886</ymin>
      <xmax>440.23796931205084</xmax>
      <ymax>1166.296085330222</ymax>
    </bndbox>
    <attributes>
      <attribute>
        <name>keyframe</name>
        <value>True</value>
      </attribute>
      <attribute>
        <name>track_id</name>
        <value>140</value>
      </attribute>
    </attributes>
  </object>
  <object>
    <name>vehicule</name>
    <occluded>0</occluded>
    <bndbox>
      <xmin>1327.216331845238</xmin>
      <ymin>1062.4295479910713</ymin>
      <xmax>1490.8068164643787</xmax>
      <ymax>1143.4743706839424</ymax>
    </bndbox>
    <attributes>
      <attribute>
        <name>keyframe</name>
        <value>True</value>
      </attribute>
      <attribute>
        <name>track_id</name>
        <value>142</value>
      </attribute>
    </attributes>
  </object>
  <object>
    <name>vehicule</name>
    <occluded>0</occluded>
    <bndbox>
      <xmin>1554.0380784254812</xmin>
      <ymin>1065.7740009014424</ymin>
      <xmax>1737.106913639949</xmax>
      <ymax>1143.2184512798603</ymax>
    </bndbox>
    <attributes>
      <attribute>
        <name>keyframe</name>
        <value>True</value>
      </attribute>
      <attribute>
        <name>track_id</name>
        <value>143</value>
      </attribute>
    </attributes>
  </object>
  <object>
    <name>vehicule</name>
    <occluded>0</occluded>
    <bndbox>
      <xmin>4.568457031249999</xmin>
      <ymin>956.0865234375</ymin>
      <xmax>118.4363281250011</xmax>
      <ymax>1024.6443595886217</ymax>
    </bndbox>
    <attributes>
      <attribute>
        <name>keyframe</name>
        <value>True</value>
      </attribute>
      <attribute>
        <name>track_id</name>
        <value>144</value>
      </attribute>
    </attributes>
  </object>
  <object>
    <name>vehicule</name>
    <occluded>0</occluded>
    <bndbox>
      <xmin>419.9938858695652</xmin>
      <ymin>913.147121263587</ymin>
      <xmax>531.8045176630435</xmax>
      <ymax>976.9400232066282</ymax>
    </bndbox>
    <attributes>
      <attribute>
        <name>keyframe</name>
        <value>True</value>
      </attribute>
      <attribute>
        <name>track_id</name>
        <value>145</value>
      </attribute>
    </attributes>
  </object>
  <object>
    <name>vehicule</name>
    <occluded>0</occluded>
    <bndbox>
      <xmin>559.1956845238095</xmin>
      <ymin>1074.977027529762</ymin>
      <xmax>712.0580044700986</xmax>
      <ymax>1153.1452633085705</ymax>
    </bndbox>
    <attributes>
      <attribute>
        <name>keyframe</name>
        <value>True</value>
      </attribute>
      <attribute>
        <name>track_id</name>
        <value>146</value>
      </attribute>
    </attributes>
  </object>
  <object>
    <name>vehicule</name>
    <occluded>0</occluded>
    <bndbox>
      <xmin>1976.6534312855113</xmin>
      <ymin>833.2000399502847</ymin>
      <xmax>2084.346595348012</xmax>
      <ymax>871.4458102139558</ymax>
    </bndbox>
    <attributes>
      <attribute>
        <name>keyframe</name>
        <value>True</value>
      </attribute>
      <attribute>
        <name>track_id</name>
        <value>147</value>
      </attribute>
    </attributes>
  </object>
  <object>
    <name>vehicule</name>
    <occluded>0</occluded>
    <bndbox>
      <xmin>2109.9338156960225</xmin>
      <ymin>824.3673428622159</ymin>
      <xmax>2212.4210517189717</xmax>
      <ymax>879.0851086703213</ymax>
    </bndbox>
    <attributes>
      <attribute>
        <name>keyframe</name>
        <value>True</value>
      </attribute>
      <attribute>
        <name>track_id</name>
        <value>148</value>
      </attribute>
    </attributes>
  </object>
  <object>
    <name>vehicule</name>
    <occluded>0</occluded>
    <bndbox>
      <xmin>88.24162946428571</xmin>
      <ymin>1104.3377511160713</ymin>
      <xmax>277.5824497767857</xmax>
      <ymax>1182.50598689488</ymax>
    </bndbox>
    <attributes>
      <attribute>
        <name>keyframe</name>
        <value>True</value>
      </attribute>
      <attribute>
        <name>track_id</name>
        <value>149</value>
      </attribute>
    </attributes>
  </object>
</annotation>
