<annotation>
  <folder>frame</folder>
  <filename>frame_001494.jpg</filename>
  <source>
    <database>Unknown</database>
    <annotation>Unknown</annotation>
    <image>Unknown</image>
  </source>
  <size>
    <width>2456</width>
    <height>2054</height>
    <depth>3</depth>
  </size>
  <segmented>0</segmented>
  <object>
    <name>vehicule</name>
    <occluded>0</occluded>
    <bndbox>
      <xmin>1901.84447806354</xmin>
      <ymin>869.3061087604009</ymin>
      <xmax>1972.216228513963</xmax>
      <ymax>921.4775931354023</ymax>
    </bndbox>
    <attributes>
      <attribute>
        <name>keyframe</name>
        <value>True</value>
      </attribute>
      <attribute>
        <name>track_id</name>
        <value>0</value>
      </attribute>
    </attributes>
  </object>
  <object>
    <name>vehicule</name>
    <occluded>0</occluded>
    <bndbox>
      <xmin>2002.8489475879855</xmin>
      <ymin>853.7224685224514</ymin>
      <xmax>2078.4581272754863</xmax>
      <ymax>909.4320388349529</ymax>
    </bndbox>
    <attributes>
      <attribute>
        <name>keyframe</name>
        <value>True</value>
      </attribute>
      <attribute>
        <name>track_id</name>
        <value>24</value>
      </attribute>
    </attributes>
  </object>
  <object>
    <name>vehicule</name>
    <occluded>0</occluded>
    <bndbox>
      <xmin>2079.325614420573</xmin>
      <ymin>868.9113191731773</ymin>
      <xmax>2136.051395670574</xmax>
      <ymax>932.5120988972973</ymax>
    </bndbox>
    <attributes>
      <attribute>
        <name>keyframe</name>
        <value>True</value>
      </attribute>
      <attribute>
        <name>track_id</name>
        <value>26</value>
      </attribute>
    </attributes>
  </object>
  <object>
    <name>vehicule</name>
    <occluded>0</occluded>
    <bndbox>
      <xmin>2066.0860900878906</xmin>
      <ymin>855.1249036706013</ymin>
      <xmax>2133.366949462892</xmax>
      <ymax>905.9040037072209</ymax>
    </bndbox>
    <attributes>
      <attribute>
        <name>keyframe</name>
        <value>True</value>
      </attribute>
      <attribute>
        <name>track_id</name>
        <value>27</value>
      </attribute>
    </attributes>
  </object>
  <object>
    <name>vehicule</name>
    <occluded>0</occluded>
    <bndbox>
      <xmin>1606.9109682635074</xmin>
      <ymin>1003.207285227793</ymin>
      <xmax>1764.3289339617488</xmax>
      <ymax>1081.4003226423436</ymax>
    </bndbox>
    <attributes>
      <attribute>
        <name>keyframe</name>
        <value>True</value>
      </attribute>
      <attribute>
        <name>track_id</name>
        <value>30</value>
      </attribute>
    </attributes>
  </object>
  <object>
    <name>vehicule</name>
    <occluded>0</occluded>
    <bndbox>
      <xmin>2175.99794921875</xmin>
      <ymin>1027.04541015625</ymin>
      <xmax>2334.4600000000005</xmax>
      <ymax>1106.575878906251</ymax>
    </bndbox>
    <attributes>
      <attribute>
        <name>keyframe</name>
        <value>True</value>
      </attribute>
      <attribute>
        <name>track_id</name>
        <value>32</value>
      </attribute>
    </attributes>
  </object>
  <object>
    <name>vehicule</name>
    <occluded>0</occluded>
    <bndbox>
      <xmin>2012.4794176407443</xmin>
      <ymin>894.9127355677481</ymin>
      <xmax>2103.700117713986</xmax>
      <ymax>954.4262121302488</ymax>
    </bndbox>
    <attributes>
      <attribute>
        <name>keyframe</name>
        <value>True</value>
      </attribute>
      <attribute>
        <name>track_id</name>
        <value>48</value>
      </attribute>
    </attributes>
  </object>
  <object>
    <name>vehicule</name>
    <occluded>0</occluded>
    <bndbox>
      <xmin>352.0306640625</xmin>
      <ymin>1124.4100000000008</ymin>
      <xmax>490.34000000000106</xmax>
      <ymax>1236.648533630371</ymax>
    </bndbox>
    <attributes>
      <attribute>
        <name>keyframe</name>
        <value>True</value>
      </attribute>
      <attribute>
        <name>track_id</name>
        <value>53</value>
      </attribute>
    </attributes>
  </object>
  <object>
    <name>vehicule</name>
    <occluded>0</occluded>
    <bndbox>
      <xmin>2139.44128889485</xmin>
      <ymin>924.7807868662821</ymin>
      <xmax>2202.6184373323504</xmax>
      <ymax>990.2522712412829</ymax>
    </bndbox>
    <attributes>
      <attribute>
        <name>keyframe</name>
        <value>True</value>
      </attribute>
      <attribute>
        <name>track_id</name>
        <value>65</value>
      </attribute>
    </attributes>
  </object>
  <object>
    <name>vehicule</name>
    <occluded>0</occluded>
    <bndbox>
      <xmin>1910.7818492542613</xmin>
      <ymin>934.1498890269886</ymin>
      <xmax>2008.624236644397</xmax>
      <ymax>996.5006702769897</ymax>
    </bndbox>
    <attributes>
      <attribute>
        <name>keyframe</name>
        <value>True</value>
      </attribute>
      <attribute>
        <name>track_id</name>
        <value>66</value>
      </attribute>
    </attributes>
  </object>
  <object>
    <name>vehicule</name>
    <occluded>0</occluded>
    <bndbox>
      <xmin>570.35537109375</xmin>
      <ymin>1041.610000000001</ymin>
      <xmax>672.4500000000007</xmax>
      <ymax>1150.2368072509767</ymax>
    </bndbox>
    <attributes>
      <attribute>
        <name>keyframe</name>
        <value>True</value>
      </attribute>
      <attribute>
        <name>track_id</name>
        <value>74</value>
      </attribute>
    </attributes>
  </object>
  <object>
    <name>vehicule</name>
    <occluded>0</occluded>
    <bndbox>
      <xmin>1991.4597486413043</xmin>
      <ymin>959.8775145304952</ymin>
      <xmax>2093.1366971886678</xmax>
      <ymax>1017.9847410929959</ymax>
    </bndbox>
    <attributes>
      <attribute>
        <name>keyframe</name>
        <value>True</value>
      </attribute>
      <attribute>
        <name>track_id</name>
        <value>76</value>
      </attribute>
    </attributes>
  </object>
  <object>
    <name>vehicule</name>
    <occluded>0</occluded>
    <bndbox>
      <xmin>597.37353515625</xmin>
      <ymin>882.1865234375</ymin>
      <xmax>721.9088867187511</xmax>
      <ymax>944.1982200622551</ymax>
    </bndbox>
    <attributes>
      <attribute>
        <name>keyframe</name>
        <value>True</value>
      </attribute>
      <attribute>
        <name>track_id</name>
        <value>90</value>
      </attribute>
    </attributes>
  </object>
  <object>
    <name>vehicule</name>
    <occluded>0</occluded>
    <bndbox>
      <xmin>540.98896484375</xmin>
      <ymin>958.6801953125007</ymin>
      <xmax>620.7950195312503</xmax>
      <ymax>1049.3355114746093</ymax>
    </bndbox>
    <attributes>
      <attribute>
        <name>keyframe</name>
        <value>True</value>
      </attribute>
      <attribute>
        <name>track_id</name>
        <value>94</value>
      </attribute>
    </attributes>
  </object>
  <object>
    <name>vehicule</name>
    <occluded>0</occluded>
    <bndbox>
      <xmin>678.68115234375</xmin>
      <ymin>857.37279296875</ymin>
      <xmax>792.61083984375</xmax>
      <ymax>904.7427817535394</ymax>
    </bndbox>
    <attributes>
      <attribute>
        <name>keyframe</name>
        <value>True</value>
      </attribute>
      <attribute>
        <name>track_id</name>
        <value>104</value>
      </attribute>
    </attributes>
  </object>
  <object>
    <name>vehicule</name>
    <occluded>0</occluded>
    <bndbox>
      <xmin>857.3224609375</xmin>
      <ymin>842.9657031250005</ymin>
      <xmax>961.4008529663085</xmax>
      <ymax>894.9341723632803</ymax>
    </bndbox>
    <attributes>
      <attribute>
        <name>keyframe</name>
        <value>True</value>
      </attribute>
      <attribute>
        <name>track_id</name>
        <value>109</value>
      </attribute>
    </attributes>
  </object>
  <object>
    <name>vehicule</name>
    <occluded>0</occluded>
    <bndbox>
      <xmin>1912.016286321272</xmin>
      <ymin>984.5328604714912</ymin>
      <xmax>2034.0180685478338</xmax>
      <ymax>1051.0674368875068</ymax>
    </bndbox>
    <attributes>
      <attribute>
        <name>keyframe</name>
        <value>True</value>
      </attribute>
      <attribute>
        <name>track_id</name>
        <value>116</value>
      </attribute>
    </attributes>
  </object>
  <object>
    <name>vehicule</name>
    <occluded>0</occluded>
    <bndbox>
      <xmin>1056.67109375</xmin>
      <ymin>829.8829218750012</ymin>
      <xmax>1159.4653518676757</xmax>
      <ymax>873.2211450195313</ymax>
    </bndbox>
    <attributes>
      <attribute>
        <name>keyframe</name>
        <value>True</value>
      </attribute>
      <attribute>
        <name>track_id</name>
        <value>121</value>
      </attribute>
    </attributes>
  </object>
  <object>
    <name>vehicule</name>
    <occluded>0</occluded>
    <bndbox>
      <xmin>1238.06130859375</xmin>
      <ymin>818.40662109375</ymin>
      <xmax>1342.7817599487305</xmax>
      <ymax>867.1300708007813</ymax>
    </bndbox>
    <attributes>
      <attribute>
        <name>keyframe</name>
        <value>True</value>
      </attribute>
      <attribute>
        <name>track_id</name>
        <value>122</value>
      </attribute>
    </attributes>
  </object>
  <object>
    <name>vehicule</name>
    <occluded>0</occluded>
    <bndbox>
      <xmin>1396.85701171875</xmin>
      <ymin>827.0969492187506</ymin>
      <xmax>1488.8245834350587</xmax>
      <ymax>868.567917175293</ymax>
    </bndbox>
    <attributes>
      <attribute>
        <name>keyframe</name>
        <value>True</value>
      </attribute>
      <attribute>
        <name>track_id</name>
        <value>132</value>
      </attribute>
    </attributes>
  </object>
  <object>
    <name>vehicule</name>
    <occluded>0</occluded>
    <bndbox>
      <xmin>1532.87990234375</xmin>
      <ymin>809.87875</ymin>
      <xmax>1643.956776123047</xmax>
      <ymax>865.7382165527343</ymax>
    </bndbox>
    <attributes>
      <attribute>
        <name>keyframe</name>
        <value>True</value>
      </attribute>
      <attribute>
        <name>track_id</name>
        <value>135</value>
      </attribute>
    </attributes>
  </object>
  <object>
    <name>vehicule</name>
    <occluded>0</occluded>
    <bndbox>
      <xmin>387.46005859375</xmin>
      <ymin>1021.9800000000014</ymin>
      <xmax>488.74000000000103</xmax>
      <ymax>1113.9306053161622</ymax>
    </bndbox>
    <attributes>
      <attribute>
        <name>keyframe</name>
        <value>True</value>
      </attribute>
      <attribute>
        <name>track_id</name>
        <value>137</value>
      </attribute>
    </attributes>
  </object>
  <object>
    <name>vehicule</name>
    <occluded>0</occluded>
    <bndbox>
      <xmin>2070.876013647152</xmin>
      <ymin>983.7348076542735</ymin>
      <xmax>2166.6278481012664</xmax>
      <ymax>1049.463731210443</ymax>
    </bndbox>
    <attributes>
      <attribute>
        <name>keyframe</name>
        <value>True</value>
      </attribute>
      <attribute>
        <name>track_id</name>
        <value>138</value>
      </attribute>
    </attributes>
  </object>
  <object>
    <name>vehicule</name>
    <occluded>0</occluded>
    <bndbox>
      <xmin>1769.1011841628724</xmin>
      <ymin>1006.5880199710265</ymin>
      <xmax>1901.9871704909974</xmax>
      <ymax>1085.6247860232727</ymax>
    </bndbox>
    <attributes>
      <attribute>
        <name>keyframe</name>
        <value>True</value>
      </attribute>
      <attribute>
        <name>track_id</name>
        <value>139</value>
      </attribute>
    </attributes>
  </object>
  <object>
    <name>vehicule</name>
    <occluded>0</occluded>
    <bndbox>
      <xmin>92.08212890625</xmin>
      <ymin>1227.520000000001</ymin>
      <xmax>280.2100000000011</xmax>
      <ymax>1372.4269340515136</ymax>
    </bndbox>
    <attributes>
      <attribute>
        <name>keyframe</name>
        <value>True</value>
      </attribute>
      <attribute>
        <name>track_id</name>
        <value>140</value>
      </attribute>
    </attributes>
  </object>
  <object>
    <name>vehicule</name>
    <occluded>0</occluded>
    <bndbox>
      <xmin>1784.87705078125</xmin>
      <ymin>1055.10751953125</ymin>
      <xmax>1921.7241210937505</xmax>
      <ymax>1125.2995117187515</ymax>
    </bndbox>
    <attributes>
      <attribute>
        <name>keyframe</name>
        <value>True</value>
      </attribute>
      <attribute>
        <name>track_id</name>
        <value>142</value>
      </attribute>
    </attributes>
  </object>
  <object>
    <name>vehicule</name>
    <occluded>0</occluded>
    <bndbox>
      <xmin>1948.2573828125</xmin>
      <ymin>1024.96767578125</ymin>
      <xmax>2084.330000000001</xmax>
      <ymax>1101.1276367187506</ymax>
    </bndbox>
    <attributes>
      <attribute>
        <name>keyframe</name>
        <value>True</value>
      </attribute>
      <attribute>
        <name>track_id</name>
        <value>143</value>
      </attribute>
    </attributes>
  </object>
  <object>
    <name>vehicule</name>
    <occluded>0</occluded>
    <bndbox>
      <xmin>216.0955078125</xmin>
      <ymin>1074.359453125</ymin>
      <xmax>325.706269531251</xmax>
      <ymax>1175.7644427490227</ymax>
    </bndbox>
    <attributes>
      <attribute>
        <name>keyframe</name>
        <value>True</value>
      </attribute>
      <attribute>
        <name>track_id</name>
        <value>145</value>
      </attribute>
    </attributes>
  </object>
  <object>
    <name>vehicule</name>
    <occluded>0</occluded>
    <bndbox>
      <xmin>1413.2685546875</xmin>
      <ymin>1059.79873046875</ymin>
      <xmax>1566.130874633789</xmax>
      <ymax>1137.9669662475585</ymax>
    </bndbox>
    <attributes>
      <attribute>
        <name>keyframe</name>
        <value>True</value>
      </attribute>
      <attribute>
        <name>track_id</name>
        <value>146</value>
      </attribute>
    </attributes>
  </object>
  <object>
    <name>vehicule</name>
    <occluded>0</occluded>
    <bndbox>
      <xmin>1690.7928125</xmin>
      <ymin>826.67142578125</ymin>
      <xmax>1798.4859765625008</xmax>
      <ymax>864.9171960449212</ymax>
    </bndbox>
    <attributes>
      <attribute>
        <name>keyframe</name>
        <value>True</value>
      </attribute>
      <attribute>
        <name>track_id</name>
        <value>147</value>
      </attribute>
    </attributes>
  </object>
  <object>
    <name>vehicule</name>
    <occluded>0</occluded>
    <bndbox>
      <xmin>1825.8361328125</xmin>
      <ymin>816.56181640625</ymin>
      <xmax>1928.3233688354492</xmax>
      <ymax>870.6789962768555</ymax>
    </bndbox>
    <attributes>
      <attribute>
        <name>keyframe</name>
        <value>True</value>
      </attribute>
      <attribute>
        <name>track_id</name>
        <value>148</value>
      </attribute>
    </attributes>
  </object>
  <object>
    <name>vehicule</name>
    <occluded>0</occluded>
    <bndbox>
      <xmin>1110.249609375</xmin>
      <ymin>1087.49521484375</ymin>
      <xmax>1299.5904296875</xmax>
      <ymax>1165.6634506225587</ymax>
    </bndbox>
    <attributes>
      <attribute>
        <name>keyframe</name>
        <value>True</value>
      </attribute>
      <attribute>
        <name>track_id</name>
        <value>149</value>
      </attribute>
    </attributes>
  </object>
  <object>
    <name>vehicule</name>
    <occluded>0</occluded>
    <bndbox>
      <xmin>1406.9580078125</xmin>
      <ymin>1129.37314453125</ymin>
      <xmax>1593.7900000000004</xmax>
      <ymax>1217.9638122558595</ymax>
    </bndbox>
    <attributes>
      <attribute>
        <name>keyframe</name>
        <value>True</value>
      </attribute>
      <attribute>
        <name>track_id</name>
        <value>150</value>
      </attribute>
    </attributes>
  </object>
  <object>
    <name>vehicule</name>
    <occluded>0</occluded>
    <bndbox>
      <xmin>374.0875</xmin>
      <ymin>956.02509765625</ymin>
      <xmax>463.761328125</xmax>
      <ymax>1027.7458351135253</ymax>
    </bndbox>
    <attributes>
      <attribute>
        <name>keyframe</name>
        <value>True</value>
      </attribute>
      <attribute>
        <name>track_id</name>
        <value>151</value>
      </attribute>
    </attributes>
  </object>
  <object>
    <name>vehicule</name>
    <occluded>0</occluded>
    <bndbox>
      <xmin>416.7462890625</xmin>
      <ymin>891.77998046875</ymin>
      <xmax>548.1939819335937</xmax>
      <ymax>961.8187149047851</ymax>
    </bndbox>
    <attributes>
      <attribute>
        <name>keyframe</name>
        <value>True</value>
      </attribute>
      <attribute>
        <name>track_id</name>
        <value>152</value>
      </attribute>
    </attributes>
  </object>
</annotation>
