<annotation>
  <folder>frame</folder>
  <filename>frame_001521.jpg</filename>
  <source>
    <database>Unknown</database>
    <annotation>Unknown</annotation>
    <image>Unknown</image>
  </source>
  <size>
    <width>2456</width>
    <height>2054</height>
    <depth>3</depth>
  </size>
  <segmented>0</segmented>
  <object>
    <name>vehicule</name>
    <occluded>0</occluded>
    <bndbox>
      <xmin>1888.2020408163269</xmin>
      <ymin>866.4898357780612</ymin>
      <xmax>1963.668389145209</xmax>
      <ymax>918.6613201530627</ymax>
    </bndbox>
    <attributes>
      <attribute>
        <name>keyframe</name>
        <value>True</value>
      </attribute>
      <attribute>
        <name>track_id</name>
        <value>0</value>
      </attribute>
    </attributes>
  </object>
  <object>
    <name>vehicule</name>
    <occluded>0</occluded>
    <bndbox>
      <xmin>1999.26398973652</xmin>
      <ymin>856.7117647058834</ymin>
      <xmax>2070.8881117876845</xmax>
      <ymax>897.4702491760254</ymax>
    </bndbox>
    <attributes>
      <attribute>
        <name>keyframe</name>
        <value>True</value>
      </attribute>
      <attribute>
        <name>track_id</name>
        <value>24</value>
      </attribute>
    </attributes>
  </object>
  <object>
    <name>vehicule</name>
    <occluded>0</occluded>
    <bndbox>
      <xmin>2077.452775065104</xmin>
      <ymin>865.8171077473959</ymin>
      <xmax>2134.178556315105</xmax>
      <ymax>929.4178874715159</ymax>
    </bndbox>
    <attributes>
      <attribute>
        <name>keyframe</name>
        <value>True</value>
      </attribute>
      <attribute>
        <name>track_id</name>
        <value>26</value>
      </attribute>
    </attributes>
  </object>
  <object>
    <name>vehicule</name>
    <occluded>0</occluded>
    <bndbox>
      <xmin>2047.5795730064656</xmin>
      <ymin>836.6030105064655</ymin>
      <xmax>2114.860432381467</xmax>
      <ymax>887.3821105430851</ymax>
    </bndbox>
    <attributes>
      <attribute>
        <name>keyframe</name>
        <value>True</value>
      </attribute>
      <attribute>
        <name>track_id</name>
        <value>27</value>
      </attribute>
    </attributes>
  </object>
  <object>
    <name>vehicule</name>
    <occluded>0</occluded>
    <bndbox>
      <xmin>1613.405023036859</xmin>
      <ymin>1002.382562099359</ymin>
      <xmax>1770.8229887351004</xmax>
      <ymax>1080.5755995139093</ymax>
    </bndbox>
    <attributes>
      <attribute>
        <name>keyframe</name>
        <value>True</value>
      </attribute>
      <attribute>
        <name>track_id</name>
        <value>30</value>
      </attribute>
    </attributes>
  </object>
  <object>
    <name>vehicule</name>
    <occluded>0</occluded>
    <bndbox>
      <xmin>2279.5825363685344</xmin>
      <ymin>1006.3236799568965</ymin>
      <xmax>2419.6620689655174</xmax>
      <ymax>1085.8541487068976</ymax>
    </bndbox>
    <attributes>
      <attribute>
        <name>keyframe</name>
        <value>True</value>
      </attribute>
      <attribute>
        <name>track_id</name>
        <value>32</value>
      </attribute>
    </attributes>
  </object>
  <object>
    <name>vehicule</name>
    <occluded>0</occluded>
    <bndbox>
      <xmin>1999.647705078125</xmin>
      <ymin>953.5406494140625</ymin>
      <xmax>2090.8684051513665</xmax>
      <ymax>1013.0541259765632</ymax>
    </bndbox>
    <attributes>
      <attribute>
        <name>keyframe</name>
        <value>True</value>
      </attribute>
      <attribute>
        <name>track_id</name>
        <value>48</value>
      </attribute>
    </attributes>
  </object>
  <object>
    <name>vehicule</name>
    <occluded>0</occluded>
    <bndbox>
      <xmin>153.677734375</xmin>
      <ymin>1266.4642857142865</ymin>
      <xmax>336.40000000000026</xmax>
      <ymax>1406.2340752737862</ymax>
    </bndbox>
    <attributes>
      <attribute>
        <name>keyframe</name>
        <value>True</value>
      </attribute>
      <attribute>
        <name>track_id</name>
        <value>53</value>
      </attribute>
    </attributes>
  </object>
  <object>
    <name>vehicule</name>
    <occluded>0</occluded>
    <bndbox>
      <xmin>2135.1055608785377</xmin>
      <ymin>919.6784898290094</ymin>
      <xmax>2198.282709316038</xmax>
      <ymax>985.1499742040102</ymax>
    </bndbox>
    <attributes>
      <attribute>
        <name>keyframe</name>
        <value>True</value>
      </attribute>
      <attribute>
        <name>track_id</name>
        <value>65</value>
      </attribute>
    </attributes>
  </object>
  <object>
    <name>vehicule</name>
    <occluded>0</occluded>
    <bndbox>
      <xmin>1912.82470703125</xmin>
      <ymin>932.37333984375</ymin>
      <xmax>2010.6670944213856</xmax>
      <ymax>994.7241210937511</ymax>
    </bndbox>
    <attributes>
      <attribute>
        <name>keyframe</name>
        <value>True</value>
      </attribute>
      <attribute>
        <name>track_id</name>
        <value>66</value>
      </attribute>
    </attributes>
  </object>
  <object>
    <name>vehicule</name>
    <occluded>0</occluded>
    <bndbox>
      <xmin>440.9094827586207</xmin>
      <ymin>1153.610344827587</ymin>
      <xmax>581.6275862068968</xmax>
      <ymax>1285.860954284668</ymax>
    </bndbox>
    <attributes>
      <attribute>
        <name>keyframe</name>
        <value>True</value>
      </attribute>
      <attribute>
        <name>track_id</name>
        <value>74</value>
      </attribute>
    </attributes>
  </object>
  <object>
    <name>vehicule</name>
    <occluded>0</occluded>
    <bndbox>
      <xmin>2013.1042578125002</xmin>
      <ymin>891.04453125</ymin>
      <xmax>2090.9507607710993</xmax>
      <ymax>949.1517578125007</ymax>
    </bndbox>
    <attributes>
      <attribute>
        <name>keyframe</name>
        <value>True</value>
      </attribute>
      <attribute>
        <name>track_id</name>
        <value>76</value>
      </attribute>
    </attributes>
  </object>
  <object>
    <name>vehicule</name>
    <occluded>0</occluded>
    <bndbox>
      <xmin>493.2211745689655</xmin>
      <ymin>906.2179418103449</ymin>
      <xmax>617.7565261314666</xmax>
      <ymax>968.2296384351</ymax>
    </bndbox>
    <attributes>
      <attribute>
        <name>keyframe</name>
        <value>True</value>
      </attribute>
      <attribute>
        <name>track_id</name>
        <value>90</value>
      </attribute>
    </attributes>
  </object>
  <object>
    <name>vehicule</name>
    <occluded>0</occluded>
    <bndbox>
      <xmin>503.7913186961207</xmin>
      <ymin>1015.9769665948276</ymin>
      <xmax>588.1296201508632</xmax>
      <ymax>1117.6165518925102</ymax>
    </bndbox>
    <attributes>
      <attribute>
        <name>keyframe</name>
        <value>True</value>
      </attribute>
      <attribute>
        <name>track_id</name>
        <value>94</value>
      </attribute>
    </attributes>
  </object>
  <object>
    <name>vehicule</name>
    <occluded>0</occluded>
    <bndbox>
      <xmin>556.6494140625</xmin>
      <ymin>880.0669585129311</ymin>
      <xmax>670.5791015625</xmax>
      <ymax>920.2550520798253</ymax>
    </bndbox>
    <attributes>
      <attribute>
        <name>keyframe</name>
        <value>True</value>
      </attribute>
      <attribute>
        <name>track_id</name>
        <value>104</value>
      </attribute>
    </attributes>
  </object>
  <object>
    <name>vehicule</name>
    <occluded>0</occluded>
    <bndbox>
      <xmin>724.2508418642242</xmin>
      <ymin>853.5469423491379</ymin>
      <xmax>828.3292338930328</xmax>
      <ymax>905.5154115874177</ymax>
    </bndbox>
    <attributes>
      <attribute>
        <name>keyframe</name>
        <value>True</value>
      </attribute>
      <attribute>
        <name>track_id</name>
        <value>109</value>
      </attribute>
    </attributes>
  </object>
  <object>
    <name>vehicule</name>
    <occluded>0</occluded>
    <bndbox>
      <xmin>1916.6067674067983</xmin>
      <ymin>982.8000274122807</ymin>
      <xmax>2038.60854963336</xmax>
      <ymax>1049.3346038282964</ymax>
    </bndbox>
    <attributes>
      <attribute>
        <name>keyframe</name>
        <value>True</value>
      </attribute>
      <attribute>
        <name>track_id</name>
        <value>116</value>
      </attribute>
    </attributes>
  </object>
  <object>
    <name>vehicule</name>
    <occluded>0</occluded>
    <bndbox>
      <xmin>954.8793646364796</xmin>
      <ymin>835.4693877551032</ymin>
      <xmax>1058.1926723869483</xmax>
      <ymax>885.2890223289023</ymax>
    </bndbox>
    <attributes>
      <attribute>
        <name>keyframe</name>
        <value>True</value>
      </attribute>
      <attribute>
        <name>track_id</name>
        <value>121</value>
      </attribute>
    </attributes>
  </object>
  <object>
    <name>vehicule</name>
    <occluded>0</occluded>
    <bndbox>
      <xmin>1161.3685626594388</xmin>
      <ymin>823.8597536670918</ymin>
      <xmax>1266.0890140144193</xmax>
      <ymax>872.5832033741231</ymax>
    </bndbox>
    <attributes>
      <attribute>
        <name>keyframe</name>
        <value>True</value>
      </attribute>
      <attribute>
        <name>track_id</name>
        <value>122</value>
      </attribute>
    </attributes>
  </object>
  <object>
    <name>vehicule</name>
    <occluded>0</occluded>
    <bndbox>
      <xmin>1321.789022640306</xmin>
      <ymin>826.4338887117351</ymin>
      <xmax>1415.058553890306</xmax>
      <ymax>868.6927433870273</ymax>
    </bndbox>
    <attributes>
      <attribute>
        <name>keyframe</name>
        <value>True</value>
      </attribute>
      <attribute>
        <name>track_id</name>
        <value>132</value>
      </attribute>
    </attributes>
  </object>
  <object>
    <name>vehicule</name>
    <occluded>0</occluded>
    <bndbox>
      <xmin>1485.9496771364795</xmin>
      <ymin>811.3595742984694</ymin>
      <xmax>1597.0265509157764</xmax>
      <ymax>867.2190408512038</ymax>
    </bndbox>
    <attributes>
      <attribute>
        <name>keyframe</name>
        <value>True</value>
      </attribute>
      <attribute>
        <name>track_id</name>
        <value>135</value>
      </attribute>
    </attributes>
  </object>
  <object>
    <name>vehicule</name>
    <occluded>0</occluded>
    <bndbox>
      <xmin>307.40500404094826</xmin>
      <ymin>1106.0586206896555</ymin>
      <xmax>424.23793103448395</xmax>
      <ymax>1214.104903385557</ymax>
    </bndbox>
    <attributes>
      <attribute>
        <name>keyframe</name>
        <value>True</value>
      </attribute>
      <attribute>
        <name>track_id</name>
        <value>137</value>
      </attribute>
    </attributes>
  </object>
  <object>
    <name>vehicule</name>
    <occluded>0</occluded>
    <bndbox>
      <xmin>2078.90244140625</xmin>
      <ymin>972.6515917968758</ymin>
      <xmax>2173.411035156251</xmax>
      <ymax>1037.6178027343744</ymax>
    </bndbox>
    <attributes>
      <attribute>
        <name>keyframe</name>
        <value>True</value>
      </attribute>
      <attribute>
        <name>track_id</name>
        <value>138</value>
      </attribute>
    </attributes>
  </object>
  <object>
    <name>vehicule</name>
    <occluded>0</occluded>
    <bndbox>
      <xmin>1771.7542296150662</xmin>
      <ymin>1006.2644544184602</ymin>
      <xmax>1904.6402159431912</xmax>
      <ymax>1085.3012204707063</ymax>
    </bndbox>
    <attributes>
      <attribute>
        <name>keyframe</name>
        <value>True</value>
      </attribute>
      <attribute>
        <name>track_id</name>
        <value>139</value>
      </attribute>
    </attributes>
  </object>
  <object>
    <name>vehicule</name>
    <occluded>0</occluded>
    <bndbox>
      <xmin>1840.1734375</xmin>
      <ymin>1048.666455078125</ymin>
      <xmax>1977.0205078125005</xmax>
      <ymax>1118.8584472656264</ymax>
    </bndbox>
    <attributes>
      <attribute>
        <name>keyframe</name>
        <value>True</value>
      </attribute>
      <attribute>
        <name>track_id</name>
        <value>142</value>
      </attribute>
    </attributes>
  </object>
  <object>
    <name>vehicule</name>
    <occluded>0</occluded>
    <bndbox>
      <xmin>1958.0280078125</xmin>
      <ymin>1023.0138671875</ymin>
      <xmax>2087.8400000000006</xmax>
      <ymax>1099.1738281250007</ymax>
    </bndbox>
    <attributes>
      <attribute>
        <name>keyframe</name>
        <value>True</value>
      </attribute>
      <attribute>
        <name>track_id</name>
        <value>143</value>
      </attribute>
    </attributes>
  </object>
  <object>
    <name>vehicule</name>
    <occluded>0</occluded>
    <bndbox>
      <xmin>119.24100167410714</xmin>
      <ymin>1184.4785714285726</ymin>
      <xmax>258.63571428571544</xmax>
      <ymax>1314.8142449515205</ymax>
    </bndbox>
    <attributes>
      <attribute>
        <name>keyframe</name>
        <value>True</value>
      </attribute>
      <attribute>
        <name>track_id</name>
        <value>145</value>
      </attribute>
    </attributes>
  </object>
  <object>
    <name>vehicule</name>
    <occluded>0</occluded>
    <bndbox>
      <xmin>1573.6057739257812</xmin>
      <ymin>1055.2302856445312</ymin>
      <xmax>1717.9432525634766</xmax>
      <ymax>1130.1275216102608</ymax>
    </bndbox>
    <attributes>
      <attribute>
        <name>keyframe</name>
        <value>True</value>
      </attribute>
      <attribute>
        <name>track_id</name>
        <value>146</value>
      </attribute>
    </attributes>
  </object>
  <object>
    <name>vehicule</name>
    <occluded>0</occluded>
    <bndbox>
      <xmin>1633.4959741709183</xmin>
      <ymin>828.6947146045918</ymin>
      <xmax>1741.189138233419</xmax>
      <ymax>866.940484868263</ymax>
    </bndbox>
    <attributes>
      <attribute>
        <name>keyframe</name>
        <value>True</value>
      </attribute>
      <attribute>
        <name>track_id</name>
        <value>147</value>
      </attribute>
    </attributes>
  </object>
  <object>
    <name>vehicule</name>
    <occluded>0</occluded>
    <bndbox>
      <xmin>1770.5627590880101</xmin>
      <ymin>816.3294802295918</ymin>
      <xmax>1873.0499951109593</xmax>
      <ymax>870.3148241626973</ymax>
    </bndbox>
    <attributes>
      <attribute>
        <name>keyframe</name>
        <value>True</value>
      </attribute>
      <attribute>
        <name>track_id</name>
        <value>148</value>
      </attribute>
    </attributes>
  </object>
  <object>
    <name>vehicule</name>
    <occluded>0</occluded>
    <bndbox>
      <xmin>1344.4833984375</xmin>
      <ymin>1090.526123046875</ymin>
      <xmax>1533.82421875</xmax>
      <ymax>1168.6943588256836</ymax>
    </bndbox>
    <attributes>
      <attribute>
        <name>keyframe</name>
        <value>True</value>
      </attribute>
      <attribute>
        <name>track_id</name>
        <value>149</value>
      </attribute>
    </attributes>
  </object>
  <object>
    <name>vehicule</name>
    <occluded>0</occluded>
    <bndbox>
      <xmin>1820.2203857421882</xmin>
      <ymin>1099.0643920898438</ymin>
      <xmax>1980.5400476455688</xmax>
      <ymax>1184.7924381256112</ymax>
    </bndbox>
    <attributes>
      <attribute>
        <name>keyframe</name>
        <value>True</value>
      </attribute>
      <attribute>
        <name>track_id</name>
        <value>150</value>
      </attribute>
    </attributes>
  </object>
  <object>
    <name>vehicule</name>
    <occluded>0</occluded>
    <bndbox>
      <xmin>334.6917093211207</xmin>
      <ymin>1011.299784482759</ymin>
      <xmax>430.86010910560435</xmax>
      <ymax>1098.517879486084</ymax>
    </bndbox>
    <attributes>
      <attribute>
        <name>keyframe</name>
        <value>True</value>
      </attribute>
      <attribute>
        <name>track_id</name>
        <value>151</value>
      </attribute>
    </attributes>
  </object>
  <object>
    <name>vehicule</name>
    <occluded>0</occluded>
    <bndbox>
      <xmin>254.75956357758622</xmin>
      <ymin>917.2998720366379</ymin>
      <xmax>386.20725644867997</xmax>
      <ymax>987.3386064726731</ymax>
    </bndbox>
    <attributes>
      <attribute>
        <name>keyframe</name>
        <value>True</value>
      </attribute>
      <attribute>
        <name>track_id</name>
        <value>152</value>
      </attribute>
    </attributes>
  </object>
  <object>
    <name>vehicule</name>
    <occluded>0</occluded>
    <bndbox>
      <xmin>1927.611666932398</xmin>
      <ymin>825.4802694515306</ymin>
      <xmax>2023.9467804577887</xmax>
      <ymax>867.4595060543138</ymax>
    </bndbox>
    <attributes>
      <attribute>
        <name>keyframe</name>
        <value>True</value>
      </attribute>
      <attribute>
        <name>track_id</name>
        <value>153</value>
      </attribute>
    </attributes>
  </object>
</annotation>
