<annotation>
  <folder>frame</folder>
  <filename>frame_004636.jpg</filename>
  <source>
    <database>Unknown</database>
    <annotation>Unknown</annotation>
    <image>Unknown</image>
  </source>
  <size>
    <width>2456</width>
    <height>2054</height>
    <depth>3</depth>
  </size>
  <segmented>0</segmented>
  <object>
    <name>vehicule</name>
    <occluded>0</occluded>
    <bndbox>
      <xmin>1003.7182285345874</xmin>
      <ymin>806.9097770024272</ymin>
      <xmax>1068.2188144720888</xmax>
      <ymax>846.6955191899286</ymax>
    </bndbox>
    <attributes>
      <attribute>
        <name>keyframe</name>
        <value>True</value>
      </attribute>
      <attribute>
        <name>track_id</name>
        <value>201</value>
      </attribute>
    </attributes>
  </object>
  <object>
    <name>vehicule</name>
    <occluded>0</occluded>
    <bndbox>
      <xmin>864.1066879240614</xmin>
      <ymin>797.2034512004176</ymin>
      <xmax>955.7770931076656</xmax>
      <ymax>842.0034534892349</ymax>
    </bndbox>
    <attributes>
      <attribute>
        <name>keyframe</name>
        <value>True</value>
      </attribute>
      <attribute>
        <name>track_id</name>
        <value>203</value>
      </attribute>
    </attributes>
  </object>
  <object>
    <name>vehicule</name>
    <occluded>0</occluded>
    <bndbox>
      <xmin>969.3065682870371</xmin>
      <ymin>772.4100839120371</ymin>
      <xmax>1042.570435474538</xmax>
      <ymax>815.2537026864508</ymax>
    </bndbox>
    <attributes>
      <attribute>
        <name>keyframe</name>
        <value>True</value>
      </attribute>
      <attribute>
        <name>track_id</name>
        <value>204</value>
      </attribute>
    </attributes>
  </object>
  <object>
    <name>vehicule</name>
    <occluded>0</occluded>
    <bndbox>
      <xmin>1011.5029296875001</xmin>
      <ymin>846.4392609291888</ymin>
      <xmax>1079.382815551757</xmax>
      <ymax>898.9951203041899</ymax>
    </bndbox>
    <attributes>
      <attribute>
        <name>keyframe</name>
        <value>True</value>
      </attribute>
      <attribute>
        <name>track_id</name>
        <value>219</value>
      </attribute>
    </attributes>
  </object>
  <object>
    <name>vehicule</name>
    <occluded>0</occluded>
    <bndbox>
      <xmin>1087.632728192446</xmin>
      <ymin>827.2394475044964</ymin>
      <xmax>1145.3108531924463</xmax>
      <ymax>879.2652287544968</ymax>
    </bndbox>
    <attributes>
      <attribute>
        <name>keyframe</name>
        <value>True</value>
      </attribute>
      <attribute>
        <name>track_id</name>
        <value>233</value>
      </attribute>
    </attributes>
  </object>
  <object>
    <name>vehicule</name>
    <occluded>0</occluded>
    <bndbox>
      <xmin>1100.4555844907406</xmin>
      <ymin>871.3926142939815</ymin>
      <xmax>1182.7594815854661</xmax>
      <ymax>928.5568721064826</ymax>
    </bndbox>
    <attributes>
      <attribute>
        <name>keyframe</name>
        <value>True</value>
      </attribute>
      <attribute>
        <name>track_id</name>
        <value>235</value>
      </attribute>
    </attributes>
  </object>
  <object>
    <name>vehicule</name>
    <occluded>0</occluded>
    <bndbox>
      <xmin>1004.2609906619824</xmin>
      <ymin>910.9231982710799</ymin>
      <xmax>1117.1379346317085</xmax>
      <ymax>978.4890185835802</ymax>
    </bndbox>
    <attributes>
      <attribute>
        <name>keyframe</name>
        <value>True</value>
      </attribute>
      <attribute>
        <name>track_id</name>
        <value>241</value>
      </attribute>
    </attributes>
  </object>
  <object>
    <name>vehicule</name>
    <occluded>0</occluded>
    <bndbox>
      <xmin>1160.1869140625</xmin>
      <ymin>772.77158203125</ymin>
      <xmax>1229.4883969907407</xmax>
      <ymax>835.145229085287</ymax>
    </bndbox>
    <attributes>
      <attribute>
        <name>keyframe</name>
        <value>True</value>
      </attribute>
      <attribute>
        <name>track_id</name>
        <value>264</value>
      </attribute>
    </attributes>
  </object>
  <object>
    <name>vehicule</name>
    <occluded>0</occluded>
    <bndbox>
      <xmin>1054.5830078125</xmin>
      <ymin>758.544921875</ymin>
      <xmax>1116.300000000001</xmax>
      <ymax>804.0726493835446</ymax>
    </bndbox>
    <attributes>
      <attribute>
        <name>keyframe</name>
        <value>True</value>
      </attribute>
      <attribute>
        <name>track_id</name>
        <value>269</value>
      </attribute>
    </attributes>
  </object>
  <object>
    <name>vehicule</name>
    <occluded>0</occluded>
    <bndbox>
      <xmin>881.6189138104841</xmin>
      <ymin>952.778572328629</ymin>
      <xmax>1011.4060292889993</xmax>
      <ymax>1023.2811113911305</ymax>
    </bndbox>
    <attributes>
      <attribute>
        <name>keyframe</name>
        <value>True</value>
      </attribute>
      <attribute>
        <name>track_id</name>
        <value>274</value>
      </attribute>
    </attributes>
  </object>
  <object>
    <name>vehicule</name>
    <occluded>0</occluded>
    <bndbox>
      <xmin>1179.5350612331085</xmin>
      <ymin>847.3644689611486</ymin>
      <xmax>1257.7312135438672</xmax>
      <ymax>905.6350129617227</ymax>
    </bndbox>
    <attributes>
      <attribute>
        <name>keyframe</name>
        <value>True</value>
      </attribute>
      <attribute>
        <name>track_id</name>
        <value>279</value>
      </attribute>
    </attributes>
  </object>
  <object>
    <name>vehicule</name>
    <occluded>0</occluded>
    <bndbox>
      <xmin>922.7576461226853</xmin>
      <ymin>1000.5202907986111</ymin>
      <xmax>1070.1376122368704</xmax>
      <ymax>1073.9697699652781</ymax>
    </bndbox>
    <attributes>
      <attribute>
        <name>keyframe</name>
        <value>True</value>
      </attribute>
      <attribute>
        <name>track_id</name>
        <value>287</value>
      </attribute>
    </attributes>
  </object>
  <object>
    <name>vehicule</name>
    <occluded>0</occluded>
    <bndbox>
      <xmin>181.2986557904412</xmin>
      <ymin>868.1012178308823</ymin>
      <xmax>304.02988803475955</xmax>
      <ymax>936.2896943933823</ymax>
    </bndbox>
    <attributes>
      <attribute>
        <name>keyframe</name>
        <value>True</value>
      </attribute>
      <attribute>
        <name>track_id</name>
        <value>291</value>
      </attribute>
    </attributes>
  </object>
  <object>
    <name>vehicule</name>
    <occluded>0</occluded>
    <bndbox>
      <xmin>439.41360294117646</xmin>
      <ymin>837.888671875</ymin>
      <xmax>553.0429605214123</xmax>
      <ymax>895.7624289022891</ymax>
    </bndbox>
    <attributes>
      <attribute>
        <name>keyframe</name>
        <value>True</value>
      </attribute>
      <attribute>
        <name>track_id</name>
        <value>311</value>
      </attribute>
    </attributes>
  </object>
  <object>
    <name>vehicule</name>
    <occluded>0</occluded>
    <bndbox>
      <xmin>615.2864945023148</xmin>
      <ymin>814.6589988425926</ymin>
      <xmax>718.9790364583338</xmax>
      <ymax>864.1638022528758</ymax>
    </bndbox>
    <attributes>
      <attribute>
        <name>keyframe</name>
        <value>True</value>
      </attribute>
      <attribute>
        <name>track_id</name>
        <value>316</value>
      </attribute>
    </attributes>
  </object>
  <object>
    <name>vehicule</name>
    <occluded>0</occluded>
    <bndbox>
      <xmin>499.7557663690476</xmin>
      <ymin>1034.6287884424614</ymin>
      <xmax>669.1442429315483</xmax>
      <ymax>1115.9257046411908</ymax>
    </bndbox>
    <attributes>
      <attribute>
        <name>keyframe</name>
        <value>True</value>
      </attribute>
      <attribute>
        <name>track_id</name>
        <value>320</value>
      </attribute>
    </attributes>
  </object>
  <object>
    <name>vehicule</name>
    <occluded>0</occluded>
    <bndbox>
      <xmin>1231.726879222973</xmin>
      <ymin>901.3920502533783</ymin>
      <xmax>1339.1892419763512</xmax>
      <ymax>948.1859659555795</ymax>
    </bndbox>
    <attributes>
      <attribute>
        <name>keyframe</name>
        <value>True</value>
      </attribute>
      <attribute>
        <name>track_id</name>
        <value>323</value>
      </attribute>
    </attributes>
  </object>
  <object>
    <name>vehicule</name>
    <occluded>0</occluded>
    <bndbox>
      <xmin>1410.9668692129644</xmin>
      <ymin>858.5118272569445</ymin>
      <xmax>1501.9428381460684</xmax>
      <ymax>912.9518663194459</ymax>
    </bndbox>
    <attributes>
      <attribute>
        <name>keyframe</name>
        <value>True</value>
      </attribute>
      <attribute>
        <name>track_id</name>
        <value>324</value>
      </attribute>
    </attributes>
  </object>
  <object>
    <name>vehicule</name>
    <occluded>0</occluded>
    <bndbox>
      <xmin>762.3998480902778</xmin>
      <ymin>799.1254846643519</ymin>
      <xmax>862.5705939604364</xmax>
      <ymax>846.049881623649</ymax>
    </bndbox>
    <attributes>
      <attribute>
        <name>keyframe</name>
        <value>True</value>
      </attribute>
      <attribute>
        <name>track_id</name>
        <value>325</value>
      </attribute>
    </attributes>
  </object>
  <object>
    <name>vehicule</name>
    <occluded>0</occluded>
    <bndbox>
      <xmin>1611.785807291667</xmin>
      <ymin>818.3508029513889</ymin>
      <xmax>1701.7061243693033</xmax>
      <ymax>865.60490451389</ymax>
    </bndbox>
    <attributes>
      <attribute>
        <name>keyframe</name>
        <value>True</value>
      </attribute>
      <attribute>
        <name>track_id</name>
        <value>327</value>
      </attribute>
    </attributes>
  </object>
  <object>
    <name>vehicule</name>
    <occluded>0</occluded>
    <bndbox>
      <xmin>250.5902054398148</xmin>
      <ymin>1074.2941261574074</ymin>
      <xmax>431.0478989212598</xmax>
      <ymax>1167.094147519711</ymax>
    </bndbox>
    <attributes>
      <attribute>
        <name>keyframe</name>
        <value>True</value>
      </attribute>
      <attribute>
        <name>track_id</name>
        <value>328</value>
      </attribute>
    </attributes>
  </object>
  <object>
    <name>vehicule</name>
    <occluded>0</occluded>
    <bndbox>
      <xmin>1282.6115429687507</xmin>
      <ymin>844.128125</ymin>
      <xmax>1345.708807067871</xmax>
      <ymax>899.2712905883789</ymax>
    </bndbox>
    <attributes>
      <attribute>
        <name>keyframe</name>
        <value>True</value>
      </attribute>
      <attribute>
        <name>track_id</name>
        <value>330</value>
      </attribute>
    </attributes>
  </object>
  <object>
    <name>vehicule</name>
    <occluded>0</occluded>
    <bndbox>
      <xmin>1176.1675464527032</xmin>
      <ymin>934.6344858530409</ymin>
      <xmax>1292.2746961438977</xmax>
      <ymax>1009.9291183884087</ymax>
    </bndbox>
    <attributes>
      <attribute>
        <name>keyframe</name>
        <value>True</value>
      </attribute>
      <attribute>
        <name>track_id</name>
        <value>331</value>
      </attribute>
    </attributes>
  </object>
  <object>
    <name>vehicule</name>
    <occluded>0</occluded>
    <bndbox>
      <xmin>1239.580078125</xmin>
      <ymin>798.3205078125</ymin>
      <xmax>1312.1722656250004</xmax>
      <ymax>849.7205078125014</ymax>
    </bndbox>
    <attributes>
      <attribute>
        <name>keyframe</name>
        <value>True</value>
      </attribute>
      <attribute>
        <name>track_id</name>
        <value>332</value>
      </attribute>
    </attributes>
  </object>
  <object>
    <name>vehicule</name>
    <occluded>0</occluded>
    <bndbox>
      <xmin>1130.2657045717594</xmin>
      <ymin>989.178855613426</ymin>
      <xmax>1287.212381998698</xmax>
      <ymax>1067.5869864004633</ymax>
    </bndbox>
    <attributes>
      <attribute>
        <name>keyframe</name>
        <value>True</value>
      </attribute>
      <attribute>
        <name>track_id</name>
        <value>333</value>
      </attribute>
    </attributes>
  </object>
  <object>
    <name>vehicule</name>
    <occluded>0</occluded>
    <bndbox>
      <xmin>884.0367153234649</xmin>
      <ymin>781.7072368421053</ymin>
      <xmax>971.3642543859653</xmax>
      <ymax>820.7239909924959</ymax>
    </bndbox>
    <attributes>
      <attribute>
        <name>keyframe</name>
        <value>True</value>
      </attribute>
      <attribute>
        <name>track_id</name>
        <value>334</value>
      </attribute>
    </attributes>
  </object>
  <object>
    <name>vehicule</name>
    <occluded>0</occluded>
    <bndbox>
      <xmin>34.4296875</xmin>
      <ymin>1122.055632560484</ymin>
      <xmax>234.5402374267578</xmax>
      <ymax>1232.9616460492534</ymax>
    </bndbox>
    <attributes>
      <attribute>
        <name>keyframe</name>
        <value>True</value>
      </attribute>
      <attribute>
        <name>track_id</name>
        <value>336</value>
      </attribute>
    </attributes>
  </object>
  <object>
    <name>vehicule</name>
    <occluded>0</occluded>
    <bndbox>
      <xmin>1494.4333333333348</xmin>
      <ymin>880.3282335069445</ymin>
      <xmax>1588.0118495799877</xmax>
      <ymax>935.2444444444455</ymax>
    </bndbox>
    <attributes>
      <attribute>
        <name>keyframe</name>
        <value>True</value>
      </attribute>
      <attribute>
        <name>track_id</name>
        <value>337</value>
      </attribute>
    </attributes>
  </object>
  <object>
    <name>vehicule</name>
    <occluded>0</occluded>
    <bndbox>
      <xmin>51.53876953125018</xmin>
      <ymin>877.3251953125</ymin>
      <xmax>175.14826287258802</xmax>
      <ymax>939.3055191040039</ymax>
    </bndbox>
    <attributes>
      <attribute>
        <name>keyframe</name>
        <value>True</value>
      </attribute>
      <attribute>
        <name>track_id</name>
        <value>338</value>
      </attribute>
    </attributes>
  </object>
  <object>
    <name>vehicule</name>
    <occluded>0</occluded>
    <bndbox>
      <xmin>840.620138888889</xmin>
      <ymin>1064.060836226852</ymin>
      <xmax>1036.8568646466297</xmax>
      <ymax>1156.2505077220774</ymax>
    </bndbox>
    <attributes>
      <attribute>
        <name>keyframe</name>
        <value>True</value>
      </attribute>
      <attribute>
        <name>track_id</name>
        <value>339</value>
      </attribute>
    </attributes>
  </object>
  <object>
    <name>vehicule</name>
    <occluded>0</occluded>
    <bndbox>
      <xmin>669.7414713541667</xmin>
      <ymin>1015.1518229166667</ymin>
      <xmax>854.7214598479085</xmax>
      <ymax>1094.4996284202293</ymax>
    </bndbox>
    <attributes>
      <attribute>
        <name>keyframe</name>
        <value>True</value>
      </attribute>
      <attribute>
        <name>track_id</name>
        <value>340</value>
      </attribute>
    </attributes>
  </object>
  <object>
    <name>vehicule</name>
    <occluded>0</occluded>
    <bndbox>
      <xmin>622.2332175925926</xmin>
      <ymin>1122.793728298611</ymin>
      <xmax>827.676902488426</xmax>
      <ymax>1213.9814394350392</ymax>
    </bndbox>
    <attributes>
      <attribute>
        <name>keyframe</name>
        <value>True</value>
      </attribute>
      <attribute>
        <name>track_id</name>
        <value>341</value>
      </attribute>
    </attributes>
  </object>
  <object>
    <name>vehicule</name>
    <occluded>0</occluded>
    <bndbox>
      <xmin>387.03600260416675</xmin>
      <ymin>1159.437210648148</ymin>
      <xmax>589.1729532877597</xmax>
      <ymax>1259.478696469908</ymax>
    </bndbox>
    <attributes>
      <attribute>
        <name>keyframe</name>
        <value>True</value>
      </attribute>
      <attribute>
        <name>track_id</name>
        <value>342</value>
      </attribute>
    </attributes>
  </object>
  <object>
    <name>vehicule</name>
    <occluded>0</occluded>
    <bndbox>
      <xmin>471.8333333333347</xmin>
      <ymin>1080.8151765046296</ymin>
      <xmax>651.4517963550709</xmax>
      <ymax>1160.8037037037045</ymax>
    </bndbox>
    <attributes>
      <attribute>
        <name>keyframe</name>
        <value>True</value>
      </attribute>
      <attribute>
        <name>track_id</name>
        <value>343</value>
      </attribute>
    </attributes>
  </object>
  <object>
    <name>vehicule</name>
    <occluded>0</occluded>
    <bndbox>
      <xmin>167.95830078125027</xmin>
      <ymin>1173.89501953125</ymin>
      <xmax>372.9585723876953</xmax>
      <ymax>1280.6963424682617</ymax>
    </bndbox>
    <attributes>
      <attribute>
        <name>keyframe</name>
        <value>True</value>
      </attribute>
      <attribute>
        <name>track_id</name>
        <value>344</value>
      </attribute>
    </attributes>
  </object>
</annotation>
