<annotation>
  <folder>frame</folder>
  <filename>frame_003386.jpg</filename>
  <source>
    <database>Unknown</database>
    <annotation>Unknown</annotation>
    <image>Unknown</image>
  </source>
  <size>
    <width>2456</width>
    <height>2054</height>
    <depth>3</depth>
  </size>
  <segmented>0</segmented>
  <object>
    <name>vehicule</name>
    <occluded>0</occluded>
    <bndbox>
      <xmin>939.6091570953824</xmin>
      <ymin>924.6462635552705</ymin>
      <xmax>1047.8183352160104</xmax>
      <ymax>1000.9384541070283</ymax>
    </bndbox>
    <attributes>
      <attribute>
        <name>keyframe</name>
        <value>True</value>
      </attribute>
      <attribute>
        <name>track_id</name>
        <value>201</value>
      </attribute>
    </attributes>
  </object>
  <object>
    <name>vehicule</name>
    <occluded>0</occluded>
    <bndbox>
      <xmin>1002.9571917965482</xmin>
      <ymin>851.65985614767</ymin>
      <xmax>1074.3986114514764</xmax>
      <ymax>917.6204030226714</ymax>
    </bndbox>
    <attributes>
      <attribute>
        <name>keyframe</name>
        <value>True</value>
      </attribute>
      <attribute>
        <name>track_id</name>
        <value>203</value>
      </attribute>
    </attributes>
  </object>
  <object>
    <name>vehicule</name>
    <occluded>0</occluded>
    <bndbox>
      <xmin>1104.5405720907193</xmin>
      <ymin>858.0339260727612</ymin>
      <xmax>1184.0287499271221</xmax>
      <ymax>928.0726605087964</ymax>
    </bndbox>
    <attributes>
      <attribute>
        <name>keyframe</name>
        <value>True</value>
      </attribute>
      <attribute>
        <name>track_id</name>
        <value>204</value>
      </attribute>
    </attributes>
  </object>
  <object>
    <name>vehicule</name>
    <occluded>0</occluded>
    <bndbox>
      <xmin>115.66399039426165</xmin>
      <ymin>840.2597538686296</ymin>
      <xmax>277.12830008664446</xmax>
      <ymax>949.0699345326921</ymax>
    </bndbox>
    <attributes>
      <attribute>
        <name>keyframe</name>
        <value>True</value>
      </attribute>
      <attribute>
        <name>track_id</name>
        <value>205</value>
      </attribute>
    </attributes>
  </object>
  <object>
    <name>vehicule</name>
    <occluded>0</occluded>
    <bndbox>
      <xmin>313.13049257624397</xmin>
      <ymin>826.9599977741273</ymin>
      <xmax>435.6982797466541</xmax>
      <ymax>894.4973512897523</ymax>
    </bndbox>
    <attributes>
      <attribute>
        <name>keyframe</name>
        <value>True</value>
      </attribute>
      <attribute>
        <name>track_id</name>
        <value>206</value>
      </attribute>
    </attributes>
  </object>
  <object>
    <name>vehicule</name>
    <occluded>0</occluded>
    <bndbox>
      <xmin>730.0852513151875</xmin>
      <ymin>988.5459457913998</ymin>
      <xmax>888.0867439263051</xmax>
      <ymax>1084.4323135892514</ymax>
    </bndbox>
    <attributes>
      <attribute>
        <name>keyframe</name>
        <value>True</value>
      </attribute>
      <attribute>
        <name>track_id</name>
        <value>207</value>
      </attribute>
    </attributes>
  </object>
  <object>
    <name>vehicule</name>
    <occluded>0</occluded>
    <bndbox>
      <xmin>1458.1227313701927</xmin>
      <ymin>871.2533353365391</ymin>
      <xmax>1566.273648540791</xmax>
      <ymax>946.6021192110506</ymax>
    </bndbox>
    <attributes>
      <attribute>
        <name>keyframe</name>
        <value>True</value>
      </attribute>
      <attribute>
        <name>track_id</name>
        <value>216</value>
      </attribute>
    </attributes>
  </object>
  <object>
    <name>vehicule</name>
    <occluded>0</occluded>
    <bndbox>
      <xmin>175.154150390625</xmin>
      <ymin>1124.353515625</ymin>
      <xmax>352.25209655761716</xmax>
      <ymax>1239.9174346923828</ymax>
    </bndbox>
    <attributes>
      <attribute>
        <name>keyframe</name>
        <value>True</value>
      </attribute>
      <attribute>
        <name>track_id</name>
        <value>217</value>
      </attribute>
    </attributes>
  </object>
</annotation>
