<annotation>
  <folder>frame</folder>
  <filename>frame_004721.jpg</filename>
  <source>
    <database>Unknown</database>
    <annotation>Unknown</annotation>
    <image>Unknown</image>
  </source>
  <size>
    <width>2456</width>
    <height>2054</height>
    <depth>3</depth>
  </size>
  <segmented>0</segmented>
  <object>
    <name>vehicule</name>
    <occluded>0</occluded>
    <bndbox>
      <xmin>936.6201171875</xmin>
      <ymin>779.44140625</ymin>
      <xmax>1004.3000000000011</xmax>
      <ymax>819.2271484375015</ymax>
    </bndbox>
    <attributes>
      <attribute>
        <name>keyframe</name>
        <value>True</value>
      </attribute>
      <attribute>
        <name>track_id</name>
        <value>201</value>
      </attribute>
    </attributes>
  </object>
  <object>
    <name>vehicule</name>
    <occluded>0</occluded>
    <bndbox>
      <xmin>849.9569231961127</xmin>
      <ymin>794.6399134753392</ymin>
      <xmax>943.1491611106411</xmax>
      <ymax>839.4399157641565</ymax>
    </bndbox>
    <attributes>
      <attribute>
        <name>keyframe</name>
        <value>True</value>
      </attribute>
      <attribute>
        <name>track_id</name>
        <value>203</value>
      </attribute>
    </attributes>
  </object>
  <object>
    <name>vehicule</name>
    <occluded>0</occluded>
    <bndbox>
      <xmin>1004.095703125</xmin>
      <ymin>810.318359375</ymin>
      <xmax>1071.9755889892567</xmax>
      <ymax>862.8742187500011</ymax>
    </bndbox>
    <attributes>
      <attribute>
        <name>keyframe</name>
        <value>True</value>
      </attribute>
      <attribute>
        <name>track_id</name>
        <value>219</value>
      </attribute>
    </attributes>
  </object>
  <object>
    <name>vehicule</name>
    <occluded>0</occluded>
    <bndbox>
      <xmin>1070.431640625</xmin>
      <ymin>805.5231119791666</ymin>
      <xmax>1128.1097656250004</xmax>
      <ymax>857.548893229167</ymax>
    </bndbox>
    <attributes>
      <attribute>
        <name>keyframe</name>
        <value>True</value>
      </attribute>
      <attribute>
        <name>track_id</name>
        <value>233</value>
      </attribute>
    </attributes>
  </object>
  <object>
    <name>vehicule</name>
    <occluded>0</occluded>
    <bndbox>
      <xmin>1153.2805664062507</xmin>
      <ymin>822.8388671875</ymin>
      <xmax>1205.4918869018547</xmax>
      <ymax>868.533203125</ymax>
    </bndbox>
    <attributes>
      <attribute>
        <name>keyframe</name>
        <value>True</value>
      </attribute>
      <attribute>
        <name>track_id</name>
        <value>235</value>
      </attribute>
    </attributes>
  </object>
  <object>
    <name>vehicule</name>
    <occluded>0</occluded>
    <bndbox>
      <xmin>1041.300000000001</xmin>
      <ymin>891.2119140625</ymin>
      <xmax>1131.0244064331055</xmax>
      <ymax>952.4000000000015</ymax>
    </bndbox>
    <attributes>
      <attribute>
        <name>keyframe</name>
        <value>True</value>
      </attribute>
      <attribute>
        <name>track_id</name>
        <value>241</value>
      </attribute>
    </attributes>
  </object>
  <object>
    <name>vehicule</name>
    <occluded>0</occluded>
    <bndbox>
      <xmin>894.9990234375</xmin>
      <ymin>942.919921875</ymin>
      <xmax>1024.7861389160153</xmax>
      <ymax>1013.4224609375015</ymax>
    </bndbox>
    <attributes>
      <attribute>
        <name>keyframe</name>
        <value>True</value>
      </attribute>
      <attribute>
        <name>track_id</name>
        <value>274</value>
      </attribute>
    </attributes>
  </object>
  <object>
    <name>vehicule</name>
    <occluded>0</occluded>
    <bndbox>
      <xmin>1116.1650390625</xmin>
      <ymin>786.7775390625002</ymin>
      <xmax>1183.4974624633778</xmax>
      <ymax>836.2360343933105</ymax>
    </bndbox>
    <attributes>
      <attribute>
        <name>keyframe</name>
        <value>True</value>
      </attribute>
      <attribute>
        <name>track_id</name>
        <value>279</value>
      </attribute>
    </attributes>
  </object>
  <object>
    <name>vehicule</name>
    <occluded>0</occluded>
    <bndbox>
      <xmin>1153.9000000000015</xmin>
      <ymin>886.9677734375</ymin>
      <xmax>1227.0402297973633</xmax>
      <ymax>957.5</ymax>
    </bndbox>
    <attributes>
      <attribute>
        <name>keyframe</name>
        <value>True</value>
      </attribute>
      <attribute>
        <name>track_id</name>
        <value>287</value>
      </attribute>
    </attributes>
  </object>
  <object>
    <name>vehicule</name>
    <occluded>0</occluded>
    <bndbox>
      <xmin>19.0517578125</xmin>
      <ymin>891.8000000000005</ymin>
      <xmax>154.10000000000036</xmax>
      <ymax>976.5711873372396</ymax>
    </bndbox>
    <attributes>
      <attribute>
        <name>keyframe</name>
        <value>True</value>
      </attribute>
      <attribute>
        <name>track_id</name>
        <value>291</value>
      </attribute>
    </attributes>
  </object>
  <object>
    <name>vehicule</name>
    <occluded>0</occluded>
    <bndbox>
      <xmin>213.51650390625</xmin>
      <ymin>875.78857421875</ymin>
      <xmax>337.7023724724264</xmax>
      <ymax>934.76904296875</ymax>
    </bndbox>
    <attributes>
      <attribute>
        <name>keyframe</name>
        <value>True</value>
      </attribute>
      <attribute>
        <name>track_id</name>
        <value>311</value>
      </attribute>
    </attributes>
  </object>
  <object>
    <name>vehicule</name>
    <occluded>0</occluded>
    <bndbox>
      <xmin>432.16435546875</xmin>
      <ymin>838.341015625</ymin>
      <xmax>534.4704101562504</xmax>
      <ymax>887.2496093750003</ymax>
    </bndbox>
    <attributes>
      <attribute>
        <name>keyframe</name>
        <value>True</value>
      </attribute>
      <attribute>
        <name>track_id</name>
        <value>316</value>
      </attribute>
    </attributes>
  </object>
  <object>
    <name>vehicule</name>
    <occluded>0</occluded>
    <bndbox>
      <xmin>542.3763253348214</xmin>
      <ymin>1027.3522972470241</ymin>
      <xmax>711.7648018973222</xmax>
      <ymax>1108.6492134457535</ymax>
    </bndbox>
    <attributes>
      <attribute>
        <name>keyframe</name>
        <value>True</value>
      </attribute>
      <attribute>
        <name>track_id</name>
        <value>320</value>
      </attribute>
    </attributes>
  </object>
  <object>
    <name>vehicule</name>
    <occluded>0</occluded>
    <bndbox>
      <xmin>1701.13671875</xmin>
      <ymin>777.6953125</ymin>
      <xmax>1780.3677780151356</xmax>
      <ymax>822.647652435302</ymax>
    </bndbox>
    <attributes>
      <attribute>
        <name>keyframe</name>
        <value>True</value>
      </attribute>
      <attribute>
        <name>track_id</name>
        <value>323</value>
      </attribute>
    </attributes>
  </object>
  <object>
    <name>vehicule</name>
    <occluded>0</occluded>
    <bndbox>
      <xmin>630.2998046875</xmin>
      <ymin>809.23916015625</ymin>
      <xmax>727.787109375</xmax>
      <ymax>857.695149230956</ymax>
    </bndbox>
    <attributes>
      <attribute>
        <name>keyframe</name>
        <value>True</value>
      </attribute>
      <attribute>
        <name>track_id</name>
        <value>325</value>
      </attribute>
    </attributes>
  </object>
  <object>
    <name>vehicule</name>
    <occluded>0</occluded>
    <bndbox>
      <xmin>311.5134171195652</xmin>
      <ymin>1060.4201341711957</ymin>
      <xmax>491.97111060101014</xmax>
      <ymax>1153.2201555334993</ymax>
    </bndbox>
    <attributes>
      <attribute>
        <name>keyframe</name>
        <value>True</value>
      </attribute>
      <attribute>
        <name>track_id</name>
        <value>328</value>
      </attribute>
    </attributes>
  </object>
  <object>
    <name>vehicule</name>
    <occluded>0</occluded>
    <bndbox>
      <xmin>1195.02099609375</xmin>
      <ymin>796.0448242187504</ymin>
      <xmax>1267.7906250000005</xmax>
      <ymax>844.0533218383789</ymax>
    </bndbox>
    <attributes>
      <attribute>
        <name>keyframe</name>
        <value>True</value>
      </attribute>
      <attribute>
        <name>track_id</name>
        <value>330</value>
      </attribute>
    </attributes>
  </object>
  <object>
    <name>vehicule</name>
    <occluded>0</occluded>
    <bndbox>
      <xmin>1231.8759765625</xmin>
      <ymin>827.4366210937505</ymin>
      <xmax>1304.145804595947</xmax>
      <ymax>898.97314453125</ymax>
    </bndbox>
    <attributes>
      <attribute>
        <name>keyframe</name>
        <value>True</value>
      </attribute>
      <attribute>
        <name>track_id</name>
        <value>331</value>
      </attribute>
    </attributes>
  </object>
  <object>
    <name>vehicule</name>
    <occluded>0</occluded>
    <bndbox>
      <xmin>1605.91015625</xmin>
      <ymin>832.8115234375</ymin>
      <xmax>1704.620913696288</xmax>
      <ymax>878.7679687500004</ymax>
    </bndbox>
    <attributes>
      <attribute>
        <name>keyframe</name>
        <value>True</value>
      </attribute>
      <attribute>
        <name>track_id</name>
        <value>333</value>
      </attribute>
    </attributes>
  </object>
  <object>
    <name>vehicule</name>
    <occluded>0</occluded>
    <bndbox>
      <xmin>791.6405498798077</xmin>
      <ymin>789.082932692308</ymin>
      <xmax>887.615324519232</xmax>
      <ymax>834.2569885253906</ymax>
    </bndbox>
    <attributes>
      <attribute>
        <name>keyframe</name>
        <value>True</value>
      </attribute>
      <attribute>
        <name>track_id</name>
        <value>334</value>
      </attribute>
    </attributes>
  </object>
  <object>
    <name>vehicule</name>
    <occluded>0</occluded>
    <bndbox>
      <xmin>99.14444633152173</xmin>
      <ymin>1109.472316576087</ymin>
      <xmax>299.25499625827956</xmax>
      <ymax>1220.3783300648565</ymax>
    </bndbox>
    <attributes>
      <attribute>
        <name>keyframe</name>
        <value>True</value>
      </attribute>
      <attribute>
        <name>track_id</name>
        <value>336</value>
      </attribute>
    </attributes>
  </object>
  <object>
    <name>vehicule</name>
    <occluded>0</occluded>
    <bndbox>
      <xmin>1936.75390625</xmin>
      <ymin>740.15625</ymin>
      <xmax>1997.1163955688462</xmax>
      <ymax>779.7054687500004</ymax>
    </bndbox>
    <attributes>
      <attribute>
        <name>keyframe</name>
        <value>True</value>
      </attribute>
      <attribute>
        <name>track_id</name>
        <value>337</value>
      </attribute>
    </attributes>
  </object>
  <object>
    <name>vehicule</name>
    <occluded>0</occluded>
    <bndbox>
      <xmin>1460.703125</xmin>
      <ymin>858.544921875</ymin>
      <xmax>1562.8369110107415</xmax>
      <ymax>923.9302734375015</ymax>
    </bndbox>
    <attributes>
      <attribute>
        <name>keyframe</name>
        <value>True</value>
      </attribute>
      <attribute>
        <name>track_id</name>
        <value>339</value>
      </attribute>
    </attributes>
  </object>
  <object>
    <name>vehicule</name>
    <occluded>0</occluded>
    <bndbox>
      <xmin>729.6000000000004</xmin>
      <ymin>1008.7001953125</ymin>
      <xmax>870.5756225585938</xmax>
      <ymax>1081.9000000000015</ymax>
    </bndbox>
    <attributes>
      <attribute>
        <name>keyframe</name>
        <value>True</value>
      </attribute>
      <attribute>
        <name>track_id</name>
        <value>340</value>
      </attribute>
    </attributes>
  </object>
  <object>
    <name>vehicule</name>
    <occluded>0</occluded>
    <bndbox>
      <xmin>1233.06640625</xmin>
      <ymin>947.8701171875</ymin>
      <xmax>1375.6201171875</xmax>
      <ymax>1014.1513671875</ymax>
    </bndbox>
    <attributes>
      <attribute>
        <name>keyframe</name>
        <value>True</value>
      </attribute>
      <attribute>
        <name>track_id</name>
        <value>341</value>
      </attribute>
    </attributes>
  </object>
  <object>
    <name>vehicule</name>
    <occluded>0</occluded>
    <bndbox>
      <xmin>964.0927734375</xmin>
      <ymin>1010.248046875</ymin>
      <xmax>1117.5317352294915</xmax>
      <ymax>1090.378125000001</ymax>
    </bndbox>
    <attributes>
      <attribute>
        <name>keyframe</name>
        <value>True</value>
      </attribute>
      <attribute>
        <name>track_id</name>
        <value>342</value>
      </attribute>
    </attributes>
  </object>
  <object>
    <name>vehicule</name>
    <occluded>0</occluded>
    <bndbox>
      <xmin>1029.208984375</xmin>
      <ymin>961.3000000000011</ymin>
      <xmax>1164.7341735839836</xmax>
      <ymax>1026.3931579589844</ymax>
    </bndbox>
    <attributes>
      <attribute>
        <name>keyframe</name>
        <value>True</value>
      </attribute>
      <attribute>
        <name>track_id</name>
        <value>343</value>
      </attribute>
    </attributes>
  </object>
  <object>
    <name>vehicule</name>
    <occluded>0</occluded>
    <bndbox>
      <xmin>854.435546875</xmin>
      <ymin>1008.626953125</ymin>
      <xmax>1002.0538482666016</xmax>
      <ymax>1084.633984375001</ymax>
    </bndbox>
    <attributes>
      <attribute>
        <name>keyframe</name>
        <value>True</value>
      </attribute>
      <attribute>
        <name>track_id</name>
        <value>344</value>
      </attribute>
    </attributes>
  </object>
  <object>
    <name>vehicule</name>
    <occluded>0</occluded>
    <bndbox>
      <xmin>436.6919921875</xmin>
      <ymin>1182.0666796875</ymin>
      <xmax>632.2443847656235</xmax>
      <ymax>1319.6237307739268</ymax>
    </bndbox>
    <attributes>
      <attribute>
        <name>keyframe</name>
        <value>True</value>
      </attribute>
      <attribute>
        <name>track_id</name>
        <value>345</value>
      </attribute>
    </attributes>
  </object>
  <object>
    <name>vehicule</name>
    <occluded>0</occluded>
    <bndbox>
      <xmin>196.08254882812582</xmin>
      <ymin>1354.39892578125</ymin>
      <xmax>429.43022796630873</xmax>
      <ymax>1514.6499707031253</ymax>
    </bndbox>
    <attributes>
      <attribute>
        <name>keyframe</name>
        <value>True</value>
      </attribute>
      <attribute>
        <name>track_id</name>
        <value>347</value>
      </attribute>
    </attributes>
  </object>
</annotation>
