<annotation>
  <folder>frame</folder>
  <filename>frame_002826.jpg</filename>
  <source>
    <database>Unknown</database>
    <annotation>Unknown</annotation>
    <image>Unknown</image>
  </source>
  <size>
    <width>2456</width>
    <height>2054</height>
    <depth>3</depth>
  </size>
  <segmented>0</segmented>
  <object>
    <name>vehicule</name>
    <occluded>0</occluded>
    <bndbox>
      <xmin>875.1460624125466</xmin>
      <ymin>948.602245364972</ymin>
      <xmax>1001.226197272913</xmax>
      <ymax>1024.89443591673</ymax>
    </bndbox>
    <attributes>
      <attribute>
        <name>keyframe</name>
        <value>True</value>
      </attribute>
      <attribute>
        <name>track_id</name>
        <value>201</value>
      </attribute>
    </attributes>
  </object>
  <object>
    <name>vehicule</name>
    <occluded>0</occluded>
    <bndbox>
      <xmin>1147.9752074864498</xmin>
      <ymin>809.366938727981</ymin>
      <xmax>1224.8377074864509</xmax>
      <ymax>882.7358001171401</ymax>
    </bndbox>
    <attributes>
      <attribute>
        <name>keyframe</name>
        <value>True</value>
      </attribute>
      <attribute>
        <name>track_id</name>
        <value>202</value>
      </attribute>
    </attributes>
  </object>
  <object>
    <name>vehicule</name>
    <occluded>0</occluded>
    <bndbox>
      <xmin>989.2386648234157</xmin>
      <ymin>891.3544405305415</ymin>
      <xmax>1073.4187363465226</xmax>
      <ymax>957.314987405543</ymax>
    </bndbox>
    <attributes>
      <attribute>
        <name>keyframe</name>
        <value>True</value>
      </attribute>
      <attribute>
        <name>track_id</name>
        <value>203</value>
      </attribute>
    </attributes>
  </object>
  <object>
    <name>vehicule</name>
    <occluded>0</occluded>
    <bndbox>
      <xmin>1099.729622930271</xmin>
      <ymin>881.1185809235075</ymin>
      <xmax>1190.5622737144356</xmax>
      <ymax>951.1573153595426</ymax>
    </bndbox>
    <attributes>
      <attribute>
        <name>keyframe</name>
        <value>True</value>
      </attribute>
      <attribute>
        <name>track_id</name>
        <value>204</value>
      </attribute>
    </attributes>
  </object>
  <object>
    <name>vehicule</name>
    <occluded>0</occluded>
    <bndbox>
      <xmin>141.8490325290931</xmin>
      <ymin>833.5677770427869</ymin>
      <xmax>303.3133422214759</xmax>
      <ymax>942.3779577068494</ymax>
    </bndbox>
    <attributes>
      <attribute>
        <name>keyframe</name>
        <value>True</value>
      </attribute>
      <attribute>
        <name>track_id</name>
        <value>205</value>
      </attribute>
    </attributes>
  </object>
  <object>
    <name>vehicule</name>
    <occluded>0</occluded>
    <bndbox>
      <xmin>327.68456560995185</xmin>
      <ymin>827.1834001617676</ymin>
      <xmax>450.252352780362</xmax>
      <ymax>894.7207536773926</ymax>
    </bndbox>
    <attributes>
      <attribute>
        <name>keyframe</name>
        <value>True</value>
      </attribute>
      <attribute>
        <name>track_id</name>
        <value>206</value>
      </attribute>
    </attributes>
  </object>
  <object>
    <name>vehicule</name>
    <occluded>0</occluded>
    <bndbox>
      <xmin>665.4714447049405</xmin>
      <ymin>1000.2945019441903</ymin>
      <xmax>844.8341834652024</xmax>
      <ymax>1096.180869742042</ymax>
    </bndbox>
    <attributes>
      <attribute>
        <name>keyframe</name>
        <value>True</value>
      </attribute>
      <attribute>
        <name>track_id</name>
        <value>207</value>
      </attribute>
    </attributes>
  </object>
  <object>
    <name>vehicule</name>
    <occluded>0</occluded>
    <bndbox>
      <xmin>1242.6162109375</xmin>
      <ymin>804.2353515625</ymin>
      <xmax>1298.0511718750004</xmax>
      <ymax>861.2019531250007</ymax>
    </bndbox>
    <attributes>
      <attribute>
        <name>keyframe</name>
        <value>True</value>
      </attribute>
      <attribute>
        <name>track_id</name>
        <value>209</value>
      </attribute>
    </attributes>
  </object>
  <object>
    <name>vehicule</name>
    <occluded>0</occluded>
    <bndbox>
      <xmin>1264.447900390625</xmin>
      <ymin>915.522216796875</ymin>
      <xmax>1406.1900000000014</xmax>
      <ymax>1003.6850000000007</ymax>
    </bndbox>
    <attributes>
      <attribute>
        <name>keyframe</name>
        <value>True</value>
      </attribute>
      <attribute>
        <name>track_id</name>
        <value>212</value>
      </attribute>
    </attributes>
  </object>
</annotation>
