<annotation>
  <folder>frame</folder>
  <filename>frame_002604.jpg</filename>
  <source>
    <database>Unknown</database>
    <annotation>Unknown</annotation>
    <image>Unknown</image>
  </source>
  <size>
    <width>2456</width>
    <height>2054</height>
    <depth>3</depth>
  </size>
  <segmented>0</segmented>
  <object>
    <name>vehicule</name>
    <occluded>0</occluded>
    <bndbox>
      <xmin>849.5910498775653</xmin>
      <ymin>958.0990810109608</ymin>
      <xmax>982.7557425883281</xmax>
      <ymax>1034.3912715627187</ymax>
    </bndbox>
    <attributes>
      <attribute>
        <name>keyframe</name>
        <value>True</value>
      </attribute>
      <attribute>
        <name>track_id</name>
        <value>201</value>
      </attribute>
    </attributes>
  </object>
  <object>
    <name>vehicule</name>
    <occluded>0</occluded>
    <bndbox>
      <xmin>1179.3267382283198</xmin>
      <ymin>837.0617113397697</ymin>
      <xmax>1256.1892382283208</xmax>
      <ymax>910.4305727289287</ymax>
    </bndbox>
    <attributes>
      <attribute>
        <name>keyframe</name>
        <value>True</value>
      </attribute>
      <attribute>
        <name>track_id</name>
        <value>202</value>
      </attribute>
    </attributes>
  </object>
  <object>
    <name>vehicule</name>
    <occluded>0</occluded>
    <bndbox>
      <xmin>983.8002487733525</xmin>
      <ymin>907.0905079108942</ymin>
      <xmax>1073.0302858584873</xmax>
      <ymax>973.0510547858956</ymax>
    </bndbox>
    <attributes>
      <attribute>
        <name>keyframe</name>
        <value>True</value>
      </attribute>
      <attribute>
        <name>track_id</name>
        <value>203</value>
      </attribute>
    </attributes>
  </object>
  <object>
    <name>vehicule</name>
    <occluded>0</occluded>
    <bndbox>
      <xmin>1097.822425227379</xmin>
      <ymin>890.2699976679105</ymin>
      <xmax>1193.1523492158349</xmax>
      <ymax>960.3087321039457</ymax>
    </bndbox>
    <attributes>
      <attribute>
        <name>keyframe</name>
        <value>True</value>
      </attribute>
      <attribute>
        <name>track_id</name>
        <value>204</value>
      </attribute>
    </attributes>
  </object>
  <object>
    <name>vehicule</name>
    <occluded>0</occluded>
    <bndbox>
      <xmin>152.22953137540128</xmin>
      <ymin>830.914886229685</ymin>
      <xmax>313.6938410677841</xmax>
      <ymax>939.7250668937475</ymax>
    </bndbox>
    <attributes>
      <attribute>
        <name>keyframe</name>
        <value>True</value>
      </attribute>
      <attribute>
        <name>track_id</name>
        <value>205</value>
      </attribute>
    </attributes>
  </object>
  <object>
    <name>vehicule</name>
    <occluded>0</occluded>
    <bndbox>
      <xmin>333.45421599117174</xmin>
      <ymin>827.2719632511537</ymin>
      <xmax>456.0220031615819</xmax>
      <ymax>894.8093167667787</ymax>
    </bndbox>
    <attributes>
      <attribute>
        <name>keyframe</name>
        <value>True</value>
      </attribute>
      <attribute>
        <name>track_id</name>
        <value>206</value>
      </attribute>
    </attributes>
  </object>
  <object>
    <name>vehicule</name>
    <occluded>0</occluded>
    <bndbox>
      <xmin>639.8566856558783</xmin>
      <ymin>1004.9519652761894</ymin>
      <xmax>827.6876327109795</xmax>
      <ymax>1100.838333074041</ymax>
    </bndbox>
    <attributes>
      <attribute>
        <name>keyframe</name>
        <value>True</value>
      </attribute>
      <attribute>
        <name>track_id</name>
        <value>207</value>
      </attribute>
    </attributes>
  </object>
  <object>
    <name>vehicule</name>
    <occluded>0</occluded>
    <bndbox>
      <xmin>1695.474609375</xmin>
      <ymin>788.47265625</ymin>
      <xmax>1791.0544387817372</xmax>
      <ymax>845.6843750000007</ymax>
    </bndbox>
    <attributes>
      <attribute>
        <name>keyframe</name>
        <value>True</value>
      </attribute>
      <attribute>
        <name>track_id</name>
        <value>208</value>
      </attribute>
    </attributes>
  </object>
  <object>
    <name>vehicule</name>
    <occluded>0</occluded>
    <bndbox>
      <xmin>1278.330234375</xmin>
      <ymin>850.0290234375</ymin>
      <xmax>1333.7651953125003</xmax>
      <ymax>906.9956250000007</ymax>
    </bndbox>
    <attributes>
      <attribute>
        <name>keyframe</name>
        <value>True</value>
      </attribute>
      <attribute>
        <name>track_id</name>
        <value>209</value>
      </attribute>
    </attributes>
  </object>
  <object>
    <name>vehicule</name>
    <occluded>0</occluded>
    <bndbox>
      <xmin>1309.1654296875</xmin>
      <ymin>901.2259375000001</ymin>
      <xmax>1433.2093798828125</xmax>
      <ymax>984.9471081542972</ymax>
    </bndbox>
    <attributes>
      <attribute>
        <name>keyframe</name>
        <value>True</value>
      </attribute>
      <attribute>
        <name>track_id</name>
        <value>211</value>
      </attribute>
    </attributes>
  </object>
</annotation>
