<annotation>
  <folder>frame</folder>
  <filename>frame_004728.jpg</filename>
  <source>
    <database>Unknown</database>
    <annotation>Unknown</annotation>
    <image>Unknown</image>
  </source>
  <size>
    <width>2456</width>
    <height>2054</height>
    <depth>3</depth>
  </size>
  <segmented>0</segmented>
  <object>
    <name>vehicule</name>
    <occluded>0</occluded>
    <bndbox>
      <xmin>916.3601004464288</xmin>
      <ymin>777.9891183035714</ymin>
      <xmax>987.6369134085528</xmax>
      <ymax>817.7748604910729</ymax>
    </bndbox>
    <attributes>
      <attribute>
        <name>keyframe</name>
        <value>True</value>
      </attribute>
      <attribute>
        <name>track_id</name>
        <value>201</value>
      </attribute>
    </attributes>
  </object>
  <object>
    <name>vehicule</name>
    <occluded>0</occluded>
    <bndbox>
      <xmin>848.791648453811</xmin>
      <ymin>794.4287986038622</ymin>
      <xmax>942.1092137697096</xmax>
      <ymax>839.2288008926795</ymax>
    </bndbox>
    <attributes>
      <attribute>
        <name>keyframe</name>
        <value>True</value>
      </attribute>
      <attribute>
        <name>track_id</name>
        <value>203</value>
      </attribute>
    </attributes>
  </object>
  <object>
    <name>vehicule</name>
    <occluded>0</occluded>
    <bndbox>
      <xmin>1002.665283203125</xmin>
      <ymin>805.50654296875</ymin>
      <xmax>1070.5451690673817</xmax>
      <ymax>858.062402343751</ymax>
    </bndbox>
    <attributes>
      <attribute>
        <name>keyframe</name>
        <value>True</value>
      </attribute>
      <attribute>
        <name>track_id</name>
        <value>219</value>
      </attribute>
    </attributes>
  </object>
  <object>
    <name>vehicule</name>
    <occluded>0</occluded>
    <bndbox>
      <xmin>1068.7841796875</xmin>
      <ymin>801.7952473958334</ymin>
      <xmax>1126.4623046875004</xmax>
      <ymax>853.8210286458337</ymax>
    </bndbox>
    <attributes>
      <attribute>
        <name>keyframe</name>
        <value>True</value>
      </attribute>
      <attribute>
        <name>track_id</name>
        <value>233</value>
      </attribute>
    </attributes>
  </object>
  <object>
    <name>vehicule</name>
    <occluded>0</occluded>
    <bndbox>
      <xmin>1152.8469628906253</xmin>
      <ymin>817.962109375</ymin>
      <xmax>1205.0582833862293</xmax>
      <ymax>863.6564453125</ymax>
    </bndbox>
    <attributes>
      <attribute>
        <name>keyframe</name>
        <value>True</value>
      </attribute>
      <attribute>
        <name>track_id</name>
        <value>235</value>
      </attribute>
    </attributes>
  </object>
  <object>
    <name>vehicule</name>
    <occluded>0</occluded>
    <bndbox>
      <xmin>1045.2018164062504</xmin>
      <ymin>889.2609375</ymin>
      <xmax>1134.9262228393548</xmax>
      <ymax>950.4490234375014</ymax>
    </bndbox>
    <attributes>
      <attribute>
        <name>keyframe</name>
        <value>True</value>
      </attribute>
      <attribute>
        <name>track_id</name>
        <value>241</value>
      </attribute>
    </attributes>
  </object>
  <object>
    <name>vehicule</name>
    <occluded>0</occluded>
    <bndbox>
      <xmin>918.1697070312503</xmin>
      <ymin>936.63427734375</ymin>
      <xmax>1035.8405398559569</xmax>
      <ymax>1007.1368164062515</ymax>
    </bndbox>
    <attributes>
      <attribute>
        <name>keyframe</name>
        <value>True</value>
      </attribute>
      <attribute>
        <name>track_id</name>
        <value>274</value>
      </attribute>
    </attributes>
  </object>
  <object>
    <name>vehicule</name>
    <occluded>0</occluded>
    <bndbox>
      <xmin>1107.16962890625</xmin>
      <ymin>782.4532617187504</ymin>
      <xmax>1174.5020523071278</xmax>
      <ymax>830.0587394714355</ymax>
    </bndbox>
    <attributes>
      <attribute>
        <name>keyframe</name>
        <value>True</value>
      </attribute>
      <attribute>
        <name>track_id</name>
        <value>279</value>
      </attribute>
    </attributes>
  </object>
  <object>
    <name>vehicule</name>
    <occluded>0</occluded>
    <bndbox>
      <xmin>1154.1169726562505</xmin>
      <ymin>880.68212890625</ymin>
      <xmax>1227.2572024536123</xmax>
      <ymax>951.21435546875</ymax>
    </bndbox>
    <attributes>
      <attribute>
        <name>keyframe</name>
        <value>True</value>
      </attribute>
      <attribute>
        <name>track_id</name>
        <value>287</value>
      </attribute>
    </attributes>
  </object>
  <object>
    <name>vehicule</name>
    <occluded>0</occluded>
    <bndbox>
      <xmin>3.86328125</xmin>
      <ymin>898.4000000000015</ymin>
      <xmax>145.0</xmax>
      <ymax>979.4168090820312</ymax>
    </bndbox>
    <attributes>
      <attribute>
        <name>keyframe</name>
        <value>True</value>
      </attribute>
      <attribute>
        <name>track_id</name>
        <value>291</value>
      </attribute>
    </attributes>
  </object>
  <object>
    <name>vehicule</name>
    <occluded>0</occluded>
    <bndbox>
      <xmin>198.21595982142858</xmin>
      <ymin>877.7186104910714</ymin>
      <xmax>328.0157382484252</xmax>
      <ymax>936.6990792410714</ymax>
    </bndbox>
    <attributes>
      <attribute>
        <name>keyframe</name>
        <value>True</value>
      </attribute>
      <attribute>
        <name>track_id</name>
        <value>311</value>
      </attribute>
    </attributes>
  </object>
  <object>
    <name>vehicule</name>
    <occluded>0</occluded>
    <bndbox>
      <xmin>410.16933593750065</xmin>
      <ymin>841.87109375</ymin>
      <xmax>524.4088718959265</xmax>
      <ymax>890.7796875000004</ymax>
    </bndbox>
    <attributes>
      <attribute>
        <name>keyframe</name>
        <value>True</value>
      </attribute>
      <attribute>
        <name>track_id</name>
        <value>316</value>
      </attribute>
    </attributes>
  </object>
  <object>
    <name>vehicule</name>
    <occluded>0</occluded>
    <bndbox>
      <xmin>545.8862537202381</xmin>
      <ymin>1026.7530567956353</ymin>
      <xmax>715.2747302827388</xmax>
      <ymax>1108.0499729943647</ymax>
    </bndbox>
    <attributes>
      <attribute>
        <name>keyframe</name>
        <value>True</value>
      </attribute>
      <attribute>
        <name>track_id</name>
        <value>320</value>
      </attribute>
    </attributes>
  </object>
  <object>
    <name>vehicule</name>
    <occluded>0</occluded>
    <bndbox>
      <xmin>1735.2010156250008</xmin>
      <ymin>769.8298828125</ymin>
      <xmax>1811.828816375732</xmax>
      <ymax>814.782222747802</ymax>
    </bndbox>
    <attributes>
      <attribute>
        <name>keyframe</name>
        <value>True</value>
      </attribute>
      <attribute>
        <name>track_id</name>
        <value>323</value>
      </attribute>
    </attributes>
  </object>
  <object>
    <name>vehicule</name>
    <occluded>0</occluded>
    <bndbox>
      <xmin>607.255859375</xmin>
      <ymin>815.5001395089286</ymin>
      <xmax>718.787583705358</xmax>
      <ymax>863.9561285836345</ymax>
    </bndbox>
    <attributes>
      <attribute>
        <name>keyframe</name>
        <value>True</value>
      </attribute>
      <attribute>
        <name>track_id</name>
        <value>325</value>
      </attribute>
    </attributes>
  </object>
  <object>
    <name>vehicule</name>
    <occluded>0</occluded>
    <bndbox>
      <xmin>313.62383944746375</xmin>
      <ymin>1060.029395946558</ymin>
      <xmax>494.0815329289087</xmax>
      <ymax>1152.8294173088616</ymax>
    </bndbox>
    <attributes>
      <attribute>
        <name>keyframe</name>
        <value>True</value>
      </attribute>
      <attribute>
        <name>track_id</name>
        <value>328</value>
      </attribute>
    </attributes>
  </object>
  <object>
    <name>vehicule</name>
    <occluded>0</occluded>
    <bndbox>
      <xmin>1185.592529296875</xmin>
      <ymin>794.7534472656256</ymin>
      <xmax>1259.5371875</xmax>
      <ymax>837.7676773071289</ymax>
    </bndbox>
    <attributes>
      <attribute>
        <name>keyframe</name>
        <value>True</value>
      </attribute>
      <attribute>
        <name>track_id</name>
        <value>330</value>
      </attribute>
    </attributes>
  </object>
  <object>
    <name>vehicule</name>
    <occluded>0</occluded>
    <bndbox>
      <xmin>1223.53134765625</xmin>
      <ymin>822.7909863281259</ymin>
      <xmax>1298.9337413787846</xmax>
      <ymax>892.145751953125</ymax>
    </bndbox>
    <attributes>
      <attribute>
        <name>keyframe</name>
        <value>True</value>
      </attribute>
      <attribute>
        <name>track_id</name>
        <value>331</value>
      </attribute>
    </attributes>
  </object>
  <object>
    <name>vehicule</name>
    <occluded>0</occluded>
    <bndbox>
      <xmin>1651.6029296875</xmin>
      <ymin>820.8267578125</ymin>
      <xmax>1750.3136871337879</xmax>
      <ymax>866.7832031250003</ymax>
    </bndbox>
    <attributes>
      <attribute>
        <name>keyframe</name>
        <value>True</value>
      </attribute>
      <attribute>
        <name>track_id</name>
        <value>333</value>
      </attribute>
    </attributes>
  </object>
  <object>
    <name>vehicule</name>
    <occluded>0</occluded>
    <bndbox>
      <xmin>778.1424507472826</xmin>
      <ymin>789.8215183423916</ymin>
      <xmax>876.7113960597841</xmax>
      <ymax>836.8427646802819</ymax>
    </bndbox>
    <attributes>
      <attribute>
        <name>keyframe</name>
        <value>True</value>
      </attribute>
      <attribute>
        <name>track_id</name>
        <value>334</value>
      </attribute>
    </attributes>
  </object>
  <object>
    <name>vehicule</name>
    <occluded>0</occluded>
    <bndbox>
      <xmin>101.56753849637681</xmin>
      <ymin>1108.846976902174</ymin>
      <xmax>301.6780884231346</xmax>
      <ymax>1219.7529903909435</ymax>
    </bndbox>
    <attributes>
      <attribute>
        <name>keyframe</name>
        <value>True</value>
      </attribute>
      <attribute>
        <name>track_id</name>
        <value>336</value>
      </attribute>
    </attributes>
  </object>
  <object>
    <name>vehicule</name>
    <occluded>0</occluded>
    <bndbox>
      <xmin>1963.34638671875</xmin>
      <ymin>733.78857421875</ymin>
      <xmax>2023.7088760375962</xmax>
      <ymax>773.3377929687504</ymax>
    </bndbox>
    <attributes>
      <attribute>
        <name>keyframe</name>
        <value>True</value>
      </attribute>
      <attribute>
        <name>track_id</name>
        <value>337</value>
      </attribute>
    </attributes>
  </object>
  <object>
    <name>vehicule</name>
    <occluded>0</occluded>
    <bndbox>
      <xmin>1505.990937500001</xmin>
      <ymin>844.3125</ymin>
      <xmax>1600.2903257751464</xmax>
      <ymax>903.3290820312504</ymax>
    </bndbox>
    <attributes>
      <attribute>
        <name>keyframe</name>
        <value>True</value>
      </attribute>
      <attribute>
        <name>track_id</name>
        <value>339</value>
      </attribute>
    </attributes>
  </object>
  <object>
    <name>vehicule</name>
    <occluded>0</occluded>
    <bndbox>
      <xmin>738.5889843750001</xmin>
      <ymin>1007.2017578125</ymin>
      <xmax>879.5646069335935</xmax>
      <ymax>1080.4015625000015</ymax>
    </bndbox>
    <attributes>
      <attribute>
        <name>keyframe</name>
        <value>True</value>
      </attribute>
      <attribute>
        <name>track_id</name>
        <value>340</value>
      </attribute>
    </attributes>
  </object>
  <object>
    <name>vehicule</name>
    <occluded>0</occluded>
    <bndbox>
      <xmin>1300.849921875001</xmin>
      <ymin>931.76533203125</ymin>
      <xmax>1425.05830078125</xmax>
      <ymax>997.6654101562502</ymax>
    </bndbox>
    <attributes>
      <attribute>
        <name>keyframe</name>
        <value>True</value>
      </attribute>
      <attribute>
        <name>track_id</name>
        <value>341</value>
      </attribute>
    </attributes>
  </object>
  <object>
    <name>vehicule</name>
    <occluded>0</occluded>
    <bndbox>
      <xmin>1038.22783203125</xmin>
      <ymin>997.139453125</ymin>
      <xmax>1172.2144522094725</xmax>
      <ymax>1072.4034375000008</ymax>
    </bndbox>
    <attributes>
      <attribute>
        <name>keyframe</name>
        <value>True</value>
      </attribute>
      <attribute>
        <name>track_id</name>
        <value>342</value>
      </attribute>
    </attributes>
  </object>
  <object>
    <name>vehicule</name>
    <occluded>0</occluded>
    <bndbox>
      <xmin>1053.2126953125</xmin>
      <ymin>956.4000000000011</ymin>
      <xmax>1180.4643515014645</xmax>
      <ymax>1017.7783706665039</ymax>
    </bndbox>
    <attributes>
      <attribute>
        <name>keyframe</name>
        <value>True</value>
      </attribute>
      <attribute>
        <name>track_id</name>
        <value>343</value>
      </attribute>
    </attributes>
  </object>
  <object>
    <name>vehicule</name>
    <occluded>0</occluded>
    <bndbox>
      <xmin>879.903515625</xmin>
      <ymin>1000.3869140625</ymin>
      <xmax>1021.1261544799812</xmax>
      <ymax>1074.180195312501</ymax>
    </bndbox>
    <attributes>
      <attribute>
        <name>keyframe</name>
        <value>True</value>
      </attribute>
      <attribute>
        <name>track_id</name>
        <value>344</value>
      </attribute>
    </attributes>
  </object>
  <object>
    <name>vehicule</name>
    <occluded>0</occluded>
    <bndbox>
      <xmin>512.1990234375</xmin>
      <ymin>1157.2814843750007</ymin>
      <xmax>707.7514160156236</xmax>
      <ymax>1279.7121118164064</ymax>
    </bndbox>
    <attributes>
      <attribute>
        <name>keyframe</name>
        <value>True</value>
      </attribute>
      <attribute>
        <name>track_id</name>
        <value>345</value>
      </attribute>
    </attributes>
  </object>
  <object>
    <name>vehicule</name>
    <occluded>0</occluded>
    <bndbox>
      <xmin>283.4405664062513</xmin>
      <ymin>1312.6005859375</ymin>
      <xmax>499.00400939941414</xmax>
      <ymax>1456.6666601562504</ymax>
    </bndbox>
    <attributes>
      <attribute>
        <name>keyframe</name>
        <value>True</value>
      </attribute>
      <attribute>
        <name>track_id</name>
        <value>347</value>
      </attribute>
    </attributes>
  </object>
</annotation>
