<annotation>
  <folder>frame</folder>
  <filename>frame_003907.jpg</filename>
  <source>
    <database>Unknown</database>
    <annotation>Unknown</annotation>
    <image>Unknown</image>
  </source>
  <size>
    <width>2456</width>
    <height>2054</height>
    <depth>3</depth>
  </size>
  <segmented>0</segmented>
  <object>
    <name>vehicule</name>
    <occluded>0</occluded>
    <bndbox>
      <xmin>1033.9829841382575</xmin>
      <ymin>824.9955542504371</ymin>
      <xmax>1096.9135955454863</xmax>
      <ymax>876.464949217042</ymax>
    </bndbox>
    <attributes>
      <attribute>
        <name>keyframe</name>
        <value>True</value>
      </attribute>
      <attribute>
        <name>track_id</name>
        <value>201</value>
      </attribute>
    </attributes>
  </object>
  <object>
    <name>vehicule</name>
    <occluded>0</occluded>
    <bndbox>
      <xmin>929.3615066964286</xmin>
      <ymin>808.857657924108</ymin>
      <xmax>1014.855061383929</xmax>
      <ymax>853.6576602129253</ymax>
    </bndbox>
    <attributes>
      <attribute>
        <name>keyframe</name>
        <value>True</value>
      </attribute>
      <attribute>
        <name>track_id</name>
        <value>203</value>
      </attribute>
    </attributes>
  </object>
  <object>
    <name>vehicule</name>
    <occluded>0</occluded>
    <bndbox>
      <xmin>1030.8012575046182</xmin>
      <ymin>792.9216748768482</ymin>
      <xmax>1104.0651246921193</xmax>
      <ymax>840.5734014746004</ymax>
    </bndbox>
    <attributes>
      <attribute>
        <name>keyframe</name>
        <value>True</value>
      </attribute>
      <attribute>
        <name>track_id</name>
        <value>204</value>
      </attribute>
    </attributes>
  </object>
  <object>
    <name>vehicule</name>
    <occluded>0</occluded>
    <bndbox>
      <xmin>1143.3361674151097</xmin>
      <ymin>809.0156942052165</ymin>
      <xmax>1204.8861643633504</xmax>
      <ymax>871.2602677472947</ymax>
    </bndbox>
    <attributes>
      <attribute>
        <name>keyframe</name>
        <value>True</value>
      </attribute>
      <attribute>
        <name>track_id</name>
        <value>207</value>
      </attribute>
    </attributes>
  </object>
  <object>
    <name>vehicule</name>
    <occluded>0</occluded>
    <bndbox>
      <xmin>967.6885775862069</xmin>
      <ymin>910.507139008622</ymin>
      <xmax>1056.9060993063038</xmax>
      <ymax>977.8001333828631</ymax>
    </bndbox>
    <attributes>
      <attribute>
        <name>keyframe</name>
        <value>True</value>
      </attribute>
      <attribute>
        <name>track_id</name>
        <value>219</value>
      </attribute>
    </attributes>
  </object>
  <object>
    <name>vehicule</name>
    <occluded>0</occluded>
    <bndbox>
      <xmin>882.027445652174</xmin>
      <ymin>959.8958899456521</ymin>
      <xmax>1016.876585852581</xmax>
      <ymax>1028.3173834759257</ymax>
    </bndbox>
    <attributes>
      <attribute>
        <name>keyframe</name>
        <value>True</value>
      </attribute>
      <attribute>
        <name>track_id</name>
        <value>233</value>
      </attribute>
    </attributes>
  </object>
  <object>
    <name>vehicule</name>
    <occluded>0</occluded>
    <bndbox>
      <xmin>726.235390625001</xmin>
      <ymin>996.339882812501</ymin>
      <xmax>859.8529687499995</xmax>
      <ymax>1062.9323754882807</ymax>
    </bndbox>
    <attributes>
      <attribute>
        <name>keyframe</name>
        <value>True</value>
      </attribute>
      <attribute>
        <name>track_id</name>
        <value>235</value>
      </attribute>
    </attributes>
  </object>
  <object>
    <name>vehicule</name>
    <occluded>0</occluded>
    <bndbox>
      <xmin>1652.927978515625</xmin>
      <ymin>804.61474609375</ymin>
      <xmax>1740.9984863281243</xmax>
      <ymax>855.8547859191895</ymax>
    </bndbox>
    <attributes>
      <attribute>
        <name>keyframe</name>
        <value>True</value>
      </attribute>
      <attribute>
        <name>track_id</name>
        <value>236</value>
      </attribute>
    </attributes>
  </object>
  <object>
    <name>vehicule</name>
    <occluded>0</occluded>
    <bndbox>
      <xmin>1417.5358072916667</xmin>
      <ymin>854.9069010416666</ymin>
      <xmax>1519.4203776041675</xmax>
      <ymax>923.6399088541681</ymax>
    </bndbox>
    <attributes>
      <attribute>
        <name>keyframe</name>
        <value>True</value>
      </attribute>
      <attribute>
        <name>track_id</name>
        <value>240</value>
      </attribute>
    </attributes>
  </object>
  <object>
    <name>vehicule</name>
    <occluded>0</occluded>
    <bndbox>
      <xmin>509.7762880067568</xmin>
      <ymin>1034.5329127956081</ymin>
      <xmax>680.3408448915217</xmax>
      <ymax>1102.2977489162129</ymax>
    </bndbox>
    <attributes>
      <attribute>
        <name>keyframe</name>
        <value>True</value>
      </attribute>
      <attribute>
        <name>track_id</name>
        <value>241</value>
      </attribute>
    </attributes>
  </object>
  <object>
    <name>vehicule</name>
    <occluded>0</occluded>
    <bndbox>
      <xmin>1583.8165364583338</xmin>
      <ymin>839.9502766927084</ymin>
      <xmax>1687.4589494069412</xmax>
      <ymax>897.3807454427091</ymax>
    </bndbox>
    <attributes>
      <attribute>
        <name>keyframe</name>
        <value>True</value>
      </attribute>
      <attribute>
        <name>track_id</name>
        <value>242</value>
      </attribute>
    </attributes>
  </object>
  <object>
    <name>vehicule</name>
    <occluded>0</occluded>
    <bndbox>
      <xmin>0.0</xmin>
      <ymin>902.7951171875</ymin>
      <xmax>115.0537109375011</xmax>
      <ymax>975.3865112304672</ymax>
    </bndbox>
    <attributes>
      <attribute>
        <name>keyframe</name>
        <value>True</value>
      </attribute>
      <attribute>
        <name>track_id</name>
        <value>243</value>
      </attribute>
    </attributes>
  </object>
  <object>
    <name>vehicule</name>
    <occluded>0</occluded>
    <bndbox>
      <xmin>101.00732421875</xmin>
      <ymin>874.8068033854166</ymin>
      <xmax>211.62490234375036</xmax>
      <ymax>936.2946589152003</ymax>
    </bndbox>
    <attributes>
      <attribute>
        <name>keyframe</name>
        <value>True</value>
      </attribute>
      <attribute>
        <name>track_id</name>
        <value>244</value>
      </attribute>
    </attributes>
  </object>
  <object>
    <name>vehicule</name>
    <occluded>0</occluded>
    <bndbox>
      <xmin>454.4671223958333</xmin>
      <ymin>819.0380859375013</ymin>
      <xmax>569.9128255208337</xmax>
      <ymax>889.0710311889646</ymax>
    </bndbox>
    <attributes>
      <attribute>
        <name>keyframe</name>
        <value>True</value>
      </attribute>
      <attribute>
        <name>track_id</name>
        <value>245</value>
      </attribute>
    </attributes>
  </object>
  <object>
    <name>vehicule</name>
    <occluded>0</occluded>
    <bndbox>
      <xmin>1077.5613606770833</xmin>
      <ymin>954.4173177083334</ymin>
      <xmax>1210.4558919270833</xmax>
      <ymax>1031.766731770834</ymax>
    </bndbox>
    <attributes>
      <attribute>
        <name>keyframe</name>
        <value>True</value>
      </attribute>
      <attribute>
        <name>track_id</name>
        <value>246</value>
      </attribute>
    </attributes>
  </object>
  <object>
    <name>vehicule</name>
    <occluded>0</occluded>
    <bndbox>
      <xmin>1329.6853841145833</xmin>
      <ymin>917.2281901041666</ymin>
      <xmax>1442.403355916341</xmax>
      <ymax>998.1820963541674</ymax>
    </bndbox>
    <attributes>
      <attribute>
        <name>keyframe</name>
        <value>True</value>
      </attribute>
      <attribute>
        <name>track_id</name>
        <value>247</value>
      </attribute>
    </attributes>
  </object>
  <object>
    <name>vehicule</name>
    <occluded>0</occluded>
    <bndbox>
      <xmin>250.33203125</xmin>
      <ymin>867.5</ymin>
      <xmax>364.7556640625007</xmax>
      <ymax>919.7975990295399</ymax>
    </bndbox>
    <attributes>
      <attribute>
        <name>keyframe</name>
        <value>True</value>
      </attribute>
      <attribute>
        <name>track_id</name>
        <value>248</value>
      </attribute>
    </attributes>
  </object>
  <object>
    <name>vehicule</name>
    <occluded>0</occluded>
    <bndbox>
      <xmin>343.0325520833333</xmin>
      <ymin>828.2018229166666</ymin>
      <xmax>465.92884114583404</xmax>
      <ymax>878.5049692789713</ymax>
    </bndbox>
    <attributes>
      <attribute>
        <name>keyframe</name>
        <value>True</value>
      </attribute>
      <attribute>
        <name>track_id</name>
        <value>249</value>
      </attribute>
    </attributes>
  </object>
  <object>
    <name>vehicule</name>
    <occluded>0</occluded>
    <bndbox>
      <xmin>1077.5935872395833</xmin>
      <ymin>1009.3733723958334</ymin>
      <xmax>1232.314495340983</xmax>
      <ymax>1094.4663736979176</ymax>
    </bndbox>
    <attributes>
      <attribute>
        <name>keyframe</name>
        <value>True</value>
      </attribute>
      <attribute>
        <name>track_id</name>
        <value>250</value>
      </attribute>
    </attributes>
  </object>
  <object>
    <name>vehicule</name>
    <occluded>0</occluded>
    <bndbox>
      <xmin>807.580078125</xmin>
      <ymin>1005.4378255208334</ymin>
      <xmax>960.7742187500007</xmax>
      <ymax>1086.0833379109692</ymax>
    </bndbox>
    <attributes>
      <attribute>
        <name>keyframe</name>
        <value>True</value>
      </attribute>
      <attribute>
        <name>track_id</name>
        <value>251</value>
      </attribute>
    </attributes>
  </object>
  <object>
    <name>vehicule</name>
    <occluded>0</occluded>
    <bndbox>
      <xmin>755.6951497395834</xmin>
      <ymin>1063.90283203125</ymin>
      <xmax>922.3597981770848</xmax>
      <ymax>1154.61767578125</ymax>
    </bndbox>
    <attributes>
      <attribute>
        <name>keyframe</name>
        <value>True</value>
      </attribute>
      <attribute>
        <name>track_id</name>
        <value>252</value>
      </attribute>
    </attributes>
  </object>
  <object>
    <name>vehicule</name>
    <occluded>0</occluded>
    <bndbox>
      <xmin>639.5919596354166</xmin>
      <ymin>784.8391927083334</ymin>
      <xmax>739.9277018229174</xmax>
      <ymax>838.8514745076494</ymax>
    </bndbox>
    <attributes>
      <attribute>
        <name>keyframe</name>
        <value>True</value>
      </attribute>
      <attribute>
        <name>track_id</name>
        <value>253</value>
      </attribute>
    </attributes>
  </object>
  <object>
    <name>vehicule</name>
    <occluded>0</occluded>
    <bndbox>
      <xmin>748.8639322916666</xmin>
      <ymin>781.2317708333334</ymin>
      <xmax>857.4860026041666</xmax>
      <ymax>840.573311360676</ymax>
    </bndbox>
    <attributes>
      <attribute>
        <name>keyframe</name>
        <value>True</value>
      </attribute>
      <attribute>
        <name>track_id</name>
        <value>254</value>
      </attribute>
    </attributes>
  </object>
  <object>
    <name>vehicule</name>
    <occluded>0</occluded>
    <bndbox>
      <xmin>777.4402669270834</xmin>
      <ymin>728.369140625</ymin>
      <xmax>894.8607182820627</xmax>
      <ymax>784.6951461791978</ymax>
    </bndbox>
    <attributes>
      <attribute>
        <name>keyframe</name>
        <value>True</value>
      </attribute>
      <attribute>
        <name>track_id</name>
        <value>255</value>
      </attribute>
    </attributes>
  </object>
  <object>
    <name>vehicule</name>
    <occluded>0</occluded>
    <bndbox>
      <xmin>523.7065755208336</xmin>
      <ymin>1130.8684895833333</ymin>
      <xmax>727.0573755900056</xmax>
      <ymax>1237.958138020834</ymax>
    </bndbox>
    <attributes>
      <attribute>
        <name>keyframe</name>
        <value>True</value>
      </attribute>
      <attribute>
        <name>track_id</name>
        <value>256</value>
      </attribute>
    </attributes>
  </object>
  <object>
    <name>vehicule</name>
    <occluded>0</occluded>
    <bndbox>
      <xmin>277.4345703125</xmin>
      <ymin>1117.4239908854167</ymin>
      <xmax>483.8104339599595</xmax>
      <ymax>1211.2258707682292</ymax>
    </bndbox>
    <attributes>
      <attribute>
        <name>keyframe</name>
        <value>True</value>
      </attribute>
      <attribute>
        <name>track_id</name>
        <value>257</value>
      </attribute>
    </attributes>
  </object>
  <object>
    <name>vehicule</name>
    <occluded>0</occluded>
    <bndbox>
      <xmin>171.84000651041666</xmin>
      <ymin>1232.18408203125</ymin>
      <xmax>357.3827799479174</xmax>
      <ymax>1341.6535110473633</ymax>
    </bndbox>
    <attributes>
      <attribute>
        <name>keyframe</name>
        <value>True</value>
      </attribute>
      <attribute>
        <name>track_id</name>
        <value>258</value>
      </attribute>
    </attributes>
  </object>
  <object>
    <name>vehicule</name>
    <occluded>0</occluded>
    <bndbox>
      <xmin>870.6442057291666</xmin>
      <ymin>764.8279622395834</ymin>
      <xmax>956.7740198771158</xmax>
      <ymax>811.1498807271322</ymax>
    </bndbox>
    <attributes>
      <attribute>
        <name>keyframe</name>
        <value>True</value>
      </attribute>
      <attribute>
        <name>track_id</name>
        <value>259</value>
      </attribute>
    </attributes>
  </object>
  <object>
    <name>vehicule</name>
    <occluded>0</occluded>
    <bndbox>
      <xmin>1100.5652794471155</xmin>
      <ymin>746.9250300480769</ymin>
      <xmax>1204.0658058753381</xmax>
      <ymax>794.0109171940719</ymax>
    </bndbox>
    <attributes>
      <attribute>
        <name>keyframe</name>
        <value>True</value>
      </attribute>
      <attribute>
        <name>track_id</name>
        <value>260</value>
      </attribute>
    </attributes>
  </object>
  <object>
    <name>vehicule</name>
    <occluded>0</occluded>
    <bndbox>
      <xmin>14.174479166666666</xmin>
      <ymin>1213.5856119791667</ymin>
      <xmax>212.69246927897134</xmax>
      <ymax>1313.4672419230144</ymax>
    </bndbox>
    <attributes>
      <attribute>
        <name>keyframe</name>
        <value>True</value>
      </attribute>
      <attribute>
        <name>track_id</name>
        <value>261</value>
      </attribute>
    </attributes>
  </object>
</annotation>
