<annotation>
  <folder>frame</folder>
  <filename>frame_000450.jpg</filename>
  <source>
    <database>Unknown</database>
    <annotation>Unknown</annotation>
    <image>Unknown</image>
  </source>
  <size>
    <width>2456</width>
    <height>2054</height>
    <depth>3</depth>
  </size>
  <segmented>0</segmented>
  <object>
    <name>vehicule</name>
    <occluded>0</occluded>
    <bndbox>
      <xmin>1707.3974609375</xmin>
      <ymin>1005.1000000000004</ymin>
      <xmax>1829.5183593750007</xmax>
      <ymax>1094.8273429870605</ymax>
    </bndbox>
    <attributes>
      <attribute>
        <name>keyframe</name>
        <value>True</value>
      </attribute>
      <attribute>
        <name>track_id</name>
        <value>0</value>
      </attribute>
    </attributes>
  </object>
  <object>
    <name>vehicule</name>
    <occluded>0</occluded>
    <bndbox>
      <xmin>2012.0069383081898</xmin>
      <ymin>843.3088766163793</ymin>
      <xmax>2093.2691876746862</xmax>
      <ymax>900.83114224138</ymax>
    </bndbox>
    <attributes>
      <attribute>
        <name>keyframe</name>
        <value>True</value>
      </attribute>
      <attribute>
        <name>track_id</name>
        <value>3</value>
      </attribute>
    </attributes>
  </object>
  <object>
    <name>vehicule</name>
    <occluded>0</occluded>
    <bndbox>
      <xmin>1854.1806640625</xmin>
      <ymin>1030.2451171875</ymin>
      <xmax>2033.8355468750015</xmax>
      <ymax>1118.0</ymax>
    </bndbox>
    <attributes>
      <attribute>
        <name>keyframe</name>
        <value>True</value>
      </attribute>
      <attribute>
        <name>track_id</name>
        <value>16</value>
      </attribute>
    </attributes>
  </object>
  <object>
    <name>vehicule</name>
    <occluded>0</occluded>
    <bndbox>
      <xmin>2213.3994140625</xmin>
      <ymin>1041.0</ymin>
      <xmax>2354.1339813232407</xmax>
      <ymax>1121.3341064453125</ymax>
    </bndbox>
    <attributes>
      <attribute>
        <name>keyframe</name>
        <value>True</value>
      </attribute>
      <attribute>
        <name>track_id</name>
        <value>19</value>
      </attribute>
    </attributes>
  </object>
  <object>
    <name>vehicule</name>
    <occluded>0</occluded>
    <bndbox>
      <xmin>1008.9272031250007</xmin>
      <ymin>1054.566859375001</ymin>
      <xmax>1170.3289639892578</xmax>
      <ymax>1151.1069014892578</ymax>
    </bndbox>
    <attributes>
      <attribute>
        <name>keyframe</name>
        <value>True</value>
      </attribute>
      <attribute>
        <name>track_id</name>
        <value>21</value>
      </attribute>
    </attributes>
  </object>
  <object>
    <name>vehicule</name>
    <occluded>0</occluded>
    <bndbox>
      <xmin>128.5234375</xmin>
      <ymin>1209.582877604168</ymin>
      <xmax>315.31783175998294</xmax>
      <ymax>1357.1378641764322</ymax>
    </bndbox>
    <attributes>
      <attribute>
        <name>keyframe</name>
        <value>True</value>
      </attribute>
      <attribute>
        <name>track_id</name>
        <value>22</value>
      </attribute>
    </attributes>
  </object>
  <object>
    <name>vehicule</name>
    <occluded>0</occluded>
    <bndbox>
      <xmin>1493.7957481971155</xmin>
      <ymin>1185.864483173077</ymin>
      <xmax>1687.431871854342</xmax>
      <ymax>1327.1468470646785</ymax>
    </bndbox>
    <attributes>
      <attribute>
        <name>keyframe</name>
        <value>True</value>
      </attribute>
      <attribute>
        <name>track_id</name>
        <value>23</value>
      </attribute>
    </attributes>
  </object>
  <object>
    <name>vehicule</name>
    <occluded>0</occluded>
    <bndbox>
      <xmin>1696.3064659320014</xmin>
      <ymin>830.2604558055352</ymin>
      <xmax>1804.953340932</xmax>
      <ymax>892.286044794793</ymax>
    </bndbox>
    <attributes>
      <attribute>
        <name>keyframe</name>
        <value>True</value>
      </attribute>
      <attribute>
        <name>track_id</name>
        <value>404</value>
      </attribute>
    </attributes>
  </object>
  <object>
    <name>vehicule</name>
    <occluded>0</occluded>
    <bndbox>
      <xmin>1081.139980983963</xmin>
      <ymin>820.7378053806955</ymin>
      <xmax>1193.7382628443145</xmax>
      <ymax>882.0771356322876</ymax>
    </bndbox>
    <attributes>
      <attribute>
        <name>keyframe</name>
        <value>True</value>
      </attribute>
      <attribute>
        <name>track_id</name>
        <value>412</value>
      </attribute>
    </attributes>
  </object>
  <object>
    <name>vehicule</name>
    <occluded>0</occluded>
    <bndbox>
      <xmin>1562.3960548277603</xmin>
      <ymin>820.6625669743044</ymin>
      <xmax>1670.6059013243423</xmax>
      <ymax>868.6891287113649</ymax>
    </bndbox>
    <attributes>
      <attribute>
        <name>keyframe</name>
        <value>True</value>
      </attribute>
      <attribute>
        <name>track_id</name>
        <value>417</value>
      </attribute>
    </attributes>
  </object>
  <object>
    <name>vehicule</name>
    <occluded>0</occluded>
    <bndbox>
      <xmin>1314.283418775247</xmin>
      <ymin>805.0274822570691</ymin>
      <xmax>1416.4899464852078</xmax>
      <ymax>862.0590259887585</ymax>
    </bndbox>
    <attributes>
      <attribute>
        <name>keyframe</name>
        <value>True</value>
      </attribute>
      <attribute>
        <name>track_id</name>
        <value>418</value>
      </attribute>
    </attributes>
  </object>
</annotation>
