<annotation>
  <folder>frame</folder>
  <filename>frame_004553.jpg</filename>
  <source>
    <database>Unknown</database>
    <annotation>Unknown</annotation>
    <image>Unknown</image>
  </source>
  <size>
    <width>2456</width>
    <height>2054</height>
    <depth>3</depth>
  </size>
  <segmented>0</segmented>
  <object>
    <name>vehicule</name>
    <occluded>0</occluded>
    <bndbox>
      <xmin>1007.4908127275486</xmin>
      <ymin>810.5745505916262</ymin>
      <xmax>1071.99139866505</xmax>
      <ymax>850.3602927791277</ymax>
    </bndbox>
    <attributes>
      <attribute>
        <name>keyframe</name>
        <value>True</value>
      </attribute>
      <attribute>
        <name>track_id</name>
        <value>201</value>
      </attribute>
    </attributes>
  </object>
  <object>
    <name>vehicule</name>
    <occluded>0</occluded>
    <bndbox>
      <xmin>877.9235170113524</xmin>
      <ymin>799.7066703907881</ymin>
      <xmax>968.1078972929954</xmax>
      <ymax>844.5066726796053</ymax>
    </bndbox>
    <attributes>
      <attribute>
        <name>keyframe</name>
        <value>True</value>
      </attribute>
      <attribute>
        <name>track_id</name>
        <value>203</value>
      </attribute>
    </attributes>
  </object>
  <object>
    <name>vehicule</name>
    <occluded>0</occluded>
    <bndbox>
      <xmin>1011.9950420673077</xmin>
      <ymin>784.2289413060897</ymin>
      <xmax>1085.2589092548087</xmax>
      <ymax>827.0725600805034</ymax>
    </bndbox>
    <attributes>
      <attribute>
        <name>keyframe</name>
        <value>True</value>
      </attribute>
      <attribute>
        <name>track_id</name>
        <value>204</value>
      </attribute>
    </attributes>
  </object>
  <object>
    <name>vehicule</name>
    <occluded>0</occluded>
    <bndbox>
      <xmin>1093.525390625</xmin>
      <ymin>781.6417480468758</ymin>
      <xmax>1166.6058593750004</xmax>
      <ymax>827.7956550598142</ymax>
    </bndbox>
    <attributes>
      <attribute>
        <name>keyframe</name>
        <value>True</value>
      </attribute>
      <attribute>
        <name>track_id</name>
        <value>207</value>
      </attribute>
    </attributes>
  </object>
  <object>
    <name>vehicule</name>
    <occluded>0</occluded>
    <bndbox>
      <xmin>1012.3296875000003</xmin>
      <ymin>849.2740192819149</ymin>
      <xmax>1080.209573364257</xmax>
      <ymax>901.829878656916</ymax>
    </bndbox>
    <attributes>
      <attribute>
        <name>keyframe</name>
        <value>True</value>
      </attribute>
      <attribute>
        <name>track_id</name>
        <value>219</value>
      </attribute>
    </attributes>
  </object>
  <object>
    <name>vehicule</name>
    <occluded>0</occluded>
    <bndbox>
      <xmin>1092.74442165018</xmin>
      <ymin>840.3382348808453</ymin>
      <xmax>1150.4225466501803</xmax>
      <ymax>892.3640161308457</ymax>
    </bndbox>
    <attributes>
      <attribute>
        <name>keyframe</name>
        <value>True</value>
      </attribute>
      <attribute>
        <name>track_id</name>
        <value>233</value>
      </attribute>
    </attributes>
  </object>
  <object>
    <name>vehicule</name>
    <occluded>0</occluded>
    <bndbox>
      <xmin>1089.9298828125</xmin>
      <ymin>876.32734375</ymin>
      <xmax>1172.2337799072254</xmax>
      <ymax>933.491601562501</ymax>
    </bndbox>
    <attributes>
      <attribute>
        <name>keyframe</name>
        <value>True</value>
      </attribute>
      <attribute>
        <name>track_id</name>
        <value>235</value>
      </attribute>
    </attributes>
  </object>
  <object>
    <name>vehicule</name>
    <occluded>0</occluded>
    <bndbox>
      <xmin>995.2890520987429</xmin>
      <ymin>918.5265116494082</ymin>
      <xmax>1108.1659960684692</xmax>
      <ymax>986.0923319619086</ymax>
    </bndbox>
    <attributes>
      <attribute>
        <name>keyframe</name>
        <value>True</value>
      </attribute>
      <attribute>
        <name>track_id</name>
        <value>241</value>
      </attribute>
    </attributes>
  </object>
  <object>
    <name>vehicule</name>
    <occluded>0</occluded>
    <bndbox>
      <xmin>1214.981689453125</xmin>
      <ymin>819.90673828125</ymin>
      <xmax>1283.533447265625</xmax>
      <ymax>884.2249023437507</ymax>
    </bndbox>
    <attributes>
      <attribute>
        <name>keyframe</name>
        <value>True</value>
      </attribute>
      <attribute>
        <name>track_id</name>
        <value>264</value>
      </attribute>
    </attributes>
  </object>
  <object>
    <name>vehicule</name>
    <occluded>0</occluded>
    <bndbox>
      <xmin>1148.561279296875</xmin>
      <ymin>817.92919921875</ymin>
      <xmax>1207.8032714843757</xmax>
      <ymax>866.4387649536129</ymax>
    </bndbox>
    <attributes>
      <attribute>
        <name>keyframe</name>
        <value>True</value>
      </attribute>
      <attribute>
        <name>track_id</name>
        <value>269</value>
      </attribute>
    </attributes>
  </object>
  <object>
    <name>vehicule</name>
    <occluded>0</occluded>
    <bndbox>
      <xmin>851.4721842447918</xmin>
      <ymin>968.3443196614584</ymin>
      <xmax>990.7259843190506</xmax>
      <ymax>1037.0313240687053</ymax>
    </bndbox>
    <attributes>
      <attribute>
        <name>keyframe</name>
        <value>True</value>
      </attribute>
      <attribute>
        <name>track_id</name>
        <value>274</value>
      </attribute>
    </attributes>
  </object>
  <object>
    <name>vehicule</name>
    <occluded>0</occluded>
    <bndbox>
      <xmin>1171.373779296875</xmin>
      <ymin>875.76025390625</ymin>
      <xmax>1254.7845214843765</xmax>
      <ymax>936.9899406433105</ymax>
    </bndbox>
    <attributes>
      <attribute>
        <name>keyframe</name>
        <value>True</value>
      </attribute>
      <attribute>
        <name>track_id</name>
        <value>279</value>
      </attribute>
    </attributes>
  </object>
  <object>
    <name>vehicule</name>
    <occluded>0</occluded>
    <bndbox>
      <xmin>656.1137502569901</xmin>
      <ymin>1023.4199796977796</ymin>
      <xmax>804.6067220587476</xmax>
      <ymax>1097.10396407278</ymax>
    </bndbox>
    <attributes>
      <attribute>
        <name>keyframe</name>
        <value>True</value>
      </attribute>
      <attribute>
        <name>track_id</name>
        <value>287</value>
      </attribute>
    </attributes>
  </object>
  <object>
    <name>vehicule</name>
    <occluded>0</occluded>
    <bndbox>
      <xmin>361.02219154094826</xmin>
      <ymin>836.2542935075431</ymin>
      <xmax>478.4262089170266</xmax>
      <ymax>904.4427700700431</ymax>
    </bndbox>
    <attributes>
      <attribute>
        <name>keyframe</name>
        <value>True</value>
      </attribute>
      <attribute>
        <name>track_id</name>
        <value>291</value>
      </attribute>
    </attributes>
  </object>
  <object>
    <name>vehicule</name>
    <occluded>0</occluded>
    <bndbox>
      <xmin>544.874951171875</xmin>
      <ymin>820.8154296875</ymin>
      <xmax>663.4118652343757</xmax>
      <ymax>877.6959838867188</ymax>
    </bndbox>
    <attributes>
      <attribute>
        <name>keyframe</name>
        <value>True</value>
      </attribute>
      <attribute>
        <name>track_id</name>
        <value>311</value>
      </attribute>
    </attributes>
  </object>
  <object>
    <name>vehicule</name>
    <occluded>0</occluded>
    <bndbox>
      <xmin>714.3107421875</xmin>
      <ymin>801.375244140625</ymin>
      <xmax>816.6167968750003</xmax>
      <ymax>850.2838378906254</ymax>
    </bndbox>
    <attributes>
      <attribute>
        <name>keyframe</name>
        <value>True</value>
      </attribute>
      <attribute>
        <name>track_id</name>
        <value>316</value>
      </attribute>
    </attributes>
  </object>
  <object>
    <name>vehicule</name>
    <occluded>0</occluded>
    <bndbox>
      <xmin>1753.5000000000002</xmin>
      <ymin>727.8959418402778</ymin>
      <xmax>1939.6217041015625</xmax>
      <ymax>838.3388888888899</ymax>
    </bndbox>
    <attributes>
      <attribute>
        <name>keyframe</name>
        <value>True</value>
      </attribute>
      <attribute>
        <name>track_id</name>
        <value>318</value>
      </attribute>
    </attributes>
  </object>
  <object>
    <name>vehicule</name>
    <occluded>0</occluded>
    <bndbox>
      <xmin>429.1768259447674</xmin>
      <ymin>1060.1023255813955</ymin>
      <xmax>602.1086618822685</xmax>
      <ymax>1137.4202559715093</ymax>
    </bndbox>
    <attributes>
      <attribute>
        <name>keyframe</name>
        <value>True</value>
      </attribute>
      <attribute>
        <name>track_id</name>
        <value>320</value>
      </attribute>
    </attributes>
  </object>
  <object>
    <name>vehicule</name>
    <occluded>0</occluded>
    <bndbox>
      <xmin>1629.089572482639</xmin>
      <ymin>838.5294596354166</ymin>
      <xmax>1713.4684817843956</xmax>
      <ymax>883.4698893229166</ymax>
    </bndbox>
    <attributes>
      <attribute>
        <name>keyframe</name>
        <value>True</value>
      </attribute>
      <attribute>
        <name>track_id</name>
        <value>322</value>
      </attribute>
    </attributes>
  </object>
  <object>
    <name>vehicule</name>
    <occluded>0</occluded>
    <bndbox>
      <xmin>948.9004313151041</xmin>
      <ymin>991.9875000000005</ymin>
      <xmax>1063.1537272135417</xmax>
      <ymax>1044.0960788726807</ymax>
    </bndbox>
    <attributes>
      <attribute>
        <name>keyframe</name>
        <value>True</value>
      </attribute>
      <attribute>
        <name>track_id</name>
        <value>323</value>
      </attribute>
    </attributes>
  </object>
  <object>
    <name>vehicule</name>
    <occluded>0</occluded>
    <bndbox>
      <xmin>1096.8708333333343</xmin>
      <ymin>946.7229410807291</ymin>
      <xmax>1208.4865783055623</xmax>
      <ymax>1012.0707926432302</ymax>
    </bndbox>
    <attributes>
      <attribute>
        <name>keyframe</name>
        <value>True</value>
      </attribute>
      <attribute>
        <name>track_id</name>
        <value>324</value>
      </attribute>
    </attributes>
  </object>
  <object>
    <name>vehicule</name>
    <occluded>0</occluded>
    <bndbox>
      <xmin>878.401416015625</xmin>
      <ymin>785.6816601562504</ymin>
      <xmax>970.9914245605469</xmax>
      <ymax>821.2674135971063</ymax>
    </bndbox>
    <attributes>
      <attribute>
        <name>keyframe</name>
        <value>True</value>
      </attribute>
      <attribute>
        <name>track_id</name>
        <value>325</value>
      </attribute>
    </attributes>
  </object>
  <object>
    <name>vehicule</name>
    <occluded>0</occluded>
    <bndbox>
      <xmin>1329.290869140625</xmin>
      <ymin>865.47197265625</ymin>
      <xmax>1384.1584213256833</xmax>
      <ymax>927.457470703125</ymax>
    </bndbox>
    <attributes>
      <attribute>
        <name>keyframe</name>
        <value>True</value>
      </attribute>
      <attribute>
        <name>track_id</name>
        <value>326</value>
      </attribute>
    </attributes>
  </object>
  <object>
    <name>vehicule</name>
    <occluded>0</occluded>
    <bndbox>
      <xmin>1213.9958333333343</xmin>
      <ymin>941.927001953125</ymin>
      <xmax>1335.7893110911052</xmax>
      <ymax>1012.2583333333342</ymax>
    </bndbox>
    <attributes>
      <attribute>
        <name>keyframe</name>
        <value>True</value>
      </attribute>
      <attribute>
        <name>track_id</name>
        <value>327</value>
      </attribute>
    </attributes>
  </object>
  <object>
    <name>vehicule</name>
    <occluded>0</occluded>
    <bndbox>
      <xmin>236.69348790322599</xmin>
      <ymin>1080.5030695564521</ymin>
      <xmax>417.15118138467096</xmax>
      <ymax>1173.3030909187557</ymax>
    </bndbox>
    <attributes>
      <attribute>
        <name>keyframe</name>
        <value>True</value>
      </attribute>
      <attribute>
        <name>track_id</name>
        <value>328</value>
      </attribute>
    </attributes>
  </object>
  <object>
    <name>vehicule</name>
    <occluded>0</occluded>
    <bndbox>
      <xmin>1635.835915798612</xmin>
      <ymin>804.1841905381945</ymin>
      <xmax>1715.2118877834741</xmax>
      <ymax>841.8024858262789</ymax>
    </bndbox>
    <attributes>
      <attribute>
        <name>keyframe</name>
        <value>True</value>
      </attribute>
      <attribute>
        <name>track_id</name>
        <value>329</value>
      </attribute>
    </attributes>
  </object>
  <object>
    <name>vehicule</name>
    <occluded>0</occluded>
    <bndbox>
      <xmin>1227.6922607421875</xmin>
      <ymin>904.9910888671875</ymin>
      <xmax>1330.8817291259766</xmax>
      <ymax>956.251440429689</ymax>
    </bndbox>
    <attributes>
      <attribute>
        <name>keyframe</name>
        <value>True</value>
      </attribute>
      <attribute>
        <name>track_id</name>
        <value>330</value>
      </attribute>
    </attributes>
  </object>
  <object>
    <name>vehicule</name>
    <occluded>0</occluded>
    <bndbox>
      <xmin>947.3566650390627</xmin>
      <ymin>1015.8192545572916</ymin>
      <xmax>1099.4385239919031</xmax>
      <ymax>1104.3291666666678</ymax>
    </bndbox>
    <attributes>
      <attribute>
        <name>keyframe</name>
        <value>True</value>
      </attribute>
      <attribute>
        <name>track_id</name>
        <value>331</value>
      </attribute>
    </attributes>
  </object>
  <object>
    <name>vehicule</name>
    <occluded>0</occluded>
    <bndbox>
      <xmin>1264.19482421875</xmin>
      <ymin>803.167724609375</ymin>
      <xmax>1321.1590820312504</xmax>
      <ymax>854.5677246093765</ymax>
    </bndbox>
    <attributes>
      <attribute>
        <name>keyframe</name>
        <value>True</value>
      </attribute>
      <attribute>
        <name>track_id</name>
        <value>332</value>
      </attribute>
    </attributes>
  </object>
  <object>
    <name>vehicule</name>
    <occluded>0</occluded>
    <bndbox>
      <xmin>711.6341064453133</xmin>
      <ymin>1078.6605224609375</ymin>
      <xmax>895.3829406738274</xmax>
      <ymax>1165.3351562499993</ymax>
    </bndbox>
    <attributes>
      <attribute>
        <name>keyframe</name>
        <value>True</value>
      </attribute>
      <attribute>
        <name>track_id</name>
        <value>333</value>
      </attribute>
    </attributes>
  </object>
  <object>
    <name>vehicule</name>
    <occluded>0</occluded>
    <bndbox>
      <xmin>1003.4417773437507</xmin>
      <ymin>766.0963964843752</ymin>
      <xmax>1086.701927490234</xmax>
      <ymax>802.0867819213865</ymax>
    </bndbox>
    <attributes>
      <attribute>
        <name>keyframe</name>
        <value>True</value>
      </attribute>
      <attribute>
        <name>track_id</name>
        <value>334</value>
      </attribute>
    </attributes>
  </object>
  <object>
    <name>vehicule</name>
    <occluded>0</occluded>
    <bndbox>
      <xmin>1264.3173828125</xmin>
      <ymin>991.1845703125</ymin>
      <xmax>1325.3390350341797</xmax>
      <ymax>1055.0</ymax>
    </bndbox>
    <attributes>
      <attribute>
        <name>keyframe</name>
        <value>True</value>
      </attribute>
      <attribute>
        <name>track_id</name>
        <value>335</value>
      </attribute>
    </attributes>
  </object>
  <object>
    <name>vehicule</name>
    <occluded>0</occluded>
    <bndbox>
      <xmin>12.44765625</xmin>
      <ymin>1126.8085748487904</ymin>
      <xmax>212.5582061767578</xmax>
      <ymax>1237.71458833756</ymax>
    </bndbox>
    <attributes>
      <attribute>
        <name>keyframe</name>
        <value>True</value>
      </attribute>
      <attribute>
        <name>track_id</name>
        <value>336</value>
      </attribute>
    </attributes>
  </object>
  <object>
    <name>vehicule</name>
    <occluded>0</occluded>
    <bndbox>
      <xmin>933.1577555338541</xmin>
      <ymin>1084.6923014322917</ymin>
      <xmax>1092.3985758463557</xmax>
      <ymax>1171.9850748697925</ymax>
    </bndbox>
    <attributes>
      <attribute>
        <name>keyframe</name>
        <value>True</value>
      </attribute>
      <attribute>
        <name>track_id</name>
        <value>337</value>
      </attribute>
    </attributes>
  </object>
  <object>
    <name>vehicule</name>
    <occluded>0</occluded>
    <bndbox>
      <xmin>84.09580078125</xmin>
      <ymin>867.49599609375</ymin>
      <xmax>214.65649627685417</xmax>
      <ymax>940.6911636352539</ymax>
    </bndbox>
    <attributes>
      <attribute>
        <name>keyframe</name>
        <value>True</value>
      </attribute>
      <attribute>
        <name>track_id</name>
        <value>338</value>
      </attribute>
    </attributes>
  </object>
  <object>
    <name>vehicule</name>
    <occluded>0</occluded>
    <bndbox>
      <xmin>358.91511501736164</xmin>
      <ymin>1191.016666666667</ymin>
      <xmax>576.5807461208765</xmax>
      <ymax>1290.605694240994</ymax>
    </bndbox>
    <attributes>
      <attribute>
        <name>keyframe</name>
        <value>True</value>
      </attribute>
      <attribute>
        <name>track_id</name>
        <value>339</value>
      </attribute>
    </attributes>
  </object>
  <object>
    <name>vehicule</name>
    <occluded>0</occluded>
    <bndbox>
      <xmin>87.7745361328125</xmin>
      <ymin>1163.359130859375</ymin>
      <xmax>302.86558532714844</xmax>
      <ymax>1259.668556213379</ymax>
    </bndbox>
    <attributes>
      <attribute>
        <name>keyframe</name>
        <value>True</value>
      </attribute>
      <attribute>
        <name>track_id</name>
        <value>340</value>
      </attribute>
    </attributes>
  </object>
</annotation>
