<annotation>
  <folder>frame</folder>
  <filename>frame_001374.jpg</filename>
  <source>
    <database>Unknown</database>
    <annotation>Unknown</annotation>
    <image>Unknown</image>
  </source>
  <size>
    <width>2456</width>
    <height>2054</height>
    <depth>3</depth>
  </size>
  <segmented>0</segmented>
  <object>
    <name>vehicule</name>
    <occluded>0</occluded>
    <bndbox>
      <xmin>1906.4375189107416</xmin>
      <ymin>871.408392232413</ymin>
      <xmax>1976.289460913677</xmax>
      <ymax>923.5798766074145</ymax>
    </bndbox>
    <attributes>
      <attribute>
        <name>keyframe</name>
        <value>True</value>
      </attribute>
      <attribute>
        <name>track_id</name>
        <value>0</value>
      </attribute>
    </attributes>
  </object>
  <object>
    <name>vehicule</name>
    <occluded>0</occluded>
    <bndbox>
      <xmin>2006.8710956462378</xmin>
      <ymin>860.3796287166263</ymin>
      <xmax>2082.4802753337385</xmax>
      <ymax>916.0891990291277</ymax>
    </bndbox>
    <attributes>
      <attribute>
        <name>keyframe</name>
        <value>True</value>
      </attribute>
      <attribute>
        <name>track_id</name>
        <value>24</value>
      </attribute>
    </attributes>
  </object>
  <object>
    <name>vehicule</name>
    <occluded>0</occluded>
    <bndbox>
      <xmin>2087.649344889323</xmin>
      <ymin>882.6633699544278</ymin>
      <xmax>2144.375126139324</xmax>
      <ymax>946.2641496785478</ymax>
    </bndbox>
    <attributes>
      <attribute>
        <name>keyframe</name>
        <value>True</value>
      </attribute>
      <attribute>
        <name>track_id</name>
        <value>26</value>
      </attribute>
    </attributes>
  </object>
  <object>
    <name>vehicule</name>
    <occluded>0</occluded>
    <bndbox>
      <xmin>2067.2469787597656</xmin>
      <ymin>856.4908067786178</ymin>
      <xmax>2134.527838134767</xmax>
      <ymax>907.2699068152374</ymax>
    </bndbox>
    <attributes>
      <attribute>
        <name>keyframe</name>
        <value>True</value>
      </attribute>
      <attribute>
        <name>track_id</name>
        <value>27</value>
      </attribute>
    </attributes>
  </object>
  <object>
    <name>vehicule</name>
    <occluded>0</occluded>
    <bndbox>
      <xmin>1578.0485026041667</xmin>
      <ymin>1006.8727213541666</ymin>
      <xmax>1735.4664683024082</xmax>
      <ymax>1085.0657587687172</ymax>
    </bndbox>
    <attributes>
      <attribute>
        <name>keyframe</name>
        <value>True</value>
      </attribute>
      <attribute>
        <name>track_id</name>
        <value>30</value>
      </attribute>
    </attributes>
  </object>
  <object>
    <name>vehicule</name>
    <occluded>0</occluded>
    <bndbox>
      <xmin>1569.425564236111</xmin>
      <ymin>1110.3369140625</ymin>
      <xmax>1757.7828030056423</xmax>
      <ymax>1213.3438705444332</ymax>
    </bndbox>
    <attributes>
      <attribute>
        <name>keyframe</name>
        <value>True</value>
      </attribute>
      <attribute>
        <name>track_id</name>
        <value>32</value>
      </attribute>
    </attributes>
  </object>
  <object>
    <name>vehicule</name>
    <occluded>0</occluded>
    <bndbox>
      <xmin>166.40172230113637</xmin>
      <ymin>1331.3727272727278</ymin>
      <xmax>353.84545454545565</xmax>
      <ymax>1478.2594493519175</ymax>
    </bndbox>
    <attributes>
      <attribute>
        <name>keyframe</name>
        <value>True</value>
      </attribute>
      <attribute>
        <name>track_id</name>
        <value>34</value>
      </attribute>
    </attributes>
  </object>
  <object>
    <name>vehicule</name>
    <occluded>0</occluded>
    <bndbox>
      <xmin>2027.0017220300572</xmin>
      <ymin>922.7613161975191</ymin>
      <xmax>2118.222422103299</xmax>
      <ymax>982.2747927600199</ymax>
    </bndbox>
    <attributes>
      <attribute>
        <name>keyframe</name>
        <value>True</value>
      </attribute>
      <attribute>
        <name>track_id</name>
        <value>48</value>
      </attribute>
    </attributes>
  </object>
  <object>
    <name>vehicule</name>
    <occluded>0</occluded>
    <bndbox>
      <xmin>543.6766826923077</xmin>
      <ymin>957.6896033653846</ymin>
      <xmax>634.5376201923092</xmax>
      <ymax>1034.9295249352087</ymax>
    </bndbox>
    <attributes>
      <attribute>
        <name>keyframe</name>
        <value>True</value>
      </attribute>
      <attribute>
        <name>track_id</name>
        <value>53</value>
      </attribute>
    </attributes>
  </object>
  <object>
    <name>vehicule</name>
    <occluded>0</occluded>
    <bndbox>
      <xmin>2138.2548283261804</xmin>
      <ymin>927.2615909167114</ymin>
      <xmax>2201.4319767636807</xmax>
      <ymax>992.7330752917121</ymax>
    </bndbox>
    <attributes>
      <attribute>
        <name>keyframe</name>
        <value>True</value>
      </attribute>
      <attribute>
        <name>track_id</name>
        <value>65</value>
      </attribute>
    </attributes>
  </object>
  <object>
    <name>vehicule</name>
    <occluded>0</occluded>
    <bndbox>
      <xmin>1901.702481356534</xmin>
      <ymin>942.0456631747159</ymin>
      <xmax>1999.5448687466696</xmax>
      <ymax>1004.396444424717</ymax>
    </bndbox>
    <attributes>
      <attribute>
        <name>keyframe</name>
        <value>True</value>
      </attribute>
      <attribute>
        <name>track_id</name>
        <value>66</value>
      </attribute>
    </attributes>
  </object>
  <object>
    <name>vehicule</name>
    <occluded>0</occluded>
    <bndbox>
      <xmin>649.0594200721154</xmin>
      <ymin>917.2168719951927</ymin>
      <xmax>734.4717948717956</xmax>
      <ymax>990.5352758163059</ymax>
    </bndbox>
    <attributes>
      <attribute>
        <name>keyframe</name>
        <value>True</value>
      </attribute>
      <attribute>
        <name>track_id</name>
        <value>74</value>
      </attribute>
    </attributes>
  </object>
  <object>
    <name>vehicule</name>
    <occluded>0</occluded>
    <bndbox>
      <xmin>1978.895210597826</xmin>
      <ymin>967.5620706899155</ymin>
      <xmax>2080.5721591451893</xmax>
      <ymax>1025.669297252416</ymax>
    </bndbox>
    <attributes>
      <attribute>
        <name>keyframe</name>
        <value>True</value>
      </attribute>
      <attribute>
        <name>track_id</name>
        <value>76</value>
      </attribute>
    </attributes>
  </object>
  <object>
    <name>vehicule</name>
    <occluded>0</occluded>
    <bndbox>
      <xmin>565.85078125</xmin>
      <ymin>879.7263671875</ymin>
      <xmax>675.0505859375014</xmax>
      <ymax>939.0300765991208</ymax>
    </bndbox>
    <attributes>
      <attribute>
        <name>keyframe</name>
        <value>True</value>
      </attribute>
      <attribute>
        <name>track_id</name>
        <value>89</value>
      </attribute>
    </attributes>
  </object>
  <object>
    <name>vehicule</name>
    <occluded>0</occluded>
    <bndbox>
      <xmin>882.7699652777778</xmin>
      <ymin>841.8037109375</ymin>
      <xmax>1002.0766226874443</xmax>
      <ymax>893.4255638122559</ymax>
    </bndbox>
    <attributes>
      <attribute>
        <name>keyframe</name>
        <value>True</value>
      </attribute>
      <attribute>
        <name>track_id</name>
        <value>90</value>
      </attribute>
    </attributes>
  </object>
  <object>
    <name>vehicule</name>
    <occluded>0</occluded>
    <bndbox>
      <xmin>698.0744977678571</xmin>
      <ymin>849.1397879464288</ymin>
      <xmax>822.8855468750005</xmax>
      <ymax>903.0285530090332</ymax>
    </bndbox>
    <attributes>
      <attribute>
        <name>keyframe</name>
        <value>True</value>
      </attribute>
      <attribute>
        <name>track_id</name>
        <value>94</value>
      </attribute>
    </attributes>
  </object>
  <object>
    <name>vehicule</name>
    <occluded>0</occluded>
    <bndbox>
      <xmin>1032.4293619791667</xmin>
      <ymin>827.4186197916666</ymin>
      <xmax>1141.1000651041675</xmax>
      <ymax>875.5865969339999</ymax>
    </bndbox>
    <attributes>
      <attribute>
        <name>keyframe</name>
        <value>True</value>
      </attribute>
      <attribute>
        <name>track_id</name>
        <value>104</value>
      </attribute>
    </attributes>
  </object>
  <object>
    <name>vehicule</name>
    <occluded>0</occluded>
    <bndbox>
      <xmin>1181.8193359375</xmin>
      <ymin>818.044921875</ymin>
      <xmax>1285.8977279663086</xmax>
      <ymax>868.7678833007812</ymax>
    </bndbox>
    <attributes>
      <attribute>
        <name>keyframe</name>
        <value>True</value>
      </attribute>
      <attribute>
        <name>track_id</name>
        <value>109</value>
      </attribute>
    </attributes>
  </object>
  <object>
    <name>vehicule</name>
    <occluded>0</occluded>
    <bndbox>
      <xmin>1891.6141481633772</xmin>
      <ymin>992.2343407346491</ymin>
      <xmax>2013.615930389939</xmax>
      <ymax>1058.7689171506647</ymax>
    </bndbox>
    <attributes>
      <attribute>
        <name>keyframe</name>
        <value>True</value>
      </attribute>
      <attribute>
        <name>track_id</name>
        <value>116</value>
      </attribute>
    </attributes>
  </object>
  <object>
    <name>vehicule</name>
    <occluded>0</occluded>
    <bndbox>
      <xmin>1445.9048828125</xmin>
      <ymin>823.1841796875</ymin>
      <xmax>1548.6991409301759</xmax>
      <ymax>862.3500122070312</ymax>
    </bndbox>
    <attributes>
      <attribute>
        <name>keyframe</name>
        <value>True</value>
      </attribute>
      <attribute>
        <name>track_id</name>
        <value>121</value>
      </attribute>
    </attributes>
  </object>
  <object>
    <name>vehicule</name>
    <occluded>0</occluded>
    <bndbox>
      <xmin>1617.0462890625</xmin>
      <ymin>829.77265625</ymin>
      <xmax>1721.7667404174804</xmax>
      <ymax>868.9384887695312</ymax>
    </bndbox>
    <attributes>
      <attribute>
        <name>keyframe</name>
        <value>True</value>
      </attribute>
      <attribute>
        <name>track_id</name>
        <value>122</value>
      </attribute>
    </attributes>
  </object>
  <object>
    <name>vehicule</name>
    <occluded>0</occluded>
    <bndbox>
      <xmin>141.59068080357142</xmin>
      <ymin>952.2020368303575</ymin>
      <xmax>301.34849330357144</xmax>
      <ymax>1017.6862149919772</ymax>
    </bndbox>
    <attributes>
      <attribute>
        <name>keyframe</name>
        <value>True</value>
      </attribute>
      <attribute>
        <name>track_id</name>
        <value>124</value>
      </attribute>
    </attributes>
  </object>
  <object>
    <name>vehicule</name>
    <occluded>0</occluded>
    <bndbox>
      <xmin>2071.059505208334</xmin>
      <ymin>1019.6116536458334</ymin>
      <xmax>2209.462630208333</xmax>
      <ymax>1094.5005208333343</ymax>
    </bndbox>
    <attributes>
      <attribute>
        <name>keyframe</name>
        <value>True</value>
      </attribute>
      <attribute>
        <name>track_id</name>
        <value>126</value>
      </attribute>
    </attributes>
  </object>
  <object>
    <name>vehicule</name>
    <occluded>0</occluded>
    <bndbox>
      <xmin>1773.8883463541667</xmin>
      <ymin>832.8612196180555</ymin>
      <xmax>1859.924769083659</xmax>
      <ymax>870.7429258558485</ymax>
    </bndbox>
    <attributes>
      <attribute>
        <name>keyframe</name>
        <value>True</value>
      </attribute>
      <attribute>
        <name>track_id</name>
        <value>132</value>
      </attribute>
    </attributes>
  </object>
  <object>
    <name>vehicule</name>
    <occluded>0</occluded>
    <bndbox>
      <xmin>1946.3841145833333</xmin>
      <ymin>820.8855251736111</ymin>
      <xmax>2057.4609883626304</xmax>
      <ymax>876.7449917263455</ymax>
    </bndbox>
    <attributes>
      <attribute>
        <name>keyframe</name>
        <value>True</value>
      </attribute>
      <attribute>
        <name>track_id</name>
        <value>135</value>
      </attribute>
    </attributes>
  </object>
  <object>
    <name>vehicule</name>
    <occluded>0</occluded>
    <bndbox>
      <xmin>454.7078532486511</xmin>
      <ymin>949.5619520008994</ymin>
      <xmax>549.7408787569555</xmax>
      <ymax>1021.6300341873713</ymax>
    </bndbox>
    <attributes>
      <attribute>
        <name>keyframe</name>
        <value>True</value>
      </attribute>
      <attribute>
        <name>track_id</name>
        <value>137</value>
      </attribute>
    </attributes>
  </object>
  <object>
    <name>vehicule</name>
    <occluded>0</occluded>
    <bndbox>
      <xmin>1913.5838107638897</xmin>
      <ymin>1059.779296875</ymin>
      <xmax>2037.2383090549042</xmax>
      <ymax>1139.280468750001</ymax>
    </bndbox>
    <attributes>
      <attribute>
        <name>keyframe</name>
        <value>True</value>
      </attribute>
      <attribute>
        <name>track_id</name>
        <value>138</value>
      </attribute>
    </attributes>
  </object>
  <object>
    <name>vehicule</name>
    <occluded>0</occluded>
    <bndbox>
      <xmin>1757.3098710420115</xmin>
      <ymin>1008.0260890935431</ymin>
      <xmax>1890.1958573701365</xmax>
      <ymax>1087.0628551457892</ymax>
    </bndbox>
    <attributes>
      <attribute>
        <name>keyframe</name>
        <value>True</value>
      </attribute>
      <attribute>
        <name>track_id</name>
        <value>139</value>
      </attribute>
    </attributes>
  </object>
  <object>
    <name>vehicule</name>
    <occluded>0</occluded>
    <bndbox>
      <xmin>359.8753934352518</xmin>
      <ymin>1017.0449499775184</ymin>
      <xmax>469.5483447616913</xmax>
      <ymax>1114.0368110162747</ymax>
    </bndbox>
    <attributes>
      <attribute>
        <name>keyframe</name>
        <value>True</value>
      </attribute>
      <attribute>
        <name>track_id</name>
        <value>140</value>
      </attribute>
    </attributes>
  </object>
  <object>
    <name>vehicule</name>
    <occluded>0</occluded>
    <bndbox>
      <xmin>766.349609375</xmin>
      <ymin>1068.2760416666667</ymin>
      <xmax>929.9400939941406</xmax>
      <ymax>1149.3208643595378</ymax>
    </bndbox>
    <attributes>
      <attribute>
        <name>keyframe</name>
        <value>True</value>
      </attribute>
      <attribute>
        <name>track_id</name>
        <value>142</value>
      </attribute>
    </attributes>
  </object>
  <object>
    <name>vehicule</name>
    <occluded>0</occluded>
    <bndbox>
      <xmin>1021.4079861111111</xmin>
      <ymin>1092.049045138889</ymin>
      <xmax>1209.5907711452908</xmax>
      <ymax>1169.4934955173069</ymax>
    </bndbox>
    <attributes>
      <attribute>
        <name>keyframe</name>
        <value>True</value>
      </attribute>
      <attribute>
        <name>track_id</name>
        <value>143</value>
      </attribute>
    </attributes>
  </object>
  <object>
    <name>vehicule</name>
    <occluded>0</occluded>
    <bndbox>
      <xmin>300.7523716517857</xmin>
      <ymin>910.8142857142858</ymin>
      <xmax>433.8142857142861</xmax>
      <ymax>973.1807441711426</ymax>
    </bndbox>
    <attributes>
      <attribute>
        <name>keyframe</name>
        <value>True</value>
      </attribute>
      <attribute>
        <name>track_id</name>
        <value>144</value>
      </attribute>
    </attributes>
  </object>
  <object>
    <name>vehicule</name>
    <occluded>0</occluded>
    <bndbox>
      <xmin>530.9755859375</xmin>
      <ymin>865.7857142857143</ymin>
      <xmax>641.4453125</xmax>
      <ymax>917.5404761178153</ymax>
    </bndbox>
    <attributes>
      <attribute>
        <name>keyframe</name>
        <value>True</value>
      </attribute>
      <attribute>
        <name>track_id</name>
        <value>145</value>
      </attribute>
    </attributes>
  </object>
</annotation>
