<annotation>
  <folder>frame</folder>
  <filename>frame_005172.jpg</filename>
  <source>
    <database>Unknown</database>
    <annotation>Unknown</annotation>
    <image>Unknown</image>
  </source>
  <size>
    <width>2456</width>
    <height>2054</height>
    <depth>3</depth>
  </size>
  <segmented>0</segmented>
  <object>
    <name>vehicule</name>
    <occluded>0</occluded>
    <bndbox>
      <xmin>844.1092601102944</xmin>
      <ymin>771.8967715992648</ymin>
      <xmax>935.2668818754307</xmax>
      <ymax>827.5039981617637</ymax>
    </bndbox>
    <attributes>
      <attribute>
        <name>keyframe</name>
        <value>True</value>
      </attribute>
      <attribute>
        <name>track_id</name>
        <value>274</value>
      </attribute>
    </attributes>
  </object>
  <object>
    <name>vehicule</name>
    <occluded>0</occluded>
    <bndbox>
      <xmin>1015.7116286743722</xmin>
      <ymin>799.2506956335617</ymin>
      <xmax>1074.7954360474187</xmax>
      <ymax>863.5540159460631</ymax>
    </bndbox>
    <attributes>
      <attribute>
        <name>keyframe</name>
        <value>True</value>
      </attribute>
      <attribute>
        <name>track_id</name>
        <value>320</value>
      </attribute>
    </attributes>
  </object>
  <object>
    <name>vehicule</name>
    <occluded>0</occluded>
    <bndbox>
      <xmin>979.0300622888514</xmin>
      <ymin>885.2239759290541</ymin>
      <xmax>1057.6413655461477</xmax>
      <ymax>949.9155790174326</ymax>
    </bndbox>
    <attributes>
      <attribute>
        <name>keyframe</name>
        <value>True</value>
      </attribute>
      <attribute>
        <name>track_id</name>
        <value>328</value>
      </attribute>
    </attributes>
  </object>
  <object>
    <name>vehicule</name>
    <occluded>0</occluded>
    <bndbox>
      <xmin>833.2065561655409</xmin>
      <ymin>959.6101404138516</ymin>
      <xmax>996.8723764780398</xmax>
      <ymax>1039.7863153406086</ymax>
    </bndbox>
    <attributes>
      <attribute>
        <name>keyframe</name>
        <value>True</value>
      </attribute>
      <attribute>
        <name>track_id</name>
        <value>336</value>
      </attribute>
    </attributes>
  </object>
  <object>
    <name>vehicule</name>
    <occluded>0</occluded>
    <bndbox>
      <xmin>951.2146606445312</xmin>
      <ymin>769.3323974609375</ymin>
      <xmax>1046.1629043579087</xmax>
      <ymax>824.3171577453613</ymax>
    </bndbox>
    <attributes>
      <attribute>
        <name>keyframe</name>
        <value>True</value>
      </attribute>
      <attribute>
        <name>track_id</name>
        <value>345</value>
      </attribute>
    </attributes>
  </object>
  <object>
    <name>vehicule</name>
    <occluded>0</occluded>
    <bndbox>
      <xmin>1019.5676203547297</xmin>
      <ymin>847.0431957347977</ymin>
      <xmax>1079.0658184567014</xmax>
      <ymax>909.4632601351351</ymax>
    </bndbox>
    <attributes>
      <attribute>
        <name>keyframe</name>
        <value>True</value>
      </attribute>
      <attribute>
        <name>track_id</name>
        <value>348</value>
      </attribute>
    </attributes>
  </object>
  <object>
    <name>vehicule</name>
    <occluded>0</occluded>
    <bndbox>
      <xmin>926.5313401442307</xmin>
      <ymin>710.3510516826923</ymin>
      <xmax>1135.261066706731</xmax>
      <ymax>788.2508563701927</ymax>
    </bndbox>
    <attributes>
      <attribute>
        <name>keyframe</name>
        <value>True</value>
      </attribute>
      <attribute>
        <name>track_id</name>
        <value>349</value>
      </attribute>
    </attributes>
  </object>
  <object>
    <name>vehicule</name>
    <occluded>0</occluded>
    <bndbox>
      <xmin>996.2260874155405</xmin>
      <ymin>923.9821843327703</ymin>
      <xmax>1092.0479639414195</xmax>
      <ymax>999.162846869391</ymax>
    </bndbox>
    <attributes>
      <attribute>
        <name>keyframe</name>
        <value>True</value>
      </attribute>
      <attribute>
        <name>track_id</name>
        <value>350</value>
      </attribute>
    </attributes>
  </object>
  <object>
    <name>vehicule</name>
    <occluded>0</occluded>
    <bndbox>
      <xmin>661.6789139851485</xmin>
      <ymin>1006.163250309406</ymin>
      <xmax>830.1675858601488</xmax>
      <ymax>1077.1707042278629</ymax>
    </bndbox>
    <attributes>
      <attribute>
        <name>keyframe</name>
        <value>True</value>
      </attribute>
      <attribute>
        <name>track_id</name>
        <value>351</value>
      </attribute>
    </attributes>
  </object>
  <object>
    <name>vehicule</name>
    <occluded>0</occluded>
    <bndbox>
      <xmin>1116.3144734172092</xmin>
      <ymin>830.984375</ymin>
      <xmax>1174.7803939423002</xmax>
      <ymax>887.7025872564942</ymax>
    </bndbox>
    <attributes>
      <attribute>
        <name>keyframe</name>
        <value>True</value>
      </attribute>
      <attribute>
        <name>track_id</name>
        <value>356</value>
      </attribute>
    </attributes>
  </object>
  <object>
    <name>vehicule</name>
    <occluded>0</occluded>
    <bndbox>
      <xmin>1081.2607421875</xmin>
      <ymin>793.0222497888514</ymin>
      <xmax>1141.232068201014</xmax>
      <ymax>850.8604975519956</ymax>
    </bndbox>
    <attributes>
      <attribute>
        <name>keyframe</name>
        <value>True</value>
      </attribute>
      <attribute>
        <name>track_id</name>
        <value>359</value>
      </attribute>
    </attributes>
  </object>
  <object>
    <name>vehicule</name>
    <occluded>0</occluded>
    <bndbox>
      <xmin>622.1889062500004</xmin>
      <ymin>1061.3657812500005</ymin>
      <xmax>782.4743951416012</xmax>
      <ymax>1139.5396047973627</ymax>
    </bndbox>
    <attributes>
      <attribute>
        <name>keyframe</name>
        <value>True</value>
      </attribute>
      <attribute>
        <name>track_id</name>
        <value>360</value>
      </attribute>
    </attributes>
  </object>
  <object>
    <name>vehicule</name>
    <occluded>0</occluded>
    <bndbox>
      <xmin>529.4405071924604</xmin>
      <ymin>1122.0164310515872</ymin>
      <xmax>707.9030041407015</xmax>
      <ymax>1223.698270040845</ymax>
    </bndbox>
    <attributes>
      <attribute>
        <name>keyframe</name>
        <value>True</value>
      </attribute>
      <attribute>
        <name>track_id</name>
        <value>364</value>
      </attribute>
    </attributes>
  </object>
  <object>
    <name>vehicule</name>
    <occluded>0</occluded>
    <bndbox>
      <xmin>1136.823359375</xmin>
      <ymin>895.8760000000001</ymin>
      <xmax>1206.144000000001</xmax>
      <ymax>942.7108633422852</ymax>
    </bndbox>
    <attributes>
      <attribute>
        <name>keyframe</name>
        <value>True</value>
      </attribute>
      <attribute>
        <name>track_id</name>
        <value>365</value>
      </attribute>
    </attributes>
  </object>
  <object>
    <name>vehicule</name>
    <occluded>0</occluded>
    <bndbox>
      <xmin>1174.9243619791669</xmin>
      <ymin>771.9926432291667</ymin>
      <xmax>1255.507084960938</xmax>
      <ymax>826.8460322062167</ymax>
    </bndbox>
    <attributes>
      <attribute>
        <name>keyframe</name>
        <value>True</value>
      </attribute>
      <attribute>
        <name>track_id</name>
        <value>366</value>
      </attribute>
    </attributes>
  </object>
  <object>
    <name>vehicule</name>
    <occluded>0</occluded>
    <bndbox>
      <xmin>112.56431361607143</xmin>
      <ymin>894.1923735119051</ymin>
      <xmax>226.30189732142856</xmax>
      <ymax>954.5622658502483</ymax>
    </bndbox>
    <attributes>
      <attribute>
        <name>keyframe</name>
        <value>True</value>
      </attribute>
      <attribute>
        <name>track_id</name>
        <value>367</value>
      </attribute>
    </attributes>
  </object>
  <object>
    <name>vehicule</name>
    <occluded>0</occluded>
    <bndbox>
      <xmin>1056.3184218750002</xmin>
      <ymin>925.8734765625</ymin>
      <xmax>1203.3808638916007</xmax>
      <ymax>1032.7240625</ymax>
    </bndbox>
    <attributes>
      <attribute>
        <name>keyframe</name>
        <value>True</value>
      </attribute>
      <attribute>
        <name>track_id</name>
        <value>368</value>
      </attribute>
    </attributes>
  </object>
  <object>
    <name>vehicule</name>
    <occluded>0</occluded>
    <bndbox>
      <xmin>239.4832763671875</xmin>
      <ymin>1194.5341796875</ymin>
      <xmax>468.4305877685547</xmax>
      <ymax>1304.3731536865234</ymax>
    </bndbox>
    <attributes>
      <attribute>
        <name>keyframe</name>
        <value>True</value>
      </attribute>
      <attribute>
        <name>track_id</name>
        <value>369</value>
      </attribute>
    </attributes>
  </object>
  <object>
    <name>vehicule</name>
    <occluded>0</occluded>
    <bndbox>
      <xmin>1593.6470588235302</xmin>
      <ymin>836.9937270220589</ymin>
      <xmax>1686.7169126622816</xmax>
      <ymax>893.1105586781225</ymax>
    </bndbox>
    <attributes>
      <attribute>
        <name>keyframe</name>
        <value>True</value>
      </attribute>
      <attribute>
        <name>track_id</name>
        <value>370</value>
      </attribute>
    </attributes>
  </object>
  <object>
    <name>vehicule</name>
    <occluded>0</occluded>
    <bndbox>
      <xmin>936.384765625</xmin>
      <ymin>1014.580078125</ymin>
      <xmax>1065.8392265624989</xmax>
      <ymax>1097.4000000000015</ymax>
    </bndbox>
    <attributes>
      <attribute>
        <name>keyframe</name>
        <value>True</value>
      </attribute>
      <attribute>
        <name>track_id</name>
        <value>371</value>
      </attribute>
    </attributes>
  </object>
  <object>
    <name>vehicule</name>
    <occluded>0</occluded>
    <bndbox>
      <xmin>808.7405241243134</xmin>
      <ymin>1037.6516569368132</ymin>
      <xmax>926.2356062165975</xmax>
      <ymax>1100.6802022745321</ymax>
    </bndbox>
    <attributes>
      <attribute>
        <name>keyframe</name>
        <value>True</value>
      </attribute>
      <attribute>
        <name>track_id</name>
        <value>372</value>
      </attribute>
    </attributes>
  </object>
  <object>
    <name>vehicule</name>
    <occluded>0</occluded>
    <bndbox>
      <xmin>1306.763558467742</xmin>
      <ymin>945.352494959678</ymin>
      <xmax>1408.5975255658554</xmax>
      <ymax>1012.1819167598605</ymax>
    </bndbox>
    <attributes>
      <attribute>
        <name>keyframe</name>
        <value>True</value>
      </attribute>
      <attribute>
        <name>track_id</name>
        <value>373</value>
      </attribute>
    </attributes>
  </object>
  <object>
    <name>vehicule</name>
    <occluded>0</occluded>
    <bndbox>
      <xmin>219.7288028492647</xmin>
      <ymin>1297.9728860294117</ymin>
      <xmax>454.9920262248579</xmax>
      <ymax>1429.4863426464954</ymax>
    </bndbox>
    <attributes>
      <attribute>
        <name>keyframe</name>
        <value>True</value>
      </attribute>
      <attribute>
        <name>track_id</name>
        <value>374</value>
      </attribute>
    </attributes>
  </object>
  <object>
    <name>vehicule</name>
    <occluded>0</occluded>
    <bndbox>
      <xmin>346.1183087384259</xmin>
      <ymin>834.6487630208334</ymin>
      <xmax>432.2617337262189</xmax>
      <ymax>886.5488446553549</ymax>
    </bndbox>
    <attributes>
      <attribute>
        <name>keyframe</name>
        <value>True</value>
      </attribute>
      <attribute>
        <name>track_id</name>
        <value>375</value>
      </attribute>
    </attributes>
  </object>
  <object>
    <name>vehicule</name>
    <occluded>0</occluded>
    <bndbox>
      <xmin>134.400390625</xmin>
      <ymin>1114.11376953125</ymin>
      <xmax>291.6698303222656</xmax>
      <ymax>1197.3251113891602</ymax>
    </bndbox>
    <attributes>
      <attribute>
        <name>keyframe</name>
        <value>True</value>
      </attribute>
      <attribute>
        <name>track_id</name>
        <value>376</value>
      </attribute>
    </attributes>
  </object>
  <object>
    <name>vehicule</name>
    <occluded>0</occluded>
    <bndbox>
      <xmin>582.2856626157408</xmin>
      <ymin>791.061378761574</ymin>
      <xmax>674.1515615957754</xmax>
      <ymax>848.3847468340838</ymax>
    </bndbox>
    <attributes>
      <attribute>
        <name>keyframe</name>
        <value>True</value>
      </attribute>
      <attribute>
        <name>track_id</name>
        <value>377</value>
      </attribute>
    </attributes>
  </object>
  <object>
    <name>vehicule</name>
    <occluded>0</occluded>
    <bndbox>
      <xmin>748.51904296875</xmin>
      <ymin>1097.77587890625</ymin>
      <xmax>920.7882446289063</xmax>
      <ymax>1194.1546669006348</ymax>
    </bndbox>
    <attributes>
      <attribute>
        <name>keyframe</name>
        <value>True</value>
      </attribute>
      <attribute>
        <name>track_id</name>
        <value>378</value>
      </attribute>
    </attributes>
  </object>
  <object>
    <name>vehicule</name>
    <occluded>0</occluded>
    <bndbox>
      <xmin>5.740853658536586</xmin>
      <ymin>1318.0235137195125</ymin>
      <xmax>245.50046669564597</xmax>
      <ymax>1463.025032973871</ymax>
    </bndbox>
    <attributes>
      <attribute>
        <name>keyframe</name>
        <value>True</value>
      </attribute>
      <attribute>
        <name>track_id</name>
        <value>380</value>
      </attribute>
    </attributes>
  </object>
  <object>
    <name>vehicule</name>
    <occluded>0</occluded>
    <bndbox>
      <xmin>182.4941176470589</xmin>
      <ymin>1443.1420036764705</ymin>
      <xmax>418.2723981071921</xmax>
      <ymax>1640.3709587545957</ymax>
    </bndbox>
    <attributes>
      <attribute>
        <name>keyframe</name>
        <value>True</value>
      </attribute>
      <attribute>
        <name>track_id</name>
        <value>387</value>
      </attribute>
    </attributes>
  </object>
</annotation>
