<annotation>
  <folder>frame</folder>
  <filename>frame_001456.jpg</filename>
  <source>
    <database>Unknown</database>
    <annotation>Unknown</annotation>
    <image>Unknown</image>
  </source>
  <size>
    <width>2456</width>
    <height>2054</height>
    <depth>3</depth>
  </size>
  <segmented>0</segmented>
  <object>
    <name>vehicule</name>
    <occluded>0</occluded>
    <bndbox>
      <xmin>1903.2989409984873</xmin>
      <ymin>869.9718318598714</ymin>
      <xmax>1973.506085440539</xmax>
      <ymax>922.1433162348728</ymax>
    </bndbox>
    <attributes>
      <attribute>
        <name>keyframe</name>
        <value>True</value>
      </attribute>
      <attribute>
        <name>track_id</name>
        <value>0</value>
      </attribute>
    </attributes>
  </object>
  <object>
    <name>vehicule</name>
    <occluded>0</occluded>
    <bndbox>
      <xmin>2004.122627806432</xmin>
      <ymin>855.8305692506068</ymin>
      <xmax>2079.7318074939326</xmax>
      <ymax>911.5401395631083</ymax>
    </bndbox>
    <attributes>
      <attribute>
        <name>keyframe</name>
        <value>True</value>
      </attribute>
      <attribute>
        <name>track_id</name>
        <value>24</value>
      </attribute>
    </attributes>
  </object>
  <object>
    <name>vehicule</name>
    <occluded>0</occluded>
    <bndbox>
      <xmin>2081.961462402344</xmin>
      <ymin>873.2661352539067</ymin>
      <xmax>2138.687243652345</xmax>
      <ymax>936.8669149780267</ymax>
    </bndbox>
    <attributes>
      <attribute>
        <name>keyframe</name>
        <value>True</value>
      </attribute>
      <attribute>
        <name>track_id</name>
        <value>26</value>
      </attribute>
    </attributes>
  </object>
  <object>
    <name>vehicule</name>
    <occluded>0</occluded>
    <bndbox>
      <xmin>2066.4537048339844</xmin>
      <ymin>855.5574396548064</ymin>
      <xmax>2133.734564208986</xmax>
      <ymax>906.3365396914261</ymax>
    </bndbox>
    <attributes>
      <attribute>
        <name>keyframe</name>
        <value>True</value>
      </attribute>
      <attribute>
        <name>track_id</name>
        <value>27</value>
      </attribute>
    </attributes>
  </object>
  <object>
    <name>vehicule</name>
    <occluded>0</occluded>
    <bndbox>
      <xmin>1597.7711874713827</xmin>
      <ymin>1004.3680066678113</ymin>
      <xmax>1755.1891531696242</xmax>
      <ymax>1082.5610440823618</ymax>
    </bndbox>
    <attributes>
      <attribute>
        <name>keyframe</name>
        <value>True</value>
      </attribute>
      <attribute>
        <name>track_id</name>
        <value>30</value>
      </attribute>
    </attributes>
  </object>
  <object>
    <name>vehicule</name>
    <occluded>0</occluded>
    <bndbox>
      <xmin>2023.2211143092106</xmin>
      <ymin>1051.445646587171</ymin>
      <xmax>2197.8776418585535</xmax>
      <ymax>1130.9761153371721</ymax>
    </bndbox>
    <attributes>
      <attribute>
        <name>keyframe</name>
        <value>True</value>
      </attribute>
      <attribute>
        <name>track_id</name>
        <value>32</value>
      </attribute>
    </attributes>
  </object>
  <object>
    <name>vehicule</name>
    <occluded>0</occluded>
    <bndbox>
      <xmin>2017.0781473640268</xmin>
      <ymin>903.7314527671756</ymin>
      <xmax>2108.2988474372683</xmax>
      <ymax>963.2449293296763</ymax>
    </bndbox>
    <attributes>
      <attribute>
        <name>keyframe</name>
        <value>True</value>
      </attribute>
      <attribute>
        <name>track_id</name>
        <value>48</value>
      </attribute>
    </attributes>
  </object>
  <object>
    <name>vehicule</name>
    <occluded>0</occluded>
    <bndbox>
      <xmin>456.12916259765626</xmin>
      <ymin>1026.9507543945324</ymin>
      <xmax>560.7779638671886</xmax>
      <ymax>1127.8182907104492</ymax>
    </bndbox>
    <attributes>
      <attribute>
        <name>keyframe</name>
        <value>True</value>
      </attribute>
      <attribute>
        <name>track_id</name>
        <value>53</value>
      </attribute>
    </attributes>
  </object>
  <object>
    <name>vehicule</name>
    <occluded>0</occluded>
    <bndbox>
      <xmin>2139.065576381438</xmin>
      <ymin>925.5663748155847</ymin>
      <xmax>2202.2427248189383</xmax>
      <ymax>991.0378591905854</ymax>
    </bndbox>
    <attributes>
      <attribute>
        <name>keyframe</name>
        <value>True</value>
      </attribute>
      <attribute>
        <name>track_id</name>
        <value>65</value>
      </attribute>
    </attributes>
  </object>
  <object>
    <name>vehicule</name>
    <occluded>0</occluded>
    <bndbox>
      <xmin>1907.9067160866477</xmin>
      <ymin>936.6502175071023</ymin>
      <xmax>2005.7491034767834</xmax>
      <ymax>999.0009987571034</ymax>
    </bndbox>
    <attributes>
      <attribute>
        <name>keyframe</name>
        <value>True</value>
      </attribute>
      <attribute>
        <name>track_id</name>
        <value>66</value>
      </attribute>
    </attributes>
  </object>
  <object>
    <name>vehicule</name>
    <occluded>0</occluded>
    <bndbox>
      <xmin>606.5471801757812</xmin>
      <ymin>980.0050000000001</ymin>
      <xmax>695.5887500000002</xmax>
      <ymax>1076.8418996810913</ymax>
    </bndbox>
    <attributes>
      <attribute>
        <name>keyframe</name>
        <value>True</value>
      </attribute>
      <attribute>
        <name>track_id</name>
        <value>74</value>
      </attribute>
    </attributes>
  </object>
  <object>
    <name>vehicule</name>
    <occluded>0</occluded>
    <bndbox>
      <xmin>1987.4809782608695</xmin>
      <ymin>962.3109573143116</ymin>
      <xmax>2089.157926808233</xmax>
      <ymax>1020.4181838768123</ymax>
    </bndbox>
    <attributes>
      <attribute>
        <name>keyframe</name>
        <value>True</value>
      </attribute>
      <attribute>
        <name>track_id</name>
        <value>76</value>
      </attribute>
    </attributes>
  </object>
  <object>
    <name>vehicule</name>
    <occluded>0</occluded>
    <bndbox>
      <xmin>680.9955582157259</xmin>
      <ymin>870.5239919354842</ymin>
      <xmax>805.5309097782269</xmax>
      <ymax>932.5356885602394</ymax>
    </bndbox>
    <attributes>
      <attribute>
        <name>keyframe</name>
        <value>True</value>
      </attribute>
      <attribute>
        <name>track_id</name>
        <value>90</value>
      </attribute>
    </attributes>
  </object>
  <object>
    <name>vehicule</name>
    <occluded>0</occluded>
    <bndbox>
      <xmin>575.3960748487904</xmin>
      <ymin>913.2354838709686</ymin>
      <xmax>659.3096774193552</xmax>
      <ymax>987.5237336927845</ymax>
    </bndbox>
    <attributes>
      <attribute>
        <name>keyframe</name>
        <value>True</value>
      </attribute>
      <attribute>
        <name>track_id</name>
        <value>94</value>
      </attribute>
    </attributes>
  </object>
  <object>
    <name>vehicule</name>
    <occluded>0</occluded>
    <bndbox>
      <xmin>808.33828125</xmin>
      <ymin>849.98369140625</ymin>
      <xmax>922.26796875</xmax>
      <ymax>898.1516685485833</ymax>
    </bndbox>
    <attributes>
      <attribute>
        <name>keyframe</name>
        <value>True</value>
      </attribute>
      <attribute>
        <name>track_id</name>
        <value>104</value>
      </attribute>
    </attributes>
  </object>
  <object>
    <name>vehicule</name>
    <occluded>0</occluded>
    <bndbox>
      <xmin>977.71982421875</xmin>
      <ymin>829.3903710937502</ymin>
      <xmax>1081.7982162475587</xmax>
      <ymax>880.3001586914063</ymax>
    </bndbox>
    <attributes>
      <attribute>
        <name>keyframe</name>
        <value>True</value>
      </attribute>
      <attribute>
        <name>track_id</name>
        <value>109</value>
      </attribute>
    </attributes>
  </object>
  <object>
    <name>vehicule</name>
    <occluded>0</occluded>
    <bndbox>
      <xmin>1905.5556092379386</xmin>
      <ymin>986.9716625548245</ymin>
      <xmax>2027.5573914645004</xmax>
      <ymax>1053.5062389708403</ymax>
    </bndbox>
    <attributes>
      <attribute>
        <name>keyframe</name>
        <value>True</value>
      </attribute>
      <attribute>
        <name>track_id</name>
        <value>116</value>
      </attribute>
    </attributes>
  </object>
  <object>
    <name>vehicule</name>
    <occluded>0</occluded>
    <bndbox>
      <xmin>1147.433203125</xmin>
      <ymin>827.699703125</ymin>
      <xmax>1250.2274612426759</xmax>
      <ymax>867.1708325195312</ymax>
    </bndbox>
    <attributes>
      <attribute>
        <name>keyframe</name>
        <value>True</value>
      </attribute>
      <attribute>
        <name>track_id</name>
        <value>121</value>
      </attribute>
    </attributes>
  </object>
  <object>
    <name>vehicule</name>
    <occluded>0</occluded>
    <bndbox>
      <xmin>1295.81908203125</xmin>
      <ymin>818.95658203125</ymin>
      <xmax>1400.5395333862305</xmax>
      <ymax>867.6800317382813</ymax>
    </bndbox>
    <attributes>
      <attribute>
        <name>keyframe</name>
        <value>True</value>
      </attribute>
      <attribute>
        <name>track_id</name>
        <value>122</value>
      </attribute>
    </attributes>
  </object>
  <object>
    <name>vehicule</name>
    <occluded>0</occluded>
    <bndbox>
      <xmin>1488.16908203125</xmin>
      <ymin>828.77295703125</ymin>
      <xmax>1574.6394912719727</xmax>
      <ymax>866.9172921752929</ymax>
    </bndbox>
    <attributes>
      <attribute>
        <name>keyframe</name>
        <value>True</value>
      </attribute>
      <attribute>
        <name>track_id</name>
        <value>132</value>
      </attribute>
    </attributes>
  </object>
  <object>
    <name>vehicule</name>
    <occluded>0</occluded>
    <bndbox>
      <xmin>1642.34439453125</xmin>
      <ymin>813.72921875</ymin>
      <xmax>1753.4212683105468</xmax>
      <ymax>869.5886853027343</ymax>
    </bndbox>
    <attributes>
      <attribute>
        <name>keyframe</name>
        <value>True</value>
      </attribute>
      <attribute>
        <name>track_id</name>
        <value>135</value>
      </attribute>
    </attributes>
  </object>
  <object>
    <name>vehicule</name>
    <occluded>0</occluded>
    <bndbox>
      <xmin>435.52482154901077</xmin>
      <ymin>969.4722543839931</ymin>
      <xmax>530.5736862511947</xmax>
      <ymax>1054.8319222265009</ymax>
    </bndbox>
    <attributes>
      <attribute>
        <name>keyframe</name>
        <value>True</value>
      </attribute>
      <attribute>
        <name>track_id</name>
        <value>137</value>
      </attribute>
    </attributes>
  </object>
  <object>
    <name>vehicule</name>
    <occluded>0</occluded>
    <bndbox>
      <xmin>2058.9888004351264</xmin>
      <ymin>985.1484399723107</ymin>
      <xmax>2159.9898734177227</xmax>
      <ymax>1054.0977056962026</ymax>
    </bndbox>
    <attributes>
      <attribute>
        <name>keyframe</name>
        <value>True</value>
      </attribute>
      <attribute>
        <name>track_id</name>
        <value>138</value>
      </attribute>
    </attributes>
  </object>
  <object>
    <name>vehicule</name>
    <occluded>0</occluded>
    <bndbox>
      <xmin>1765.3672683412665</xmin>
      <ymin>1007.0434085264901</ymin>
      <xmax>1898.2532546693915</xmax>
      <ymax>1086.0801745787362</ymax>
    </bndbox>
    <attributes>
      <attribute>
        <name>keyframe</name>
        <value>True</value>
      </attribute>
      <attribute>
        <name>track_id</name>
        <value>139</value>
      </attribute>
    </attributes>
  </object>
  <object>
    <name>vehicule</name>
    <occluded>0</occluded>
    <bndbox>
      <xmin>285.355496852518</xmin>
      <ymin>1098.924890400181</ymin>
      <xmax>414.9244632419069</xmax>
      <ymax>1211.4290949649949</ymax>
    </bndbox>
    <attributes>
      <attribute>
        <name>keyframe</name>
        <value>True</value>
      </attribute>
      <attribute>
        <name>track_id</name>
        <value>140</value>
      </attribute>
    </attributes>
  </object>
  <object>
    <name>vehicule</name>
    <occluded>0</occluded>
    <bndbox>
      <xmin>1562.882632606908</xmin>
      <ymin>1053.4681589226973</ymin>
      <xmax>1726.4731172260485</xmax>
      <ymax>1134.5129816155684</ymax>
    </bndbox>
    <attributes>
      <attribute>
        <name>keyframe</name>
        <value>True</value>
      </attribute>
      <attribute>
        <name>track_id</name>
        <value>142</value>
      </attribute>
    </attributes>
  </object>
  <object>
    <name>vehicule</name>
    <occluded>0</occluded>
    <bndbox>
      <xmin>1786.6519685444084</xmin>
      <ymin>1048.4687756990131</ymin>
      <xmax>1953.1409365202258</xmax>
      <ymax>1125.2163289521875</ymax>
    </bndbox>
    <attributes>
      <attribute>
        <name>keyframe</name>
        <value>True</value>
      </attribute>
      <attribute>
        <name>track_id</name>
        <value>143</value>
      </attribute>
    </attributes>
  </object>
  <object>
    <name>vehicule</name>
    <occluded>0</occluded>
    <bndbox>
      <xmin>301.309130859375</xmin>
      <ymin>972.8450000000014</ymin>
      <xmax>407.75559570312515</xmax>
      <ymax>1059.4490238189696</ymax>
    </bndbox>
    <attributes>
      <attribute>
        <name>keyframe</name>
        <value>True</value>
      </attribute>
      <attribute>
        <name>track_id</name>
        <value>145</value>
      </attribute>
    </attributes>
  </object>
  <object>
    <name>vehicule</name>
    <occluded>0</occluded>
    <bndbox>
      <xmin>1077.9003580729168</xmin>
      <ymin>1072.0669596354167</ymin>
      <xmax>1230.7626780192059</xmax>
      <ymax>1150.2351954142252</ymax>
    </bndbox>
    <attributes>
      <attribute>
        <name>keyframe</name>
        <value>True</value>
      </attribute>
      <attribute>
        <name>track_id</name>
        <value>146</value>
      </attribute>
    </attributes>
  </object>
  <object>
    <name>vehicule</name>
    <occluded>0</occluded>
    <bndbox>
      <xmin>1828.31125</xmin>
      <ymin>832.72248046875</ymin>
      <xmax>1936.0044140625007</xmax>
      <ymax>870.9682507324211</ymax>
    </bndbox>
    <attributes>
      <attribute>
        <name>keyframe</name>
        <value>True</value>
      </attribute>
      <attribute>
        <name>track_id</name>
        <value>147</value>
      </attribute>
    </attributes>
  </object>
  <object>
    <name>vehicule</name>
    <occluded>0</occluded>
    <bndbox>
      <xmin>1969.4048828125</xmin>
      <ymin>823.15615234375</ymin>
      <xmax>2071.8921188354493</xmax>
      <ymax>877.8299728393555</ymax>
    </bndbox>
    <attributes>
      <attribute>
        <name>keyframe</name>
        <value>True</value>
      </attribute>
      <attribute>
        <name>track_id</name>
        <value>148</value>
      </attribute>
    </attributes>
  </object>
  <object>
    <name>vehicule</name>
    <occluded>0</occluded>
    <bndbox>
      <xmin>703.909716796875</xmin>
      <ymin>1087.216943359375</ymin>
      <xmax>893.250537109375</xmax>
      <ymax>1165.3851791381835</ymax>
    </bndbox>
    <attributes>
      <attribute>
        <name>keyframe</name>
        <value>True</value>
      </attribute>
      <attribute>
        <name>track_id</name>
        <value>149</value>
      </attribute>
    </attributes>
  </object>
  <object>
    <name>vehicule</name>
    <occluded>0</occluded>
    <bndbox>
      <xmin>583.38310546875</xmin>
      <ymin>1153.837451171875</ymin>
      <xmax>776.1980926513672</xmax>
      <ymax>1242.4281188964844</ymax>
    </bndbox>
    <attributes>
      <attribute>
        <name>keyframe</name>
        <value>True</value>
      </attribute>
      <attribute>
        <name>track_id</name>
        <value>150</value>
      </attribute>
    </attributes>
  </object>
  <object>
    <name>vehicule</name>
    <occluded>0</occluded>
    <bndbox>
      <xmin>451.65029296875</xmin>
      <ymin>895.095703125</ymin>
      <xmax>555.1685401916504</xmax>
      <ymax>958.2699562072754</ymax>
    </bndbox>
    <attributes>
      <attribute>
        <name>keyframe</name>
        <value>True</value>
      </attribute>
      <attribute>
        <name>track_id</name>
        <value>151</value>
      </attribute>
    </attributes>
  </object>
</annotation>
