<annotation>
  <folder>frame</folder>
  <filename>frame_001914.jpg</filename>
  <source>
    <database>Unknown</database>
    <annotation>Unknown</annotation>
    <image>Unknown</image>
  </source>
  <size>
    <width>2456</width>
    <height>2054</height>
    <depth>3</depth>
  </size>
  <segmented>0</segmented>
  <object>
    <name>vehicule</name>
    <occluded>0</occluded>
    <bndbox>
      <xmin>1910.5150787870762</xmin>
      <ymin>819.4846894862288</ymin>
      <xmax>1981.6570740263332</xmax>
      <ymax>865.4169137599105</ymax>
    </bndbox>
    <attributes>
      <attribute>
        <name>keyframe</name>
        <value>True</value>
      </attribute>
      <attribute>
        <name>track_id</name>
        <value>146</value>
      </attribute>
    </attributes>
  </object>
  <object>
    <name>vehicule</name>
    <occluded>0</occluded>
    <bndbox>
      <xmin>44.4970703125</xmin>
      <ymin>1303.024283854167</ymin>
      <xmax>232.4067382812509</xmax>
      <ymax>1447.2293980916336</ymax>
    </bndbox>
    <attributes>
      <attribute>
        <name>keyframe</name>
        <value>True</value>
      </attribute>
      <attribute>
        <name>track_id</name>
        <value>147</value>
      </attribute>
    </attributes>
  </object>
  <object>
    <name>vehicule</name>
    <occluded>0</occluded>
    <bndbox>
      <xmin>461.5081380208333</xmin>
      <ymin>1029.750000000001</ymin>
      <xmax>559.1833333333334</xmax>
      <ymax>1130.1627248128254</ymax>
    </bndbox>
    <attributes>
      <attribute>
        <name>keyframe</name>
        <value>True</value>
      </attribute>
      <attribute>
        <name>track_id</name>
        <value>148</value>
      </attribute>
    </attributes>
  </object>
  <object>
    <name>vehicule</name>
    <occluded>0</occluded>
    <bndbox>
      <xmin>669.885498046875</xmin>
      <ymin>884.1057617187503</ymin>
      <xmax>784.9099609375003</xmax>
      <ymax>945.6961795806874</ymax>
    </bndbox>
    <attributes>
      <attribute>
        <name>keyframe</name>
        <value>True</value>
      </attribute>
      <attribute>
        <name>track_id</name>
        <value>153</value>
      </attribute>
    </attributes>
  </object>
  <object>
    <name>vehicule</name>
    <occluded>0</occluded>
    <bndbox>
      <xmin>1433.6806640625</xmin>
      <ymin>821.0595703125</ymin>
      <xmax>1531.4294891357422</xmax>
      <ymax>872.5710914611809</ymax>
    </bndbox>
    <attributes>
      <attribute>
        <name>keyframe</name>
        <value>True</value>
      </attribute>
      <attribute>
        <name>track_id</name>
        <value>155</value>
      </attribute>
    </attributes>
  </object>
  <object>
    <name>vehicule</name>
    <occluded>0</occluded>
    <bndbox>
      <xmin>1851.214689555921</xmin>
      <ymin>820.5461040296053</ymin>
      <xmax>1920.6336333425418</xmax>
      <ymax>878.4720836438631</ymax>
    </bndbox>
    <attributes>
      <attribute>
        <name>keyframe</name>
        <value>True</value>
      </attribute>
      <attribute>
        <name>track_id</name>
        <value>163</value>
      </attribute>
    </attributes>
  </object>
  <object>
    <name>vehicule</name>
    <occluded>0</occluded>
    <bndbox>
      <xmin>1896.0218505859375</xmin>
      <ymin>865.8555664062501</ymin>
      <xmax>1972.5583740234379</xmax>
      <ymax>926.9243164062486</ymax>
    </bndbox>
    <attributes>
      <attribute>
        <name>keyframe</name>
        <value>True</value>
      </attribute>
      <attribute>
        <name>track_id</name>
        <value>166</value>
      </attribute>
    </attributes>
  </object>
  <object>
    <name>vehicule</name>
    <occluded>0</occluded>
    <bndbox>
      <xmin>1898.5140991210944</xmin>
      <ymin>909.9480590820312</ymin>
      <xmax>1969.286422920227</xmax>
      <ymax>985.7437500000015</ymax>
    </bndbox>
    <attributes>
      <attribute>
        <name>keyframe</name>
        <value>True</value>
      </attribute>
      <attribute>
        <name>track_id</name>
        <value>169</value>
      </attribute>
    </attributes>
  </object>
  <object>
    <name>vehicule</name>
    <occluded>0</occluded>
    <bndbox>
      <xmin>883.3994140625</xmin>
      <ymin>839.9951171875</ymin>
      <xmax>1002.8994155883775</xmax>
      <ymax>894.9600044250474</ymax>
    </bndbox>
    <attributes>
      <attribute>
        <name>keyframe</name>
        <value>True</value>
      </attribute>
      <attribute>
        <name>track_id</name>
        <value>174</value>
      </attribute>
    </attributes>
  </object>
  <object>
    <name>vehicule</name>
    <occluded>0</occluded>
    <bndbox>
      <xmin>1742.5675537109375</xmin>
      <ymin>804.602880859375</ymin>
      <xmax>1826.5983993530274</xmax>
      <ymax>843.6217122524829</ymax>
    </bndbox>
    <attributes>
      <attribute>
        <name>keyframe</name>
        <value>True</value>
      </attribute>
      <attribute>
        <name>track_id</name>
        <value>175</value>
      </attribute>
    </attributes>
  </object>
  <object>
    <name>vehicule</name>
    <occluded>0</occluded>
    <bndbox>
      <xmin>2074.8955078125</xmin>
      <ymin>872.1873168945316</ymin>
      <xmax>2140.207428550721</xmax>
      <ymax>930.7033540725708</ymax>
    </bndbox>
    <attributes>
      <attribute>
        <name>keyframe</name>
        <value>True</value>
      </attribute>
      <attribute>
        <name>track_id</name>
        <value>179</value>
      </attribute>
    </attributes>
  </object>
  <object>
    <name>vehicule</name>
    <occluded>0</occluded>
    <bndbox>
      <xmin>139.06477864583331</xmin>
      <ymin>935.662760416667</ymin>
      <xmax>270.2263346354175</xmax>
      <ymax>1007.2853226979572</ymax>
    </bndbox>
    <attributes>
      <attribute>
        <name>keyframe</name>
        <value>True</value>
      </attribute>
      <attribute>
        <name>track_id</name>
        <value>181</value>
      </attribute>
    </attributes>
  </object>
  <object>
    <name>vehicule</name>
    <occluded>0</occluded>
    <bndbox>
      <xmin>1950.019897460938</xmin>
      <ymin>950.0015869140625</ymin>
      <xmax>2031.749724960327</xmax>
      <ymax>1022.0367789268494</ymax>
    </bndbox>
    <attributes>
      <attribute>
        <name>keyframe</name>
        <value>True</value>
      </attribute>
      <attribute>
        <name>track_id</name>
        <value>182</value>
      </attribute>
    </attributes>
  </object>
  <object>
    <name>vehicule</name>
    <occluded>0</occluded>
    <bndbox>
      <xmin>1058.2236328125</xmin>
      <ymin>832.5498046875</ymin>
      <xmax>1165.3430633544922</xmax>
      <ymax>880.319278717041</ymax>
    </bndbox>
    <attributes>
      <attribute>
        <name>keyframe</name>
        <value>True</value>
      </attribute>
      <attribute>
        <name>track_id</name>
        <value>183</value>
      </attribute>
    </attributes>
  </object>
  <object>
    <name>vehicule</name>
    <occluded>0</occluded>
    <bndbox>
      <xmin>557.46875</xmin>
      <ymin>915.625</ymin>
      <xmax>651.8250000000007</xmax>
      <ymax>993.299994468689</ymax>
    </bndbox>
    <attributes>
      <attribute>
        <name>keyframe</name>
        <value>True</value>
      </attribute>
      <attribute>
        <name>track_id</name>
        <value>184</value>
      </attribute>
    </attributes>
  </object>
  <object>
    <name>vehicule</name>
    <occluded>0</occluded>
    <bndbox>
      <xmin>1320.20025390625</xmin>
      <ymin>810.23056640625</ymin>
      <xmax>1411.4833731079102</xmax>
      <ymax>859.737116241455</ymax>
    </bndbox>
    <attributes>
      <attribute>
        <name>keyframe</name>
        <value>True</value>
      </attribute>
      <attribute>
        <name>track_id</name>
        <value>189</value>
      </attribute>
    </attributes>
  </object>
  <object>
    <name>vehicule</name>
    <occluded>0</occluded>
    <bndbox>
      <xmin>1181.99955078125</xmin>
      <ymin>806.4440625</ymin>
      <xmax>1291.5219277954102</xmax>
      <ymax>868.9786465454101</ymax>
    </bndbox>
    <attributes>
      <attribute>
        <name>keyframe</name>
        <value>True</value>
      </attribute>
      <attribute>
        <name>track_id</name>
        <value>190</value>
      </attribute>
    </attributes>
  </object>
</annotation>
