<annotation>
  <folder>frame</folder>
  <filename>frame_004042.jpg</filename>
  <source>
    <database>Unknown</database>
    <annotation>Unknown</annotation>
    <image>Unknown</image>
  </source>
  <size>
    <width>2456</width>
    <height>2054</height>
    <depth>3</depth>
  </size>
  <segmented>0</segmented>
  <object>
    <name>vehicule</name>
    <occluded>0</occluded>
    <bndbox>
      <xmin>1028.9172881155303</xmin>
      <ymin>824.2939657998252</ymin>
      <xmax>1092.433387261949</xmax>
      <ymax>871.4061974372064</ymax>
    </bndbox>
    <attributes>
      <attribute>
        <name>keyframe</name>
        <value>True</value>
      </attribute>
      <attribute>
        <name>track_id</name>
        <value>201</value>
      </attribute>
    </attributes>
  </object>
  <object>
    <name>vehicule</name>
    <occluded>0</occluded>
    <bndbox>
      <xmin>922.8231975446429</xmin>
      <ymin>807.9663716517862</ymin>
      <xmax>1008.3167522321432</xmax>
      <ymax>852.7663739406034</ymax>
    </bndbox>
    <attributes>
      <attribute>
        <name>keyframe</name>
        <value>True</value>
      </attribute>
      <attribute>
        <name>track_id</name>
        <value>203</value>
      </attribute>
    </attributes>
  </object>
  <object>
    <name>vehicule</name>
    <occluded>0</occluded>
    <bndbox>
      <xmin>1026.7020041179187</xmin>
      <ymin>790.8600985221681</ymin>
      <xmax>1099.9658713054198</xmax>
      <ymax>836.2182047801653</ymax>
    </bndbox>
    <attributes>
      <attribute>
        <name>keyframe</name>
        <value>True</value>
      </attribute>
      <attribute>
        <name>track_id</name>
        <value>204</value>
      </attribute>
    </attributes>
  </object>
  <object>
    <name>vehicule</name>
    <occluded>0</occluded>
    <bndbox>
      <xmin>1142.925815083662</xmin>
      <ymin>807.3776067298228</ymin>
      <xmax>1204.4758120319027</xmax>
      <ymax>862.2446619709656</ymax>
    </bndbox>
    <attributes>
      <attribute>
        <name>keyframe</name>
        <value>True</value>
      </attribute>
      <attribute>
        <name>track_id</name>
        <value>207</value>
      </attribute>
    </attributes>
  </object>
  <object>
    <name>vehicule</name>
    <occluded>0</occluded>
    <bndbox>
      <xmin>980.1174128605769</xmin>
      <ymin>902.3289592760187</ymin>
      <xmax>1062.0656108597284</xmax>
      <ymax>963.8775057555324</ymax>
    </bndbox>
    <attributes>
      <attribute>
        <name>keyframe</name>
        <value>True</value>
      </attribute>
      <attribute>
        <name>track_id</name>
        <value>219</value>
      </attribute>
    </attributes>
  </object>
  <object>
    <name>vehicule</name>
    <occluded>0</occluded>
    <bndbox>
      <xmin>908.77765625</xmin>
      <ymin>947.3162109375</ymin>
      <xmax>1033.4307690429684</xmax>
      <ymax>1015.7377044677735</ymax>
    </bndbox>
    <attributes>
      <attribute>
        <name>keyframe</name>
        <value>True</value>
      </attribute>
      <attribute>
        <name>track_id</name>
        <value>233</value>
      </attribute>
    </attributes>
  </object>
  <object>
    <name>vehicule</name>
    <occluded>0</occluded>
    <bndbox>
      <xmin>760.861342176259</xmin>
      <ymin>985.7431710881295</ymin>
      <xmax>894.4789203012575</xmax>
      <ymax>1052.3356637639092</ymax>
    </bndbox>
    <attributes>
      <attribute>
        <name>keyframe</name>
        <value>True</value>
      </attribute>
      <attribute>
        <name>track_id</name>
        <value>235</value>
      </attribute>
    </attributes>
  </object>
  <object>
    <name>vehicule</name>
    <occluded>0</occluded>
    <bndbox>
      <xmin>567.9724911971831</xmin>
      <ymin>1026.328160761444</ymin>
      <xmax>738.537048081948</xmax>
      <ymax>1096.1881532695927</ymax>
    </bndbox>
    <attributes>
      <attribute>
        <name>keyframe</name>
        <value>True</value>
      </attribute>
      <attribute>
        <name>track_id</name>
        <value>241</value>
      </attribute>
    </attributes>
  </object>
  <object>
    <name>vehicule</name>
    <occluded>0</occluded>
    <bndbox>
      <xmin>1800.5204927884615</xmin>
      <ymin>763.2492487980769</ymin>
      <xmax>1877.1727373563313</xmax>
      <ymax>816.1811899038465</ymax>
    </bndbox>
    <attributes>
      <attribute>
        <name>keyframe</name>
        <value>True</value>
      </attribute>
      <attribute>
        <name>track_id</name>
        <value>252</value>
      </attribute>
    </attributes>
  </object>
  <object>
    <name>vehicule</name>
    <occluded>0</occluded>
    <bndbox>
      <xmin>1672.5432692307693</xmin>
      <ymin>814.3713792067311</ymin>
      <xmax>1757.32432391827</xmax>
      <ymax>864.1446168165941</ymax>
    </bndbox>
    <attributes>
      <attribute>
        <name>keyframe</name>
        <value>True</value>
      </attribute>
      <attribute>
        <name>track_id</name>
        <value>256</value>
      </attribute>
    </attributes>
  </object>
  <object>
    <name>vehicule</name>
    <occluded>0</occluded>
    <bndbox>
      <xmin>1655.5721153846155</xmin>
      <ymin>784.9232572115395</ymin>
      <xmax>1754.6026428222651</xmax>
      <ymax>822.3966985262357</ymax>
    </bndbox>
    <attributes>
      <attribute>
        <name>keyframe</name>
        <value>True</value>
      </attribute>
      <attribute>
        <name>track_id</name>
        <value>257</value>
      </attribute>
    </attributes>
  </object>
  <object>
    <name>vehicule</name>
    <occluded>0</occluded>
    <bndbox>
      <xmin>140.26802201704547</xmin>
      <ymin>889.72265625</ymin>
      <xmax>242.73554687500143</xmax>
      <ymax>948.1872426813293</ymax>
    </bndbox>
    <attributes>
      <attribute>
        <name>keyframe</name>
        <value>True</value>
      </attribute>
      <attribute>
        <name>track_id</name>
        <value>259</value>
      </attribute>
    </attributes>
  </object>
  <object>
    <name>vehicule</name>
    <occluded>0</occluded>
    <bndbox>
      <xmin>479.57872596153845</xmin>
      <ymin>823.6382211538462</ymin>
      <xmax>614.3129056490392</xmax>
      <ymax>880.2493043752806</ymax>
    </bndbox>
    <attributes>
      <attribute>
        <name>keyframe</name>
        <value>True</value>
      </attribute>
      <attribute>
        <name>track_id</name>
        <value>260</value>
      </attribute>
    </attributes>
  </object>
  <object>
    <name>vehicule</name>
    <occluded>0</occluded>
    <bndbox>
      <xmin>1436.6358924278845</xmin>
      <ymin>846.3932542067307</ymin>
      <xmax>1535.8846153846157</xmax>
      <ymax>906.2725510817311</ymax>
    </bndbox>
    <attributes>
      <attribute>
        <name>keyframe</name>
        <value>True</value>
      </attribute>
      <attribute>
        <name>track_id</name>
        <value>261</value>
      </attribute>
    </attributes>
  </object>
  <object>
    <name>vehicule</name>
    <occluded>0</occluded>
    <bndbox>
      <xmin>669.9142878605769</xmin>
      <ymin>795.4178936298077</ymin>
      <xmax>785.0553034855773</xmax>
      <ymax>853.4328289325414</ymax>
    </bndbox>
    <attributes>
      <attribute>
        <name>keyframe</name>
        <value>True</value>
      </attribute>
      <attribute>
        <name>track_id</name>
        <value>262</value>
      </attribute>
    </attributes>
  </object>
  <object>
    <name>vehicule</name>
    <occluded>0</occluded>
    <bndbox>
      <xmin>1352.3584735576924</xmin>
      <ymin>908.9483173076923</ymin>
      <xmax>1479.2307692307693</xmax>
      <ymax>978.631715745193</ymax>
    </bndbox>
    <attributes>
      <attribute>
        <name>keyframe</name>
        <value>True</value>
      </attribute>
      <attribute>
        <name>track_id</name>
        <value>263</value>
      </attribute>
    </attributes>
  </object>
  <object>
    <name>vehicule</name>
    <occluded>0</occluded>
    <bndbox>
      <xmin>1105.8461538461538</xmin>
      <ymin>916.9799579326937</ymin>
      <xmax>1228.9065504807693</xmax>
      <ymax>988.9985141460711</ymax>
    </bndbox>
    <attributes>
      <attribute>
        <name>keyframe</name>
        <value>True</value>
      </attribute>
      <attribute>
        <name>track_id</name>
        <value>264</value>
      </attribute>
    </attributes>
  </object>
  <object>
    <name>vehicule</name>
    <occluded>0</occluded>
    <bndbox>
      <xmin>861.7082331730769</xmin>
      <ymin>1019.4549278846154</ymin>
      <xmax>1022.4461538461549</xmax>
      <ymax>1098.479927884617</ymax>
    </bndbox>
    <attributes>
      <attribute>
        <name>keyframe</name>
        <value>True</value>
      </attribute>
      <attribute>
        <name>track_id</name>
        <value>267</value>
      </attribute>
    </attributes>
  </object>
  <object>
    <name>vehicule</name>
    <occluded>0</occluded>
    <bndbox>
      <xmin>1082.8356370192307</xmin>
      <ymin>999.3623798076923</ymin>
      <xmax>1210.8307692307706</xmax>
      <ymax>1082.803124882625</ymax>
    </bndbox>
    <attributes>
      <attribute>
        <name>keyframe</name>
        <value>True</value>
      </attribute>
      <attribute>
        <name>track_id</name>
        <value>268</value>
      </attribute>
    </attributes>
  </object>
  <object>
    <name>vehicule</name>
    <occluded>0</occluded>
    <bndbox>
      <xmin>590.6803635817307</xmin>
      <ymin>1065.4891075721155</ymin>
      <xmax>744.6660966139573</xmax>
      <ymax>1142.7799278846162</ymax>
    </bndbox>
    <attributes>
      <attribute>
        <name>keyframe</name>
        <value>True</value>
      </attribute>
      <attribute>
        <name>track_id</name>
        <value>269</value>
      </attribute>
    </attributes>
  </object>
  <object>
    <name>vehicule</name>
    <occluded>0</occluded>
    <bndbox>
      <xmin>839.8306790865385</xmin>
      <ymin>784.883653846154</ymin>
      <xmax>939.7123090303861</xmax>
      <ymax>826.0016998877892</ymax>
    </bndbox>
    <attributes>
      <attribute>
        <name>keyframe</name>
        <value>True</value>
      </attribute>
      <attribute>
        <name>track_id</name>
        <value>270</value>
      </attribute>
    </attributes>
  </object>
  <object>
    <name>vehicule</name>
    <occluded>0</occluded>
    <bndbox>
      <xmin>1006.4903846153846</xmin>
      <ymin>765.6572265625</ymin>
      <xmax>1102.0293326744666</xmax>
      <ymax>809.0840225219727</ymax>
    </bndbox>
    <attributes>
      <attribute>
        <name>keyframe</name>
        <value>True</value>
      </attribute>
      <attribute>
        <name>track_id</name>
        <value>271</value>
      </attribute>
    </attributes>
  </object>
  <object>
    <name>vehicule</name>
    <occluded>0</occluded>
    <bndbox>
      <xmin>685.2843149038462</xmin>
      <ymin>1111.5430438701924</ymin>
      <xmax>858.9632519061762</xmax>
      <ymax>1210.491474327674</ymax>
    </bndbox>
    <attributes>
      <attribute>
        <name>keyframe</name>
        <value>True</value>
      </attribute>
      <attribute>
        <name>track_id</name>
        <value>272</value>
      </attribute>
    </attributes>
  </object>
  <object>
    <name>vehicule</name>
    <occluded>0</occluded>
    <bndbox>
      <xmin>412.39230769230915</xmin>
      <ymin>1125.486102764423</ymin>
      <xmax>601.0829596886268</xmax>
      <ymax>1221.0250508235051</ymax>
    </bndbox>
    <attributes>
      <attribute>
        <name>keyframe</name>
        <value>True</value>
      </attribute>
      <attribute>
        <name>track_id</name>
        <value>273</value>
      </attribute>
    </attributes>
  </object>
  <object>
    <name>vehicule</name>
    <occluded>0</occluded>
    <bndbox>
      <xmin>125.03433314732176</xmin>
      <ymin>1115.0375279017858</ymin>
      <xmax>311.13959437779016</xmax>
      <ymax>1220.9989079066686</ymax>
    </bndbox>
    <attributes>
      <attribute>
        <name>keyframe</name>
        <value>True</value>
      </attribute>
      <attribute>
        <name>track_id</name>
        <value>274</value>
      </attribute>
    </attributes>
  </object>
  <object>
    <name>vehicule</name>
    <occluded>0</occluded>
    <bndbox>
      <xmin>1168.0105919471155</xmin>
      <ymin>746.2150691105769</ymin>
      <xmax>1243.6600670447717</xmax>
      <ymax>787.0362551762507</ymax>
    </bndbox>
    <attributes>
      <attribute>
        <name>keyframe</name>
        <value>True</value>
      </attribute>
      <attribute>
        <name>track_id</name>
        <value>275</value>
      </attribute>
    </attributes>
  </object>
  <object>
    <name>vehicule</name>
    <occluded>0</occluded>
    <bndbox>
      <xmin>47.931222098214285</xmin>
      <ymin>880.5853794642857</ymin>
      <xmax>155.7165309361049</xmax>
      <ymax>945.7255695887974</ymax>
    </bndbox>
    <attributes>
      <attribute>
        <name>keyframe</name>
        <value>True</value>
      </attribute>
      <attribute>
        <name>track_id</name>
        <value>276</value>
      </attribute>
    </attributes>
  </object>
  <object>
    <name>vehicule</name>
    <occluded>0</occluded>
    <bndbox>
      <xmin>305.8730893342391</xmin>
      <ymin>831.2016813858696</ymin>
      <xmax>416.2640042512313</xmax>
      <ymax>888.5250494583794</ymax>
    </bndbox>
    <attributes>
      <attribute>
        <name>keyframe</name>
        <value>True</value>
      </attribute>
      <attribute>
        <name>track_id</name>
        <value>277</value>
      </attribute>
    </attributes>
  </object>
  <object>
    <name>vehicule</name>
    <occluded>0</occluded>
    <bndbox>
      <xmin>15.290940504807693</xmin>
      <ymin>1252.6678185096155</ymin>
      <xmax>248.2759563739483</xmax>
      <ymax>1369.490803879958</ymax>
    </bndbox>
    <attributes>
      <attribute>
        <name>keyframe</name>
        <value>True</value>
      </attribute>
      <attribute>
        <name>track_id</name>
        <value>278</value>
      </attribute>
    </attributes>
  </object>
  <object>
    <name>vehicule</name>
    <occluded>0</occluded>
    <bndbox>
      <xmin>117.5943359375</xmin>
      <ymin>844.5275000000001</ymin>
      <xmax>213.9037612915039</xmax>
      <ymax>899.2399450683588</ymax>
    </bndbox>
    <attributes>
      <attribute>
        <name>keyframe</name>
        <value>True</value>
      </attribute>
      <attribute>
        <name>track_id</name>
        <value>280</value>
      </attribute>
    </attributes>
  </object>
</annotation>
