<annotation>
  <folder>frame</folder>
  <filename>frame_000098.jpg</filename>
  <source>
    <database>Unknown</database>
    <annotation>Unknown</annotation>
    <image>Unknown</image>
  </source>
  <size>
    <width>2456</width>
    <height>2054</height>
    <depth>3</depth>
  </size>
  <segmented>0</segmented>
  <object>
    <name>vehicule</name>
    <occluded>0</occluded>
    <bndbox>
      <xmin>1476.918250000001</xmin>
      <ymin>1042.1996484375</ymin>
      <xmax>1609.8010106201168</xmax>
      <ymax>1137.6787500000014</ymax>
    </bndbox>
    <attributes>
      <attribute>
        <name>keyframe</name>
        <value>True</value>
      </attribute>
      <attribute>
        <name>track_id</name>
        <value>0</value>
      </attribute>
    </attributes>
  </object>
  <object>
    <name>vehicule</name>
    <occluded>0</occluded>
    <bndbox>
      <xmin>239.45549665178572</xmin>
      <ymin>1130.968571428572</ymin>
      <xmax>390.22285714285795</xmax>
      <ymax>1263.5995529174804</ymax>
    </bndbox>
    <attributes>
      <attribute>
        <name>keyframe</name>
        <value>True</value>
      </attribute>
      <attribute>
        <name>track_id</name>
        <value>1</value>
      </attribute>
    </attributes>
  </object>
  <object>
    <name>vehicule</name>
    <occluded>0</occluded>
    <bndbox>
      <xmin>561.6806919642858</xmin>
      <ymin>901.5200000000013</ymin>
      <xmax>682.67142857143</xmax>
      <ymax>996.8508228846958</ymax>
    </bndbox>
    <attributes>
      <attribute>
        <name>keyframe</name>
        <value>True</value>
      </attribute>
      <attribute>
        <name>track_id</name>
        <value>2</value>
      </attribute>
    </attributes>
  </object>
  <object>
    <name>vehicule</name>
    <occluded>0</occluded>
    <bndbox>
      <xmin>756.3440755208333</xmin>
      <ymin>1340.5416666666677</ymin>
      <xmax>1025.5102864583343</xmax>
      <ymax>1493.048355102539</ymax>
    </bndbox>
    <attributes>
      <attribute>
        <name>keyframe</name>
        <value>True</value>
      </attribute>
      <attribute>
        <name>track_id</name>
        <value>3</value>
      </attribute>
    </attributes>
  </object>
  <object>
    <name>vehicule</name>
    <occluded>0</occluded>
    <bndbox>
      <xmin>1529.4659926470588</xmin>
      <ymin>781.3651194852941</ymin>
      <xmax>1629.469439876781</xmax>
      <ymax>830.0031314176672</ymax>
    </bndbox>
    <attributes>
      <attribute>
        <name>keyframe</name>
        <value>True</value>
      </attribute>
      <attribute>
        <name>track_id</name>
        <value>5</value>
      </attribute>
    </attributes>
  </object>
  <object>
    <name>vehicule</name>
    <occluded>0</occluded>
    <bndbox>
      <xmin>1969.4625</xmin>
      <ymin>884.9021484375</ymin>
      <xmax>2068.3893286132816</xmax>
      <ymax>946.4234420776368</ymax>
    </bndbox>
    <attributes>
      <attribute>
        <name>keyframe</name>
        <value>True</value>
      </attribute>
      <attribute>
        <name>track_id</name>
        <value>6</value>
      </attribute>
    </attributes>
  </object>
  <object>
    <name>vehicule</name>
    <occluded>0</occluded>
    <bndbox>
      <xmin>1673.5528515625003</xmin>
      <ymin>1111.6608203125004</ymin>
      <xmax>1856.3499902343742</xmax>
      <ymax>1224.8655328369132</ymax>
    </bndbox>
    <attributes>
      <attribute>
        <name>keyframe</name>
        <value>True</value>
      </attribute>
      <attribute>
        <name>track_id</name>
        <value>400</value>
      </attribute>
    </attributes>
  </object>
  <object>
    <name>vehicule</name>
    <occluded>0</occluded>
    <bndbox>
      <xmin>1836.5607421875</xmin>
      <ymin>1038.87421875</ymin>
      <xmax>1988.9961724853515</xmax>
      <ymax>1132.6898828125006</ymax>
    </bndbox>
    <attributes>
      <attribute>
        <name>keyframe</name>
        <value>True</value>
      </attribute>
      <attribute>
        <name>track_id</name>
        <value>401</value>
      </attribute>
    </attributes>
  </object>
  <object>
    <name>vehicule</name>
    <occluded>0</occluded>
    <bndbox>
      <xmin>2047.940000000001</xmin>
      <ymin>977.5575390625003</ymin>
      <xmax>2129.3466918945314</xmax>
      <ymax>1053.9570300292974</ymax>
    </bndbox>
    <attributes>
      <attribute>
        <name>keyframe</name>
        <value>True</value>
      </attribute>
      <attribute>
        <name>track_id</name>
        <value>402</value>
      </attribute>
    </attributes>
  </object>
  <object>
    <name>vehicule</name>
    <occluded>0</occluded>
    <bndbox>
      <xmin>1649.6378255208333</xmin>
      <ymin>1024.9052083333333</ymin>
      <xmax>1801.1376118977864</xmax>
      <ymax>1105.75260365804</ymax>
    </bndbox>
    <attributes>
      <attribute>
        <name>keyframe</name>
        <value>True</value>
      </attribute>
      <attribute>
        <name>track_id</name>
        <value>403</value>
      </attribute>
    </attributes>
  </object>
  <object>
    <name>vehicule</name>
    <occluded>0</occluded>
    <bndbox>
      <xmin>1815.9925000000003</xmin>
      <ymin>971.6022265625004</ymin>
      <xmax>1913.7267578125</xmax>
      <ymax>1049.0084362792963</ymax>
    </bndbox>
    <attributes>
      <attribute>
        <name>keyframe</name>
        <value>True</value>
      </attribute>
      <attribute>
        <name>track_id</name>
        <value>404</value>
      </attribute>
    </attributes>
  </object>
  <object>
    <name>vehicule</name>
    <occluded>0</occluded>
    <bndbox>
      <xmin>1723.0677734375</xmin>
      <ymin>815.8961328125006</ymin>
      <xmax>1798.8401153564441</xmax>
      <ymax>873.7632815551763</ymax>
    </bndbox>
    <attributes>
      <attribute>
        <name>keyframe</name>
        <value>True</value>
      </attribute>
      <attribute>
        <name>track_id</name>
        <value>405</value>
      </attribute>
    </attributes>
  </object>
  <object>
    <name>vehicule</name>
    <occluded>0</occluded>
    <bndbox>
      <xmin>2144.6421875</xmin>
      <ymin>928.589453125</ymin>
      <xmax>2226.6720703125015</xmax>
      <ymax>1001.9462890625003</ymax>
    </bndbox>
    <attributes>
      <attribute>
        <name>keyframe</name>
        <value>True</value>
      </attribute>
      <attribute>
        <name>track_id</name>
        <value>406</value>
      </attribute>
    </attributes>
  </object>
  <object>
    <name>vehicule</name>
    <occluded>0</occluded>
    <bndbox>
      <xmin>452.9396763392857</xmin>
      <ymin>989.8600000000006</ymin>
      <xmax>589.085714285715</xmax>
      <ymax>1110.8818261282784</ymax>
    </bndbox>
    <attributes>
      <attribute>
        <name>keyframe</name>
        <value>True</value>
      </attribute>
      <attribute>
        <name>track_id</name>
        <value>411</value>
      </attribute>
    </attributes>
  </object>
  <object>
    <name>vehicule</name>
    <occluded>0</occluded>
    <bndbox>
      <xmin>1174.3294566761363</xmin>
      <ymin>814.8773366477276</ymin>
      <xmax>1286.9277385364878</xmax>
      <ymax>870.6106991854581</ymax>
    </bndbox>
    <attributes>
      <attribute>
        <name>keyframe</name>
        <value>True</value>
      </attribute>
      <attribute>
        <name>track_id</name>
        <value>412</value>
      </attribute>
    </attributes>
  </object>
  <object>
    <name>vehicule</name>
    <occluded>0</occluded>
    <bndbox>
      <xmin>2076.1900390625</xmin>
      <ymin>858.8470703125</ymin>
      <xmax>2167.1763595581056</xmax>
      <ymax>925.3628906250011</ymax>
    </bndbox>
    <attributes>
      <attribute>
        <name>keyframe</name>
        <value>True</value>
      </attribute>
      <attribute>
        <name>track_id</name>
        <value>413</value>
      </attribute>
    </attributes>
  </object>
  <object>
    <name>vehicule</name>
    <occluded>0</occluded>
    <bndbox>
      <xmin>2012.4951171875</xmin>
      <ymin>813.8203125</ymin>
      <xmax>2085.3353515625004</xmax>
      <ymax>869.4680877685532</ymax>
    </bndbox>
    <attributes>
      <attribute>
        <name>keyframe</name>
        <value>True</value>
      </attribute>
      <attribute>
        <name>track_id</name>
        <value>414</value>
      </attribute>
    </attributes>
  </object>
  <object>
    <name>vehicule</name>
    <occluded>0</occluded>
    <bndbox>
      <xmin>1830.890234375</xmin>
      <ymin>811.9619140625</ymin>
      <xmax>1902.0600000000009</xmax>
      <ymax>868.1533111572259</ymax>
    </bndbox>
    <attributes>
      <attribute>
        <name>keyframe</name>
        <value>True</value>
      </attribute>
      <attribute>
        <name>track_id</name>
        <value>415</value>
      </attribute>
    </attributes>
  </object>
  <object>
    <name>vehicule</name>
    <occluded>0</occluded>
    <bndbox>
      <xmin>1897.8632161458333</xmin>
      <ymin>841.1374348958333</ymin>
      <xmax>1997.6723958333348</xmax>
      <ymax>898.0182942708333</ymax>
    </bndbox>
    <attributes>
      <attribute>
        <name>keyframe</name>
        <value>True</value>
      </attribute>
      <attribute>
        <name>track_id</name>
        <value>416</value>
      </attribute>
    </attributes>
  </object>
  <object>
    <name>vehicule</name>
    <occluded>0</occluded>
    <bndbox>
      <xmin>1588.1050988133977</xmin>
      <ymin>824.1685701161356</ymin>
      <xmax>1696.3149453099797</xmax>
      <ymax>872.1951318531961</ymax>
    </bndbox>
    <attributes>
      <attribute>
        <name>keyframe</name>
        <value>True</value>
      </attribute>
      <attribute>
        <name>track_id</name>
        <value>417</value>
      </attribute>
    </attributes>
  </object>
  <object>
    <name>vehicule</name>
    <occluded>0</occluded>
    <bndbox>
      <xmin>1337.0005417554983</xmin>
      <ymin>803.3445266915395</ymin>
      <xmax>1439.2070694654592</xmax>
      <ymax>860.376070423229</ymax>
    </bndbox>
    <attributes>
      <attribute>
        <name>keyframe</name>
        <value>True</value>
      </attribute>
      <attribute>
        <name>track_id</name>
        <value>418</value>
      </attribute>
    </attributes>
  </object>
</annotation>
