<annotation>
  <folder>frame</folder>
  <filename>frame_001156.jpg</filename>
  <source>
    <database>Unknown</database>
    <annotation>Unknown</annotation>
    <image>Unknown</image>
  </source>
  <size>
    <width>2456</width>
    <height>2054</height>
    <depth>3</depth>
  </size>
  <segmented>0</segmented>
  <object>
    <name>vehicule</name>
    <occluded>0</occluded>
    <bndbox>
      <xmin>2140.892578125</xmin>
      <ymin>676.2724609375</ymin>
      <xmax>2456.0</xmax>
      <ymax>974.6121215820312</ymax>
    </bndbox>
    <attributes>
      <attribute>
        <name>keyframe</name>
        <value>True</value>
      </attribute>
      <attribute>
        <name>track_id</name>
        <value>173</value>
      </attribute>
    </attributes>
  </object>
  <object>
    <name>vehicule</name>
    <occluded>0</occluded>
    <bndbox>
      <xmin>1913.95068359375</xmin>
      <ymin>94.11103515625018</ymin>
      <xmax>1996.9704101562502</xmax>
      <ymax>234.18404693603497</ymax>
    </bndbox>
    <attributes>
      <attribute>
        <name>keyframe</name>
        <value>True</value>
      </attribute>
      <attribute>
        <name>track_id</name>
        <value>175</value>
      </attribute>
    </attributes>
  </object>
  <object>
    <name>vehicule</name>
    <occluded>0</occluded>
    <bndbox>
      <xmin>1740.19189453125</xmin>
      <ymin>48.762792968750546</ymin>
      <xmax>1871.1735763549805</xmax>
      <ymax>183.6119155883789</ymax>
    </bndbox>
    <attributes>
      <attribute>
        <name>keyframe</name>
        <value>True</value>
      </attribute>
      <attribute>
        <name>track_id</name>
        <value>176</value>
      </attribute>
    </attributes>
  </object>
</annotation>
