<annotation>
  <folder>frame</folder>
  <filename>frame_001175.jpg</filename>
  <source>
    <database>Unknown</database>
    <annotation>Unknown</annotation>
    <image>Unknown</image>
  </source>
  <size>
    <width>2456</width>
    <height>2054</height>
    <depth>3</depth>
  </size>
  <segmented>0</segmented>
  <object>
    <name>vehicule</name>
    <occluded>0</occluded>
    <bndbox>
      <xmin>1978.5703125</xmin>
      <ymin>279.3251139322917</ymin>
      <xmax>2069.3900390625004</xmax>
      <ymax>419.3981257120765</ymax>
    </bndbox>
    <attributes>
      <attribute>
        <name>keyframe</name>
        <value>True</value>
      </attribute>
      <attribute>
        <name>track_id</name>
        <value>175</value>
      </attribute>
    </attributes>
  </object>
  <object>
    <name>vehicule</name>
    <occluded>0</occluded>
    <bndbox>
      <xmin>1691.4000000000015</xmin>
      <ymin>256.0166015625</ymin>
      <xmax>1882.8575744628906</xmax>
      <ymax>450.9523733774804</ymax>
    </bndbox>
    <attributes>
      <attribute>
        <name>keyframe</name>
        <value>True</value>
      </attribute>
      <attribute>
        <name>track_id</name>
        <value>176</value>
      </attribute>
    </attributes>
  </object>
</annotation>
