<annotation>
  <folder>frame</folder>
  <filename>frame_000837.jpg</filename>
  <source>
    <database>Unknown</database>
    <annotation>Unknown</annotation>
    <image>Unknown</image>
  </source>
  <size>
    <width>2456</width>
    <height>2054</height>
    <depth>3</depth>
  </size>
  <segmented>0</segmented>
  <object>
    <name>vehicule</name>
    <occluded>0</occluded>
    <bndbox>
      <xmin>0.0</xmin>
      <ymin>772.8505859375</ymin>
      <xmax>311.1697265625007</xmax>
      <ymax>1003.6522613525376</ymax>
    </bndbox>
    <attributes>
      <attribute>
        <name>keyframe</name>
        <value>True</value>
      </attribute>
      <attribute>
        <name>track_id</name>
        <value>149</value>
      </attribute>
    </attributes>
  </object>
  <object>
    <name>vehicule</name>
    <occluded>0</occluded>
    <bndbox>
      <xmin>918.4768880208333</xmin>
      <ymin>494.1111111111111</ymin>
      <xmax>1261.3666666666677</xmax>
      <ymax>714.0551079644097</ymax>
    </bndbox>
    <attributes>
      <attribute>
        <name>keyframe</name>
        <value>True</value>
      </attribute>
      <attribute>
        <name>track_id</name>
        <value>152</value>
      </attribute>
    </attributes>
  </object>
  <object>
    <name>vehicule</name>
    <occluded>0</occluded>
    <bndbox>
      <xmin>1230.840603298611</xmin>
      <ymin>100.85319010416667</ymin>
      <xmax>1544.6461452907986</xmax>
      <ymax>259.0526835123698</ymax>
    </bndbox>
    <attributes>
      <attribute>
        <name>keyframe</name>
        <value>True</value>
      </attribute>
      <attribute>
        <name>track_id</name>
        <value>153</value>
      </attribute>
    </attributes>
  </object>
  <object>
    <name>vehicule</name>
    <occluded>0</occluded>
    <bndbox>
      <xmin>1627.9658420138892</xmin>
      <ymin>288.9880208333339</ymin>
      <xmax>1919.5791354709202</xmax>
      <ymax>449.8129306369358</ymax>
    </bndbox>
    <attributes>
      <attribute>
        <name>keyframe</name>
        <value>True</value>
      </attribute>
      <attribute>
        <name>track_id</name>
        <value>154</value>
      </attribute>
    </attributes>
  </object>
  <object>
    <name>vehicule</name>
    <occluded>0</occluded>
    <bndbox>
      <xmin>2028.033203125</xmin>
      <ymin>1530.1171875</ymin>
      <xmax>2456.0</xmax>
      <ymax>1812.8067993164059</ymax>
    </bndbox>
    <attributes>
      <attribute>
        <name>keyframe</name>
        <value>True</value>
      </attribute>
      <attribute>
        <name>track_id</name>
        <value>155</value>
      </attribute>
    </attributes>
  </object>
  <object>
    <name>vehicule</name>
    <occluded>0</occluded>
    <bndbox>
      <xmin>1827.9076605902778</xmin>
      <ymin>180.41315104166722</ymin>
      <xmax>2118.372321234809</xmax>
      <ymax>308.90469614664715</ymax>
    </bndbox>
    <attributes>
      <attribute>
        <name>keyframe</name>
        <value>True</value>
      </attribute>
      <attribute>
        <name>track_id</name>
        <value>156</value>
      </attribute>
    </attributes>
  </object>
  <object>
    <name>vehicule</name>
    <occluded>0</occluded>
    <bndbox>
      <xmin>2039.9930245535713</xmin>
      <ymin>274.9001116071439</ymin>
      <xmax>2357.785714285714</xmax>
      <ymax>416.4284221104213</ymax>
    </bndbox>
    <attributes>
      <attribute>
        <name>keyframe</name>
        <value>True</value>
      </attribute>
      <attribute>
        <name>track_id</name>
        <value>157</value>
      </attribute>
    </attributes>
  </object>
</annotation>
