<annotation>
  <folder>frame</folder>
  <filename>frame_001805.jpg</filename>
  <source>
    <database>Unknown</database>
    <annotation>Unknown</annotation>
    <image>Unknown</image>
  </source>
  <size>
    <width>2456</width>
    <height>2054</height>
    <depth>3</depth>
  </size>
  <segmented>0</segmented>
  <object>
    <name>vehicule</name>
    <occluded>0</occluded>
    <bndbox>
      <xmin>182.43502103365387</xmin>
      <ymin>681.6461538461551</ymin>
      <xmax>569.6000000000008</xmax>
      <ymax>910.9227283184345</ymax>
    </bndbox>
    <attributes>
      <attribute>
        <name>keyframe</name>
        <value>True</value>
      </attribute>
      <attribute>
        <name>track_id</name>
        <value>199</value>
      </attribute>
    </attributes>
  </object>
  <object>
    <name>vehicule</name>
    <occluded>0</occluded>
    <bndbox>
      <xmin>1136.0205829326924</xmin>
      <ymin>497.23076923077065</ymin>
      <xmax>1447.9384615384622</xmax>
      <ymax>711.4767561692458</ymax>
    </bndbox>
    <attributes>
      <attribute>
        <name>keyframe</name>
        <value>True</value>
      </attribute>
      <attribute>
        <name>track_id</name>
        <value>210</value>
      </attribute>
    </attributes>
  </object>
  <object>
    <name>vehicule</name>
    <occluded>0</occluded>
    <bndbox>
      <xmin>833.9649188701924</xmin>
      <ymin>729.9461538461542</ymin>
      <xmax>1216.3615384615387</xmax>
      <ymax>976.0744276780349</ymax>
    </bndbox>
    <attributes>
      <attribute>
        <name>keyframe</name>
        <value>True</value>
      </attribute>
      <attribute>
        <name>track_id</name>
        <value>231</value>
      </attribute>
    </attributes>
  </object>
  <object>
    <name>vehicule</name>
    <occluded>0</occluded>
    <bndbox>
      <xmin>647.0801532451924</xmin>
      <ymin>492.546153846154</ymin>
      <xmax>964.1076923076935</xmax>
      <ymax>704.9714073768029</ymax>
    </bndbox>
    <attributes>
      <attribute>
        <name>keyframe</name>
        <value>True</value>
      </attribute>
      <attribute>
        <name>track_id</name>
        <value>248</value>
      </attribute>
    </attributes>
  </object>
  <object>
    <name>vehicule</name>
    <occluded>0</occluded>
    <bndbox>
      <xmin>1555.2985276442307</xmin>
      <ymin>337.5277944711538</ymin>
      <xmax>1757.1692307692308</xmax>
      <ymax>524.1969381479116</ymax>
    </bndbox>
    <attributes>
      <attribute>
        <name>keyframe</name>
        <value>True</value>
      </attribute>
      <attribute>
        <name>track_id</name>
        <value>267</value>
      </attribute>
    </attributes>
  </object>
  <object>
    <name>vehicule</name>
    <occluded>0</occluded>
    <bndbox>
      <xmin>2098.087890625</xmin>
      <ymin>1345.7744140625</ymin>
      <xmax>2456.0</xmax>
      <ymax>1672.5013732910156</ymax>
    </bndbox>
    <attributes>
      <attribute>
        <name>keyframe</name>
        <value>True</value>
      </attribute>
      <attribute>
        <name>track_id</name>
        <value>276</value>
      </attribute>
    </attributes>
  </object>
  <object>
    <name>vehicule</name>
    <occluded>0</occluded>
    <bndbox>
      <xmin>2144.7490234375</xmin>
      <ymin>1141.9287109375</ymin>
      <xmax>2456.0</xmax>
      <ymax>1442.723388671875</ymax>
    </bndbox>
    <attributes>
      <attribute>
        <name>keyframe</name>
        <value>True</value>
      </attribute>
      <attribute>
        <name>track_id</name>
        <value>286</value>
      </attribute>
    </attributes>
  </object>
  <object>
    <name>vehicule</name>
    <occluded>0</occluded>
    <bndbox>
      <xmin>295.699462890625</xmin>
      <ymin>1143.4423828125</ymin>
      <xmax>856.8674621582031</xmax>
      <ymax>1423.5332946777344</ymax>
    </bndbox>
    <attributes>
      <attribute>
        <name>keyframe</name>
        <value>True</value>
      </attribute>
      <attribute>
        <name>track_id</name>
        <value>287</value>
      </attribute>
    </attributes>
  </object>
  <object>
    <name>vehicule</name>
    <occluded>0</occluded>
    <bndbox>
      <xmin>124.46666666666715</xmin>
      <ymin>1508.6826171875</ymin>
      <xmax>705.5832010904948</xmax>
      <ymax>1793.9603881835938</ymax>
    </bndbox>
    <attributes>
      <attribute>
        <name>keyframe</name>
        <value>True</value>
      </attribute>
      <attribute>
        <name>track_id</name>
        <value>288</value>
      </attribute>
    </attributes>
  </object>
</annotation>
