<annotation>
  <folder>frame</folder>
  <filename>frame_002905.jpg</filename>
  <source>
    <database>Unknown</database>
    <annotation>Unknown</annotation>
    <image>Unknown</image>
  </source>
  <size>
    <width>2456</width>
    <height>2054</height>
    <depth>3</depth>
  </size>
  <segmented>0</segmented>
  <object>
    <name>vehicule</name>
    <occluded>0</occluded>
    <bndbox>
      <xmin>766.8828125</xmin>
      <ymin>37.725830078125</ymin>
      <xmax>875.9372732374402</xmax>
      <ymax>173.86119757758297</ymax>
    </bndbox>
    <attributes>
      <attribute>
        <name>keyframe</name>
        <value>True</value>
      </attribute>
      <attribute>
        <name>track_id</name>
        <value>409</value>
      </attribute>
    </attributes>
  </object>
</annotation>
