<annotation>
  <folder>frame</folder>
  <filename>frame_001693.jpg</filename>
  <source>
    <database>Unknown</database>
    <annotation>Unknown</annotation>
    <image>Unknown</image>
  </source>
  <size>
    <width>2456</width>
    <height>2054</height>
    <depth>3</depth>
  </size>
  <segmented>0</segmented>
  <object>
    <name>vehicule</name>
    <occluded>0</occluded>
    <bndbox>
      <xmin>1039.8917905745968</xmin>
      <ymin>295.46265314826303</ymin>
      <xmax>1336.7763608870976</xmax>
      <ymax>489.8933233142783</ymax>
    </bndbox>
    <attributes>
      <attribute>
        <name>keyframe</name>
        <value>True</value>
      </attribute>
      <attribute>
        <name>track_id</name>
        <value>192</value>
      </attribute>
    </attributes>
  </object>
  <object>
    <name>vehicule</name>
    <occluded>0</occluded>
    <bndbox>
      <xmin>1250.9000181217784</xmin>
      <ymin>380.3821782377577</ymin>
      <xmax>1529.7787290592792</xmax>
      <ymax>551.4718236235</ymax>
    </bndbox>
    <attributes>
      <attribute>
        <name>keyframe</name>
        <value>True</value>
      </attribute>
      <attribute>
        <name>track_id</name>
        <value>199</value>
      </attribute>
    </attributes>
  </object>
  <object>
    <name>vehicule</name>
    <occluded>0</occluded>
    <bndbox>
      <xmin>1429.3766143176022</xmin>
      <ymin>464.95510204081774</ymin>
      <xmax>1717.7653061224496</xmax>
      <ymax>686.4790200992506</ymax>
    </bndbox>
    <attributes>
      <attribute>
        <name>keyframe</name>
        <value>True</value>
      </attribute>
      <attribute>
        <name>track_id</name>
        <value>205</value>
      </attribute>
    </attributes>
  </object>
  <object>
    <name>vehicule</name>
    <occluded>0</occluded>
    <bndbox>
      <xmin>1543.290709892667</xmin>
      <ymin>333.161913468845</ymin>
      <xmax>1829.8631708301682</xmax>
      <ymax>473.1787133956028</ymax>
    </bndbox>
    <attributes>
      <attribute>
        <name>keyframe</name>
        <value>True</value>
      </attribute>
      <attribute>
        <name>track_id</name>
        <value>210</value>
      </attribute>
    </attributes>
  </object>
  <object>
    <name>vehicule</name>
    <occluded>0</occluded>
    <bndbox>
      <xmin>1702.2682158801022</xmin>
      <ymin>541.4879783163271</ymin>
      <xmax>1941.8224489795919</xmax>
      <ymax>769.6374045858577</ymax>
    </bndbox>
    <attributes>
      <attribute>
        <name>keyframe</name>
        <value>True</value>
      </attribute>
      <attribute>
        <name>track_id</name>
        <value>214</value>
      </attribute>
    </attributes>
  </object>
  <object>
    <name>vehicule</name>
    <occluded>0</occluded>
    <bndbox>
      <xmin>1781.0303332270407</xmin>
      <ymin>346.669347098215</ymin>
      <xmax>2007.4586336096938</xmax>
      <ymax>498.23363806899727</ymax>
    </bndbox>
    <attributes>
      <attribute>
        <name>keyframe</name>
        <value>True</value>
      </attribute>
      <attribute>
        <name>track_id</name>
        <value>231</value>
      </attribute>
    </attributes>
  </object>
  <object>
    <name>vehicule</name>
    <occluded>0</occluded>
    <bndbox>
      <xmin>1303.4424339414268</xmin>
      <ymin>259.27680178337766</ymin>
      <xmax>1584.1832969785366</xmax>
      <ymax>409.15694723878175</ymax>
    </bndbox>
    <attributes>
      <attribute>
        <name>keyframe</name>
        <value>True</value>
      </attribute>
      <attribute>
        <name>track_id</name>
        <value>248</value>
      </attribute>
    </attributes>
  </object>
  <object>
    <name>vehicule</name>
    <occluded>0</occluded>
    <bndbox>
      <xmin>76.2431640625</xmin>
      <ymin>0.0</ymin>
      <xmax>269.8000000000011</xmax>
      <ymax>98.28867492675636</ymax>
    </bndbox>
    <attributes>
      <attribute>
        <name>keyframe</name>
        <value>True</value>
      </attribute>
      <attribute>
        <name>track_id</name>
        <value>263</value>
      </attribute>
    </attributes>
  </object>
  <object>
    <name>vehicule</name>
    <occluded>0</occluded>
    <bndbox>
      <xmin>1717.2683621258802</xmin>
      <ymin>229.89604423415494</ymin>
      <xmax>2040.4304715008802</xmax>
      <ymax>367.33471610915603</ymax>
    </bndbox>
    <attributes>
      <attribute>
        <name>keyframe</name>
        <value>True</value>
      </attribute>
      <attribute>
        <name>track_id</name>
        <value>267</value>
      </attribute>
    </attributes>
  </object>
  <object>
    <name>vehicule</name>
    <occluded>0</occluded>
    <bndbox>
      <xmin>345.96104600694446</xmin>
      <ymin>28.00067274305588</ymin>
      <xmax>615.678209092882</xmax>
      <ymax>126.24265102810327</ymax>
    </bndbox>
    <attributes>
      <attribute>
        <name>keyframe</name>
        <value>True</value>
      </attribute>
      <attribute>
        <name>track_id</name>
        <value>269</value>
      </attribute>
    </attributes>
  </object>
  <object>
    <name>vehicule</name>
    <occluded>0</occluded>
    <bndbox>
      <xmin>320.0301649305556</xmin>
      <ymin>101.48904079861111</ymin>
      <xmax>599.0996961805549</xmax>
      <ymax>236.31766933865018</ymax>
    </bndbox>
    <attributes>
      <attribute>
        <name>keyframe</name>
        <value>True</value>
      </attribute>
      <attribute>
        <name>track_id</name>
        <value>271</value>
      </attribute>
    </attributes>
  </object>
  <object>
    <name>vehicule</name>
    <occluded>0</occluded>
    <bndbox>
      <xmin>989.1082481971154</xmin>
      <ymin>112.67600661057692</ymin>
      <xmax>1327.8615384615398</xmax>
      <ymax>247.08338317871056</ymax>
    </bndbox>
    <attributes>
      <attribute>
        <name>keyframe</name>
        <value>True</value>
      </attribute>
      <attribute>
        <name>track_id</name>
        <value>272</value>
      </attribute>
    </attributes>
  </object>
  <object>
    <name>vehicule</name>
    <occluded>0</occluded>
    <bndbox>
      <xmin>1484.1524832589284</xmin>
      <ymin>770.4383928571432</ymin>
      <xmax>1908.6907078334261</xmax>
      <ymax>1043.0390328543526</ymax>
    </bndbox>
    <attributes>
      <attribute>
        <name>keyframe</name>
        <value>True</value>
      </attribute>
      <attribute>
        <name>track_id</name>
        <value>273</value>
      </attribute>
    </attributes>
  </object>
  <object>
    <name>vehicule</name>
    <occluded>0</occluded>
    <bndbox>
      <xmin>884.0729383680559</xmin>
      <ymin>476.94424913194473</ymin>
      <xmax>1241.8485392252603</xmax>
      <ymax>682.9644911024305</ymax>
    </bndbox>
    <attributes>
      <attribute>
        <name>keyframe</name>
        <value>True</value>
      </attribute>
      <attribute>
        <name>track_id</name>
        <value>274</value>
      </attribute>
    </attributes>
  </object>
  <object>
    <name>vehicule</name>
    <occluded>0</occluded>
    <bndbox>
      <xmin>1642.7014453125</xmin>
      <ymin>165.82140625</ymin>
      <xmax>1947.6852343749986</xmax>
      <ymax>318.8342175292954</ymax>
    </bndbox>
    <attributes>
      <attribute>
        <name>keyframe</name>
        <value>True</value>
      </attribute>
      <attribute>
        <name>track_id</name>
        <value>275</value>
      </attribute>
    </attributes>
  </object>
  <object>
    <name>vehicule</name>
    <occluded>0</occluded>
    <bndbox>
      <xmin>480.5479090073529</xmin>
      <ymin>1256.3780445772059</ymin>
      <xmax>1026.2022669175092</xmax>
      <ymax>1583.1050038057215</ymax>
    </bndbox>
    <attributes>
      <attribute>
        <name>keyframe</name>
        <value>True</value>
      </attribute>
      <attribute>
        <name>track_id</name>
        <value>276</value>
      </attribute>
    </attributes>
  </object>
  <object>
    <name>vehicule</name>
    <occluded>0</occluded>
    <bndbox>
      <xmin>365.6334542410727</xmin>
      <ymin>427.6528459821441</ymin>
      <xmax>713.1170283726283</xmax>
      <ymax>641.7984074183872</ymax>
    </bndbox>
    <attributes>
      <attribute>
        <name>keyframe</name>
        <value>True</value>
      </attribute>
      <attribute>
        <name>track_id</name>
        <value>277</value>
      </attribute>
    </attributes>
  </object>
  <object>
    <name>vehicule</name>
    <occluded>0</occluded>
    <bndbox>
      <xmin>225.8390299479176</xmin>
      <ymin>266.4108072916679</ymin>
      <xmax>538.7411702473959</xmax>
      <ymax>464.8267364501953</ymax>
    </bndbox>
    <attributes>
      <attribute>
        <name>keyframe</name>
        <value>True</value>
      </attribute>
      <attribute>
        <name>track_id</name>
        <value>278</value>
      </attribute>
    </attributes>
  </object>
</annotation>
