<annotation>
  <folder>frame</folder>
  <filename>frame_002969.jpg</filename>
  <source>
    <database>Unknown</database>
    <annotation>Unknown</annotation>
    <image>Unknown</image>
  </source>
  <size>
    <width>2456</width>
    <height>2054</height>
    <depth>3</depth>
  </size>
  <segmented>0</segmented>
  <object>
    <name>vehicule</name>
    <occluded>0</occluded>
    <bndbox>
      <xmin>4.498589409722222</xmin>
      <ymin>1243.3199869791667</ymin>
      <xmax>442.64410807291665</xmax>
      <ymax>1472.2370029025608</ymax>
    </bndbox>
    <attributes>
      <attribute>
        <name>keyframe</name>
        <value>True</value>
      </attribute>
      <attribute>
        <name>track_id</name>
        <value>410</value>
      </attribute>
    </attributes>
  </object>
</annotation>
