<annotation>
  <folder>frame</folder>
  <filename>frame_001795.jpg</filename>
  <source>
    <database>Unknown</database>
    <annotation>Unknown</annotation>
    <image>Unknown</image>
  </source>
  <size>
    <width>2456</width>
    <height>2054</height>
    <depth>3</depth>
  </size>
  <segmented>0</segmented>
  <object>
    <name>vehicule</name>
    <occluded>0</occluded>
    <bndbox>
      <xmin>621.3239933894231</xmin>
      <ymin>577.8769230769232</ymin>
      <xmax>966.600000000001</xmax>
      <ymax>787.236580481896</ymax>
    </bndbox>
    <attributes>
      <attribute>
        <name>keyframe</name>
        <value>True</value>
      </attribute>
      <attribute>
        <name>track_id</name>
        <value>199</value>
      </attribute>
    </attributes>
  </object>
  <object>
    <name>vehicule</name>
    <occluded>0</occluded>
    <bndbox>
      <xmin>1259.7074819711538</xmin>
      <ymin>431.3846153846165</ymin>
      <xmax>1581.6307692307694</xmax>
      <ymax>627.6885857215294</ymax>
    </bndbox>
    <attributes>
      <attribute>
        <name>keyframe</name>
        <value>True</value>
      </attribute>
      <attribute>
        <name>track_id</name>
        <value>210</value>
      </attribute>
    </attributes>
  </object>
  <object>
    <name>vehicule</name>
    <occluded>0</occluded>
    <bndbox>
      <xmin>1155.1518179086538</xmin>
      <ymin>624.1769230769235</ymin>
      <xmax>1475.669230769231</xmax>
      <ymax>856.3782066932091</ymax>
    </bndbox>
    <attributes>
      <attribute>
        <name>keyframe</name>
        <value>True</value>
      </attribute>
      <attribute>
        <name>track_id</name>
        <value>231</value>
      </attribute>
    </attributes>
  </object>
  <object>
    <name>vehicule</name>
    <occluded>0</occluded>
    <bndbox>
      <xmin>862.5346304086538</xmin>
      <ymin>392.7769230769241</ymin>
      <xmax>1155.646153846155</xmax>
      <ymax>591.2598712627704</ymax>
    </bndbox>
    <attributes>
      <attribute>
        <name>keyframe</name>
        <value>True</value>
      </attribute>
      <attribute>
        <name>track_id</name>
        <value>248</value>
      </attribute>
    </attributes>
  </object>
  <object>
    <name>vehicule</name>
    <occluded>0</occluded>
    <bndbox>
      <xmin>1559.2911658653845</xmin>
      <ymin>275.6843449519231</ymin>
      <xmax>1803.0153846153848</xmax>
      <ymax>462.3534886286809</ymax>
    </bndbox>
    <attributes>
      <attribute>
        <name>keyframe</name>
        <value>True</value>
      </attribute>
      <attribute>
        <name>track_id</name>
        <value>267</value>
      </attribute>
    </attributes>
  </object>
  <object>
    <name>vehicule</name>
    <occluded>0</occluded>
    <bndbox>
      <xmin>1464.3170166015625</xmin>
      <ymin>1306.7113037109375</ymin>
      <xmax>2009.9713745117188</xmax>
      <ymax>1633.4382629394531</ymax>
    </bndbox>
    <attributes>
      <attribute>
        <name>keyframe</name>
        <value>True</value>
      </attribute>
      <attribute>
        <name>track_id</name>
        <value>276</value>
      </attribute>
    </attributes>
  </object>
  <object>
    <name>vehicule</name>
    <occluded>0</occluded>
    <bndbox>
      <xmin>1825.2513305664063</xmin>
      <ymin>1547.4181274414063</ymin>
      <xmax>2357.7723484039307</xmax>
      <ymax>1866.4271240234361</ymax>
    </bndbox>
    <attributes>
      <attribute>
        <name>keyframe</name>
        <value>True</value>
      </attribute>
      <attribute>
        <name>track_id</name>
        <value>284</value>
      </attribute>
    </attributes>
  </object>
  <object>
    <name>vehicule</name>
    <occluded>0</occluded>
    <bndbox>
      <xmin>1246.7725463867187</xmin>
      <ymin>1103.676025390625</ymin>
      <xmax>1799.191253662109</xmax>
      <ymax>1404.470703125</ymax>
    </bndbox>
    <attributes>
      <attribute>
        <name>keyframe</name>
        <value>True</value>
      </attribute>
      <attribute>
        <name>track_id</name>
        <value>286</value>
      </attribute>
    </attributes>
  </object>
</annotation>
