<annotation>
  <folder>frame</folder>
  <filename>frame_000622.jpg</filename>
  <source>
    <database>Unknown</database>
    <annotation>Unknown</annotation>
    <image>Unknown</image>
  </source>
  <size>
    <width>2456</width>
    <height>2054</height>
    <depth>3</depth>
  </size>
  <segmented>0</segmented>
  <object>
    <name>vehicule</name>
    <occluded>0</occluded>
    <bndbox>
      <xmin>423.201171875</xmin>
      <ymin>788.4000000000005</ymin>
      <xmax>930.9250000000011</xmax>
      <ymax>1064.2112121582031</ymax>
    </bndbox>
    <attributes>
      <attribute>
        <name>keyframe</name>
        <value>True</value>
      </attribute>
      <attribute>
        <name>track_id</name>
        <value>96</value>
      </attribute>
    </attributes>
  </object>
  <object>
    <name>vehicule</name>
    <occluded>0</occluded>
    <bndbox>
      <xmin>2316.59375</xmin>
      <ymin>929.91015625</ymin>
      <xmax>2456.0</xmax>
      <ymax>1196.5234802246086</ymax>
    </bndbox>
    <attributes>
      <attribute>
        <name>keyframe</name>
        <value>True</value>
      </attribute>
      <attribute>
        <name>track_id</name>
        <value>97</value>
      </attribute>
    </attributes>
  </object>
  <object>
    <name>vehicule</name>
    <occluded>0</occluded>
    <bndbox>
      <xmin>201.427001953125</xmin>
      <ymin>689.2750000000005</ymin>
      <xmax>634.5500000000006</xmax>
      <ymax>928.0572395324707</ymax>
    </bndbox>
    <attributes>
      <attribute>
        <name>keyframe</name>
        <value>True</value>
      </attribute>
      <attribute>
        <name>track_id</name>
        <value>107</value>
      </attribute>
    </attributes>
  </object>
  <object>
    <name>vehicule</name>
    <occluded>0</occluded>
    <bndbox>
      <xmin>125.11539713541666</xmin>
      <ymin>4.278157552083332</ymin>
      <xmax>363.7396158854177</xmax>
      <ymax>127.18266296386719</ymax>
    </bndbox>
    <attributes>
      <attribute>
        <name>keyframe</name>
        <value>True</value>
      </attribute>
      <attribute>
        <name>track_id</name>
        <value>112</value>
      </attribute>
    </attributes>
  </object>
  <object>
    <name>vehicule</name>
    <occluded>0</occluded>
    <bndbox>
      <xmin>1096.826171875</xmin>
      <ymin>292.084228515625</ymin>
      <xmax>1338.5546875</xmax>
      <ymax>447.69029235839844</ymax>
    </bndbox>
    <attributes>
      <attribute>
        <name>keyframe</name>
        <value>True</value>
      </attribute>
      <attribute>
        <name>track_id</name>
        <value>115</value>
      </attribute>
    </attributes>
  </object>
  <object>
    <name>vehicule</name>
    <occluded>0</occluded>
    <bndbox>
      <xmin>914.8430706521739</xmin>
      <ymin>85.52458389945653</ymin>
      <xmax>1216.2262737771725</xmax>
      <ymax>222.97661026664403</ymax>
    </bndbox>
    <attributes>
      <attribute>
        <name>keyframe</name>
        <value>True</value>
      </attribute>
      <attribute>
        <name>track_id</name>
        <value>117</value>
      </attribute>
    </attributes>
  </object>
  <object>
    <name>vehicule</name>
    <occluded>0</occluded>
    <bndbox>
      <xmin>1330.5322875976562</xmin>
      <ymin>313.39375000000075</ymin>
      <xmax>1674.36875</xmax>
      <ymax>608.156720161438</ymax>
    </bndbox>
    <attributes>
      <attribute>
        <name>keyframe</name>
        <value>True</value>
      </attribute>
      <attribute>
        <name>track_id</name>
        <value>118</value>
      </attribute>
    </attributes>
  </object>
  <object>
    <name>vehicule</name>
    <occluded>0</occluded>
    <bndbox>
      <xmin>1817.6282169117646</xmin>
      <ymin>263.07795266544116</ymin>
      <xmax>2121.0976645076985</xmax>
      <ymax>421.2774460736443</ymax>
    </bndbox>
    <attributes>
      <attribute>
        <name>keyframe</name>
        <value>True</value>
      </attribute>
      <attribute>
        <name>track_id</name>
        <value>121</value>
      </attribute>
    </attributes>
  </object>
  <object>
    <name>vehicule</name>
    <occluded>0</occluded>
    <bndbox>
      <xmin>422.4000000000009</xmin>
      <ymin>1172.341099330357</ymin>
      <xmax>925.1126883370536</xmax>
      <ymax>1455.0254560198102</ymax>
    </bndbox>
    <attributes>
      <attribute>
        <name>keyframe</name>
        <value>True</value>
      </attribute>
      <attribute>
        <name>track_id</name>
        <value>122</value>
      </attribute>
    </attributes>
  </object>
  <object>
    <name>vehicule</name>
    <occluded>0</occluded>
    <bndbox>
      <xmin>2158.3828125</xmin>
      <ymin>243.519775390625</ymin>
      <xmax>2393.1000000000004</xmax>
      <ymax>391.3455352783203</ymax>
    </bndbox>
    <attributes>
      <attribute>
        <name>keyframe</name>
        <value>True</value>
      </attribute>
      <attribute>
        <name>track_id</name>
        <value>124</value>
      </attribute>
    </attributes>
  </object>
</annotation>
