<annotation>
  <folder>frame</folder>
  <filename>frame_001014.jpg</filename>
  <source>
    <database>Unknown</database>
    <annotation>Unknown</annotation>
    <image>Unknown</image>
  </source>
  <size>
    <width>2456</width>
    <height>2054</height>
    <depth>3</depth>
  </size>
  <segmented>0</segmented>
  <object>
    <name>vehicule</name>
    <occluded>0</occluded>
    <bndbox>
      <xmin>1754.4294053819447</xmin>
      <ymin>371.7639756944445</ymin>
      <xmax>1870.29688720703</xmax>
      <ymax>523.0652781168615</ymax>
    </bndbox>
    <attributes>
      <attribute>
        <name>keyframe</name>
        <value>True</value>
      </attribute>
      <attribute>
        <name>track_id</name>
        <value>166</value>
      </attribute>
    </attributes>
  </object>
  <object>
    <name>vehicule</name>
    <occluded>0</occluded>
    <bndbox>
      <xmin>1740.0474175347222</xmin>
      <ymin>189.88888888888889</ymin>
      <xmax>1883.8333333333346</xmax>
      <ymax>363.71242268880206</ymax>
    </bndbox>
    <attributes>
      <attribute>
        <name>keyframe</name>
        <value>True</value>
      </attribute>
      <attribute>
        <name>track_id</name>
        <value>167</value>
      </attribute>
    </attributes>
  </object>
  <object>
    <name>vehicule</name>
    <occluded>0</occluded>
    <bndbox>
      <xmin>1607.27734375</xmin>
      <ymin>13.625</ymin>
      <xmax>1808.264153289795</xmax>
      <ymax>153.78753662109375</ymax>
    </bndbox>
    <attributes>
      <attribute>
        <name>keyframe</name>
        <value>True</value>
      </attribute>
      <attribute>
        <name>track_id</name>
        <value>168</value>
      </attribute>
    </attributes>
  </object>
</annotation>
