<annotation>
  <folder>frame</folder>
  <filename>frame_001780.jpg</filename>
  <source>
    <database>Unknown</database>
    <annotation>Unknown</annotation>
    <image>Unknown</image>
  </source>
  <size>
    <width>2456</width>
    <height>2054</height>
    <depth>3</depth>
  </size>
  <segmented>0</segmented>
  <object>
    <name>vehicule</name>
    <occluded>0</occluded>
    <bndbox>
      <xmin>308.67578125</xmin>
      <ymin>579.1500000000005</ymin>
      <xmax>665.2500000000009</xmax>
      <ymax>833.2224578857422</ymax>
    </bndbox>
    <attributes>
      <attribute>
        <name>keyframe</name>
        <value>True</value>
      </attribute>
      <attribute>
        <name>track_id</name>
        <value>192</value>
      </attribute>
    </attributes>
  </object>
  <object>
    <name>vehicule</name>
    <occluded>0</occluded>
    <bndbox>
      <xmin>906.0561848958333</xmin>
      <ymin>492.449609375</ymin>
      <xmax>1218.1127083333342</xmax>
      <ymax>682.8876922607421</ymax>
    </bndbox>
    <attributes>
      <attribute>
        <name>keyframe</name>
        <value>True</value>
      </attribute>
      <attribute>
        <name>track_id</name>
        <value>199</value>
      </attribute>
    </attributes>
  </object>
  <object>
    <name>vehicule</name>
    <occluded>0</occluded>
    <bndbox>
      <xmin>1318.1253810975609</xmin>
      <ymin>409.3078982469521</ymin>
      <xmax>1634.8428782393294</xmax>
      <ymax>594.5139893322456</ymax>
    </bndbox>
    <attributes>
      <attribute>
        <name>keyframe</name>
        <value>True</value>
      </attribute>
      <attribute>
        <name>track_id</name>
        <value>210</value>
      </attribute>
    </attributes>
  </object>
  <object>
    <name>vehicule</name>
    <occluded>0</occluded>
    <bndbox>
      <xmin>1362.7595052083334</xmin>
      <ymin>534.9341276041669</ymin>
      <xmax>1650.4666666666672</xmax>
      <ymax>750.007936401367</ymax>
    </bndbox>
    <attributes>
      <attribute>
        <name>keyframe</name>
        <value>True</value>
      </attribute>
      <attribute>
        <name>track_id</name>
        <value>231</value>
      </attribute>
    </attributes>
  </object>
  <object>
    <name>vehicule</name>
    <occluded>0</occluded>
    <bndbox>
      <xmin>1055.93828125</xmin>
      <ymin>324.70000000000107</ymin>
      <xmax>1344.2466666666678</xmax>
      <ymax>506.06250457763673</ymax>
    </bndbox>
    <attributes>
      <attribute>
        <name>keyframe</name>
        <value>True</value>
      </attribute>
      <attribute>
        <name>track_id</name>
        <value>248</value>
      </attribute>
    </attributes>
  </object>
  <object>
    <name>vehicule</name>
    <occluded>0</occluded>
    <bndbox>
      <xmin>1588.1053413722825</xmin>
      <ymin>262.65019248188406</ymin>
      <xmax>1851.2835427989135</xmax>
      <ymax>439.3305447785753</ymax>
    </bndbox>
    <attributes>
      <attribute>
        <name>keyframe</name>
        <value>True</value>
      </attribute>
      <attribute>
        <name>track_id</name>
        <value>267</value>
      </attribute>
    </attributes>
  </object>
  <object>
    <name>vehicule</name>
    <occluded>0</occluded>
    <bndbox>
      <xmin>788.4033203125</xmin>
      <ymin>1265.37890625</ymin>
      <xmax>1334.0576782226562</xmax>
      <ymax>1592.1058654785156</ymax>
    </bndbox>
    <attributes>
      <attribute>
        <name>keyframe</name>
        <value>True</value>
      </attribute>
      <attribute>
        <name>track_id</name>
        <value>276</value>
      </attribute>
    </attributes>
  </object>
  <object>
    <name>vehicule</name>
    <occluded>0</occluded>
    <bndbox>
      <xmin>231.8505859375</xmin>
      <ymin>4.9375</ymin>
      <xmax>504.1220703125</xmax>
      <ymax>144.97318572997938</ymax>
    </bndbox>
    <attributes>
      <attribute>
        <name>keyframe</name>
        <value>True</value>
      </attribute>
      <attribute>
        <name>track_id</name>
        <value>282</value>
      </attribute>
    </attributes>
  </object>
  <object>
    <name>vehicule</name>
    <occluded>0</occluded>
    <bndbox>
      <xmin>483.40234375</xmin>
      <ymin>87.9111328125</ymin>
      <xmax>778.0460754394517</xmax>
      <ymax>235.74156188964844</ymax>
    </bndbox>
    <attributes>
      <attribute>
        <name>keyframe</name>
        <value>True</value>
      </attribute>
      <attribute>
        <name>track_id</name>
        <value>283</value>
      </attribute>
    </attributes>
  </object>
  <object>
    <name>vehicule</name>
    <occluded>0</occluded>
    <bndbox>
      <xmin>339.7000000000007</xmin>
      <ymin>1406.4000000000015</ymin>
      <xmax>884.3575744628906</xmax>
      <ymax>1725.4089965820312</ymax>
    </bndbox>
    <attributes>
      <attribute>
        <name>keyframe</name>
        <value>True</value>
      </attribute>
      <attribute>
        <name>track_id</name>
        <value>284</value>
      </attribute>
    </attributes>
  </object>
  <object>
    <name>vehicule</name>
    <occluded>0</occluded>
    <bndbox>
      <xmin>752.0927734375</xmin>
      <ymin>65.6103515625</ymin>
      <xmax>879.1710586547852</xmax>
      <ymax>208.24923706054688</ymax>
    </bndbox>
    <attributes>
      <attribute>
        <name>keyframe</name>
        <value>True</value>
      </attribute>
      <attribute>
        <name>track_id</name>
        <value>285</value>
      </attribute>
    </attributes>
  </object>
  <object>
    <name>vehicule</name>
    <occluded>0</occluded>
    <bndbox>
      <xmin>31.100000000000364</xmin>
      <ymin>1074.5</ymin>
      <xmax>583.5187072753906</xmax>
      <ymax>1375.294677734375</ymax>
    </bndbox>
    <attributes>
      <attribute>
        <name>keyframe</name>
        <value>True</value>
      </attribute>
      <attribute>
        <name>track_id</name>
        <value>286</value>
      </attribute>
    </attributes>
  </object>
</annotation>
