<annotation>
  <folder>frame</folder>
  <filename>frame_001914.jpg</filename>
  <source>
    <database>Unknown</database>
    <annotation>Unknown</annotation>
    <image>Unknown</image>
  </source>
  <size>
    <width>2456</width>
    <height>2054</height>
    <depth>3</depth>
  </size>
  <segmented>0</segmented>
  <object>
    <name>vehicule</name>
    <occluded>0</occluded>
    <bndbox>
      <xmin>370.59912109375</xmin>
      <ymin>680.5000000000009</ymin>
      <xmax>794.9000000000005</xmax>
      <ymax>913.9227447509766</ymax>
    </bndbox>
    <attributes>
      <attribute>
        <name>keyframe</name>
        <value>True</value>
      </attribute>
      <attribute>
        <name>track_id</name>
        <value>297</value>
      </attribute>
    </attributes>
  </object>
  <object>
    <name>vehicule</name>
    <occluded>0</occluded>
    <bndbox>
      <xmin>1709.07275390625</xmin>
      <ymin>1184.93603515625</ymin>
      <xmax>2205.4727539062515</xmax>
      <ymax>1454.6531982421875</ymax>
    </bndbox>
    <attributes>
      <attribute>
        <name>keyframe</name>
        <value>True</value>
      </attribute>
      <attribute>
        <name>track_id</name>
        <value>300</value>
      </attribute>
    </attributes>
  </object>
  <object>
    <name>vehicule</name>
    <occluded>0</occluded>
    <bndbox>
      <xmin>1265.1485770089287</xmin>
      <ymin>394.86713169642877</ymin>
      <xmax>1582.0032645089289</xmax>
      <ymax>580.1103101457868</ymax>
    </bndbox>
    <attributes>
      <attribute>
        <name>keyframe</name>
        <value>True</value>
      </attribute>
      <attribute>
        <name>track_id</name>
        <value>301</value>
      </attribute>
    </attributes>
  </object>
  <object>
    <name>vehicule</name>
    <occluded>0</occluded>
    <bndbox>
      <xmin>593.5249720982142</xmin>
      <ymin>1100.6517857142858</ymin>
      <xmax>1019.8583705357146</xmax>
      <ymax>1380.7426975795202</ymax>
    </bndbox>
    <attributes>
      <attribute>
        <name>keyframe</name>
        <value>True</value>
      </attribute>
      <attribute>
        <name>track_id</name>
        <value>302</value>
      </attribute>
    </attributes>
  </object>
  <object>
    <name>vehicule</name>
    <occluded>0</occluded>
    <bndbox>
      <xmin>1207.1432291666672</xmin>
      <ymin>1478.3481987847222</ymin>
      <xmax>1799.3930691189244</xmax>
      <ymax>1784.3752583821615</ymax>
    </bndbox>
    <attributes>
      <attribute>
        <name>keyframe</name>
        <value>True</value>
      </attribute>
      <attribute>
        <name>track_id</name>
        <value>303</value>
      </attribute>
    </attributes>
  </object>
  <object>
    <name>vehicule</name>
    <occluded>0</occluded>
    <bndbox>
      <xmin>1742.339146205357</xmin>
      <ymin>277.0369140625002</ymin>
      <xmax>2016.5907924107144</xmax>
      <ymax>445.25324576241627</ymax>
    </bndbox>
    <attributes>
      <attribute>
        <name>keyframe</name>
        <value>True</value>
      </attribute>
      <attribute>
        <name>track_id</name>
        <value>304</value>
      </attribute>
    </attributes>
  </object>
  <object>
    <name>vehicule</name>
    <occluded>0</occluded>
    <bndbox>
      <xmin>151.71666666666684</xmin>
      <ymin>1143.0094401041667</ymin>
      <xmax>559.9201965332031</xmax>
      <ymax>1516.4639689127605</ymax>
    </bndbox>
    <attributes>
      <attribute>
        <name>keyframe</name>
        <value>True</value>
      </attribute>
      <attribute>
        <name>track_id</name>
        <value>305</value>
      </attribute>
    </attributes>
  </object>
</annotation>
