<annotation>
  <folder>frame</folder>
  <filename>frame_002978.jpg</filename>
  <source>
    <database>Unknown</database>
    <annotation>Unknown</annotation>
    <image>Unknown</image>
  </source>
  <size>
    <width>2456</width>
    <height>2054</height>
    <depth>3</depth>
  </size>
  <segmented>0</segmented>
  <object>
    <name>vehicule</name>
    <occluded>0</occluded>
    <bndbox>
      <xmin>24.742241753472225</xmin>
      <ymin>1244.8610026041667</ymin>
      <xmax>531.3392252604165</xmax>
      <ymax>1495.5773349338108</ymax>
    </bndbox>
    <attributes>
      <attribute>
        <name>keyframe</name>
        <value>True</value>
      </attribute>
      <attribute>
        <name>track_id</name>
        <value>410</value>
      </attribute>
    </attributes>
  </object>
</annotation>
