<annotation>
  <folder>frame</folder>
  <filename>frame_001132.jpg</filename>
  <source>
    <database>Unknown</database>
    <annotation>Unknown</annotation>
    <image>Unknown</image>
  </source>
  <size>
    <width>2456</width>
    <height>2054</height>
    <depth>3</depth>
  </size>
  <segmented>0</segmented>
  <object>
    <name>vehicule</name>
    <occluded>0</occluded>
    <bndbox>
      <xmin>2064.6147656250005</xmin>
      <ymin>584.0006250000002</ymin>
      <xmax>2282.4860900878907</xmax>
      <ymax>817.4487207031249</ymax>
    </bndbox>
    <attributes>
      <attribute>
        <name>keyframe</name>
        <value>True</value>
      </attribute>
      <attribute>
        <name>track_id</name>
        <value>171</value>
      </attribute>
    </attributes>
  </object>
  <object>
    <name>vehicule</name>
    <occluded>0</occluded>
    <bndbox>
      <xmin>1794.3806640625</xmin>
      <ymin>241.12085937500015</ymin>
      <xmax>1994.0890716552735</xmax>
      <ymax>456.4420513916011</ymax>
    </bndbox>
    <attributes>
      <attribute>
        <name>keyframe</name>
        <value>True</value>
      </attribute>
      <attribute>
        <name>track_id</name>
        <value>173</value>
      </attribute>
    </attributes>
  </object>
</annotation>
