<annotation>
  <folder>frame</folder>
  <filename>frame_001672.jpg</filename>
  <source>
    <database>Unknown</database>
    <annotation>Unknown</annotation>
    <image>Unknown</image>
  </source>
  <size>
    <width>2456</width>
    <height>2054</height>
    <depth>3</depth>
  </size>
  <segmented>0</segmented>
  <object>
    <name>vehicule</name>
    <occluded>0</occluded>
    <bndbox>
      <xmin>1042.7298072076612</xmin>
      <ymin>295.5978113368486</ymin>
      <xmax>1339.614377520162</xmax>
      <ymax>490.0284815028639</ymax>
    </bndbox>
    <attributes>
      <attribute>
        <name>keyframe</name>
        <value>True</value>
      </attribute>
      <attribute>
        <name>track_id</name>
        <value>192</value>
      </attribute>
    </attributes>
  </object>
  <object>
    <name>vehicule</name>
    <occluded>0</occluded>
    <bndbox>
      <xmin>1251.7422126691365</xmin>
      <ymin>380.2417948614691</ymin>
      <xmax>1530.6209236066372</xmax>
      <ymax>551.3314402472113</ymax>
    </bndbox>
    <attributes>
      <attribute>
        <name>keyframe</name>
        <value>True</value>
      </attribute>
      <attribute>
        <name>track_id</name>
        <value>199</value>
      </attribute>
    </attributes>
  </object>
  <object>
    <name>vehicule</name>
    <occluded>0</occluded>
    <bndbox>
      <xmin>1519.75</xmin>
      <ymin>441.6858398437507</ymin>
      <xmax>1784.2877029418942</xmax>
      <ymax>649.0861267089849</ymax>
    </bndbox>
    <attributes>
      <attribute>
        <name>keyframe</name>
        <value>True</value>
      </attribute>
      <attribute>
        <name>track_id</name>
        <value>205</value>
      </attribute>
    </attributes>
  </object>
  <object>
    <name>vehicule</name>
    <occluded>0</occluded>
    <bndbox>
      <xmin>1544.9461079977204</xmin>
      <ymin>332.1686870725684</ymin>
      <xmax>1831.5185689352215</xmax>
      <ymax>472.1854869993262</ymax>
    </bndbox>
    <attributes>
      <attribute>
        <name>keyframe</name>
        <value>True</value>
      </attribute>
      <attribute>
        <name>track_id</name>
        <value>210</value>
      </attribute>
    </attributes>
  </object>
  <object>
    <name>vehicule</name>
    <occluded>0</occluded>
    <bndbox>
      <xmin>1784.27880859375</xmin>
      <ymin>484.5000000000009</ymin>
      <xmax>1981.4500000000007</xmax>
      <ymax>702.2606506347656</ymax>
    </bndbox>
    <attributes>
      <attribute>
        <name>keyframe</name>
        <value>True</value>
      </attribute>
      <attribute>
        <name>track_id</name>
        <value>214</value>
      </attribute>
    </attributes>
  </object>
  <object>
    <name>vehicule</name>
    <occluded>0</occluded>
    <bndbox>
      <xmin>1789.4774593431123</xmin>
      <ymin>341.1091517857149</ymin>
      <xmax>2019.0181760204082</xmax>
      <ymax>491.1202723289025</ymax>
    </bndbox>
    <attributes>
      <attribute>
        <name>keyframe</name>
        <value>True</value>
      </attribute>
      <attribute>
        <name>track_id</name>
        <value>231</value>
      </attribute>
    </attributes>
  </object>
  <object>
    <name>vehicule</name>
    <occluded>0</occluded>
    <bndbox>
      <xmin>1318.5549738219895</xmin>
      <ymin>259.5657149869116</ymin>
      <xmax>1597.8727228454272</xmax>
      <ymax>405.45007976911387</ymax>
    </bndbox>
    <attributes>
      <attribute>
        <name>keyframe</name>
        <value>True</value>
      </attribute>
      <attribute>
        <name>track_id</name>
        <value>248</value>
      </attribute>
    </attributes>
  </object>
  <object>
    <name>vehicule</name>
    <occluded>0</occluded>
    <bndbox>
      <xmin>458.5708778782895</xmin>
      <ymin>84.19159128289482</ymin>
      <xmax>748.0452919407902</xmax>
      <ymax>216.49393808465118</ymax>
    </bndbox>
    <attributes>
      <attribute>
        <name>keyframe</name>
        <value>True</value>
      </attribute>
      <attribute>
        <name>track_id</name>
        <value>263</value>
      </attribute>
    </attributes>
  </object>
  <object>
    <name>vehicule</name>
    <occluded>0</occluded>
    <bndbox>
      <xmin>1728.7744003080986</xmin>
      <ymin>226.06079445422534</ymin>
      <xmax>2051.9365096830984</xmax>
      <ymax>363.49946632922644</ymax>
    </bndbox>
    <attributes>
      <attribute>
        <name>keyframe</name>
        <value>True</value>
      </attribute>
      <attribute>
        <name>track_id</name>
        <value>267</value>
      </attribute>
    </attributes>
  </object>
  <object>
    <name>vehicule</name>
    <occluded>0</occluded>
    <bndbox>
      <xmin>859.4605887276786</xmin>
      <ymin>93.32533482142857</ymin>
      <xmax>1129.1777518136162</xmax>
      <ymax>209.99387425013916</ymax>
    </bndbox>
    <attributes>
      <attribute>
        <name>keyframe</name>
        <value>True</value>
      </attribute>
      <attribute>
        <name>track_id</name>
        <value>269</value>
      </attribute>
    </attributes>
  </object>
  <object>
    <name>vehicule</name>
    <occluded>0</occluded>
    <bndbox>
      <xmin>1756.8384765625005</xmin>
      <ymin>738.841796875</ymin>
      <xmax>2097.8263275146483</xmax>
      <ymax>967.0890548706047</ymax>
    </bndbox>
    <attributes>
      <attribute>
        <name>keyframe</name>
        <value>True</value>
      </attribute>
      <attribute>
        <name>track_id</name>
        <value>270</value>
      </attribute>
    </attributes>
  </object>
  <object>
    <name>vehicule</name>
    <occluded>0</occluded>
    <bndbox>
      <xmin>1137.703404017857</xmin>
      <ymin>149.63134765625</ymin>
      <xmax>1416.7729352678564</xmax>
      <ymax>284.45997619628906</ymax>
    </bndbox>
    <attributes>
      <attribute>
        <name>keyframe</name>
        <value>True</value>
      </attribute>
      <attribute>
        <name>track_id</name>
        <value>271</value>
      </attribute>
    </attributes>
  </object>
  <object>
    <name>vehicule</name>
    <occluded>0</occluded>
    <bndbox>
      <xmin>1850.7515854779417</xmin>
      <ymin>176.71270680147128</ymin>
      <xmax>2166.755974264706</xmax>
      <ymax>329.7147351433249</ymax>
    </bndbox>
    <attributes>
      <attribute>
        <name>keyframe</name>
        <value>True</value>
      </attribute>
      <attribute>
        <name>track_id</name>
        <value>272</value>
      </attribute>
    </attributes>
  </object>
  <object>
    <name>vehicule</name>
    <occluded>0</occluded>
    <bndbox>
      <xmin>12.966796875</xmin>
      <ymin>1296.5</ymin>
      <xmax>558.6211547851562</xmax>
      <ymax>1623.2269592285156</ymax>
    </bndbox>
    <attributes>
      <attribute>
        <name>keyframe</name>
        <value>True</value>
      </attribute>
      <attribute>
        <name>track_id</name>
        <value>276</value>
      </attribute>
    </attributes>
  </object>
</annotation>
