<annotation>
  <folder>frame</folder>
  <filename>frame_000032.jpg</filename>
  <source>
    <database>Unknown</database>
    <annotation>Unknown</annotation>
    <image>Unknown</image>
  </source>
  <size>
    <width>2456</width>
    <height>2054</height>
    <depth>3</depth>
  </size>
  <segmented>0</segmented>
  <object>
    <name>vehicule</name>
    <occluded>0</occluded>
    <bndbox>
      <xmin>2016.962890625</xmin>
      <ymin>1568.505859375</ymin>
      <xmax>2456.0</xmax>
      <ymax>1882.8301086425781</ymax>
    </bndbox>
    <attributes>
      <attribute>
        <name>keyframe</name>
        <value>True</value>
      </attribute>
      <attribute>
        <name>track_id</name>
        <value>0</value>
      </attribute>
    </attributes>
  </object>
  <object>
    <name>vehicule</name>
    <occluded>0</occluded>
    <bndbox>
      <xmin>764.0700000000004</xmin>
      <ymin>408.61000000000024</ymin>
      <xmax>1118.4928283691406</xmax>
      <ymax>628.335676574707</ymax>
    </bndbox>
    <attributes>
      <attribute>
        <name>keyframe</name>
        <value>True</value>
      </attribute>
      <attribute>
        <name>track_id</name>
        <value>1</value>
      </attribute>
    </attributes>
  </object>
  <object>
    <name>vehicule</name>
    <occluded>0</occluded>
    <bndbox>
      <xmin>338.9600000000006</xmin>
      <ymin>395.2500000000015</ymin>
      <xmax>770.8705017089844</xmax>
      <ymax>672.2143524169921</ymax>
    </bndbox>
    <attributes>
      <attribute>
        <name>keyframe</name>
        <value>True</value>
      </attribute>
      <attribute>
        <name>track_id</name>
        <value>2</value>
      </attribute>
    </attributes>
  </object>
  <object>
    <name>vehicule</name>
    <occluded>0</occluded>
    <bndbox>
      <xmin>1926.400634765625</xmin>
      <ymin>277.36486816406295</ymin>
      <xmax>2207.163433074951</xmax>
      <ymax>428.30271911621094</ymax>
    </bndbox>
    <attributes>
      <attribute>
        <name>keyframe</name>
        <value>True</value>
      </attribute>
      <attribute>
        <name>track_id</name>
        <value>3</value>
      </attribute>
    </attributes>
  </object>
  <object>
    <name>vehicule</name>
    <occluded>0</occluded>
    <bndbox>
      <xmin>1933.5125558035716</xmin>
      <ymin>197.83942522321428</ymin>
      <xmax>2204.578321184431</xmax>
      <ymax>331.66063799176897</ymax>
    </bndbox>
    <attributes>
      <attribute>
        <name>keyframe</name>
        <value>True</value>
      </attribute>
      <attribute>
        <name>track_id</name>
        <value>4</value>
      </attribute>
    </attributes>
  </object>
  <object>
    <name>vehicule</name>
    <occluded>0</occluded>
    <bndbox>
      <xmin>422.35714285714363</xmin>
      <ymin>1469.3585379464294</ymin>
      <xmax>1006.1013009207588</xmax>
      <ymax>1799.6926095145088</ymax>
    </bndbox>
    <attributes>
      <attribute>
        <name>keyframe</name>
        <value>True</value>
      </attribute>
      <attribute>
        <name>track_id</name>
        <value>5</value>
      </attribute>
    </attributes>
  </object>
  <object>
    <name>vehicule</name>
    <occluded>0</occluded>
    <bndbox>
      <xmin>27.25</xmin>
      <ymin>237.2958984375</ymin>
      <xmax>293.3142623901367</xmax>
      <ymax>436.99034118652344</ymax>
    </bndbox>
    <attributes>
      <attribute>
        <name>keyframe</name>
        <value>True</value>
      </attribute>
      <attribute>
        <name>track_id</name>
        <value>12</value>
      </attribute>
    </attributes>
  </object>
  <object>
    <name>vehicule</name>
    <occluded>0</occluded>
    <bndbox>
      <xmin>1210.92333984375</xmin>
      <ymin>310.35000000000144</ymin>
      <xmax>1493.55</xmax>
      <ymax>501.048583984375</ymax>
    </bndbox>
    <attributes>
      <attribute>
        <name>keyframe</name>
        <value>True</value>
      </attribute>
      <attribute>
        <name>track_id</name>
        <value>416</value>
      </attribute>
    </attributes>
  </object>
  <object>
    <name>vehicule</name>
    <occluded>0</occluded>
    <bndbox>
      <xmin>2163.220703125</xmin>
      <ymin>867.2174479166666</ymin>
      <xmax>2456.0</xmax>
      <ymax>1179.4888142903644</ymax>
    </bndbox>
    <attributes>
      <attribute>
        <name>keyframe</name>
        <value>True</value>
      </attribute>
      <attribute>
        <name>track_id</name>
        <value>417</value>
      </attribute>
    </attributes>
  </object>
  <object>
    <name>vehicule</name>
    <occluded>0</occluded>
    <bndbox>
      <xmin>1888.7020703125004</xmin>
      <ymin>650.4552343750001</ymin>
      <xmax>2280.869807128906</xmax>
      <ymax>902.513483276367</ymax>
    </bndbox>
    <attributes>
      <attribute>
        <name>keyframe</name>
        <value>True</value>
      </attribute>
      <attribute>
        <name>track_id</name>
        <value>418</value>
      </attribute>
    </attributes>
  </object>
  <object>
    <name>vehicule</name>
    <occluded>0</occluded>
    <bndbox>
      <xmin>1132.2592187500002</xmin>
      <ymin>589.4221875000006</ymin>
      <xmax>1560.1026196289058</xmax>
      <ymax>834.0457092285156</ymax>
    </bndbox>
    <attributes>
      <attribute>
        <name>keyframe</name>
        <value>True</value>
      </attribute>
      <attribute>
        <name>track_id</name>
        <value>419</value>
      </attribute>
    </attributes>
  </object>
  <object>
    <name>vehicule</name>
    <occluded>0</occluded>
    <bndbox>
      <xmin>980.93740234375</xmin>
      <ymin>99.88113281250007</ymin>
      <xmax>1292.7346679687503</xmax>
      <ymax>261.72773315429623</ymax>
    </bndbox>
    <attributes>
      <attribute>
        <name>keyframe</name>
        <value>True</value>
      </attribute>
      <attribute>
        <name>track_id</name>
        <value>420</value>
      </attribute>
    </attributes>
  </object>
</annotation>
