<annotation>
  <folder>frame</folder>
  <filename>frame_002985.jpg</filename>
  <source>
    <database>Unknown</database>
    <annotation>Unknown</annotation>
    <image>Unknown</image>
  </source>
  <size>
    <width>2456</width>
    <height>2054</height>
    <depth>3</depth>
  </size>
  <segmented>0</segmented>
  <object>
    <name>vehicule</name>
    <occluded>0</occluded>
    <bndbox>
      <xmin>40.4873046875</xmin>
      <ymin>1246.0595703125</ymin>
      <xmax>600.3243164062496</xmax>
      <ymax>1513.7309265136719</ymax>
    </bndbox>
    <attributes>
      <attribute>
        <name>keyframe</name>
        <value>True</value>
      </attribute>
      <attribute>
        <name>track_id</name>
        <value>410</value>
      </attribute>
    </attributes>
  </object>
</annotation>
