<annotation>
  <folder>frame</folder>
  <filename>frame_001604.jpg</filename>
  <source>
    <database>Unknown</database>
    <annotation>Unknown</annotation>
    <image>Unknown</image>
  </source>
  <size>
    <width>2456</width>
    <height>2054</height>
    <depth>3</depth>
  </size>
  <segmented>0</segmented>
  <object>
    <name>vehicule</name>
    <occluded>0</occluded>
    <bndbox>
      <xmin>1051.9195753528227</xmin>
      <ymin>296.03546642369724</ymin>
      <xmax>1348.8041456653234</xmax>
      <ymax>490.4661365897125</ymax>
    </bndbox>
    <attributes>
      <attribute>
        <name>keyframe</name>
        <value>True</value>
      </attribute>
      <attribute>
        <name>track_id</name>
        <value>192</value>
      </attribute>
    </attributes>
  </object>
  <object>
    <name>vehicule</name>
    <occluded>0</occluded>
    <bndbox>
      <xmin>1254.4693188224871</xmin>
      <ymin>379.78722011920104</ymin>
      <xmax>1533.3480297599879</xmax>
      <ymax>550.8768655049432</ymax>
    </bndbox>
    <attributes>
      <attribute>
        <name>keyframe</name>
        <value>True</value>
      </attribute>
      <attribute>
        <name>track_id</name>
        <value>199</value>
      </attribute>
    </attributes>
  </object>
  <object>
    <name>vehicule</name>
    <occluded>0</occluded>
    <bndbox>
      <xmin>1537.6129734205163</xmin>
      <ymin>441.42126287930256</ymin>
      <xmax>1795.6612308668039</xmax>
      <ymax>641.0523175668036</ymax>
    </bndbox>
    <attributes>
      <attribute>
        <name>keyframe</name>
        <value>True</value>
      </attribute>
      <attribute>
        <name>track_id</name>
        <value>205</value>
      </attribute>
    </attributes>
  </object>
  <object>
    <name>vehicule</name>
    <occluded>0</occluded>
    <bndbox>
      <xmin>1550.306444718845</xmin>
      <ymin>328.95252540843467</ymin>
      <xmax>1836.878905656346</xmax>
      <ymax>468.9693253351925</ymax>
    </bndbox>
    <attributes>
      <attribute>
        <name>keyframe</name>
        <value>True</value>
      </attribute>
      <attribute>
        <name>track_id</name>
        <value>210</value>
      </attribute>
    </attributes>
  </object>
  <object>
    <name>vehicule</name>
    <occluded>0</occluded>
    <bndbox>
      <xmin>1832.7271144701087</xmin>
      <ymin>429.6043796705172</ymin>
      <xmax>2019.7278985507257</xmax>
      <ymax>632.3314651268116</ymax>
    </bndbox>
    <attributes>
      <attribute>
        <name>keyframe</name>
        <value>True</value>
      </attribute>
      <attribute>
        <name>track_id</name>
        <value>214</value>
      </attribute>
    </attributes>
  </object>
  <object>
    <name>vehicule</name>
    <occluded>0</occluded>
    <bndbox>
      <xmin>1816.830058195153</xmin>
      <ymin>323.10470982142897</ymin>
      <xmax>2056.449075255102</xmax>
      <ymax>468.0865165990719</ymax>
    </bndbox>
    <attributes>
      <attribute>
        <name>keyframe</name>
        <value>True</value>
      </attribute>
      <attribute>
        <name>track_id</name>
        <value>231</value>
      </attribute>
    </attributes>
  </object>
  <object>
    <name>vehicule</name>
    <occluded>0</occluded>
    <bndbox>
      <xmin>1367.4908172447645</xmin>
      <ymin>260.50124345549756</ymin>
      <xmax>1642.2003875572636</xmax>
      <ymax>393.446889867332</ymax>
    </bndbox>
    <attributes>
      <attribute>
        <name>keyframe</name>
        <value>True</value>
      </attribute>
      <attribute>
        <name>track_id</name>
        <value>248</value>
      </attribute>
    </attributes>
  </object>
  <object>
    <name>vehicule</name>
    <occluded>0</occluded>
    <bndbox>
      <xmin>1812.7705078125</xmin>
      <ymin>828.8603515625</ymin>
      <xmax>2310.4922485351562</xmax>
      <ymax>1137.4778930664052</ymax>
    </bndbox>
    <attributes>
      <attribute>
        <name>keyframe</name>
        <value>True</value>
      </attribute>
      <attribute>
        <name>track_id</name>
        <value>251</value>
      </attribute>
    </attributes>
  </object>
  <object>
    <name>vehicule</name>
    <occluded>0</occluded>
    <bndbox>
      <xmin>348.5556640625</xmin>
      <ymin>25.6865234375</ymin>
      <xmax>606.8000000000011</xmax>
      <ymax>168.3000000000011</ymax>
    </bndbox>
    <attributes>
      <attribute>
        <name>keyframe</name>
        <value>True</value>
      </attribute>
      <attribute>
        <name>track_id</name>
        <value>253</value>
      </attribute>
    </attributes>
  </object>
  <object>
    <name>vehicule</name>
    <occluded>0</occluded>
    <bndbox>
      <xmin>76.3193359375</xmin>
      <ymin>59.3876953125</ymin>
      <xmax>363.10000000000036</xmax>
      <ymax>186.5</ymax>
    </bndbox>
    <attributes>
      <attribute>
        <name>keyframe</name>
        <value>True</value>
      </attribute>
      <attribute>
        <name>track_id</name>
        <value>254</value>
      </attribute>
    </attributes>
  </object>
  <object>
    <name>vehicule</name>
    <occluded>0</occluded>
    <bndbox>
      <xmin>822.9539713541667</xmin>
      <ymin>55.62096354166667</ymin>
      <xmax>1149.7256510416678</xmax>
      <ymax>213.74693705240813</ymax>
    </bndbox>
    <attributes>
      <attribute>
        <name>keyframe</name>
        <value>True</value>
      </attribute>
      <attribute>
        <name>track_id</name>
        <value>258</value>
      </attribute>
    </attributes>
  </object>
  <object>
    <name>vehicule</name>
    <occluded>0</occluded>
    <bndbox>
      <xmin>1916.484375</xmin>
      <ymin>1047.5458984375</ymin>
      <xmax>2449.2000000000007</xmax>
      <ymax>1379.4000000000015</ymax>
    </bndbox>
    <attributes>
      <attribute>
        <name>keyframe</name>
        <value>True</value>
      </attribute>
      <attribute>
        <name>track_id</name>
        <value>259</value>
      </attribute>
    </attributes>
  </object>
  <object>
    <name>vehicule</name>
    <occluded>0</occluded>
    <bndbox>
      <xmin>937.6899088541667</xmin>
      <ymin>158.11593750000017</ymin>
      <xmax>1250.808753255209</xmax>
      <ymax>284.87713928222655</ymax>
    </bndbox>
    <attributes>
      <attribute>
        <name>keyframe</name>
        <value>True</value>
      </attribute>
      <attribute>
        <name>track_id</name>
        <value>260</value>
      </attribute>
    </attributes>
  </object>
  <object>
    <name>vehicule</name>
    <occluded>0</occluded>
    <bndbox>
      <xmin>902.6000000000004</xmin>
      <ymin>575.5</ymin>
      <xmax>1323.9456176757812</xmax>
      <ymax>832.2299957275391</ymax>
    </bndbox>
    <attributes>
      <attribute>
        <name>keyframe</name>
        <value>True</value>
      </attribute>
      <attribute>
        <name>track_id</name>
        <value>261</value>
      </attribute>
    </attributes>
  </object>
  <object>
    <name>vehicule</name>
    <occluded>0</occluded>
    <bndbox>
      <xmin>1587.6432559742655</xmin>
      <ymin>155.35945542279447</ymin>
      <xmax>1844.96531048943</xmax>
      <ymax>285.015488747989</ymax>
    </bndbox>
    <attributes>
      <attribute>
        <name>keyframe</name>
        <value>True</value>
      </attribute>
      <attribute>
        <name>track_id</name>
        <value>262</value>
      </attribute>
    </attributes>
  </object>
  <object>
    <name>vehicule</name>
    <occluded>0</occluded>
    <bndbox>
      <xmin>2061.0852864583335</xmin>
      <ymin>240.9089192708343</ymin>
      <xmax>2336.7333333333336</xmax>
      <ymax>353.3088633219401</ymax>
    </bndbox>
    <attributes>
      <attribute>
        <name>keyframe</name>
        <value>True</value>
      </attribute>
      <attribute>
        <name>track_id</name>
        <value>263</value>
      </attribute>
    </attributes>
  </object>
</annotation>
