<annotation>
  <folder>frame</folder>
  <filename>frame_002580.jpg</filename>
  <source>
    <database>Unknown</database>
    <annotation>Unknown</annotation>
    <image>Unknown</image>
  </source>
  <size>
    <width>2456</width>
    <height>2054</height>
    <depth>3</depth>
  </size>
  <segmented>0</segmented>
  <object>
    <name>vehicule</name>
    <occluded>0</occluded>
    <bndbox>
      <xmin>1396.4676568330224</xmin>
      <ymin>340.4356051772388</ymin>
      <xmax>1681.6049615205238</xmax>
      <ymax>517.8423251479412</ymax>
    </bndbox>
    <attributes>
      <attribute>
        <name>keyframe</name>
        <value>True</value>
      </attribute>
      <attribute>
        <name>track_id</name>
        <value>356</value>
      </attribute>
    </attributes>
  </object>
  <object>
    <name>vehicule</name>
    <occluded>0</occluded>
    <bndbox>
      <xmin>1091.7604120818662</xmin>
      <ymin>268.685007702465</ymin>
      <xmax>1394.7273272447198</xmax>
      <ymax>456.8305019324934</ymax>
    </bndbox>
    <attributes>
      <attribute>
        <name>keyframe</name>
        <value>True</value>
      </attribute>
      <attribute>
        <name>track_id</name>
        <value>365</value>
      </attribute>
    </attributes>
  </object>
  <object>
    <name>vehicule</name>
    <occluded>0</occluded>
    <bndbox>
      <xmin>2256.3349609375</xmin>
      <ymin>1018.6533203125</ymin>
      <xmax>2456.0</xmax>
      <ymax>1309.2000000000007</ymax>
    </bndbox>
    <attributes>
      <attribute>
        <name>keyframe</name>
        <value>True</value>
      </attribute>
      <attribute>
        <name>track_id</name>
        <value>368</value>
      </attribute>
    </attributes>
  </object>
  <object>
    <name>vehicule</name>
    <occluded>0</occluded>
    <bndbox>
      <xmin>1832.3307692307703</xmin>
      <ymin>681.7384615384619</ymin>
      <xmax>2209.383946345403</xmax>
      <ymax>906.5831909179688</ymax>
    </bndbox>
    <attributes>
      <attribute>
        <name>keyframe</name>
        <value>True</value>
      </attribute>
      <attribute>
        <name>track_id</name>
        <value>369</value>
      </attribute>
    </attributes>
  </object>
  <object>
    <name>vehicule</name>
    <occluded>0</occluded>
    <bndbox>
      <xmin>1698.8910955255683</xmin>
      <ymin>401.1508522727276</ymin>
      <xmax>1926.174556107955</xmax>
      <ymax>581.7045593261719</ymax>
    </bndbox>
    <attributes>
      <attribute>
        <name>keyframe</name>
        <value>True</value>
      </attribute>
      <attribute>
        <name>track_id</name>
        <value>371</value>
      </attribute>
    </attributes>
  </object>
  <object>
    <name>vehicule</name>
    <occluded>0</occluded>
    <bndbox>
      <xmin>924.9000000000003</xmin>
      <ymin>484.13076923076926</ymin>
      <xmax>1312.2550095778247</xmax>
      <ymax>694.7185633732722</ymax>
    </bndbox>
    <attributes>
      <attribute>
        <name>keyframe</name>
        <value>True</value>
      </attribute>
      <attribute>
        <name>track_id</name>
        <value>372</value>
      </attribute>
    </attributes>
  </object>
  <object>
    <name>vehicule</name>
    <occluded>0</occluded>
    <bndbox>
      <xmin>427.5277644230771</xmin>
      <ymin>438.3087139423078</ymin>
      <xmax>759.5555565467238</xmax>
      <ymax>715.7451829176682</ymax>
    </bndbox>
    <attributes>
      <attribute>
        <name>keyframe</name>
        <value>True</value>
      </attribute>
      <attribute>
        <name>track_id</name>
        <value>373</value>
      </attribute>
    </attributes>
  </object>
  <object>
    <name>vehicule</name>
    <occluded>0</occluded>
    <bndbox>
      <xmin>1020.0250244140625</xmin>
      <ymin>129.93310546875</ymin>
      <xmax>1293.1701416015621</xmax>
      <ymax>280.34729766845703</ymax>
    </bndbox>
    <attributes>
      <attribute>
        <name>keyframe</name>
        <value>True</value>
      </attribute>
      <attribute>
        <name>track_id</name>
        <value>374</value>
      </attribute>
    </attributes>
  </object>
  <object>
    <name>vehicule</name>
    <occluded>0</occluded>
    <bndbox>
      <xmin>1410.9798339843753</xmin>
      <ymin>112.0980224609375</ymin>
      <xmax>1552.2966613769531</xmax>
      <ymax>241.76974487304688</ymax>
    </bndbox>
    <attributes>
      <attribute>
        <name>keyframe</name>
        <value>True</value>
      </attribute>
      <attribute>
        <name>track_id</name>
        <value>375</value>
      </attribute>
    </attributes>
  </object>
  <object>
    <name>vehicule</name>
    <occluded>0</occluded>
    <bndbox>
      <xmin>369.37957589285725</xmin>
      <ymin>258.2821428571429</ymin>
      <xmax>674.8829908098487</xmax>
      <ymax>450.21705496651754</ymax>
    </bndbox>
    <attributes>
      <attribute>
        <name>keyframe</name>
        <value>True</value>
      </attribute>
      <attribute>
        <name>track_id</name>
        <value>376</value>
      </attribute>
    </attributes>
  </object>
  <object>
    <name>vehicule</name>
    <occluded>0</occluded>
    <bndbox>
      <xmin>1757.5799804687513</xmin>
      <ymin>146.786376953125</ymin>
      <xmax>2076.400005340576</xmax>
      <ymax>303.3643127441403</ymax>
    </bndbox>
    <attributes>
      <attribute>
        <name>keyframe</name>
        <value>True</value>
      </attribute>
      <attribute>
        <name>track_id</name>
        <value>377</value>
      </attribute>
    </attributes>
  </object>
  <object>
    <name>vehicule</name>
    <occluded>0</occluded>
    <bndbox>
      <xmin>447.0375000000013</xmin>
      <ymin>1489.2110595703125</ymin>
      <xmax>1006.70361328125</xmax>
      <ymax>1764.4500984191898</ymax>
    </bndbox>
    <attributes>
      <attribute>
        <name>keyframe</name>
        <value>True</value>
      </attribute>
      <attribute>
        <name>track_id</name>
        <value>378</value>
      </attribute>
    </attributes>
  </object>
  <object>
    <name>vehicule</name>
    <occluded>0</occluded>
    <bndbox>
      <xmin>2033.953125</xmin>
      <ymin>273.1481863839295</ymin>
      <xmax>2328.7229234967917</xmax>
      <ymax>398.71947152274</ymax>
    </bndbox>
    <attributes>
      <attribute>
        <name>keyframe</name>
        <value>True</value>
      </attribute>
      <attribute>
        <name>track_id</name>
        <value>379</value>
      </attribute>
    </attributes>
  </object>
</annotation>
