<annotation>
  <folder>frame</folder>
  <filename>frame_001748.jpg</filename>
  <source>
    <database>Unknown</database>
    <annotation>Unknown</annotation>
    <image>Unknown</image>
  </source>
  <size>
    <width>2456</width>
    <height>2054</height>
    <depth>3</depth>
  </size>
  <segmented>0</segmented>
  <object>
    <name>vehicule</name>
    <occluded>0</occluded>
    <bndbox>
      <xmin>977.2470703125</xmin>
      <ymin>314.0783088235295</ymin>
      <xmax>1274.133639705883</xmax>
      <ymax>509.27011144301434</ymax>
    </bndbox>
    <attributes>
      <attribute>
        <name>keyframe</name>
        <value>True</value>
      </attribute>
      <attribute>
        <name>track_id</name>
        <value>192</value>
      </attribute>
    </attributes>
  </object>
  <object>
    <name>vehicule</name>
    <occluded>0</occluded>
    <bndbox>
      <xmin>1244.7679802389705</xmin>
      <ymin>382.26872702205884</ymin>
      <xmax>1523.6466911764712</xmax>
      <ymax>553.358372407801</ymax>
    </bndbox>
    <attributes>
      <attribute>
        <name>keyframe</name>
        <value>True</value>
      </attribute>
      <attribute>
        <name>track_id</name>
        <value>199</value>
      </attribute>
    </attributes>
  </object>
  <object>
    <name>vehicule</name>
    <occluded>0</occluded>
    <bndbox>
      <xmin>32.4140625</xmin>
      <ymin>754.1845703125</ymin>
      <xmax>518.7025390625004</xmax>
      <ymax>1008.2747833251942</ymax>
    </bndbox>
    <attributes>
      <attribute>
        <name>keyframe</name>
        <value>True</value>
      </attribute>
      <attribute>
        <name>track_id</name>
        <value>205</value>
      </attribute>
    </attributes>
  </object>
  <object>
    <name>vehicule</name>
    <occluded>0</occluded>
    <bndbox>
      <xmin>1423.3807164634147</xmin>
      <ymin>373.8973799542688</ymin>
      <xmax>1725.9123142149397</xmax>
      <ymax>537.8379222590748</ymax>
    </bndbox>
    <attributes>
      <attribute>
        <name>keyframe</name>
        <value>True</value>
      </attribute>
      <attribute>
        <name>track_id</name>
        <value>210</value>
      </attribute>
    </attributes>
  </object>
  <object>
    <name>vehicule</name>
    <occluded>0</occluded>
    <bndbox>
      <xmin>1021.0306640625</xmin>
      <ymin>786.846484375</ymin>
      <xmax>1421.7949218750014</xmax>
      <ymax>1030.590429687499</ymax>
    </bndbox>
    <attributes>
      <attribute>
        <name>keyframe</name>
        <value>True</value>
      </attribute>
      <attribute>
        <name>track_id</name>
        <value>214</value>
      </attribute>
    </attributes>
  </object>
  <object>
    <name>vehicule</name>
    <occluded>0</occluded>
    <bndbox>
      <xmin>1631.0938802083333</xmin>
      <ymin>409.0674609375002</ymin>
      <xmax>1866.2533333333338</xmax>
      <ymax>606.158668823242</ymax>
    </bndbox>
    <attributes>
      <attribute>
        <name>keyframe</name>
        <value>True</value>
      </attribute>
      <attribute>
        <name>track_id</name>
        <value>231</value>
      </attribute>
    </attributes>
  </object>
  <object>
    <name>vehicule</name>
    <occluded>0</occluded>
    <bndbox>
      <xmin>1263.8619723494764</xmin>
      <ymin>258.52012434555076</ymin>
      <xmax>1548.3300387557276</xmax>
      <ymax>418.8654096593406</ymax>
    </bndbox>
    <attributes>
      <attribute>
        <name>keyframe</name>
        <value>True</value>
      </attribute>
      <attribute>
        <name>track_id</name>
        <value>248</value>
      </attribute>
    </attributes>
  </object>
  <object>
    <name>vehicule</name>
    <occluded>0</occluded>
    <bndbox>
      <xmin>1653.0537109375</xmin>
      <ymin>246.99348958333334</ymin>
      <xmax>1951.131640625</xmax>
      <ymax>400.84231872558667</ymax>
    </bndbox>
    <attributes>
      <attribute>
        <name>keyframe</name>
        <value>True</value>
      </attribute>
      <attribute>
        <name>track_id</name>
        <value>267</value>
      </attribute>
    </attributes>
  </object>
  <object>
    <name>vehicule</name>
    <occluded>0</occluded>
    <bndbox>
      <xmin>623.051171875</xmin>
      <ymin>1269.837109375</ymin>
      <xmax>1168.7055297851562</xmax>
      <ymax>1596.5640686035156</ymax>
    </bndbox>
    <attributes>
      <attribute>
        <name>keyframe</name>
        <value>True</value>
      </attribute>
      <attribute>
        <name>track_id</name>
        <value>276</value>
      </attribute>
    </attributes>
  </object>
  <object>
    <name>vehicule</name>
    <occluded>0</occluded>
    <bndbox>
      <xmin>147.833984375</xmin>
      <ymin>29.60107421875</ymin>
      <xmax>482.3947265625011</xmax>
      <ymax>174.79723815917896</ymax>
    </bndbox>
    <attributes>
      <attribute>
        <name>keyframe</name>
        <value>True</value>
      </attribute>
      <attribute>
        <name>track_id</name>
        <value>279</value>
      </attribute>
    </attributes>
  </object>
  <object>
    <name>vehicule</name>
    <occluded>0</occluded>
    <bndbox>
      <xmin>890.5545479910714</xmin>
      <ymin>119.84748883928634</ymin>
      <xmax>1207.214289202008</xmax>
      <ymax>265.01093030657074</ymax>
    </bndbox>
    <attributes>
      <attribute>
        <name>keyframe</name>
        <value>True</value>
      </attribute>
      <attribute>
        <name>track_id</name>
        <value>280</value>
      </attribute>
    </attributes>
  </object>
  <object>
    <name>vehicule</name>
    <occluded>0</occluded>
    <bndbox>
      <xmin>1198.8302176339287</xmin>
      <ymin>97.92943638392951</ymin>
      <xmax>1471.1017020089287</xmax>
      <ymax>237.96512211390888</ymax>
    </bndbox>
    <attributes>
      <attribute>
        <name>keyframe</name>
        <value>True</value>
      </attribute>
      <attribute>
        <name>track_id</name>
        <value>282</value>
      </attribute>
    </attributes>
  </object>
  <object>
    <name>vehicule</name>
    <occluded>0</occluded>
    <bndbox>
      <xmin>1550.0131417410723</xmin>
      <ymin>143.14285714285714</ymin>
      <xmax>1880.9973214285712</xmax>
      <ymax>275.38316345214844</ymax>
    </bndbox>
    <attributes>
      <attribute>
        <name>keyframe</name>
        <value>True</value>
      </attribute>
      <attribute>
        <name>track_id</name>
        <value>283</value>
      </attribute>
    </attributes>
  </object>
  <object>
    <name>vehicule</name>
    <occluded>0</occluded>
    <bndbox>
      <xmin>1940.3304443359375</xmin>
      <ymin>150.8602294921875</ymin>
      <xmax>2088.811547470093</xmax>
      <ymax>257.19103240966797</ymax>
    </bndbox>
    <attributes>
      <attribute>
        <name>keyframe</name>
        <value>True</value>
      </attribute>
      <attribute>
        <name>track_id</name>
        <value>285</value>
      </attribute>
    </attributes>
  </object>
</annotation>
