<annotation>
  <folder>frame</folder>
  <filename>frame_000193.jpg</filename>
  <source>
    <database>Unknown</database>
    <annotation>Unknown</annotation>
    <image>Unknown</image>
  </source>
  <size>
    <width>2456</width>
    <height>2054</height>
    <depth>3</depth>
  </size>
  <segmented>0</segmented>
  <object>
    <name>vehicule</name>
    <occluded>0</occluded>
    <bndbox>
      <xmin>1405.8510758409468</xmin>
      <ymin>369.3095703125</ymin>
      <xmax>1713.1743180284468</xmax>
      <ymax>577.8150024414062</ymax>
    </bndbox>
    <attributes>
      <attribute>
        <name>keyframe</name>
        <value>True</value>
      </attribute>
      <attribute>
        <name>track_id</name>
        <value>3</value>
      </attribute>
    </attributes>
  </object>
  <object>
    <name>vehicule</name>
    <occluded>0</occluded>
    <bndbox>
      <xmin>1005.5236592315821</xmin>
      <ymin>276.89675611413094</ymin>
      <xmax>1311.780110647597</xmax>
      <ymax>460.02148450768453</ymax>
    </bndbox>
    <attributes>
      <attribute>
        <name>keyframe</name>
        <value>True</value>
      </attribute>
      <attribute>
        <name>track_id</name>
        <value>4</value>
      </attribute>
    </attributes>
  </object>
  <object>
    <name>vehicule</name>
    <occluded>0</occluded>
    <bndbox>
      <xmin>1478.4417958885733</xmin>
      <ymin>272.8920987215911</ymin>
      <xmax>1753.8583974510748</xmax>
      <ymax>423.86932345303603</ymax>
    </bndbox>
    <attributes>
      <attribute>
        <name>keyframe</name>
        <value>True</value>
      </attribute>
      <attribute>
        <name>track_id</name>
        <value>11</value>
      </attribute>
    </attributes>
  </object>
  <object>
    <name>vehicule</name>
    <occluded>0</occluded>
    <bndbox>
      <xmin>1676.3967982700892</xmin>
      <ymin>325.9420689174107</ymin>
      <xmax>1925.9895717075892</xmax>
      <ymax>504.8616856166295</ymax>
    </bndbox>
    <attributes>
      <attribute>
        <name>keyframe</name>
        <value>True</value>
      </attribute>
      <attribute>
        <name>track_id</name>
        <value>29</value>
      </attribute>
    </attributes>
  </object>
  <object>
    <name>vehicule</name>
    <occluded>0</occluded>
    <bndbox>
      <xmin>73.9775390625</xmin>
      <ymin>0.0</ymin>
      <xmax>303.60000000000036</xmax>
      <ymax>96.55000000000109</ymax>
    </bndbox>
    <attributes>
      <attribute>
        <name>keyframe</name>
        <value>True</value>
      </attribute>
      <attribute>
        <name>track_id</name>
        <value>34</value>
      </attribute>
    </attributes>
  </object>
  <object>
    <name>vehicule</name>
    <occluded>0</occluded>
    <bndbox>
      <xmin>1355.9587068256578</xmin>
      <ymin>221.93263157894737</ymin>
      <xmax>1657.4105263157905</xmax>
      <ymax>352.1257497687089</ymax>
    </bndbox>
    <attributes>
      <attribute>
        <name>keyframe</name>
        <value>True</value>
      </attribute>
      <attribute>
        <name>track_id</name>
        <value>37</value>
      </attribute>
    </attributes>
  </object>
  <object>
    <name>vehicule</name>
    <occluded>0</occluded>
    <bndbox>
      <xmin>1647.3328515625005</xmin>
      <ymin>594.919140625</ymin>
      <xmax>2046.2156726074218</xmax>
      <ymax>864.6488464355468</ymax>
    </bndbox>
    <attributes>
      <attribute>
        <name>keyframe</name>
        <value>True</value>
      </attribute>
      <attribute>
        <name>track_id</name>
        <value>38</value>
      </attribute>
    </attributes>
  </object>
  <object>
    <name>vehicule</name>
    <occluded>0</occluded>
    <bndbox>
      <xmin>1226.1458984375</xmin>
      <ymin>757.28046875</ymin>
      <xmax>1573.1747985839843</xmax>
      <ymax>959.5683410644531</ymax>
    </bndbox>
    <attributes>
      <attribute>
        <name>keyframe</name>
        <value>True</value>
      </attribute>
      <attribute>
        <name>track_id</name>
        <value>39</value>
      </attribute>
    </attributes>
  </object>
  <object>
    <name>vehicule</name>
    <occluded>0</occluded>
    <bndbox>
      <xmin>687.9036458333334</xmin>
      <ymin>49.78515625</ymin>
      <xmax>1026.152278645833</xmax>
      <ymax>212.14076436360605</ymax>
    </bndbox>
    <attributes>
      <attribute>
        <name>keyframe</name>
        <value>True</value>
      </attribute>
      <attribute>
        <name>track_id</name>
        <value>40</value>
      </attribute>
    </attributes>
  </object>
  <object>
    <name>vehicule</name>
    <occluded>0</occluded>
    <bndbox>
      <xmin>1905.4885983157467</xmin>
      <ymin>275.8210037033294</ymin>
      <xmax>2164.300121753247</xmax>
      <ymax>421.5921920578201</ymax>
    </bndbox>
    <attributes>
      <attribute>
        <name>keyframe</name>
        <value>True</value>
      </attribute>
      <attribute>
        <name>track_id</name>
        <value>41</value>
      </attribute>
    </attributes>
  </object>
  <object>
    <name>vehicule</name>
    <occluded>0</occluded>
    <bndbox>
      <xmin>1149.36484375</xmin>
      <ymin>603.8050000000003</ymin>
      <xmax>1548.7973083496095</xmax>
      <ymax>811.7413342285145</ymax>
    </bndbox>
    <attributes>
      <attribute>
        <name>keyframe</name>
        <value>True</value>
      </attribute>
      <attribute>
        <name>track_id</name>
        <value>42</value>
      </attribute>
    </attributes>
  </object>
  <object>
    <name>vehicule</name>
    <occluded>0</occluded>
    <bndbox>
      <xmin>470.18000000000103</xmin>
      <ymin>514.0450781250008</ymin>
      <xmax>866.4633087158204</xmax>
      <ymax>716.3032806396484</ymax>
    </bndbox>
    <attributes>
      <attribute>
        <name>keyframe</name>
        <value>True</value>
      </attribute>
      <attribute>
        <name>track_id</name>
        <value>43</value>
      </attribute>
    </attributes>
  </object>
  <object>
    <name>vehicule</name>
    <occluded>0</occluded>
    <bndbox>
      <xmin>1607.3844238281263</xmin>
      <ymin>1552.0382080078125</ymin>
      <xmax>2199.683380126953</xmax>
      <ymax>1873.6240844726562</ymax>
    </bndbox>
    <attributes>
      <attribute>
        <name>keyframe</name>
        <value>True</value>
      </attribute>
      <attribute>
        <name>track_id</name>
        <value>44</value>
      </attribute>
    </attributes>
  </object>
  <object>
    <name>vehicule</name>
    <occluded>0</occluded>
    <bndbox>
      <xmin>452.25796875000015</xmin>
      <ymin>271.7917187500003</ymin>
      <xmax>810.9648901367182</xmax>
      <ymax>474.07799804687386</ymax>
    </bndbox>
    <attributes>
      <attribute>
        <name>keyframe</name>
        <value>True</value>
      </attribute>
      <attribute>
        <name>track_id</name>
        <value>45</value>
      </attribute>
    </attributes>
  </object>
  <object>
    <name>vehicule</name>
    <occluded>0</occluded>
    <bndbox>
      <xmin>1845.22509765625</xmin>
      <ymin>159.99234375000032</ymin>
      <xmax>2126.870000000001</xmax>
      <ymax>293.5746215820312</ymax>
    </bndbox>
    <attributes>
      <attribute>
        <name>keyframe</name>
        <value>True</value>
      </attribute>
      <attribute>
        <name>track_id</name>
        <value>46</value>
      </attribute>
    </attributes>
  </object>
  <object>
    <name>vehicule</name>
    <occluded>0</occluded>
    <bndbox>
      <xmin>507.5537109375</xmin>
      <ymin>384.343359375</ymin>
      <xmax>779.8434051513668</xmax>
      <ymax>555.5118743896477</ymax>
    </bndbox>
    <attributes>
      <attribute>
        <name>keyframe</name>
        <value>True</value>
      </attribute>
      <attribute>
        <name>track_id</name>
        <value>47</value>
      </attribute>
    </attributes>
  </object>
  <object>
    <name>vehicule</name>
    <occluded>0</occluded>
    <bndbox>
      <xmin>5.9619140625</xmin>
      <ymin>366.1904296875</ymin>
      <xmax>190.0957489013672</xmax>
      <ymax>521.7964935302734</ymax>
    </bndbox>
    <attributes>
      <attribute>
        <name>keyframe</name>
        <value>True</value>
      </attribute>
      <attribute>
        <name>track_id</name>
        <value>48</value>
      </attribute>
    </attributes>
  </object>
  <object>
    <name>vehicule</name>
    <occluded>0</occluded>
    <bndbox>
      <xmin>1165.537506870289</xmin>
      <ymin>323.68769236809135</ymin>
      <xmax>1449.098053745289</xmax>
      <ymax>516.5605347753165</ymax>
    </bndbox>
    <attributes>
      <attribute>
        <name>keyframe</name>
        <value>True</value>
      </attribute>
      <attribute>
        <name>track_id</name>
        <value>416</value>
      </attribute>
    </attributes>
  </object>
</annotation>
