<annotation>
  <folder>frame</folder>
  <filename>frame_002801.jpg</filename>
  <source>
    <database>Unknown</database>
    <annotation>Unknown</annotation>
    <image>Unknown</image>
  </source>
  <size>
    <width>2456</width>
    <height>2054</height>
    <depth>3</depth>
  </size>
  <segmented>0</segmented>
  <object>
    <name>vehicule</name>
    <occluded>0</occluded>
    <bndbox>
      <xmin>927.769287109375</xmin>
      <ymin>520.0445068359377</ymin>
      <xmax>1219.5214355468763</xmax>
      <ymax>706.0082828521722</ymax>
    </bndbox>
    <attributes>
      <attribute>
        <name>keyframe</name>
        <value>True</value>
      </attribute>
      <attribute>
        <name>track_id</name>
        <value>356</value>
      </attribute>
    </attributes>
  </object>
  <object>
    <name>vehicule</name>
    <occluded>0</occluded>
    <bndbox>
      <xmin>86.10026041666667</xmin>
      <ymin>635.9235677083343</ymin>
      <xmax>524.357486979167</xmax>
      <ymax>930.0058980305985</ymax>
    </bndbox>
    <attributes>
      <attribute>
        <name>keyframe</name>
        <value>True</value>
      </attribute>
      <attribute>
        <name>track_id</name>
        <value>365</value>
      </attribute>
    </attributes>
  </object>
  <object>
    <name>vehicule</name>
    <occluded>0</occluded>
    <bndbox>
      <xmin>906.6666259765625</xmin>
      <ymin>715.7496826171885</ymin>
      <xmax>1314.5037353515636</xmax>
      <ymax>968.7732910156249</ymax>
    </bndbox>
    <attributes>
      <attribute>
        <name>keyframe</name>
        <value>True</value>
      </attribute>
      <attribute>
        <name>track_id</name>
        <value>371</value>
      </attribute>
    </attributes>
  </object>
  <object>
    <name>vehicule</name>
    <occluded>0</occluded>
    <bndbox>
      <xmin>1529.8646240234375</xmin>
      <ymin>342.09016113281314</ymin>
      <xmax>1805.4757568359382</xmax>
      <ymax>512.7191253662108</ymax>
    </bndbox>
    <attributes>
      <attribute>
        <name>keyframe</name>
        <value>True</value>
      </attribute>
      <attribute>
        <name>track_id</name>
        <value>379</value>
      </attribute>
    </attributes>
  </object>
  <object>
    <name>vehicule</name>
    <occluded>0</occluded>
    <bndbox>
      <xmin>1906.948486328125</xmin>
      <ymin>455.226318359375</ymin>
      <xmax>2095.0457763671875</xmax>
      <ymax>667.839039611817</ymax>
    </bndbox>
    <attributes>
      <attribute>
        <name>keyframe</name>
        <value>True</value>
      </attribute>
      <attribute>
        <name>track_id</name>
        <value>395</value>
      </attribute>
    </attributes>
  </object>
  <object>
    <name>vehicule</name>
    <occluded>0</occluded>
    <bndbox>
      <xmin>1012.05810546875</xmin>
      <ymin>295.7421386718752</ymin>
      <xmax>1340.2380371093757</xmax>
      <ymax>528.3320060729977</ymax>
    </bndbox>
    <attributes>
      <attribute>
        <name>keyframe</name>
        <value>True</value>
      </attribute>
      <attribute>
        <name>track_id</name>
        <value>399</value>
      </attribute>
    </attributes>
  </object>
  <object>
    <name>vehicule</name>
    <occluded>0</occluded>
    <bndbox>
      <xmin>1456.18505859375</xmin>
      <ymin>242.86250000000064</ymin>
      <xmax>1784.3125000000005</xmax>
      <ymax>389.01043701171875</ymax>
    </bndbox>
    <attributes>
      <attribute>
        <name>keyframe</name>
        <value>True</value>
      </attribute>
      <attribute>
        <name>track_id</name>
        <value>402</value>
      </attribute>
    </attributes>
  </object>
  <object>
    <name>vehicule</name>
    <occluded>0</occluded>
    <bndbox>
      <xmin>781.7369384765625</xmin>
      <ymin>115.68732910156268</ymin>
      <xmax>1091.8125</xmax>
      <ymax>241.34385280609035</ymax>
    </bndbox>
    <attributes>
      <attribute>
        <name>keyframe</name>
        <value>True</value>
      </attribute>
      <attribute>
        <name>track_id</name>
        <value>406</value>
      </attribute>
    </attributes>
  </object>
  <object>
    <name>vehicule</name>
    <occluded>0</occluded>
    <bndbox>
      <xmin>1863.145751953125</xmin>
      <ymin>339.7635009765627</ymin>
      <xmax>2009.7266693115234</xmax>
      <ymax>463.4696502685547</ymax>
    </bndbox>
    <attributes>
      <attribute>
        <name>keyframe</name>
        <value>True</value>
      </attribute>
      <attribute>
        <name>track_id</name>
        <value>408</value>
      </attribute>
    </attributes>
  </object>
</annotation>
