<annotation>
  <folder>frame</folder>
  <filename>frame_001222.jpg</filename>
  <source>
    <database>Unknown</database>
    <annotation>Unknown</annotation>
    <image>Unknown</image>
  </source>
  <size>
    <width>2456</width>
    <height>2054</height>
    <depth>3</depth>
  </size>
  <segmented>0</segmented>
  <object>
    <name>vehicule</name>
    <occluded>0</occluded>
    <bndbox>
      <xmin>1146.9846153846154</xmin>
      <ymin>478.784615384616</ymin>
      <xmax>1526.2319547213042</xmax>
      <ymax>679.556148822491</ymax>
    </bndbox>
    <attributes>
      <attribute>
        <name>keyframe</name>
        <value>True</value>
      </attribute>
      <attribute>
        <name>track_id</name>
        <value>178</value>
      </attribute>
    </attributes>
  </object>
  <object>
    <name>vehicule</name>
    <occluded>0</occluded>
    <bndbox>
      <xmin>529.4307692307705</xmin>
      <ymin>498.81490384615387</ymin>
      <xmax>928.9452491173378</xmax>
      <ymax>717.4602837195763</ymax>
    </bndbox>
    <attributes>
      <attribute>
        <name>keyframe</name>
        <value>True</value>
      </attribute>
      <attribute>
        <name>track_id</name>
        <value>180</value>
      </attribute>
    </attributes>
  </object>
  <object>
    <name>vehicule</name>
    <occluded>0</occluded>
    <bndbox>
      <xmin>344.9230769230769</xmin>
      <ymin>342.4307692307694</ymin>
      <xmax>704.3139108511118</xmax>
      <ymax>522.55397268442</ymax>
    </bndbox>
    <attributes>
      <attribute>
        <name>keyframe</name>
        <value>True</value>
      </attribute>
      <attribute>
        <name>track_id</name>
        <value>181</value>
      </attribute>
    </attributes>
  </object>
  <object>
    <name>vehicule</name>
    <occluded>0</occluded>
    <bndbox>
      <xmin>1718.14697265625</xmin>
      <ymin>188.81425781250073</ymin>
      <xmax>2016.391003417969</xmax>
      <ymax>345.7022247314453</ymax>
    </bndbox>
    <attributes>
      <attribute>
        <name>keyframe</name>
        <value>True</value>
      </attribute>
      <attribute>
        <name>track_id</name>
        <value>182</value>
      </attribute>
    </attributes>
  </object>
  <object>
    <name>vehicule</name>
    <occluded>0</occluded>
    <bndbox>
      <xmin>92.31538461538591</xmin>
      <ymin>193.75384615384706</ymin>
      <xmax>387.91525738055896</xmax>
      <ymax>375.3269442044772</ymax>
    </bndbox>
    <attributes>
      <attribute>
        <name>keyframe</name>
        <value>True</value>
      </attribute>
      <attribute>
        <name>track_id</name>
        <value>183</value>
      </attribute>
    </attributes>
  </object>
  <object>
    <name>vehicule</name>
    <occluded>0</occluded>
    <bndbox>
      <xmin>103.70000000000073</xmin>
      <ymin>1441.4000000000015</ymin>
      <xmax>706.7084655761719</xmax>
      <ymax>1770.7931823730469</ymax>
    </bndbox>
    <attributes>
      <attribute>
        <name>keyframe</name>
        <value>True</value>
      </attribute>
      <attribute>
        <name>track_id</name>
        <value>184</value>
      </attribute>
    </attributes>
  </object>
</annotation>
