<annotation>
  <folder>frame</folder>
  <filename>frame_002563.jpg</filename>
  <source>
    <database>Unknown</database>
    <annotation>Unknown</annotation>
    <image>Unknown</image>
  </source>
  <size>
    <width>2456</width>
    <height>2054</height>
    <depth>3</depth>
  </size>
  <segmented>0</segmented>
  <object>
    <name>vehicule</name>
    <occluded>0</occluded>
    <bndbox>
      <xmin>1396.0775614116915</xmin>
      <ymin>341.3583547108209</ymin>
      <xmax>1681.214866099193</xmax>
      <ymax>518.7650746815233</ymax>
    </bndbox>
    <attributes>
      <attribute>
        <name>keyframe</name>
        <value>True</value>
      </attribute>
      <attribute>
        <name>track_id</name>
        <value>356</value>
      </attribute>
    </attributes>
  </object>
  <object>
    <name>vehicule</name>
    <occluded>0</occluded>
    <bndbox>
      <xmin>1102.3169014084508</xmin>
      <ymin>268.6799103213029</ymin>
      <xmax>1407.758618507924</xmax>
      <ymax>449.3789724430568</ymax>
    </bndbox>
    <attributes>
      <attribute>
        <name>keyframe</name>
        <value>True</value>
      </attribute>
      <attribute>
        <name>track_id</name>
        <value>365</value>
      </attribute>
    </attributes>
  </object>
  <object>
    <name>vehicule</name>
    <occluded>0</occluded>
    <bndbox>
      <xmin>1954.339414062501</xmin>
      <ymin>843.4953515625006</ymin>
      <xmax>2383.1029418945313</xmax>
      <ymax>1140.0705017089845</ymax>
    </bndbox>
    <attributes>
      <attribute>
        <name>keyframe</name>
        <value>True</value>
      </attribute>
      <attribute>
        <name>track_id</name>
        <value>367</value>
      </attribute>
    </attributes>
  </object>
  <object>
    <name>vehicule</name>
    <occluded>0</occluded>
    <bndbox>
      <xmin>1152.6665178571434</xmin>
      <ymin>678.8896205357149</ymin>
      <xmax>1591.660402134486</xmax>
      <ymax>969.4212916782916</ymax>
    </bndbox>
    <attributes>
      <attribute>
        <name>keyframe</name>
        <value>True</value>
      </attribute>
      <attribute>
        <name>track_id</name>
        <value>368</value>
      </attribute>
    </attributes>
  </object>
  <object>
    <name>vehicule</name>
    <occluded>0</occluded>
    <bndbox>
      <xmin>1026.4478298611114</xmin>
      <ymin>429.6945963541673</ymin>
      <xmax>1374.1432172987197</xmax>
      <ymax>637.752246432834</ymax>
    </bndbox>
    <attributes>
      <attribute>
        <name>keyframe</name>
        <value>True</value>
      </attribute>
      <attribute>
        <name>track_id</name>
        <value>369</value>
      </attribute>
    </attributes>
  </object>
  <object>
    <name>vehicule</name>
    <occluded>0</occluded>
    <bndbox>
      <xmin>1403.0592773437502</xmin>
      <ymin>1511.45068359375</ymin>
      <xmax>2100.1355468750007</xmax>
      <ymax>1799.30810546875</ymax>
    </bndbox>
    <attributes>
      <attribute>
        <name>keyframe</name>
        <value>True</value>
      </attribute>
      <attribute>
        <name>track_id</name>
        <value>370</value>
      </attribute>
    </attributes>
  </object>
  <object>
    <name>vehicule</name>
    <occluded>0</occluded>
    <bndbox>
      <xmin>1821.1363991477285</xmin>
      <ymin>351.015340909091</ymin>
      <xmax>2046.4420099431818</xmax>
      <ymax>515.5722351074219</ymax>
    </bndbox>
    <attributes>
      <attribute>
        <name>keyframe</name>
        <value>True</value>
      </attribute>
      <attribute>
        <name>track_id</name>
        <value>371</value>
      </attribute>
    </attributes>
  </object>
  <object>
    <name>vehicule</name>
    <occluded>0</occluded>
    <bndbox>
      <xmin>262.1477864583333</xmin>
      <ymin>274.6896918402781</ymin>
      <xmax>556.6343248155382</xmax>
      <ymax>462.83903164333765</ymax>
    </bndbox>
    <attributes>
      <attribute>
        <name>keyframe</name>
        <value>True</value>
      </attribute>
      <attribute>
        <name>track_id</name>
        <value>372</value>
      </attribute>
    </attributes>
  </object>
  <object>
    <name>vehicule</name>
    <occluded>0</occluded>
    <bndbox>
      <xmin>102.45000000000073</xmin>
      <ymin>316.6790039062507</ymin>
      <xmax>428.6923522949219</xmax>
      <ymax>560.4389038085938</ymax>
    </bndbox>
    <attributes>
      <attribute>
        <name>keyframe</name>
        <value>True</value>
      </attribute>
      <attribute>
        <name>track_id</name>
        <value>373</value>
      </attribute>
    </attributes>
  </object>
  <object>
    <name>vehicule</name>
    <occluded>0</occluded>
    <bndbox>
      <xmin>1809.030580357143</xmin>
      <ymin>199.77064732142858</ymin>
      <xmax>2082.175697544643</xmax>
      <ymax>350.1848395211356</ymax>
    </bndbox>
    <attributes>
      <attribute>
        <name>keyframe</name>
        <value>True</value>
      </attribute>
      <attribute>
        <name>track_id</name>
        <value>374</value>
      </attribute>
    </attributes>
  </object>
  <object>
    <name>vehicule</name>
    <occluded>0</occluded>
    <bndbox>
      <xmin>2106.9404296875</xmin>
      <ymin>186.05705915178572</ymin>
      <xmax>2236.8714904785156</xmax>
      <ymax>315.7287815638951</ymax>
    </bndbox>
    <attributes>
      <attribute>
        <name>keyframe</name>
        <value>True</value>
      </attribute>
      <attribute>
        <name>track_id</name>
        <value>375</value>
      </attribute>
    </attributes>
  </object>
</annotation>
