<annotation>
  <folder>frame</folder>
  <filename>frame_001013.jpg</filename>
  <source>
    <database>Unknown</database>
    <annotation>Unknown</annotation>
    <image>Unknown</image>
  </source>
  <size>
    <width>2456</width>
    <height>2054</height>
    <depth>3</depth>
  </size>
  <segmented>0</segmented>
  <object>
    <name>vehicule</name>
    <occluded>0</occluded>
    <bndbox>
      <xmin>1738.8672200520834</xmin>
      <ymin>356.4899739583334</ymin>
      <xmax>1853.007282257079</xmax>
      <ymax>505.63162994384703</ymax>
    </bndbox>
    <attributes>
      <attribute>
        <name>keyframe</name>
        <value>True</value>
      </attribute>
      <attribute>
        <name>track_id</name>
        <value>166</value>
      </attribute>
    </attributes>
  </object>
  <object>
    <name>vehicule</name>
    <occluded>0</occluded>
    <bndbox>
      <xmin>1742.3527018229167</xmin>
      <ymin>180.66666666666666</ymin>
      <xmax>1885.8500000000013</xmax>
      <ymax>353.05047607421875</ymax>
    </bndbox>
    <attributes>
      <attribute>
        <name>keyframe</name>
        <value>True</value>
      </attribute>
      <attribute>
        <name>track_id</name>
        <value>167</value>
      </attribute>
    </attributes>
  </object>
  <object>
    <name>vehicule</name>
    <occluded>0</occluded>
    <bndbox>
      <xmin>1623.32421875</xmin>
      <ymin>10.21875</ymin>
      <xmax>1821.394499397278</xmax>
      <ymax>148.2764892578125</ymax>
    </bndbox>
    <attributes>
      <attribute>
        <name>keyframe</name>
        <value>True</value>
      </attribute>
      <attribute>
        <name>track_id</name>
        <value>168</value>
      </attribute>
    </attributes>
  </object>
</annotation>
