<annotation>
  <folder>frame</folder>
  <filename>frame_002222.jpg</filename>
  <source>
    <database>Unknown</database>
    <annotation>Unknown</annotation>
    <image>Unknown</image>
  </source>
  <size>
    <width>2456</width>
    <height>2054</height>
    <depth>3</depth>
  </size>
  <segmented>0</segmented>
  <object>
    <name>vehicule</name>
    <occluded>0</occluded>
    <bndbox>
      <xmin>2083.2000000000007</xmin>
      <ymin>828.7000000000007</ymin>
      <xmax>2424.915252685547</xmax>
      <ymax>1084.0343780517578</ymax>
    </bndbox>
    <attributes>
      <attribute>
        <name>keyframe</name>
        <value>True</value>
      </attribute>
      <attribute>
        <name>track_id</name>
        <value>334</value>
      </attribute>
    </attributes>
  </object>
  <object>
    <name>vehicule</name>
    <occluded>0</occluded>
    <bndbox>
      <xmin>1663.115234375</xmin>
      <ymin>99.587890625</ymin>
      <xmax>1843.6182708740234</xmax>
      <ymax>256.1244354248047</ymax>
    </bndbox>
    <attributes>
      <attribute>
        <name>keyframe</name>
        <value>True</value>
      </attribute>
      <attribute>
        <name>track_id</name>
        <value>337</value>
      </attribute>
    </attributes>
  </object>
  <object>
    <name>vehicule</name>
    <occluded>0</occluded>
    <bndbox>
      <xmin>1154.59375</xmin>
      <ymin>1494.748046875</ymin>
      <xmax>1790.711804199218</xmax>
      <ymax>1809.0722961425781</ymax>
    </bndbox>
    <attributes>
      <attribute>
        <name>keyframe</name>
        <value>True</value>
      </attribute>
      <attribute>
        <name>track_id</name>
        <value>338</value>
      </attribute>
    </attributes>
  </object>
</annotation>
