<annotation>
  <folder>frame</folder>
  <filename>frame_000862.jpg</filename>
  <source>
    <database>Unknown</database>
    <annotation>Unknown</annotation>
    <image>Unknown</image>
  </source>
  <size>
    <width>2456</width>
    <height>2054</height>
    <depth>3</depth>
  </size>
  <segmented>0</segmented>
  <object>
    <name>vehicule</name>
    <occluded>0</occluded>
    <bndbox>
      <xmin>139.37486049107144</xmin>
      <ymin>4.445452008928573</ymin>
      <xmax>453.18040248325894</xmax>
      <ymax>138.18958827427457</ymax>
    </bndbox>
    <attributes>
      <attribute>
        <name>keyframe</name>
        <value>True</value>
      </attribute>
      <attribute>
        <name>track_id</name>
        <value>153</value>
      </attribute>
    </attributes>
  </object>
  <object>
    <name>vehicule</name>
    <occluded>0</occluded>
    <bndbox>
      <xmin>791.8503069196429</xmin>
      <ymin>504.6142857142861</ymin>
      <xmax>1144.5142857142864</xmax>
      <ymax>719.4893362862723</ymax>
    </bndbox>
    <attributes>
      <attribute>
        <name>keyframe</name>
        <value>True</value>
      </attribute>
      <attribute>
        <name>track_id</name>
        <value>154</value>
      </attribute>
    </attributes>
  </object>
  <object>
    <name>vehicule</name>
    <occluded>0</occluded>
    <bndbox>
      <xmin>741.4234095982142</xmin>
      <ymin>86.72865513392857</ymin>
      <xmax>1031.8880702427455</xmax>
      <ymax>221.5518408639083</ymax>
    </bndbox>
    <attributes>
      <attribute>
        <name>keyframe</name>
        <value>True</value>
      </attribute>
      <attribute>
        <name>track_id</name>
        <value>156</value>
      </attribute>
    </attributes>
  </object>
  <object>
    <name>vehicule</name>
    <occluded>0</occluded>
    <bndbox>
      <xmin>1447.9490792410716</xmin>
      <ymin>397.10000000000036</ymin>
      <xmax>1756.8000000000004</xmax>
      <ymax>608.7129669189453</ymax>
    </bndbox>
    <attributes>
      <attribute>
        <name>keyframe</name>
        <value>True</value>
      </attribute>
      <attribute>
        <name>track_id</name>
        <value>157</value>
      </attribute>
    </attributes>
  </object>
  <object>
    <name>vehicule</name>
    <occluded>0</occluded>
    <bndbox>
      <xmin>1599.2938058035716</xmin>
      <ymin>171.53299386160714</ymin>
      <xmax>1846.7283761160716</xmax>
      <ymax>319.3587537493024</ymax>
    </bndbox>
    <attributes>
      <attribute>
        <name>keyframe</name>
        <value>True</value>
      </attribute>
      <attribute>
        <name>track_id</name>
        <value>158</value>
      </attribute>
    </attributes>
  </object>
</annotation>
