<annotation>
  <folder>frame</folder>
  <filename>frame_002790.jpg</filename>
  <source>
    <database>Unknown</database>
    <annotation>Unknown</annotation>
    <image>Unknown</image>
  </source>
  <size>
    <width>2456</width>
    <height>2054</height>
    <depth>3</depth>
  </size>
  <segmented>0</segmented>
  <object>
    <name>vehicule</name>
    <occluded>0</occluded>
    <bndbox>
      <xmin>1146.3955078125</xmin>
      <ymin>436.4052734375</ymin>
      <xmax>1431.5328125000015</xmax>
      <ymax>613.8119934082024</ymax>
    </bndbox>
    <attributes>
      <attribute>
        <name>keyframe</name>
        <value>True</value>
      </attribute>
      <attribute>
        <name>track_id</name>
        <value>356</value>
      </attribute>
    </attributes>
  </object>
  <object>
    <name>vehicule</name>
    <occluded>0</occluded>
    <bndbox>
      <xmin>549.2861328125</xmin>
      <ymin>509.3984375</ymin>
      <xmax>838.7390625000007</xmax>
      <ymax>747.4284088134755</ymax>
    </bndbox>
    <attributes>
      <attribute>
        <name>keyframe</name>
        <value>True</value>
      </attribute>
      <attribute>
        <name>track_id</name>
        <value>365</value>
      </attribute>
    </attributes>
  </object>
  <object>
    <name>vehicule</name>
    <occluded>0</occluded>
    <bndbox>
      <xmin>1333.8046875</xmin>
      <ymin>581.5107421875</ymin>
      <xmax>1607.8025390625007</xmax>
      <ymax>800.3294616699204</ymax>
    </bndbox>
    <attributes>
      <attribute>
        <name>keyframe</name>
        <value>True</value>
      </attribute>
      <attribute>
        <name>track_id</name>
        <value>371</value>
      </attribute>
    </attributes>
  </object>
  <object>
    <name>vehicule</name>
    <occluded>0</occluded>
    <bndbox>
      <xmin>1580.313784950658</xmin>
      <ymin>329.9894736842111</ymin>
      <xmax>1847.752631578948</xmax>
      <ymax>479.3457151714124</ymax>
    </bndbox>
    <attributes>
      <attribute>
        <name>keyframe</name>
        <value>True</value>
      </attribute>
      <attribute>
        <name>track_id</name>
        <value>379</value>
      </attribute>
    </attributes>
  </object>
  <object>
    <name>vehicule</name>
    <occluded>0</occluded>
    <bndbox>
      <xmin>1919.582240513393</xmin>
      <ymin>438.5678478422619</ymin>
      <xmax>2105.3420061383927</xmax>
      <ymax>649.2405040922627</ymax>
    </bndbox>
    <attributes>
      <attribute>
        <name>keyframe</name>
        <value>True</value>
      </attribute>
      <attribute>
        <name>track_id</name>
        <value>395</value>
      </attribute>
    </attributes>
  </object>
  <object>
    <name>vehicule</name>
    <occluded>0</occluded>
    <bndbox>
      <xmin>1144.32421875</xmin>
      <ymin>240.4970703125</ymin>
      <xmax>1467.8357421875007</xmax>
      <ymax>470.75778808593714</ymax>
    </bndbox>
    <attributes>
      <attribute>
        <name>keyframe</name>
        <value>True</value>
      </attribute>
      <attribute>
        <name>track_id</name>
        <value>399</value>
      </attribute>
    </attributes>
  </object>
  <object>
    <name>vehicule</name>
    <occluded>0</occluded>
    <bndbox>
      <xmin>1556.142629523027</xmin>
      <ymin>233.48947368421105</ymin>
      <xmax>1862.9604929070726</xmax>
      <ymax>369.68234574167354</ymax>
    </bndbox>
    <attributes>
      <attribute>
        <name>keyframe</name>
        <value>True</value>
      </attribute>
      <attribute>
        <name>track_id</name>
        <value>402</value>
      </attribute>
    </attributes>
  </object>
  <object>
    <name>vehicule</name>
    <occluded>0</occluded>
    <bndbox>
      <xmin>214.1025390625</xmin>
      <ymin>4.033203125</ymin>
      <xmax>519.409747314452</xmax>
      <ymax>150.3147430419922</ymax>
    </bndbox>
    <attributes>
      <attribute>
        <name>keyframe</name>
        <value>True</value>
      </attribute>
      <attribute>
        <name>track_id</name>
        <value>405</value>
      </attribute>
    </attributes>
  </object>
  <object>
    <name>vehicule</name>
    <occluded>0</occluded>
    <bndbox>
      <xmin>1268.8392783717104</xmin>
      <ymin>158.35253906250057</ymin>
      <xmax>1587.9473684210527</xmax>
      <ymax>259.89363925331463</ymax>
    </bndbox>
    <attributes>
      <attribute>
        <name>keyframe</name>
        <value>True</value>
      </attribute>
      <attribute>
        <name>track_id</name>
        <value>406</value>
      </attribute>
    </attributes>
  </object>
  <object>
    <name>vehicule</name>
    <occluded>0</occluded>
    <bndbox>
      <xmin>2057.125</xmin>
      <ymin>1516.533203125</ymin>
      <xmax>2456.0</xmax>
      <ymax>1812.1847229003906</ymax>
    </bndbox>
    <attributes>
      <attribute>
        <name>keyframe</name>
        <value>True</value>
      </attribute>
      <attribute>
        <name>track_id</name>
        <value>407</value>
      </attribute>
    </attributes>
  </object>
  <object>
    <name>vehicule</name>
    <occluded>0</occluded>
    <bndbox>
      <xmin>2007.183902138158</xmin>
      <ymin>278.4007504111842</ymin>
      <xmax>2153.7648194965564</xmax>
      <ymax>399.7734768516139</ymax>
    </bndbox>
    <attributes>
      <attribute>
        <name>keyframe</name>
        <value>True</value>
      </attribute>
      <attribute>
        <name>track_id</name>
        <value>408</value>
      </attribute>
    </attributes>
  </object>
</annotation>
