<annotation>
  <folder>frame</folder>
  <filename>frame_001171.jpg</filename>
  <source>
    <database>Unknown</database>
    <annotation>Unknown</annotation>
    <image>Unknown</image>
  </source>
  <size>
    <width>2456</width>
    <height>2054</height>
    <depth>3</depth>
  </size>
  <segmented>0</segmented>
  <object>
    <name>vehicule</name>
    <occluded>0</occluded>
    <bndbox>
      <xmin>1964.4505208333333</xmin>
      <ymin>239.2709689670139</ymin>
      <xmax>2055.270247395834</xmax>
      <ymax>379.3439807467987</ymax>
    </bndbox>
    <attributes>
      <attribute>
        <name>keyframe</name>
        <value>True</value>
      </attribute>
      <attribute>
        <name>track_id</name>
        <value>175</value>
      </attribute>
    </attributes>
  </object>
  <object>
    <name>vehicule</name>
    <occluded>0</occluded>
    <bndbox>
      <xmin>1701.2990625000011</xmin>
      <ymin>208.35884114583362</ymin>
      <xmax>1878.3622212727864</xmax>
      <ymax>393.49322525872003</ymax>
    </bndbox>
    <attributes>
      <attribute>
        <name>keyframe</name>
        <value>True</value>
      </attribute>
      <attribute>
        <name>track_id</name>
        <value>176</value>
      </attribute>
    </attributes>
  </object>
</annotation>
