<annotation>
  <folder>frame</folder>
  <filename>frame_002901.jpg</filename>
  <source>
    <database>Unknown</database>
    <annotation>Unknown</annotation>
    <image>Unknown</image>
  </source>
  <size>
    <width>2456</width>
    <height>2054</height>
    <depth>3</depth>
  </size>
  <segmented>0</segmented>
  <object>
    <name>vehicule</name>
    <occluded>0</occluded>
    <bndbox>
      <xmin>896.8515625</xmin>
      <ymin>47.786051432291664</ymin>
      <xmax>1007.5205461007575</xmax>
      <ymax>183.46033675582385</ymax>
    </bndbox>
    <attributes>
      <attribute>
        <name>keyframe</name>
        <value>True</value>
      </attribute>
      <attribute>
        <name>track_id</name>
        <value>409</value>
      </attribute>
    </attributes>
  </object>
</annotation>
