<annotation>
  <folder>frame</folder>
  <filename>frame_000442.jpg</filename>
  <source>
    <database>Unknown</database>
    <annotation>Unknown</annotation>
    <image>Unknown</image>
  </source>
  <size>
    <width>2456</width>
    <height>2054</height>
    <depth>3</depth>
  </size>
  <segmented>0</segmented>
  <object>
    <name>vehicule</name>
    <occluded>0</occluded>
    <bndbox>
      <xmin>1333.8446180555557</xmin>
      <ymin>405.47547743055554</ymin>
      <xmax>1641.1678602430557</xmax>
      <ymax>613.9809095594618</ymax>
    </bndbox>
    <attributes>
      <attribute>
        <name>keyframe</name>
        <value>True</value>
      </attribute>
      <attribute>
        <name>track_id</name>
        <value>3</value>
      </attribute>
    </attributes>
  </object>
  <object>
    <name>vehicule</name>
    <occluded>0</occluded>
    <bndbox>
      <xmin>893.1414930555555</xmin>
      <ymin>256.1300998263889</ymin>
      <xmax>1204.7113417215414</xmax>
      <ymax>501.32226881681424</ymax>
    </bndbox>
    <attributes>
      <attribute>
        <name>keyframe</name>
        <value>True</value>
      </attribute>
      <attribute>
        <name>track_id</name>
        <value>4</value>
      </attribute>
    </attributes>
  </object>
  <object>
    <name>vehicule</name>
    <occluded>0</occluded>
    <bndbox>
      <xmin>1375.3915118243244</xmin>
      <ymin>301.08303842905434</ymin>
      <xmax>1634.820351562501</xmax>
      <ymax>459.1384125745618</ymax>
    </bndbox>
    <attributes>
      <attribute>
        <name>keyframe</name>
        <value>True</value>
      </attribute>
      <attribute>
        <name>track_id</name>
        <value>11</value>
      </attribute>
    </attributes>
  </object>
  <object>
    <name>vehicule</name>
    <occluded>0</occluded>
    <bndbox>
      <xmin>1592.53125</xmin>
      <ymin>362.6337890625</ymin>
      <xmax>1842.1240234375</xmax>
      <ymax>541.5534057617188</ymax>
    </bndbox>
    <attributes>
      <attribute>
        <name>keyframe</name>
        <value>True</value>
      </attribute>
      <attribute>
        <name>track_id</name>
        <value>29</value>
      </attribute>
    </attributes>
  </object>
  <object>
    <name>vehicule</name>
    <occluded>0</occluded>
    <bndbox>
      <xmin>1104.8282483552632</xmin>
      <ymin>257.84105263157926</ymin>
      <xmax>1417.5842105263168</xmax>
      <ymax>433.3186568410773</ymax>
    </bndbox>
    <attributes>
      <attribute>
        <name>keyframe</name>
        <value>True</value>
      </attribute>
      <attribute>
        <name>track_id</name>
        <value>37</value>
      </attribute>
    </attributes>
  </object>
  <object>
    <name>vehicule</name>
    <occluded>0</occluded>
    <bndbox>
      <xmin>1805.8987038352273</xmin>
      <ymin>310.76431107954573</ymin>
      <xmax>2064.7102272727275</xmax>
      <ymax>456.53549943403647</ymax>
    </bndbox>
    <attributes>
      <attribute>
        <name>keyframe</name>
        <value>True</value>
      </attribute>
      <attribute>
        <name>track_id</name>
        <value>41</value>
      </attribute>
    </attributes>
  </object>
  <object>
    <name>vehicule</name>
    <occluded>0</occluded>
    <bndbox>
      <xmin>1565.7535807291667</xmin>
      <ymin>440.30993923611135</ymin>
      <xmax>1863.339014253163</xmax>
      <ymax>674.6488487122547</ymax>
    </bndbox>
    <attributes>
      <attribute>
        <name>keyframe</name>
        <value>True</value>
      </attribute>
      <attribute>
        <name>track_id</name>
        <value>58</value>
      </attribute>
    </attributes>
  </object>
  <object>
    <name>vehicule</name>
    <occluded>0</occluded>
    <bndbox>
      <xmin>1837.4732572115386</xmin>
      <ymin>408.64435096153915</ymin>
      <xmax>2067.798602764423</xmax>
      <ymax>568.2340686504657</ymax>
    </bndbox>
    <attributes>
      <attribute>
        <name>keyframe</name>
        <value>True</value>
      </attribute>
      <attribute>
        <name>track_id</name>
        <value>89</value>
      </attribute>
    </attributes>
  </object>
  <object>
    <name>vehicule</name>
    <occluded>0</occluded>
    <bndbox>
      <xmin>1902.0524147727278</xmin>
      <ymin>800.5843750000007</ymin>
      <xmax>2278.324134410511</xmax>
      <ymax>1050.9715487393464</ymax>
    </bndbox>
    <attributes>
      <attribute>
        <name>keyframe</name>
        <value>True</value>
      </attribute>
      <attribute>
        <name>track_id</name>
        <value>94</value>
      </attribute>
    </attributes>
  </object>
  <object>
    <name>vehicule</name>
    <occluded>0</occluded>
    <bndbox>
      <xmin>2128.006467423349</xmin>
      <ymin>269.63450766509436</ymin>
      <xmax>2402.981132075472</xmax>
      <ymax>414.4345870107975</ymax>
    </bndbox>
    <attributes>
      <attribute>
        <name>keyframe</name>
        <value>True</value>
      </attribute>
      <attribute>
        <name>track_id</name>
        <value>96</value>
      </attribute>
    </attributes>
  </object>
  <object>
    <name>vehicule</name>
    <occluded>0</occluded>
    <bndbox>
      <xmin>1884.6407277960527</xmin>
      <ymin>222.54210526315842</ymin>
      <xmax>2159.995024671053</xmax>
      <ymax>340.00555982087786</ymax>
    </bndbox>
    <attributes>
      <attribute>
        <name>keyframe</name>
        <value>True</value>
      </attribute>
      <attribute>
        <name>track_id</name>
        <value>97</value>
      </attribute>
    </attributes>
  </object>
  <object>
    <name>vehicule</name>
    <occluded>0</occluded>
    <bndbox>
      <xmin>974.6666666666666</xmin>
      <ymin>519.9001302083337</ymin>
      <xmax>1327.0006408691406</xmax>
      <ymax>743.9668050130203</ymax>
    </bndbox>
    <attributes>
      <attribute>
        <name>keyframe</name>
        <value>True</value>
      </attribute>
      <attribute>
        <name>track_id</name>
        <value>98</value>
      </attribute>
    </attributes>
  </object>
  <object>
    <name>vehicule</name>
    <occluded>0</occluded>
    <bndbox>
      <xmin>1425.2726907169117</xmin>
      <ymin>264.6389590992647</ymin>
      <xmax>1725.5759438907405</xmax>
      <ymax>393.78476535572725</ymax>
    </bndbox>
    <attributes>
      <attribute>
        <name>keyframe</name>
        <value>True</value>
      </attribute>
      <attribute>
        <name>track_id</name>
        <value>99</value>
      </attribute>
    </attributes>
  </object>
  <object>
    <name>vehicule</name>
    <occluded>0</occluded>
    <bndbox>
      <xmin>1618.1279296875</xmin>
      <ymin>150.5</ymin>
      <xmax>1922.9000000000015</xmax>
      <ymax>258.51915740966797</ymax>
    </bndbox>
    <attributes>
      <attribute>
        <name>keyframe</name>
        <value>True</value>
      </attribute>
      <attribute>
        <name>track_id</name>
        <value>100</value>
      </attribute>
    </attributes>
  </object>
  <object>
    <name>vehicule</name>
    <occluded>0</occluded>
    <bndbox>
      <xmin>171.16000000000022</xmin>
      <ymin>354.04781250000013</ymin>
      <xmax>432.4953308105469</xmax>
      <ymax>558.0610107421875</ymax>
    </bndbox>
    <attributes>
      <attribute>
        <name>keyframe</name>
        <value>True</value>
      </attribute>
      <attribute>
        <name>track_id</name>
        <value>101</value>
      </attribute>
    </attributes>
  </object>
  <object>
    <name>vehicule</name>
    <occluded>0</occluded>
    <bndbox>
      <xmin>1136.837890625</xmin>
      <ymin>339.13715277777777</ymin>
      <xmax>1420.3984375</xmax>
      <ymax>532.0099951850029</ymax>
    </bndbox>
    <attributes>
      <attribute>
        <name>keyframe</name>
        <value>True</value>
      </attribute>
      <attribute>
        <name>track_id</name>
        <value>416</value>
      </attribute>
    </attributes>
  </object>
</annotation>
