<annotation>
  <folder>frame</folder>
  <filename>frame_002422.jpg</filename>
  <source>
    <database>Unknown</database>
    <annotation>Unknown</annotation>
    <image>Unknown</image>
  </source>
  <size>
    <width>2456</width>
    <height>2054</height>
    <depth>3</depth>
  </size>
  <segmented>0</segmented>
  <object>
    <name>vehicule</name>
    <occluded>0</occluded>
    <bndbox>
      <xmin>2061.44</xmin>
      <ymin>600.9800000000007</ymin>
      <xmax>2387.306317138672</xmax>
      <ymax>861.7439910888672</ymax>
    </bndbox>
    <attributes>
      <attribute>
        <name>keyframe</name>
        <value>True</value>
      </attribute>
      <attribute>
        <name>track_id</name>
        <value>346</value>
      </attribute>
    </attributes>
  </object>
  <object>
    <name>vehicule</name>
    <occluded>0</occluded>
    <bndbox>
      <xmin>1042.7063802083335</xmin>
      <ymin>422.4067708333338</ymin>
      <xmax>1360.7769767992438</xmax>
      <ymax>632.1164587772242</ymax>
    </bndbox>
    <attributes>
      <attribute>
        <name>keyframe</name>
        <value>True</value>
      </attribute>
      <attribute>
        <name>track_id</name>
        <value>348</value>
      </attribute>
    </attributes>
  </object>
  <object>
    <name>vehicule</name>
    <occluded>0</occluded>
    <bndbox>
      <xmin>2039.3701171875</xmin>
      <ymin>123.23671875</ymin>
      <xmax>2304.12890625</xmax>
      <ymax>291.29126892089846</ymax>
    </bndbox>
    <attributes>
      <attribute>
        <name>keyframe</name>
        <value>True</value>
      </attribute>
      <attribute>
        <name>track_id</name>
        <value>349</value>
      </attribute>
    </attributes>
  </object>
</annotation>
