<annotation>
  <folder>frame</folder>
  <filename>frame_000716.jpg</filename>
  <source>
    <database>Unknown</database>
    <annotation>Unknown</annotation>
    <image>Unknown</image>
  </source>
  <size>
    <width>2456</width>
    <height>2054</height>
    <depth>3</depth>
  </size>
  <segmented>0</segmented>
  <object>
    <name>vehicule</name>
    <occluded>0</occluded>
    <bndbox>
      <xmin>92.322265625</xmin>
      <ymin>0.0</ymin>
      <xmax>375.0066223144531</xmax>
      <ymax>114.110595703125</ymax>
    </bndbox>
    <attributes>
      <attribute>
        <name>keyframe</name>
        <value>True</value>
      </attribute>
      <attribute>
        <name>track_id</name>
        <value>132</value>
      </attribute>
    </attributes>
  </object>
  <object>
    <name>vehicule</name>
    <occluded>0</occluded>
    <bndbox>
      <xmin>1032.5240384615386</xmin>
      <ymin>473.8384615384622</ymin>
      <xmax>1386.115384615385</xmax>
      <ymax>698.4286158635066</ymax>
    </bndbox>
    <attributes>
      <attribute>
        <name>keyframe</name>
        <value>True</value>
      </attribute>
      <attribute>
        <name>track_id</name>
        <value>133</value>
      </attribute>
    </attributes>
  </object>
  <object>
    <name>vehicule</name>
    <occluded>0</occluded>
    <bndbox>
      <xmin>1145.8550180288462</xmin>
      <ymin>114.31923076923201</ymin>
      <xmax>1457.067145714393</xmax>
      <ymax>249.1670945387618</ymax>
    </bndbox>
    <attributes>
      <attribute>
        <name>keyframe</name>
        <value>True</value>
      </attribute>
      <attribute>
        <name>track_id</name>
        <value>136</value>
      </attribute>
    </attributes>
  </object>
  <object>
    <name>vehicule</name>
    <occluded>0</occluded>
    <bndbox>
      <xmin>1508.1387469951924</xmin>
      <ymin>324.33846153846264</ymin>
      <xmax>1808.0384615384623</xmax>
      <ymax>518.6847334641677</ymax>
    </bndbox>
    <attributes>
      <attribute>
        <name>keyframe</name>
        <value>True</value>
      </attribute>
      <attribute>
        <name>track_id</name>
        <value>137</value>
      </attribute>
    </attributes>
  </object>
  <object>
    <name>vehicule</name>
    <occluded>0</occluded>
    <bndbox>
      <xmin>1639.009521484375</xmin>
      <ymin>1408.873779296875</ymin>
      <xmax>2213.89754486084</xmax>
      <ymax>1712.3144104003895</ymax>
    </bndbox>
    <attributes>
      <attribute>
        <name>keyframe</name>
        <value>True</value>
      </attribute>
      <attribute>
        <name>track_id</name>
        <value>138</value>
      </attribute>
    </attributes>
  </object>
  <object>
    <name>vehicule</name>
    <occluded>0</occluded>
    <bndbox>
      <xmin>1834.2464192708333</xmin>
      <ymin>227.31549479166765</ymin>
      <xmax>2114.312630208334</xmax>
      <ymax>377.77377115885366</ymax>
    </bndbox>
    <attributes>
      <attribute>
        <name>keyframe</name>
        <value>True</value>
      </attribute>
      <attribute>
        <name>track_id</name>
        <value>139</value>
      </attribute>
    </attributes>
  </object>
  <object>
    <name>vehicule</name>
    <occluded>0</occluded>
    <bndbox>
      <xmin>381.24186197916754</xmin>
      <ymin>1157.105957031251</ymin>
      <xmax>1018.1786478678383</xmax>
      <ymax>1502.0278198242186</ymax>
    </bndbox>
    <attributes>
      <attribute>
        <name>keyframe</name>
        <value>True</value>
      </attribute>
      <attribute>
        <name>track_id</name>
        <value>140</value>
      </attribute>
    </attributes>
  </object>
  <object>
    <name>vehicule</name>
    <occluded>0</occluded>
    <bndbox>
      <xmin>243.35000000000005</xmin>
      <ymin>1451.45556640625</ymin>
      <xmax>686.6510111490885</xmax>
      <ymax>1754.8873901367188</ymax>
    </bndbox>
    <attributes>
      <attribute>
        <name>keyframe</name>
        <value>True</value>
      </attribute>
      <attribute>
        <name>track_id</name>
        <value>141</value>
      </attribute>
    </attributes>
  </object>
</annotation>
