<annotation>
  <folder>frame</folder>
  <filename>frame_001099.jpg</filename>
  <source>
    <database>Unknown</database>
    <annotation>Unknown</annotation>
    <image>Unknown</image>
  </source>
  <size>
    <width>2456</width>
    <height>2054</height>
    <depth>3</depth>
  </size>
  <segmented>0</segmented>
  <object>
    <name>vehicule</name>
    <occluded>0</occluded>
    <bndbox>
      <xmin>2174.4638671875</xmin>
      <ymin>837.6357421875</ymin>
      <xmax>2456.0</xmax>
      <ymax>1122.4354431152333</ymax>
    </bndbox>
    <attributes>
      <attribute>
        <name>keyframe</name>
        <value>True</value>
      </attribute>
      <attribute>
        <name>track_id</name>
        <value>170</value>
      </attribute>
    </attributes>
  </object>
  <object>
    <name>vehicule</name>
    <occluded>0</occluded>
    <bndbox>
      <xmin>1819.5796440972222</xmin>
      <ymin>94.28309461805556</ymin>
      <xmax>1954.438225640191</xmax>
      <ymax>244.70228407118054</ymax>
    </bndbox>
    <attributes>
      <attribute>
        <name>keyframe</name>
        <value>True</value>
      </attribute>
      <attribute>
        <name>track_id</name>
        <value>171</value>
      </attribute>
    </attributes>
  </object>
  <object>
    <name>vehicule</name>
    <occluded>0</occluded>
    <bndbox>
      <xmin>885.012939453125</xmin>
      <ymin>1530.883740234376</ymin>
      <xmax>1548.9256286621094</xmax>
      <ymax>1847.3002685546871</ymax>
    </bndbox>
    <attributes>
      <attribute>
        <name>keyframe</name>
        <value>True</value>
      </attribute>
      <attribute>
        <name>track_id</name>
        <value>172</value>
      </attribute>
    </attributes>
  </object>
</annotation>
