<annotation>
  <folder>frame</folder>
  <filename>frame_000939.jpg</filename>
  <source>
    <database>Unknown</database>
    <annotation>Unknown</annotation>
    <image>Unknown</image>
  </source>
  <size>
    <width>2456</width>
    <height>2054</height>
    <depth>3</depth>
  </size>
  <segmented>0</segmented>
  <object>
    <name>vehicule</name>
    <occluded>0</occluded>
    <bndbox>
      <xmin>76.50390625</xmin>
      <ymin>0.0</ymin>
      <xmax>316.5</xmax>
      <ymax>98.0</ymax>
    </bndbox>
    <attributes>
      <attribute>
        <name>keyframe</name>
        <value>True</value>
      </attribute>
      <attribute>
        <name>track_id</name>
        <value>162</value>
      </attribute>
    </attributes>
  </object>
  <object>
    <name>vehicule</name>
    <occluded>0</occluded>
    <bndbox>
      <xmin>574.7668185763889</xmin>
      <ymin>73.24696180555556</ymin>
      <xmax>871.7011935763878</xmax>
      <ymax>210.69898817274304</ymax>
    </bndbox>
    <attributes>
      <attribute>
        <name>keyframe</name>
        <value>True</value>
      </attribute>
      <attribute>
        <name>track_id</name>
        <value>164</value>
      </attribute>
    </attributes>
  </object>
</annotation>
