<annotation>
  <folder>frame</folder>
  <filename>frame_002664.jpg</filename>
  <source>
    <database>Unknown</database>
    <annotation>Unknown</annotation>
    <image>Unknown</image>
  </source>
  <size>
    <width>2456</width>
    <height>2054</height>
    <depth>3</depth>
  </size>
  <segmented>0</segmented>
  <object>
    <name>vehicule</name>
    <occluded>0</occluded>
    <bndbox>
      <xmin>1398.3951871501865</xmin>
      <ymin>335.87613689365674</ymin>
      <xmax>1683.532491837688</xmax>
      <ymax>513.2828568643591</ymax>
    </bndbox>
    <attributes>
      <attribute>
        <name>keyframe</name>
        <value>True</value>
      </attribute>
      <attribute>
        <name>track_id</name>
        <value>356</value>
      </attribute>
    </attributes>
  </object>
  <object>
    <name>vehicule</name>
    <occluded>0</occluded>
    <bndbox>
      <xmin>1052.579953457447</xmin>
      <ymin>267.14897772606383</ymin>
      <xmax>1347.5179454099857</xmax>
      <ymax>480.56214360585057</ymax>
    </bndbox>
    <attributes>
      <attribute>
        <name>keyframe</name>
        <value>True</value>
      </attribute>
      <attribute>
        <name>track_id</name>
        <value>365</value>
      </attribute>
    </attributes>
  </object>
  <object>
    <name>vehicule</name>
    <occluded>0</occluded>
    <bndbox>
      <xmin>1673.4826210423519</xmin>
      <ymin>415.71886950041136</ymin>
      <xmax>1902.1562811986034</xmax>
      <ymax>607.5506294186227</ymax>
    </bndbox>
    <attributes>
      <attribute>
        <name>keyframe</name>
        <value>True</value>
      </attribute>
      <attribute>
        <name>track_id</name>
        <value>371</value>
      </attribute>
    </attributes>
  </object>
  <object>
    <name>vehicule</name>
    <occluded>0</occluded>
    <bndbox>
      <xmin>1654.6842612737341</xmin>
      <ymin>301.89518270371843</ymin>
      <xmax>1947.0340226958074</xmax>
      <ymax>429.76470323393534</ymax>
    </bndbox>
    <attributes>
      <attribute>
        <name>keyframe</name>
        <value>True</value>
      </attribute>
      <attribute>
        <name>track_id</name>
        <value>379</value>
      </attribute>
    </attributes>
  </object>
  <object>
    <name>vehicule</name>
    <occluded>0</occluded>
    <bndbox>
      <xmin>1209.4290930706522</xmin>
      <ymin>338.35502717391324</ymin>
      <xmax>1315.9749915081522</xmax>
      <ymax>506.86916901961564</ymax>
    </bndbox>
    <attributes>
      <attribute>
        <name>keyframe</name>
        <value>True</value>
      </attribute>
      <attribute>
        <name>track_id</name>
        <value>383</value>
      </attribute>
    </attributes>
  </object>
  <object>
    <name>vehicule</name>
    <occluded>0</occluded>
    <bndbox>
      <xmin>2152.611328125</xmin>
      <ymin>832.6806640625</ymin>
      <xmax>2456.0</xmax>
      <ymax>1099.8324218750004</ymax>
    </bndbox>
    <attributes>
      <attribute>
        <name>keyframe</name>
        <value>True</value>
      </attribute>
      <attribute>
        <name>track_id</name>
        <value>388</value>
      </attribute>
    </attributes>
  </object>
  <object>
    <name>vehicule</name>
    <occluded>0</occluded>
    <bndbox>
      <xmin>305.98046875</xmin>
      <ymin>20.96875</ymin>
      <xmax>593.9775390625</xmax>
      <ymax>155.83417968749927</ymax>
    </bndbox>
    <attributes>
      <attribute>
        <name>keyframe</name>
        <value>True</value>
      </attribute>
      <attribute>
        <name>track_id</name>
        <value>389</value>
      </attribute>
    </attributes>
  </object>
  <object>
    <name>vehicule</name>
    <occluded>0</occluded>
    <bndbox>
      <xmin>1395.2000000000007</xmin>
      <ymin>726.4000000000015</ymin>
      <xmax>1794.6533508300781</xmax>
      <ymax>975.3882141113281</ymax>
    </bndbox>
    <attributes>
      <attribute>
        <name>keyframe</name>
        <value>True</value>
      </attribute>
      <attribute>
        <name>track_id</name>
        <value>390</value>
      </attribute>
    </attributes>
  </object>
  <object>
    <name>vehicule</name>
    <occluded>0</occluded>
    <bndbox>
      <xmin>1161.8525390625</xmin>
      <ymin>124.744140625</ymin>
      <xmax>1467.866406250001</xmax>
      <ymax>272.5699005126953</ymax>
    </bndbox>
    <attributes>
      <attribute>
        <name>keyframe</name>
        <value>True</value>
      </attribute>
      <attribute>
        <name>track_id</name>
        <value>391</value>
      </attribute>
    </attributes>
  </object>
  <object>
    <name>vehicule</name>
    <occluded>0</occluded>
    <bndbox>
      <xmin>166.013671875</xmin>
      <ymin>363.3369140625</ymin>
      <xmax>523.873181152343</xmax>
      <ymax>573.4000000000015</ymax>
    </bndbox>
    <attributes>
      <attribute>
        <name>keyframe</name>
        <value>True</value>
      </attribute>
      <attribute>
        <name>track_id</name>
        <value>392</value>
      </attribute>
    </attributes>
  </object>
  <object>
    <name>vehicule</name>
    <occluded>0</occluded>
    <bndbox>
      <xmin>217.8000000000011</xmin>
      <ymin>262.2000000000007</ymin>
      <xmax>536.837646484375</xmax>
      <ymax>425.5791778564453</ymax>
    </bndbox>
    <attributes>
      <attribute>
        <name>keyframe</name>
        <value>True</value>
      </attribute>
      <attribute>
        <name>track_id</name>
        <value>393</value>
      </attribute>
    </attributes>
  </object>
</annotation>
