<annotation>
  <folder>frame</folder>
  <filename>frame_000364.jpg</filename>
  <source>
    <database>Unknown</database>
    <annotation>Unknown</annotation>
    <image>Unknown</image>
  </source>
  <size>
    <width>2456</width>
    <height>2054</height>
    <depth>3</depth>
  </size>
  <segmented>0</segmented>
  <object>
    <name>vehicule</name>
    <occluded>0</occluded>
    <bndbox>
      <xmin>1404.6233226484635</xmin>
      <ymin>369.3095703125</ymin>
      <xmax>1711.9465648359635</xmax>
      <ymax>577.8150024414062</ymax>
    </bndbox>
    <attributes>
      <attribute>
        <name>keyframe</name>
        <value>True</value>
      </attribute>
      <attribute>
        <name>track_id</name>
        <value>3</value>
      </attribute>
    </attributes>
  </object>
  <object>
    <name>vehicule</name>
    <occluded>0</occluded>
    <bndbox>
      <xmin>984.2815962987588</xmin>
      <ymin>263.6228875775709</ymin>
      <xmax>1293.1067761866138</xmax>
      <ymax>476.75372963716234</ymax>
    </bndbox>
    <attributes>
      <attribute>
        <name>keyframe</name>
        <value>True</value>
      </attribute>
      <attribute>
        <name>track_id</name>
        <value>4</value>
      </attribute>
    </attributes>
  </object>
  <object>
    <name>vehicule</name>
    <occluded>0</occluded>
    <bndbox>
      <xmin>1410.0171875</xmin>
      <ymin>289.22476562500015</ymin>
      <xmax>1677.6502734375013</xmax>
      <ymax>443.64793151855446</ymax>
    </bndbox>
    <attributes>
      <attribute>
        <name>keyframe</name>
        <value>True</value>
      </attribute>
      <attribute>
        <name>track_id</name>
        <value>11</value>
      </attribute>
    </attributes>
  </object>
  <object>
    <name>vehicule</name>
    <occluded>0</occluded>
    <bndbox>
      <xmin>1618.8023856026787</xmin>
      <ymin>351.13999720982144</ymin>
      <xmax>1868.3951590401787</xmax>
      <ymax>530.0596139090402</ymax>
    </bndbox>
    <attributes>
      <attribute>
        <name>keyframe</name>
        <value>True</value>
      </attribute>
      <attribute>
        <name>track_id</name>
        <value>29</value>
      </attribute>
    </attributes>
  </object>
  <object>
    <name>vehicule</name>
    <occluded>0</occluded>
    <bndbox>
      <xmin>1183.4956208881579</xmin>
      <ymin>246.5926315789476</ymin>
      <xmax>1492.7105263157905</xmax>
      <ymax>407.8847341437089</ymax>
    </bndbox>
    <attributes>
      <attribute>
        <name>keyframe</name>
        <value>True</value>
      </attribute>
      <attribute>
        <name>track_id</name>
        <value>37</value>
      </attribute>
    </attributes>
  </object>
  <object>
    <name>vehicule</name>
    <occluded>0</occluded>
    <bndbox>
      <xmin>1837.0955382508116</xmin>
      <ymin>299.8182147930201</ymin>
      <xmax>2095.907061688312</xmax>
      <ymax>445.58940314751084</ymax>
    </bndbox>
    <attributes>
      <attribute>
        <name>keyframe</name>
        <value>True</value>
      </attribute>
      <attribute>
        <name>track_id</name>
        <value>41</value>
      </attribute>
    </attributes>
  </object>
  <object>
    <name>vehicule</name>
    <occluded>0</occluded>
    <bndbox>
      <xmin>1713.1204307154608</xmin>
      <ymin>391.1265162417763</ymin>
      <xmax>2007.5319723831979</xmax>
      <ymax>584.5513859799033</ymax>
    </bndbox>
    <attributes>
      <attribute>
        <name>keyframe</name>
        <value>True</value>
      </attribute>
      <attribute>
        <name>track_id</name>
        <value>58</value>
      </attribute>
    </attributes>
  </object>
  <object>
    <name>vehicule</name>
    <occluded>0</occluded>
    <bndbox>
      <xmin>335.02018229166663</xmin>
      <ymin>40.73470052083333</ymin>
      <xmax>661.1979166666666</xmax>
      <ymax>165.71895497639827</ymax>
    </bndbox>
    <attributes>
      <attribute>
        <name>keyframe</name>
        <value>True</value>
      </attribute>
      <attribute>
        <name>track_id</name>
        <value>75</value>
      </attribute>
    </attributes>
  </object>
  <object>
    <name>vehicule</name>
    <occluded>0</occluded>
    <bndbox>
      <xmin>2032.300000000001</xmin>
      <ymin>920.2000000000007</ymin>
      <xmax>2433.4137268066406</xmax>
      <ymax>1211.6500854492188</ymax>
    </bndbox>
    <attributes>
      <attribute>
        <name>keyframe</name>
        <value>True</value>
      </attribute>
      <attribute>
        <name>track_id</name>
        <value>79</value>
      </attribute>
    </attributes>
  </object>
  <object>
    <name>vehicule</name>
    <occluded>0</occluded>
    <bndbox>
      <xmin>1206.0546875</xmin>
      <ymin>86.36826171875055</ymin>
      <xmax>1549.4222656250004</xmax>
      <ymax>249.74606323242188</ymax>
    </bndbox>
    <attributes>
      <attribute>
        <name>keyframe</name>
        <value>True</value>
      </attribute>
      <attribute>
        <name>track_id</name>
        <value>81</value>
      </attribute>
    </attributes>
  </object>
  <object>
    <name>vehicule</name>
    <occluded>0</occluded>
    <bndbox>
      <xmin>546.3468424479166</xmin>
      <ymin>106.92887369791727</ymin>
      <xmax>874.635319010417</xmax>
      <ymax>246.1157068888345</ymax>
    </bndbox>
    <attributes>
      <attribute>
        <name>keyframe</name>
        <value>True</value>
      </attribute>
      <attribute>
        <name>track_id</name>
        <value>82</value>
      </attribute>
    </attributes>
  </object>
  <object>
    <name>vehicule</name>
    <occluded>0</occluded>
    <bndbox>
      <xmin>909.4750000000008</xmin>
      <ymin>495.7250000000013</ymin>
      <xmax>1352.2938041687012</xmax>
      <ymax>718.1975269317627</ymax>
    </bndbox>
    <attributes>
      <attribute>
        <name>keyframe</name>
        <value>True</value>
      </attribute>
      <attribute>
        <name>track_id</name>
        <value>83</value>
      </attribute>
    </attributes>
  </object>
  <object>
    <name>vehicule</name>
    <occluded>0</occluded>
    <bndbox>
      <xmin>1499.8000000000004</xmin>
      <ymin>551.6125000000002</ymin>
      <xmax>1886.019142150879</xmax>
      <ymax>782.7382316589355</ymax>
    </bndbox>
    <attributes>
      <attribute>
        <name>keyframe</name>
        <value>True</value>
      </attribute>
      <attribute>
        <name>track_id</name>
        <value>84</value>
      </attribute>
    </attributes>
  </object>
  <object>
    <name>vehicule</name>
    <occluded>0</occluded>
    <bndbox>
      <xmin>751.9022705078135</xmin>
      <ymin>566.0500000000002</ymin>
      <xmax>1120.4398796081541</xmax>
      <ymax>821.2874870300293</ymax>
    </bndbox>
    <attributes>
      <attribute>
        <name>keyframe</name>
        <value>True</value>
      </attribute>
      <attribute>
        <name>track_id</name>
        <value>85</value>
      </attribute>
    </attributes>
  </object>
  <object>
    <name>vehicule</name>
    <occluded>0</occluded>
    <bndbox>
      <xmin>492.6260742187501</xmin>
      <ymin>395.3134765625</ymin>
      <xmax>825.1750686645498</xmax>
      <ymax>578.9300720214837</ymax>
    </bndbox>
    <attributes>
      <attribute>
        <name>keyframe</name>
        <value>True</value>
      </attribute>
      <attribute>
        <name>track_id</name>
        <value>86</value>
      </attribute>
    </attributes>
  </object>
  <object>
    <name>vehicule</name>
    <occluded>0</occluded>
    <bndbox>
      <xmin>1746.947265625</xmin>
      <ymin>146.69775390625</ymin>
      <xmax>2024.287109375</xmax>
      <ymax>299.1916809082031</ymax>
    </bndbox>
    <attributes>
      <attribute>
        <name>keyframe</name>
        <value>True</value>
      </attribute>
      <attribute>
        <name>track_id</name>
        <value>87</value>
      </attribute>
    </attributes>
  </object>
  <object>
    <name>vehicule</name>
    <occluded>0</occluded>
    <bndbox>
      <xmin>1977.905517578125</xmin>
      <ymin>130.79946289062514</ymin>
      <xmax>2201.9757080078125</xmax>
      <ymax>256.4359588623047</ymax>
    </bndbox>
    <attributes>
      <attribute>
        <name>keyframe</name>
        <value>True</value>
      </attribute>
      <attribute>
        <name>track_id</name>
        <value>88</value>
      </attribute>
    </attributes>
  </object>
  <object>
    <name>vehicule</name>
    <occluded>0</occluded>
    <bndbox>
      <xmin>2137.9638671875</xmin>
      <ymin>273.4514973958333</ymin>
      <xmax>2366.310546875</xmax>
      <ymax>429.05756123860675</ymax>
    </bndbox>
    <attributes>
      <attribute>
        <name>keyframe</name>
        <value>True</value>
      </attribute>
      <attribute>
        <name>track_id</name>
        <value>89</value>
      </attribute>
    </attributes>
  </object>
  <object>
    <name>vehicule</name>
    <occluded>0</occluded>
    <bndbox>
      <xmin>200.06501116071428</xmin>
      <ymin>390.0159040178571</ymin>
      <xmax>514.0746852329798</xmax>
      <ymax>623.4447675432477</ymax>
    </bndbox>
    <attributes>
      <attribute>
        <name>keyframe</name>
        <value>True</value>
      </attribute>
      <attribute>
        <name>track_id</name>
        <value>90</value>
      </attribute>
    </attributes>
  </object>
  <object>
    <name>vehicule</name>
    <occluded>0</occluded>
    <bndbox>
      <xmin>42.6395703125003</xmin>
      <ymin>256.72437500000086</ymin>
      <xmax>355.0900817871094</xmax>
      <ymax>447.83083190917966</ymax>
    </bndbox>
    <attributes>
      <attribute>
        <name>keyframe</name>
        <value>True</value>
      </attribute>
      <attribute>
        <name>track_id</name>
        <value>91</value>
      </attribute>
    </attributes>
  </object>
  <object>
    <name>vehicule</name>
    <occluded>0</occluded>
    <bndbox>
      <xmin>1653.3424862132354</xmin>
      <ymin>246.02893784466912</ymin>
      <xmax>1947.4245800242704</xmax>
      <ymax>350.4015220193302</ymax>
    </bndbox>
    <attributes>
      <attribute>
        <name>keyframe</name>
        <value>True</value>
      </attribute>
      <attribute>
        <name>track_id</name>
        <value>99</value>
      </attribute>
    </attributes>
  </object>
  <object>
    <name>vehicule</name>
    <occluded>0</occluded>
    <bndbox>
      <xmin>1137.1429608982412</xmin>
      <ymin>333.676342650754</ymin>
      <xmax>1420.7035077732412</xmax>
      <ymax>526.5491850579791</ymax>
    </bndbox>
    <attributes>
      <attribute>
        <name>keyframe</name>
        <value>True</value>
      </attribute>
      <attribute>
        <name>track_id</name>
        <value>416</value>
      </attribute>
    </attributes>
  </object>
</annotation>
