<annotation>
  <folder>frame</folder>
  <filename>frame_000296.jpg</filename>
  <source>
    <database>Unknown</database>
    <annotation>Unknown</annotation>
    <image>Unknown</image>
  </source>
  <size>
    <width>2456</width>
    <height>2054</height>
    <depth>3</depth>
  </size>
  <segmented>0</segmented>
  <object>
    <name>vehicule</name>
    <occluded>0</occluded>
    <bndbox>
      <xmin>1405.1115519881644</xmin>
      <ymin>369.3095703125</ymin>
      <xmax>1712.4347941756644</xmax>
      <ymax>577.8150024414062</ymax>
    </bndbox>
    <attributes>
      <attribute>
        <name>keyframe</name>
        <value>True</value>
      </attribute>
      <attribute>
        <name>track_id</name>
        <value>3</value>
      </attribute>
    </attributes>
  </object>
  <object>
    <name>vehicule</name>
    <occluded>0</occluded>
    <bndbox>
      <xmin>1008.6432707225177</xmin>
      <ymin>279.41862671764187</ymin>
      <xmax>1315.0756624448231</xmax>
      <ymax>464.59856837599256</ymax>
    </bndbox>
    <attributes>
      <attribute>
        <name>keyframe</name>
        <value>True</value>
      </attribute>
      <attribute>
        <name>track_id</name>
        <value>4</value>
      </attribute>
    </attributes>
  </object>
  <object>
    <name>vehicule</name>
    <occluded>0</occluded>
    <bndbox>
      <xmin>1440.2036739864866</xmin>
      <ymin>278.8867842060811</ymin>
      <xmax>1714.9891796875015</xmax>
      <ymax>430.14340957229166</ymax>
    </bndbox>
    <attributes>
      <attribute>
        <name>keyframe</name>
        <value>True</value>
      </attribute>
      <attribute>
        <name>track_id</name>
        <value>11</value>
      </attribute>
    </attributes>
  </object>
  <object>
    <name>vehicule</name>
    <occluded>0</occluded>
    <bndbox>
      <xmin>1641.7054268973213</xmin>
      <ymin>341.11976841517856</ymin>
      <xmax>1891.2982003348213</xmax>
      <ymax>520.0393851143973</ymax>
    </bndbox>
    <attributes>
      <attribute>
        <name>keyframe</name>
        <value>True</value>
      </attribute>
      <attribute>
        <name>track_id</name>
        <value>29</value>
      </attribute>
    </attributes>
  </object>
  <object>
    <name>vehicule</name>
    <occluded>0</occluded>
    <bndbox>
      <xmin>1252.0774328399123</xmin>
      <ymin>236.78631578947383</ymin>
      <xmax>1558.2052631578958</xmax>
      <ymax>385.7115707665159</ymax>
    </bndbox>
    <attributes>
      <attribute>
        <name>keyframe</name>
        <value>True</value>
      </attribute>
      <attribute>
        <name>track_id</name>
        <value>37</value>
      </attribute>
    </attributes>
  </object>
  <object>
    <name>vehicule</name>
    <occluded>0</occluded>
    <bndbox>
      <xmin>1864.292778510552</xmin>
      <ymin>290.2754641842542</ymin>
      <xmax>2123.104301948052</xmax>
      <ymax>436.0466525387449</ymax>
    </bndbox>
    <attributes>
      <attribute>
        <name>keyframe</name>
        <value>True</value>
      </attribute>
      <attribute>
        <name>track_id</name>
        <value>41</value>
      </attribute>
    </attributes>
  </object>
  <object>
    <name>vehicule</name>
    <occluded>0</occluded>
    <bndbox>
      <xmin>2079.207740045363</xmin>
      <ymin>279.98004347278226</ymin>
      <xmax>2364.456632257277</xmax>
      <ymax>451.14671522571194</ymax>
    </bndbox>
    <attributes>
      <attribute>
        <name>keyframe</name>
        <value>True</value>
      </attribute>
      <attribute>
        <name>track_id</name>
        <value>58</value>
      </attribute>
    </attributes>
  </object>
  <object>
    <name>vehicule</name>
    <occluded>0</occluded>
    <bndbox>
      <xmin>670.6569010416667</xmin>
      <ymin>60.7431640625</ymin>
      <xmax>985.5793619791682</xmax>
      <ymax>218.968994140625</ymax>
    </bndbox>
    <attributes>
      <attribute>
        <name>keyframe</name>
        <value>True</value>
      </attribute>
      <attribute>
        <name>track_id</name>
        <value>59</value>
      </attribute>
    </attributes>
  </object>
  <object>
    <name>vehicule</name>
    <occluded>0</occluded>
    <bndbox>
      <xmin>1982.7109375</xmin>
      <ymin>985.9475911458334</ymin>
      <xmax>2417.09487508138</xmax>
      <ymax>1284.2644429524737</ymax>
    </bndbox>
    <attributes>
      <attribute>
        <name>keyframe</name>
        <value>True</value>
      </attribute>
      <attribute>
        <name>track_id</name>
        <value>62</value>
      </attribute>
    </attributes>
  </object>
  <object>
    <name>vehicule</name>
    <occluded>0</occluded>
    <bndbox>
      <xmin>2093.3489583333335</xmin>
      <ymin>760.5035807291666</ymin>
      <xmax>2446.066666666667</xmax>
      <ymax>1032.7046427408848</ymax>
    </bndbox>
    <attributes>
      <attribute>
        <name>keyframe</name>
        <value>True</value>
      </attribute>
      <attribute>
        <name>track_id</name>
        <value>63</value>
      </attribute>
    </attributes>
  </object>
  <object>
    <name>vehicule</name>
    <occluded>0</occluded>
    <bndbox>
      <xmin>1464.3916666666676</xmin>
      <ymin>804.7500000000001</ymin>
      <xmax>1873.3361689249675</xmax>
      <ymax>1054.0624898274739</ymax>
    </bndbox>
    <attributes>
      <attribute>
        <name>keyframe</name>
        <value>True</value>
      </attribute>
      <attribute>
        <name>track_id</name>
        <value>64</value>
      </attribute>
    </attributes>
  </object>
  <object>
    <name>vehicule</name>
    <occluded>0</occluded>
    <bndbox>
      <xmin>1487.808333333334</xmin>
      <ymin>708.9250000000006</ymin>
      <xmax>1939.6676610310874</xmax>
      <ymax>942.3650703430176</ymax>
    </bndbox>
    <attributes>
      <attribute>
        <name>keyframe</name>
        <value>True</value>
      </attribute>
      <attribute>
        <name>track_id</name>
        <value>65</value>
      </attribute>
    </attributes>
  </object>
  <object>
    <name>vehicule</name>
    <occluded>0</occluded>
    <bndbox>
      <xmin>1422.9287109375</xmin>
      <ymin>114.62630208333334</ymin>
      <xmax>1705.6130676269531</xmax>
      <ymax>265.0454915364583</ymax>
    </bndbox>
    <attributes>
      <attribute>
        <name>keyframe</name>
        <value>True</value>
      </attribute>
      <attribute>
        <name>track_id</name>
        <value>66</value>
      </attribute>
    </attributes>
  </object>
  <object>
    <name>vehicule</name>
    <occluded>0</occluded>
    <bndbox>
      <xmin>280.3984375</xmin>
      <ymin>0.0</ymin>
      <xmax>410.0701599121094</xmax>
      <ymax>79.27885437011719</ymax>
    </bndbox>
    <attributes>
      <attribute>
        <name>keyframe</name>
        <value>True</value>
      </attribute>
      <attribute>
        <name>track_id</name>
        <value>67</value>
      </attribute>
    </attributes>
  </object>
  <object>
    <name>vehicule</name>
    <occluded>0</occluded>
    <bndbox>
      <xmin>1085.128236607143</xmin>
      <ymin>113.50848214285777</ymin>
      <xmax>1367.8483049665176</xmax>
      <ymax>261.34106423514146</ymax>
    </bndbox>
    <attributes>
      <attribute>
        <name>keyframe</name>
        <value>True</value>
      </attribute>
      <attribute>
        <name>track_id</name>
        <value>68</value>
      </attribute>
    </attributes>
  </object>
  <object>
    <name>vehicule</name>
    <occluded>0</occluded>
    <bndbox>
      <xmin>1185.391666666667</xmin>
      <ymin>491.16666666666725</ymin>
      <xmax>1548.7104059855144</xmax>
      <ymax>711.5499674479166</ymax>
    </bndbox>
    <attributes>
      <attribute>
        <name>keyframe</name>
        <value>True</value>
      </attribute>
      <attribute>
        <name>track_id</name>
        <value>70</value>
      </attribute>
    </attributes>
  </object>
  <object>
    <name>vehicule</name>
    <occluded>0</occluded>
    <bndbox>
      <xmin>852.3500000000003</xmin>
      <ymin>476.0000000000003</ymin>
      <xmax>1262.3520787556965</xmax>
      <ymax>734.8890686035156</ymax>
    </bndbox>
    <attributes>
      <attribute>
        <name>keyframe</name>
        <value>True</value>
      </attribute>
      <attribute>
        <name>track_id</name>
        <value>71</value>
      </attribute>
    </attributes>
  </object>
  <object>
    <name>vehicule</name>
    <occluded>0</occluded>
    <bndbox>
      <xmin>392.8584960937509</xmin>
      <ymin>450.58046875000025</ymin>
      <xmax>758.8370361328119</xmax>
      <ymax>689.1587524414061</ymax>
    </bndbox>
    <attributes>
      <attribute>
        <name>keyframe</name>
        <value>True</value>
      </attribute>
      <attribute>
        <name>track_id</name>
        <value>72</value>
      </attribute>
    </attributes>
  </object>
  <object>
    <name>vehicule</name>
    <occluded>0</occluded>
    <bndbox>
      <xmin>176.30445312500012</xmin>
      <ymin>235.97761718750044</ymin>
      <xmax>469.6676031494138</xmax>
      <ymax>422.727833862304</ymax>
    </bndbox>
    <attributes>
      <attribute>
        <name>keyframe</name>
        <value>True</value>
      </attribute>
      <attribute>
        <name>track_id</name>
        <value>73</value>
      </attribute>
    </attributes>
  </object>
  <object>
    <name>vehicule</name>
    <occluded>0</occluded>
    <bndbox>
      <xmin>1654.8977148437502</xmin>
      <ymin>191.08464843750045</ymin>
      <xmax>1909.284421386718</xmax>
      <ymax>305.24425689697165</ymax>
    </bndbox>
    <attributes>
      <attribute>
        <name>keyframe</name>
        <value>True</value>
      </attribute>
      <attribute>
        <name>track_id</name>
        <value>74</value>
      </attribute>
    </attributes>
  </object>
  <object>
    <name>vehicule</name>
    <occluded>0</occluded>
    <bndbox>
      <xmin>1810.0291573660716</xmin>
      <ymin>142.18150111607142</ymin>
      <xmax>2118.907209123884</xmax>
      <ymax>251.3005800519668</ymax>
    </bndbox>
    <attributes>
      <attribute>
        <name>keyframe</name>
        <value>True</value>
      </attribute>
      <attribute>
        <name>track_id</name>
        <value>75</value>
      </attribute>
    </attributes>
  </object>
  <object>
    <name>vehicule</name>
    <occluded>0</occluded>
    <bndbox>
      <xmin>1148.4343592964824</xmin>
      <ymin>329.704247801508</ymin>
      <xmax>1431.9949061714824</xmax>
      <ymax>522.5770902087331</ymax>
    </bndbox>
    <attributes>
      <attribute>
        <name>keyframe</name>
        <value>True</value>
      </attribute>
      <attribute>
        <name>track_id</name>
        <value>416</value>
      </attribute>
    </attributes>
  </object>
</annotation>
