<annotation>
  <folder>frame</folder>
  <filename>frame_000895.jpg</filename>
  <source>
    <database>Unknown</database>
    <annotation>Unknown</annotation>
    <image>Unknown</image>
  </source>
  <size>
    <width>2456</width>
    <height>2054</height>
    <depth>3</depth>
  </size>
  <segmented>0</segmented>
  <object>
    <name>vehicule</name>
    <occluded>0</occluded>
    <bndbox>
      <xmin>0.0</xmin>
      <ymin>763.6839843750004</ymin>
      <xmax>317.6696289062511</xmax>
      <ymax>1049.0403656005856</ymax>
    </bndbox>
    <attributes>
      <attribute>
        <name>keyframe</name>
        <value>True</value>
      </attribute>
      <attribute>
        <name>track_id</name>
        <value>157</value>
      </attribute>
    </attributes>
  </object>
  <object>
    <name>vehicule</name>
    <occluded>0</occluded>
    <bndbox>
      <xmin>1021.6401774088541</xmin>
      <ymin>462.9192952473961</ymin>
      <xmax>1346.2282608032235</xmax>
      <ymax>676.3342285156253</ymax>
    </bndbox>
    <attributes>
      <attribute>
        <name>keyframe</name>
        <value>True</value>
      </attribute>
      <attribute>
        <name>track_id</name>
        <value>159</value>
      </attribute>
    </attributes>
  </object>
  <object>
    <name>vehicule</name>
    <occluded>0</occluded>
    <bndbox>
      <xmin>1457.3567301432292</xmin>
      <ymin>278.37854003906256</ymin>
      <xmax>1733.9246676127104</xmax>
      <ymax>440.362294514974</ymax>
    </bndbox>
    <attributes>
      <attribute>
        <name>keyframe</name>
        <value>True</value>
      </attribute>
      <attribute>
        <name>track_id</name>
        <value>161</value>
      </attribute>
    </attributes>
  </object>
  <object>
    <name>vehicule</name>
    <occluded>0</occluded>
    <bndbox>
      <xmin>2020.02353515625</xmin>
      <ymin>235.74169921875</ymin>
      <xmax>2311.85556640625</xmax>
      <ymax>396.5346374511719</ymax>
    </bndbox>
    <attributes>
      <attribute>
        <name>keyframe</name>
        <value>True</value>
      </attribute>
      <attribute>
        <name>track_id</name>
        <value>162</value>
      </attribute>
    </attributes>
  </object>
  <object>
    <name>vehicule</name>
    <occluded>0</occluded>
    <bndbox>
      <xmin>263.68064707880444</xmin>
      <ymin>1563.9954993206522</ymin>
      <xmax>575.904856806216</xmax>
      <ymax>1807.7783362347147</ymax>
    </bndbox>
    <attributes>
      <attribute>
        <name>keyframe</name>
        <value>True</value>
      </attribute>
      <attribute>
        <name>track_id</name>
        <value>163</value>
      </attribute>
    </attributes>
  </object>
</annotation>
