<annotation>
  <folder>frame</folder>
  <filename>frame_002731.jpg</filename>
  <source>
    <database>Unknown</database>
    <annotation>Unknown</annotation>
    <image>Unknown</image>
  </source>
  <size>
    <width>2456</width>
    <height>2054</height>
    <depth>3</depth>
  </size>
  <segmented>0</segmented>
  <object>
    <name>vehicule</name>
    <occluded>0</occluded>
    <bndbox>
      <xmin>1399.9326220460198</xmin>
      <ymin>332.23941814365674</ymin>
      <xmax>1685.0699267335212</xmax>
      <ymax>509.64613811435913</ymax>
    </bndbox>
    <attributes>
      <attribute>
        <name>keyframe</name>
        <value>True</value>
      </attribute>
      <attribute>
        <name>track_id</name>
        <value>356</value>
      </attribute>
    </attributes>
  </object>
  <object>
    <name>vehicule</name>
    <occluded>0</occluded>
    <bndbox>
      <xmin>1031.428042763158</xmin>
      <ymin>269.11508018092104</ymin>
      <xmax>1323.2250161536654</xmax>
      <ymax>496.6250491723064</ymax>
    </bndbox>
    <attributes>
      <attribute>
        <name>keyframe</name>
        <value>True</value>
      </attribute>
      <attribute>
        <name>track_id</name>
        <value>365</value>
      </attribute>
    </attributes>
  </object>
  <object>
    <name>vehicule</name>
    <occluded>0</occluded>
    <bndbox>
      <xmin>1658.7768683182567</xmin>
      <ymin>425.0979569284539</ymin>
      <xmax>1888.4788214432592</xmax>
      <ymax>625.2740937082367</ymax>
    </bndbox>
    <attributes>
      <attribute>
        <name>keyframe</name>
        <value>True</value>
      </attribute>
      <attribute>
        <name>track_id</name>
        <value>371</value>
      </attribute>
    </attributes>
  </object>
  <object>
    <name>vehicule</name>
    <occluded>0</occluded>
    <bndbox>
      <xmin>1634.8888820213608</xmin>
      <ymin>313.75178748022176</ymin>
      <xmax>1908.761548160602</xmax>
      <ymax>442.96203555336444</ymax>
    </bndbox>
    <attributes>
      <attribute>
        <name>keyframe</name>
        <value>True</value>
      </attribute>
      <attribute>
        <name>track_id</name>
        <value>379</value>
      </attribute>
    </attributes>
  </object>
  <object>
    <name>vehicule</name>
    <occluded>0</occluded>
    <bndbox>
      <xmin>241.966552734375</xmin>
      <ymin>619.6572265625</ymin>
      <xmax>445.0005371093757</xmax>
      <ymax>828.6035980224606</ymax>
    </bndbox>
    <attributes>
      <attribute>
        <name>keyframe</name>
        <value>True</value>
      </attribute>
      <attribute>
        <name>track_id</name>
        <value>383</value>
      </attribute>
    </attributes>
  </object>
  <object>
    <name>vehicule</name>
    <occluded>0</occluded>
    <bndbox>
      <xmin>1943.6271275111608</xmin>
      <ymin>383.92068917410717</ymin>
      <xmax>2129.386893136161</xmax>
      <ymax>594.5933454241078</ymax>
    </bndbox>
    <attributes>
      <attribute>
        <name>keyframe</name>
        <value>True</value>
      </attribute>
      <attribute>
        <name>track_id</name>
        <value>395</value>
      </attribute>
    </attributes>
  </object>
  <object>
    <name>vehicule</name>
    <occluded>0</occluded>
    <bndbox>
      <xmin>153.89208984375</xmin>
      <ymin>0.4560546875</ymin>
      <xmax>415.18173828125146</xmax>
      <ymax>111.5677215576161</ymax>
    </bndbox>
    <attributes>
      <attribute>
        <name>keyframe</name>
        <value>True</value>
      </attribute>
      <attribute>
        <name>track_id</name>
        <value>397</value>
      </attribute>
    </attributes>
  </object>
  <object>
    <name>vehicule</name>
    <occluded>0</occluded>
    <bndbox>
      <xmin>1636.2981770833333</xmin>
      <ymin>201.75449218750023</ymin>
      <xmax>1997.1731770833333</xmax>
      <ymax>382.23435974120974</ymax>
    </bndbox>
    <attributes>
      <attribute>
        <name>keyframe</name>
        <value>True</value>
      </attribute>
      <attribute>
        <name>track_id</name>
        <value>399</value>
      </attribute>
    </attributes>
  </object>
  <object>
    <name>vehicule</name>
    <occluded>0</occluded>
    <bndbox>
      <xmin>307.33974609375036</xmin>
      <ymin>358.97998046875</ymin>
      <xmax>762.6223205566403</xmax>
      <ymax>617.2860412597656</ymax>
    </bndbox>
    <attributes>
      <attribute>
        <name>keyframe</name>
        <value>True</value>
      </attribute>
      <attribute>
        <name>track_id</name>
        <value>400</value>
      </attribute>
    </attributes>
  </object>
</annotation>
