<annotation>
  <folder>frame</folder>
  <filename>frame_000809.jpg</filename>
  <source>
    <database>Unknown</database>
    <annotation>Unknown</annotation>
    <image>Unknown</image>
  </source>
  <size>
    <width>2456</width>
    <height>2054</height>
    <depth>3</depth>
  </size>
  <segmented>0</segmented>
  <object>
    <name>vehicule</name>
    <occluded>0</occluded>
    <bndbox>
      <xmin>63.7978515625</xmin>
      <ymin>0.0</ymin>
      <xmax>295.7000000000007</xmax>
      <ymax>116.70000000000073</ymax>
    </bndbox>
    <attributes>
      <attribute>
        <name>keyframe</name>
        <value>True</value>
      </attribute>
      <attribute>
        <name>track_id</name>
        <value>146</value>
      </attribute>
    </attributes>
  </object>
  <object>
    <name>vehicule</name>
    <occluded>0</occluded>
    <bndbox>
      <xmin>787.8685825892858</xmin>
      <ymin>583.862555803572</ymin>
      <xmax>1127.2571428571434</xmax>
      <ymax>779.000385774885</ymax>
    </bndbox>
    <attributes>
      <attribute>
        <name>keyframe</name>
        <value>True</value>
      </attribute>
      <attribute>
        <name>track_id</name>
        <value>147</value>
      </attribute>
    </attributes>
  </object>
  <object>
    <name>vehicule</name>
    <occluded>0</occluded>
    <bndbox>
      <xmin>736.2228338068181</xmin>
      <ymin>86.28790838068181</ymin>
      <xmax>1009.5716619318174</xmax>
      <ymax>218.55306035822088</ymax>
    </bndbox>
    <attributes>
      <attribute>
        <name>keyframe</name>
        <value>True</value>
      </attribute>
      <attribute>
        <name>track_id</name>
        <value>148</value>
      </attribute>
    </attributes>
  </object>
  <object>
    <name>vehicule</name>
    <occluded>0</occluded>
    <bndbox>
      <xmin>1463.1574321546052</xmin>
      <ymin>431.22105263157977</ymin>
      <xmax>1729.6526315789474</xmax>
      <ymax>620.2362566496197</ymax>
    </bndbox>
    <attributes>
      <attribute>
        <name>keyframe</name>
        <value>True</value>
      </attribute>
      <attribute>
        <name>track_id</name>
        <value>149</value>
      </attribute>
    </attributes>
  </object>
  <object>
    <name>vehicule</name>
    <occluded>0</occluded>
    <bndbox>
      <xmin>1997.00390625</xmin>
      <ymin>1340.7880859375</ymin>
      <xmax>2456.0</xmax>
      <ymax>1620.8968566894528</ymax>
    </bndbox>
    <attributes>
      <attribute>
        <name>keyframe</name>
        <value>True</value>
      </attribute>
      <attribute>
        <name>track_id</name>
        <value>150</value>
      </attribute>
    </attributes>
  </object>
  <object>
    <name>vehicule</name>
    <occluded>0</occluded>
    <bndbox>
      <xmin>1681.369140625</xmin>
      <ymin>1562.1080729166667</ymin>
      <xmax>2306.092315673828</xmax>
      <ymax>1875.9136149088542</ymax>
    </bndbox>
    <attributes>
      <attribute>
        <name>keyframe</name>
        <value>True</value>
      </attribute>
      <attribute>
        <name>track_id</name>
        <value>151</value>
      </attribute>
    </attributes>
  </object>
  <object>
    <name>vehicule</name>
    <occluded>0</occluded>
    <bndbox>
      <xmin>1853.716457201087</xmin>
      <ymin>277.8293138586956</ymin>
      <xmax>2174.034782608696</xmax>
      <ymax>419.11855150305706</ymax>
    </bndbox>
    <attributes>
      <attribute>
        <name>keyframe</name>
        <value>True</value>
      </attribute>
      <attribute>
        <name>track_id</name>
        <value>152</value>
      </attribute>
    </attributes>
  </object>
</annotation>
