<annotation>
  <folder>frame</folder>
  <filename>frame_002983.jpg</filename>
  <source>
    <database>Unknown</database>
    <annotation>Unknown</annotation>
    <image>Unknown</image>
  </source>
  <size>
    <width>2456</width>
    <height>2054</height>
    <depth>3</depth>
  </size>
  <segmented>0</segmented>
  <object>
    <name>vehicule</name>
    <occluded>0</occluded>
    <bndbox>
      <xmin>35.98871527777778</xmin>
      <ymin>1245.7171223958333</ymin>
      <xmax>580.614290364583</xmax>
      <ymax>1508.544186062283</ymax>
    </bndbox>
    <attributes>
      <attribute>
        <name>keyframe</name>
        <value>True</value>
      </attribute>
      <attribute>
        <name>track_id</name>
        <value>410</value>
      </attribute>
    </attributes>
  </object>
</annotation>
