<annotation>
  <folder>frame</folder>
  <filename>frame_002917.jpg</filename>
  <source>
    <database>Unknown</database>
    <annotation>Unknown</annotation>
    <image>Unknown</image>
  </source>
  <size>
    <width>2456</width>
    <height>2054</height>
    <depth>3</depth>
  </size>
  <segmented>0</segmented>
  <object>
    <name>vehicule</name>
    <occluded>0</occluded>
    <bndbox>
      <xmin>376.9765625</xmin>
      <ymin>7.545166015625</ymin>
      <xmax>481.18745464748804</xmax>
      <ymax>145.06378004286034</ymax>
    </bndbox>
    <attributes>
      <attribute>
        <name>keyframe</name>
        <value>True</value>
      </attribute>
      <attribute>
        <name>track_id</name>
        <value>409</value>
      </attribute>
    </attributes>
  </object>
</annotation>
