<annotation>
  <folder>frame</folder>
  <filename>frame_000657.jpg</filename>
  <source>
    <database>Unknown</database>
    <annotation>Unknown</annotation>
    <image>Unknown</image>
  </source>
  <size>
    <width>2456</width>
    <height>2054</height>
    <depth>3</depth>
  </size>
  <segmented>0</segmented>
  <object>
    <name>vehicule</name>
    <occluded>0</occluded>
    <bndbox>
      <xmin>612.2176011029412</xmin>
      <ymin>482.16332720588275</ymin>
      <xmax>933.2759633714601</xmax>
      <ymax>715.1629664202919</ymax>
    </bndbox>
    <attributes>
      <attribute>
        <name>keyframe</name>
        <value>True</value>
      </attribute>
      <attribute>
        <name>track_id</name>
        <value>115</value>
      </attribute>
    </attributes>
  </object>
  <object>
    <name>vehicule</name>
    <occluded>0</occluded>
    <bndbox>
      <xmin>1108.92392578125</xmin>
      <ymin>547.49150390625</ymin>
      <xmax>1486.0971462673629</xmax>
      <ymax>779.6531398066776</ymax>
    </bndbox>
    <attributes>
      <attribute>
        <name>keyframe</name>
        <value>True</value>
      </attribute>
      <attribute>
        <name>track_id</name>
        <value>121</value>
      </attribute>
    </attributes>
  </object>
  <object>
    <name>vehicule</name>
    <occluded>0</occluded>
    <bndbox>
      <xmin>1359.9939453125</xmin>
      <ymin>345.7017578125</ymin>
      <xmax>1629.6957031250015</xmax>
      <ymax>493.5275177001953</ymax>
    </bndbox>
    <attributes>
      <attribute>
        <name>keyframe</name>
        <value>True</value>
      </attribute>
      <attribute>
        <name>track_id</name>
        <value>124</value>
      </attribute>
    </attributes>
  </object>
  <object>
    <name>vehicule</name>
    <occluded>0</occluded>
    <bndbox>
      <xmin>1652.0416666666667</xmin>
      <ymin>1206.5511067708333</ymin>
      <xmax>2371.266666666668</xmax>
      <ymax>1668.1785786946614</ymax>
    </bndbox>
    <attributes>
      <attribute>
        <name>keyframe</name>
        <value>True</value>
      </attribute>
      <attribute>
        <name>track_id</name>
        <value>125</value>
      </attribute>
    </attributes>
  </object>
  <object>
    <name>vehicule</name>
    <occluded>0</occluded>
    <bndbox>
      <xmin>1767.35078125</xmin>
      <ymin>268.237890625</ymin>
      <xmax>2080.2164756373377</xmax>
      <ymax>420.4192742598676</ymax>
    </bndbox>
    <attributes>
      <attribute>
        <name>keyframe</name>
        <value>True</value>
      </attribute>
      <attribute>
        <name>track_id</name>
        <value>126</value>
      </attribute>
    </attributes>
  </object>
  <object>
    <name>vehicule</name>
    <occluded>0</occluded>
    <bndbox>
      <xmin>1944.5400000000009</xmin>
      <ymin>183.58000000000067</ymin>
      <xmax>2302.448864746094</xmax>
      <ymax>338.1807434082031</ymax>
    </bndbox>
    <attributes>
      <attribute>
        <name>keyframe</name>
        <value>True</value>
      </attribute>
      <attribute>
        <name>track_id</name>
        <value>127</value>
      </attribute>
    </attributes>
  </object>
  <object>
    <name>vehicule</name>
    <occluded>0</occluded>
    <bndbox>
      <xmin>634.592908653847</xmin>
      <ymin>1431.7720853365386</ymin>
      <xmax>1275.1283578725959</xmax>
      <ymax>1768.9185697115386</ymax>
    </bndbox>
    <attributes>
      <attribute>
        <name>keyframe</name>
        <value>True</value>
      </attribute>
      <attribute>
        <name>track_id</name>
        <value>128</value>
      </attribute>
    </attributes>
  </object>
  <object>
    <name>vehicule</name>
    <occluded>0</occluded>
    <bndbox>
      <xmin>295.8876953125</xmin>
      <ymin>1170.3088867187503</ymin>
      <xmax>913.1448364257812</xmax>
      <ymax>1455.5609069824218</ymax>
    </bndbox>
    <attributes>
      <attribute>
        <name>keyframe</name>
        <value>True</value>
      </attribute>
      <attribute>
        <name>track_id</name>
        <value>129</value>
      </attribute>
    </attributes>
  </object>
</annotation>
