<annotation>
  <folder>frame</folder>
  <filename>frame_001157.jpg</filename>
  <source>
    <database>Unknown</database>
    <annotation>Unknown</annotation>
    <image>Unknown</image>
  </source>
  <size>
    <width>2456</width>
    <height>2054</height>
    <depth>3</depth>
  </size>
  <segmented>0</segmented>
  <object>
    <name>vehicule</name>
    <occluded>0</occluded>
    <bndbox>
      <xmin>2186.27783203125</xmin>
      <ymin>703.50341796875</ymin>
      <xmax>2456.0</xmax>
      <ymax>1001.8430786132812</ymax>
    </bndbox>
    <attributes>
      <attribute>
        <name>keyframe</name>
        <value>True</value>
      </attribute>
      <attribute>
        <name>track_id</name>
        <value>173</value>
      </attribute>
    </attributes>
  </object>
  <object>
    <name>vehicule</name>
    <occluded>0</occluded>
    <bndbox>
      <xmin>1916.8682861328125</xmin>
      <ymin>102.86379394531264</ymin>
      <xmax>2001.8380126953127</xmax>
      <ymax>242.93680572509743</ymax>
    </bndbox>
    <attributes>
      <attribute>
        <name>keyframe</name>
        <value>True</value>
      </attribute>
      <attribute>
        <name>track_id</name>
        <value>175</value>
      </attribute>
    </attributes>
  </object>
  <object>
    <name>vehicule</name>
    <occluded>0</occluded>
    <bndbox>
      <xmin>1737.2742919921875</xmin>
      <ymin>55.89709472656318</ymin>
      <xmax>1869.8801822662354</xmax>
      <ymax>196.5790786743164</ymax>
    </bndbox>
    <attributes>
      <attribute>
        <name>keyframe</name>
        <value>True</value>
      </attribute>
      <attribute>
        <name>track_id</name>
        <value>176</value>
      </attribute>
    </attributes>
  </object>
</annotation>
