<annotation>
  <folder>frame</folder>
  <filename>frame_000950.jpg</filename>
  <source>
    <database>Unknown</database>
    <annotation>Unknown</annotation>
    <image>Unknown</image>
  </source>
  <size>
    <width>2456</width>
    <height>2054</height>
    <depth>3</depth>
  </size>
  <segmented>0</segmented>
  <object>
    <name>vehicule</name>
    <occluded>0</occluded>
    <bndbox>
      <xmin>92.099609375</xmin>
      <ymin>2.0712890625</ymin>
      <xmax>335.8669921874998</xmax>
      <ymax>129.1616577148443</ymax>
    </bndbox>
    <attributes>
      <attribute>
        <name>keyframe</name>
        <value>True</value>
      </attribute>
      <attribute>
        <name>track_id</name>
        <value>164</value>
      </attribute>
    </attributes>
  </object>
</annotation>
