<annotation>
  <folder>frame</folder>
  <filename>frame_002382.jpg</filename>
  <source>
    <database>Unknown</database>
    <annotation>Unknown</annotation>
    <image>Unknown</image>
  </source>
  <size>
    <width>2456</width>
    <height>2054</height>
    <depth>3</depth>
  </size>
  <segmented>0</segmented>
  <object>
    <name>vehicule</name>
    <occluded>0</occluded>
    <bndbox>
      <xmin>1823.9</xmin>
      <ymin>497.2125000000008</ymin>
      <xmax>2125.729705810547</xmax>
      <ymax>797.7252464294434</ymax>
    </bndbox>
    <attributes>
      <attribute>
        <name>keyframe</name>
        <value>True</value>
      </attribute>
      <attribute>
        <name>track_id</name>
        <value>344</value>
      </attribute>
    </attributes>
  </object>
  <object>
    <name>vehicule</name>
    <occluded>0</occluded>
    <bndbox>
      <xmin>744.4161376953125</xmin>
      <ymin>59.13720703125</ymin>
      <xmax>1037.9889160156251</xmax>
      <ymax>232.4729949951161</ymax>
    </bndbox>
    <attributes>
      <attribute>
        <name>keyframe</name>
        <value>True</value>
      </attribute>
      <attribute>
        <name>track_id</name>
        <value>345</value>
      </attribute>
    </attributes>
  </object>
  <object>
    <name>vehicule</name>
    <occluded>0</occluded>
    <bndbox>
      <xmin>1752.484375</xmin>
      <ymin>61.043050130208485</ymin>
      <xmax>1914.6258850097656</xmax>
      <ymax>216.91274515787762</ymax>
    </bndbox>
    <attributes>
      <attribute>
        <name>keyframe</name>
        <value>True</value>
      </attribute>
      <attribute>
        <name>track_id</name>
        <value>346</value>
      </attribute>
    </attributes>
  </object>
  <object>
    <name>vehicule</name>
    <occluded>0</occluded>
    <bndbox>
      <xmin>105.03750000000014</xmin>
      <ymin>1466.42724609375</ymin>
      <xmax>634.5936279296875</xmax>
      <ymax>1799.4242248535156</ymax>
    </bndbox>
    <attributes>
      <attribute>
        <name>keyframe</name>
        <value>True</value>
      </attribute>
      <attribute>
        <name>track_id</name>
        <value>347</value>
      </attribute>
    </attributes>
  </object>
</annotation>
