<annotation>
  <folder>frame</folder>
  <filename>frame_000800.jpg</filename>
  <source>
    <database>Unknown</database>
    <annotation>Unknown</annotation>
    <image>Unknown</image>
  </source>
  <size>
    <width>2456</width>
    <height>2054</height>
    <depth>3</depth>
  </size>
  <segmented>0</segmented>
  <object>
    <name>vehicule</name>
    <occluded>0</occluded>
    <bndbox>
      <xmin>189.2724609375</xmin>
      <ymin>702.5727272727283</ymin>
      <xmax>610.7272727272734</xmax>
      <ymax>957.6798345392401</ymax>
    </bndbox>
    <attributes>
      <attribute>
        <name>keyframe</name>
        <value>True</value>
      </attribute>
      <attribute>
        <name>track_id</name>
        <value>145</value>
      </attribute>
    </attributes>
  </object>
  <object>
    <name>vehicule</name>
    <occluded>0</occluded>
    <bndbox>
      <xmin>376.29970703125036</xmin>
      <ymin>14.2802734375</ymin>
      <xmax>722.28662109375</xmax>
      <ymax>185.43039855956886</ymax>
    </bndbox>
    <attributes>
      <attribute>
        <name>keyframe</name>
        <value>True</value>
      </attribute>
      <attribute>
        <name>track_id</name>
        <value>146</value>
      </attribute>
    </attributes>
  </object>
  <object>
    <name>vehicule</name>
    <occluded>0</occluded>
    <bndbox>
      <xmin>1170.8439453125</xmin>
      <ymin>479.0933333333344</ymin>
      <xmax>1478.1200000000006</xmax>
      <ymax>655.098769124349</ymax>
    </bndbox>
    <attributes>
      <attribute>
        <name>keyframe</name>
        <value>True</value>
      </attribute>
      <attribute>
        <name>track_id</name>
        <value>147</value>
      </attribute>
    </attributes>
  </object>
  <object>
    <name>vehicule</name>
    <occluded>0</occluded>
    <bndbox>
      <xmin>1171.8604736328125</xmin>
      <ymin>118.9710693359375</ymin>
      <xmax>1445.2093017578118</xmax>
      <ymax>251.23622131347656</ymax>
    </bndbox>
    <attributes>
      <attribute>
        <name>keyframe</name>
        <value>True</value>
      </attribute>
      <attribute>
        <name>track_id</name>
        <value>148</value>
      </attribute>
    </attributes>
  </object>
  <object>
    <name>vehicule</name>
    <occluded>0</occluded>
    <bndbox>
      <xmin>1711.8358723958333</xmin>
      <ymin>346.6705989583337</ymin>
      <xmax>1973.2333333333333</xmax>
      <ymax>522.3140574137369</ymax>
    </bndbox>
    <attributes>
      <attribute>
        <name>keyframe</name>
        <value>True</value>
      </attribute>
      <attribute>
        <name>track_id</name>
        <value>149</value>
      </attribute>
    </attributes>
  </object>
  <object>
    <name>vehicule</name>
    <occluded>0</occluded>
    <bndbox>
      <xmin>703.5116699218752</xmin>
      <ymin>1285.044921875</ymin>
      <xmax>1272.9838500976557</xmax>
      <ymax>1567.7292785644531</ymax>
    </bndbox>
    <attributes>
      <attribute>
        <name>keyframe</name>
        <value>True</value>
      </attribute>
      <attribute>
        <name>track_id</name>
        <value>150</value>
      </attribute>
    </attributes>
  </object>
  <object>
    <name>vehicule</name>
    <occluded>0</occluded>
    <bndbox>
      <xmin>90.75</xmin>
      <ymin>1483.44189453125</ymin>
      <xmax>684.9229431152344</xmax>
      <ymax>1797.2474365234375</ymax>
    </bndbox>
    <attributes>
      <attribute>
        <name>keyframe</name>
        <value>True</value>
      </attribute>
      <attribute>
        <name>track_id</name>
        <value>151</value>
      </attribute>
    </attributes>
  </object>
  <object>
    <name>vehicule</name>
    <occluded>0</occluded>
    <bndbox>
      <xmin>2151.510199652778</xmin>
      <ymin>268.5613064236111</ymin>
      <xmax>2407.0222222222224</xmax>
      <ymax>406.0133327907986</ymax>
    </bndbox>
    <attributes>
      <attribute>
        <name>keyframe</name>
        <value>True</value>
      </attribute>
      <attribute>
        <name>track_id</name>
        <value>152</value>
      </attribute>
    </attributes>
  </object>
</annotation>
