<annotation>
  <folder>frame</folder>
  <filename>frame_002383.jpg</filename>
  <source>
    <database>Unknown</database>
    <annotation>Unknown</annotation>
    <image>Unknown</image>
  </source>
  <size>
    <width>2456</width>
    <height>2054</height>
    <depth>3</depth>
  </size>
  <segmented>0</segmented>
  <object>
    <name>vehicule</name>
    <occluded>0</occluded>
    <bndbox>
      <xmin>1845.3000000000002</xmin>
      <ymin>518.2250000000008</ymin>
      <xmax>2159.185028076172</xmax>
      <ymax>818.3430709838867</ymax>
    </bndbox>
    <attributes>
      <attribute>
        <name>keyframe</name>
        <value>True</value>
      </attribute>
      <attribute>
        <name>track_id</name>
        <value>344</value>
      </attribute>
    </attributes>
  </object>
  <object>
    <name>vehicule</name>
    <occluded>0</occluded>
    <bndbox>
      <xmin>691.510009765625</xmin>
      <ymin>52.9130859375</ymin>
      <xmax>988.9778320312503</xmax>
      <ymax>226.2488739013661</ymax>
    </bndbox>
    <attributes>
      <attribute>
        <name>keyframe</name>
        <value>True</value>
      </attribute>
      <attribute>
        <name>track_id</name>
        <value>345</value>
      </attribute>
    </attributes>
  </object>
  <object>
    <name>vehicule</name>
    <occluded>0</occluded>
    <bndbox>
      <xmin>1754.2998046875</xmin>
      <ymin>72.19404296875018</ymin>
      <xmax>1916.4413146972656</xmax>
      <ymax>229.36131286621094</ymax>
    </bndbox>
    <attributes>
      <attribute>
        <name>keyframe</name>
        <value>True</value>
      </attribute>
      <attribute>
        <name>track_id</name>
        <value>346</value>
      </attribute>
    </attributes>
  </object>
  <object>
    <name>vehicule</name>
    <occluded>0</occluded>
    <bndbox>
      <xmin>210.07500000000027</xmin>
      <ymin>1467.9833984375</ymin>
      <xmax>751.687255859375</xmax>
      <ymax>1800.9803771972656</ymax>
    </bndbox>
    <attributes>
      <attribute>
        <name>keyframe</name>
        <value>True</value>
      </attribute>
      <attribute>
        <name>track_id</name>
        <value>347</value>
      </attribute>
    </attributes>
  </object>
</annotation>
