<annotation>
  <folder>frame</folder>
  <filename>frame_001386.jpg</filename>
  <source>
    <database>Unknown</database>
    <annotation>Unknown</annotation>
    <image>Unknown</image>
  </source>
  <size>
    <width>2456</width>
    <height>2054</height>
    <depth>3</depth>
  </size>
  <segmented>0</segmented>
  <object>
    <name>vehicule</name>
    <occluded>0</occluded>
    <bndbox>
      <xmin>172.99342447916666</xmin>
      <ymin>0.0</ymin>
      <xmax>468.62744750976464</xmax>
      <ymax>92.43237462261871</ymax>
    </bndbox>
    <attributes>
      <attribute>
        <name>keyframe</name>
        <value>True</value>
      </attribute>
      <attribute>
        <name>track_id</name>
        <value>182</value>
      </attribute>
    </attributes>
  </object>
  <object>
    <name>vehicule</name>
    <occluded>0</occluded>
    <bndbox>
      <xmin>1081.380890877016</xmin>
      <ymin>297.43853714330027</ymin>
      <xmax>1378.2654611895168</xmax>
      <ymax>491.8692073093155</ymax>
    </bndbox>
    <attributes>
      <attribute>
        <name>keyframe</name>
        <value>True</value>
      </attribute>
      <attribute>
        <name>track_id</name>
        <value>192</value>
      </attribute>
    </attributes>
  </object>
  <object>
    <name>vehicule</name>
    <occluded>0</occluded>
    <bndbox>
      <xmin>1263.2121003141108</xmin>
      <ymin>378.3299069748711</ymin>
      <xmax>1542.0908112516115</xmax>
      <ymax>549.4195523606134</ymax>
    </bndbox>
    <attributes>
      <attribute>
        <name>keyframe</name>
        <value>True</value>
      </attribute>
      <attribute>
        <name>track_id</name>
        <value>199</value>
      </attribute>
    </attributes>
  </object>
  <object>
    <name>vehicule</name>
    <occluded>0</occluded>
    <bndbox>
      <xmin>1572.4367888077445</xmin>
      <ymin>435.27597443953806</ymin>
      <xmax>1830.485046254032</xmax>
      <ymax>634.9070291270391</ymax>
    </bndbox>
    <attributes>
      <attribute>
        <name>keyframe</name>
        <value>True</value>
      </attribute>
      <attribute>
        <name>track_id</name>
        <value>205</value>
      </attribute>
    </attributes>
  </object>
  <object>
    <name>vehicule</name>
    <occluded>0</occluded>
    <bndbox>
      <xmin>1863.07177734375</xmin>
      <ymin>779.4807373046876</ymin>
      <xmax>2284.982456207275</xmax>
      <ymax>1001.1940765380859</ymax>
    </bndbox>
    <attributes>
      <attribute>
        <name>keyframe</name>
        <value>True</value>
      </attribute>
      <attribute>
        <name>track_id</name>
        <value>207</value>
      </attribute>
    </attributes>
  </object>
  <object>
    <name>vehicule</name>
    <occluded>0</occluded>
    <bndbox>
      <xmin>1567.491053618921</xmin>
      <ymin>318.6418894851824</ymin>
      <xmax>1854.063514556422</xmax>
      <ymax>458.6586894119402</ymax>
    </bndbox>
    <attributes>
      <attribute>
        <name>keyframe</name>
        <value>True</value>
      </attribute>
      <attribute>
        <name>track_id</name>
        <value>210</value>
      </attribute>
    </attributes>
  </object>
  <object>
    <name>vehicule</name>
    <occluded>0</occluded>
    <bndbox>
      <xmin>1273.5780498798076</xmin>
      <ymin>516.2739633413462</ymin>
      <xmax>1580.8930950458225</xmax>
      <ymax>708.2823587270873</ymax>
    </bndbox>
    <attributes>
      <attribute>
        <name>keyframe</name>
        <value>True</value>
      </attribute>
      <attribute>
        <name>track_id</name>
        <value>211</value>
      </attribute>
    </attributes>
  </object>
  <object>
    <name>vehicule</name>
    <occluded>0</occluded>
    <bndbox>
      <xmin>1862.6798828125</xmin>
      <ymin>906.1784765625001</ymin>
      <xmax>2316.455712890625</xmax>
      <ymax>1173.2659460449217</ymax>
    </bndbox>
    <attributes>
      <attribute>
        <name>keyframe</name>
        <value>True</value>
      </attribute>
      <attribute>
        <name>track_id</name>
        <value>212</value>
      </attribute>
    </attributes>
  </object>
  <object>
    <name>vehicule</name>
    <occluded>0</occluded>
    <bndbox>
      <xmin>636.7125</xmin>
      <ymin>76.734765625</ymin>
      <xmax>950.4939453125011</xmax>
      <ymax>247.93221435546874</ymax>
    </bndbox>
    <attributes>
      <attribute>
        <name>keyframe</name>
        <value>True</value>
      </attribute>
      <attribute>
        <name>track_id</name>
        <value>213</value>
      </attribute>
    </attributes>
  </object>
  <object>
    <name>vehicule</name>
    <occluded>0</occluded>
    <bndbox>
      <xmin>1885.9867951766305</xmin>
      <ymin>345.5926481827446</ymin>
      <xmax>2120.11847826087</xmax>
      <ymax>529.9094769021739</ymax>
    </bndbox>
    <attributes>
      <attribute>
        <name>keyframe</name>
        <value>True</value>
      </attribute>
      <attribute>
        <name>track_id</name>
        <value>214</value>
      </attribute>
    </attributes>
  </object>
  <object>
    <name>vehicule</name>
    <occluded>0</occluded>
    <bndbox>
      <xmin>697.0000000000009</xmin>
      <ymin>347.625</ymin>
      <xmax>1075.6247177124023</xmax>
      <ymax>536.9686126708984</ymax>
    </bndbox>
    <attributes>
      <attribute>
        <name>keyframe</name>
        <value>True</value>
      </attribute>
      <attribute>
        <name>track_id</name>
        <value>215</value>
      </attribute>
    </attributes>
  </object>
  <object>
    <name>vehicule</name>
    <occluded>0</occluded>
    <bndbox>
      <xmin>610.3500000000008</xmin>
      <ymin>439.2266113281253</ymin>
      <xmax>981.8722801208496</xmax>
      <ymax>635.6485748291016</ymax>
    </bndbox>
    <attributes>
      <attribute>
        <name>keyframe</name>
        <value>True</value>
      </attribute>
      <attribute>
        <name>track_id</name>
        <value>217</value>
      </attribute>
    </attributes>
  </object>
  <object>
    <name>vehicule</name>
    <occluded>0</occluded>
    <bndbox>
      <xmin>886.9500000000012</xmin>
      <ymin>606.3291503906253</ymin>
      <xmax>1230.5808906555176</xmax>
      <ymax>831.3228302001953</ymax>
    </bndbox>
    <attributes>
      <attribute>
        <name>keyframe</name>
        <value>True</value>
      </attribute>
      <attribute>
        <name>track_id</name>
        <value>218</value>
      </attribute>
    </attributes>
  </object>
  <object>
    <name>vehicule</name>
    <occluded>0</occluded>
    <bndbox>
      <xmin>1514.9954427083333</xmin>
      <ymin>158.58430989583334</ymin>
      <xmax>1789.8994954427083</xmax>
      <ymax>280.4346440633138</ymax>
    </bndbox>
    <attributes>
      <attribute>
        <name>keyframe</name>
        <value>True</value>
      </attribute>
      <attribute>
        <name>track_id</name>
        <value>219</value>
      </attribute>
    </attributes>
  </object>
  <object>
    <name>vehicule</name>
    <occluded>0</occluded>
    <bndbox>
      <xmin>1740.6227213541667</xmin>
      <ymin>228.59075520833358</ymin>
      <xmax>2060.957291666668</xmax>
      <ymax>360.82989705403634</ymax>
    </bndbox>
    <attributes>
      <attribute>
        <name>keyframe</name>
        <value>True</value>
      </attribute>
      <attribute>
        <name>track_id</name>
        <value>220</value>
      </attribute>
    </attributes>
  </object>
  <object>
    <name>vehicule</name>
    <occluded>0</occluded>
    <bndbox>
      <xmin>407.567440257353</xmin>
      <ymin>1453.0978285845588</ymin>
      <xmax>1057.5760971966913</xmax>
      <ymax>1777.2771193560432</ymax>
    </bndbox>
    <attributes>
      <attribute>
        <name>keyframe</name>
        <value>True</value>
      </attribute>
      <attribute>
        <name>track_id</name>
        <value>221</value>
      </attribute>
    </attributes>
  </object>
  <object>
    <name>vehicule</name>
    <occluded>0</occluded>
    <bndbox>
      <xmin>2104.56884765625</xmin>
      <ymin>160.27197265625</ymin>
      <xmax>2376.9000000000005</xmax>
      <ymax>300.3174285888672</ymax>
    </bndbox>
    <attributes>
      <attribute>
        <name>keyframe</name>
        <value>True</value>
      </attribute>
      <attribute>
        <name>track_id</name>
        <value>222</value>
      </attribute>
    </attributes>
  </object>
  <object>
    <name>vehicule</name>
    <occluded>0</occluded>
    <bndbox>
      <xmin>191.9333333333343</xmin>
      <ymin>400.62565104166663</ymin>
      <xmax>522.5744781494141</xmax>
      <ymax>612.3924204508463</ymax>
    </bndbox>
    <attributes>
      <attribute>
        <name>keyframe</name>
        <value>True</value>
      </attribute>
      <attribute>
        <name>track_id</name>
        <value>223</value>
      </attribute>
    </attributes>
  </object>
</annotation>
