<annotation>
  <folder>frame</folder>
  <filename>frame_000288.jpg</filename>
  <source>
    <database>Unknown</database>
    <annotation>Unknown</annotation>
    <image>Unknown</image>
  </source>
  <size>
    <width>2456</width>
    <height>2054</height>
    <depth>3</depth>
  </size>
  <segmented>0</segmented>
  <object>
    <name>vehicule</name>
    <occluded>0</occluded>
    <bndbox>
      <xmin>1405.1689907340117</xmin>
      <ymin>369.3095703125</ymin>
      <xmax>1712.4922329215117</xmax>
      <ymax>577.8150024414062</ymax>
    </bndbox>
    <attributes>
      <attribute>
        <name>keyframe</name>
        <value>True</value>
      </attribute>
      <attribute>
        <name>track_id</name>
        <value>3</value>
      </attribute>
    </attributes>
  </object>
  <object>
    <name>vehicule</name>
    <occluded>0</occluded>
    <bndbox>
      <xmin>1010.2842362998189</xmin>
      <ymin>280.46732336956524</ymin>
      <xmax>1316.5406877158337</xmax>
      <ymax>463.59205176311883</ymax>
    </bndbox>
    <attributes>
      <attribute>
        <name>keyframe</name>
        <value>True</value>
      </attribute>
      <attribute>
        <name>track_id</name>
        <value>4</value>
      </attribute>
    </attributes>
  </object>
  <object>
    <name>vehicule</name>
    <occluded>0</occluded>
    <bndbox>
      <xmin>1443.6006845801767</xmin>
      <ymin>277.8698153409091</ymin>
      <xmax>1719.0172861426781</xmax>
      <ymax>428.84704007235405</ymax>
    </bndbox>
    <attributes>
      <attribute>
        <name>keyframe</name>
        <value>True</value>
      </attribute>
      <attribute>
        <name>track_id</name>
        <value>11</value>
      </attribute>
    </attributes>
  </object>
  <object>
    <name>vehicule</name>
    <occluded>0</occluded>
    <bndbox>
      <xmin>1644.39990234375</xmin>
      <ymin>339.94091796875</ymin>
      <xmax>1893.99267578125</xmax>
      <ymax>518.8605346679688</ymax>
    </bndbox>
    <attributes>
      <attribute>
        <name>keyframe</name>
        <value>True</value>
      </attribute>
      <attribute>
        <name>track_id</name>
        <value>29</value>
      </attribute>
    </attributes>
  </object>
  <object>
    <name>vehicule</name>
    <occluded>0</occluded>
    <bndbox>
      <xmin>1260.1458813048246</xmin>
      <ymin>235.6326315789475</ymin>
      <xmax>1565.9105263157905</xmax>
      <ymax>383.10296331037557</ymax>
    </bndbox>
    <attributes>
      <attribute>
        <name>keyframe</name>
        <value>True</value>
      </attribute>
      <attribute>
        <name>track_id</name>
        <value>37</value>
      </attribute>
    </attributes>
  </object>
  <object>
    <name>vehicule</name>
    <occluded>0</occluded>
    <bndbox>
      <xmin>1867.4924538352273</xmin>
      <ymin>289.15278764204646</ymin>
      <xmax>2126.3039772727275</xmax>
      <ymax>434.9239759965372</ymax>
    </bndbox>
    <attributes>
      <attribute>
        <name>keyframe</name>
        <value>True</value>
      </attribute>
      <attribute>
        <name>track_id</name>
        <value>41</value>
      </attribute>
    </attributes>
  </object>
  <object>
    <name>vehicule</name>
    <occluded>0</occluded>
    <bndbox>
      <xmin>2120.5688035534276</xmin>
      <ymin>266.72840536794354</ymin>
      <xmax>2405.8176957653413</xmax>
      <ymax>437.8950771208732</ymax>
    </bndbox>
    <attributes>
      <attribute>
        <name>keyframe</name>
        <value>True</value>
      </attribute>
      <attribute>
        <name>track_id</name>
        <value>58</value>
      </attribute>
    </attributes>
  </object>
  <object>
    <name>vehicule</name>
    <occluded>0</occluded>
    <bndbox>
      <xmin>849.2050030048076</xmin>
      <ymin>69.45462740384616</ymin>
      <xmax>1164.127463942309</xmax>
      <ymax>227.68045748197116</ymax>
    </bndbox>
    <attributes>
      <attribute>
        <name>keyframe</name>
        <value>True</value>
      </attribute>
      <attribute>
        <name>track_id</name>
        <value>59</value>
      </attribute>
    </attributes>
  </object>
  <object>
    <name>vehicule</name>
    <occluded>0</occluded>
    <bndbox>
      <xmin>1634.1659375000002</xmin>
      <ymin>859.1698828125003</ymin>
      <xmax>2087.969562988281</xmax>
      <ymax>1131.5117895507806</ymax>
    </bndbox>
    <attributes>
      <attribute>
        <name>keyframe</name>
        <value>True</value>
      </attribute>
      <attribute>
        <name>track_id</name>
        <value>62</value>
      </attribute>
    </attributes>
  </object>
  <object>
    <name>vehicule</name>
    <occluded>0</occluded>
    <bndbox>
      <xmin>1687.8100000000009</xmin>
      <ymin>641.4500000000007</ymin>
      <xmax>2130.502102661133</xmax>
      <ymax>908.2193618774414</ymax>
    </bndbox>
    <attributes>
      <attribute>
        <name>keyframe</name>
        <value>True</value>
      </attribute>
      <attribute>
        <name>track_id</name>
        <value>63</value>
      </attribute>
    </attributes>
  </object>
  <object>
    <name>vehicule</name>
    <occluded>0</occluded>
    <bndbox>
      <xmin>1128.1300000000006</xmin>
      <ymin>695.5900000000004</ymin>
      <xmax>1512.762353515625</xmax>
      <ymax>930.226432800293</ymax>
    </bndbox>
    <attributes>
      <attribute>
        <name>keyframe</name>
        <value>True</value>
      </attribute>
      <attribute>
        <name>track_id</name>
        <value>64</value>
      </attribute>
    </attributes>
  </object>
  <object>
    <name>vehicule</name>
    <occluded>0</occluded>
    <bndbox>
      <xmin>1091.6000000000004</xmin>
      <ymin>576.7400000000009</ymin>
      <xmax>1504.9654388427734</xmax>
      <ymax>788.6604217529297</ymax>
    </bndbox>
    <attributes>
      <attribute>
        <name>keyframe</name>
        <value>True</value>
      </attribute>
      <attribute>
        <name>track_id</name>
        <value>65</value>
      </attribute>
    </attributes>
  </object>
  <object>
    <name>vehicule</name>
    <occluded>0</occluded>
    <bndbox>
      <xmin>1228.2412109375</xmin>
      <ymin>116.60107421875</ymin>
      <xmax>1510.9255676269531</xmax>
      <ymax>267.020263671875</ymax>
    </bndbox>
    <attributes>
      <attribute>
        <name>keyframe</name>
        <value>True</value>
      </attribute>
      <attribute>
        <name>track_id</name>
        <value>66</value>
      </attribute>
    </attributes>
  </object>
  <object>
    <name>vehicule</name>
    <occluded>0</occluded>
    <bndbox>
      <xmin>425.05436197916663</xmin>
      <ymin>1.4806857638888884</ymin>
      <xmax>554.726084391276</xmax>
      <ymax>110.40059916178384</ymax>
    </bndbox>
    <attributes>
      <attribute>
        <name>keyframe</name>
        <value>True</value>
      </attribute>
      <attribute>
        <name>track_id</name>
        <value>67</value>
      </attribute>
    </attributes>
  </object>
  <object>
    <name>vehicule</name>
    <occluded>0</occluded>
    <bndbox>
      <xmin>1508.7993706597222</xmin>
      <ymin>137.10297309027777</ymin>
      <xmax>1783.7034233940972</xmax>
      <ymax>264.1812583075629</ymax>
    </bndbox>
    <attributes>
      <attribute>
        <name>keyframe</name>
        <value>True</value>
      </attribute>
      <attribute>
        <name>track_id</name>
        <value>68</value>
      </attribute>
    </attributes>
  </object>
  <object>
    <name>vehicule</name>
    <occluded>0</occluded>
    <bndbox>
      <xmin>1768.6875651041669</xmin>
      <ymin>1513.751334635417</ymin>
      <xmax>2368.6842142740884</xmax>
      <ymax>1837.963846842447</ymax>
    </bndbox>
    <attributes>
      <attribute>
        <name>keyframe</name>
        <value>True</value>
      </attribute>
      <attribute>
        <name>track_id</name>
        <value>69</value>
      </attribute>
    </attributes>
  </object>
  <object>
    <name>vehicule</name>
    <occluded>0</occluded>
    <bndbox>
      <xmin>829.8869921875003</xmin>
      <ymin>393.47529296875</ymin>
      <xmax>1166.7840658569335</xmax>
      <ymax>597.0059072875974</ymax>
    </bndbox>
    <attributes>
      <attribute>
        <name>keyframe</name>
        <value>True</value>
      </attribute>
      <attribute>
        <name>track_id</name>
        <value>70</value>
      </attribute>
    </attributes>
  </object>
  <object>
    <name>vehicule</name>
    <occluded>0</occluded>
    <bndbox>
      <xmin>514.0200000000002</xmin>
      <ymin>386.7</ymin>
      <xmax>900.1782974243164</xmax>
      <ymax>625.0135803222656</ymax>
    </bndbox>
    <attributes>
      <attribute>
        <name>keyframe</name>
        <value>True</value>
      </attribute>
      <attribute>
        <name>track_id</name>
        <value>71</value>
      </attribute>
    </attributes>
  </object>
  <object>
    <name>vehicule</name>
    <occluded>0</occluded>
    <bndbox>
      <xmin>111.81250000000091</xmin>
      <ymin>357.6427001953127</ymin>
      <xmax>429.1463623046875</xmax>
      <ymax>592.3374633789062</ymax>
    </bndbox>
    <attributes>
      <attribute>
        <name>keyframe</name>
        <value>True</value>
      </attribute>
      <attribute>
        <name>track_id</name>
        <value>72</value>
      </attribute>
    </attributes>
  </object>
  <object>
    <name>vehicule</name>
    <occluded>0</occluded>
    <bndbox>
      <xmin>1896.602812500001</xmin>
      <ymin>194.72025390625132</ymin>
      <xmax>2149.9550659179686</xmax>
      <ymax>307.05960845947266</ymax>
    </bndbox>
    <attributes>
      <attribute>
        <name>keyframe</name>
        <value>True</value>
      </attribute>
      <attribute>
        <name>track_id</name>
        <value>74</value>
      </attribute>
    </attributes>
  </object>
  <object>
    <name>vehicule</name>
    <occluded>0</occluded>
    <bndbox>
      <xmin>1947.8517020089287</xmin>
      <ymin>145.15248325892858</ymin>
      <xmax>2256.729753766741</xmax>
      <ymax>240.92691933768128</ymax>
    </bndbox>
    <attributes>
      <attribute>
        <name>keyframe</name>
        <value>True</value>
      </attribute>
      <attribute>
        <name>track_id</name>
        <value>75</value>
      </attribute>
    </attributes>
  </object>
  <object>
    <name>vehicule</name>
    <occluded>0</occluded>
    <bndbox>
      <xmin>1149.7627591080402</xmin>
      <ymin>329.23694252512615</ymin>
      <xmax>1433.3233059830402</xmax>
      <ymax>522.1097849323513</ymax>
    </bndbox>
    <attributes>
      <attribute>
        <name>keyframe</name>
        <value>True</value>
      </attribute>
      <attribute>
        <name>track_id</name>
        <value>416</value>
      </attribute>
    </attributes>
  </object>
</annotation>
