<annotation>
  <folder>frame</folder>
  <filename>frame_000927.jpg</filename>
  <source>
    <database>Unknown</database>
    <annotation>Unknown</annotation>
    <image>Unknown</image>
  </source>
  <size>
    <width>2456</width>
    <height>2054</height>
    <depth>3</depth>
  </size>
  <segmented>0</segmented>
  <object>
    <name>vehicule</name>
    <occluded>0</occluded>
    <bndbox>
      <xmin>6.439453125</xmin>
      <ymin>671.2000000000007</ymin>
      <xmax>429.2000000000007</xmax>
      <ymax>922.74169921875</ymax>
    </bndbox>
    <attributes>
      <attribute>
        <name>keyframe</name>
        <value>True</value>
      </attribute>
      <attribute>
        <name>track_id</name>
        <value>161</value>
      </attribute>
    </attributes>
  </object>
  <object>
    <name>vehicule</name>
    <occluded>0</occluded>
    <bndbox>
      <xmin>503.0476217830883</xmin>
      <ymin>28.55790441176471</ymin>
      <xmax>794.8796530330883</xmax>
      <ymax>181.01973051183364</ymax>
    </bndbox>
    <attributes>
      <attribute>
        <name>keyframe</name>
        <value>True</value>
      </attribute>
      <attribute>
        <name>track_id</name>
        <value>162</value>
      </attribute>
    </attributes>
  </object>
  <object>
    <name>vehicule</name>
    <occluded>0</occluded>
    <bndbox>
      <xmin>1929.2797909007354</xmin>
      <ymin>1520.7562614889705</ymin>
      <xmax>2160.0797847972194</xmax>
      <ymax>1764.539098403033</ymax>
    </bndbox>
    <attributes>
      <attribute>
        <name>keyframe</name>
        <value>True</value>
      </attribute>
      <attribute>
        <name>track_id</name>
        <value>163</value>
      </attribute>
    </attributes>
  </object>
  <object>
    <name>vehicule</name>
    <occluded>0</occluded>
    <bndbox>
      <xmin>1116.5061465992649</xmin>
      <ymin>117.86029411764707</ymin>
      <xmax>1413.4405215992638</xmax>
      <ymax>255.31232048483457</ymax>
    </bndbox>
    <attributes>
      <attribute>
        <name>keyframe</name>
        <value>True</value>
      </attribute>
      <attribute>
        <name>track_id</name>
        <value>164</value>
      </attribute>
    </attributes>
  </object>
  <object>
    <name>vehicule</name>
    <occluded>0</occluded>
    <bndbox>
      <xmin>1552.6045572916669</xmin>
      <ymin>1320.4010416666667</ymin>
      <xmax>2042.3406778971353</xmax>
      <ymax>1649.7671915690105</ymax>
    </bndbox>
    <attributes>
      <attribute>
        <name>keyframe</name>
        <value>True</value>
      </attribute>
      <attribute>
        <name>track_id</name>
        <value>165</value>
      </attribute>
    </attributes>
  </object>
</annotation>
