<annotation>
  <folder>frame</folder>
  <filename>frame_002203.jpg</filename>
  <source>
    <database>Unknown</database>
    <annotation>Unknown</annotation>
    <image>Unknown</image>
  </source>
  <size>
    <width>2456</width>
    <height>2054</height>
    <depth>3</depth>
  </size>
  <segmented>0</segmented>
  <object>
    <name>vehicule</name>
    <occluded>0</occluded>
    <bndbox>
      <xmin>2088.8600000000006</xmin>
      <ymin>618.3200000000004</ymin>
      <xmax>2384.534149169922</xmax>
      <ymax>882.9102294921875</ymax>
    </bndbox>
    <attributes>
      <attribute>
        <name>keyframe</name>
        <value>True</value>
      </attribute>
      <attribute>
        <name>track_id</name>
        <value>330</value>
      </attribute>
    </attributes>
  </object>
  <object>
    <name>vehicule</name>
    <occluded>0</occluded>
    <bndbox>
      <xmin>1655.0000781250005</xmin>
      <ymin>467.7197656250002</ymin>
      <xmax>1871.5802752685545</xmax>
      <ymax>695.01796875</ymax>
    </bndbox>
    <attributes>
      <attribute>
        <name>keyframe</name>
        <value>True</value>
      </attribute>
      <attribute>
        <name>track_id</name>
        <value>334</value>
      </attribute>
    </attributes>
  </object>
  <object>
    <name>vehicule</name>
    <occluded>0</occluded>
    <bndbox>
      <xmin>1292.7724609375</xmin>
      <ymin>1497.81640625</ymin>
      <xmax>1949.4189453125</xmax>
      <ymax>1837.0838867187485</ymax>
    </bndbox>
    <attributes>
      <attribute>
        <name>keyframe</name>
        <value>True</value>
      </attribute>
      <attribute>
        <name>track_id</name>
        <value>336</value>
      </attribute>
    </attributes>
  </object>
</annotation>
