<annotation>
  <folder>frame</folder>
  <filename>frame_002785.jpg</filename>
  <source>
    <database>Unknown</database>
    <annotation>Unknown</annotation>
    <image>Unknown</image>
  </source>
  <size>
    <width>2456</width>
    <height>2054</height>
    <depth>3</depth>
  </size>
  <segmented>0</segmented>
  <object>
    <name>vehicule</name>
    <occluded>0</occluded>
    <bndbox>
      <xmin>1208.6383463541667</xmin>
      <ymin>407.0129123263889</ymin>
      <xmax>1493.7756510416682</xmax>
      <ymax>584.4196322970913</ymax>
    </bndbox>
    <attributes>
      <attribute>
        <name>keyframe</name>
        <value>True</value>
      </attribute>
      <attribute>
        <name>track_id</name>
        <value>356</value>
      </attribute>
    </attributes>
  </object>
  <object>
    <name>vehicule</name>
    <occluded>0</occluded>
    <bndbox>
      <xmin>672.0422092013889</xmin>
      <ymin>438.51041666666725</ymin>
      <xmax>961.4951388888896</xmax>
      <ymax>676.5403879801428</ymax>
    </bndbox>
    <attributes>
      <attribute>
        <name>keyframe</name>
        <value>True</value>
      </attribute>
      <attribute>
        <name>track_id</name>
        <value>365</value>
      </attribute>
    </attributes>
  </object>
  <object>
    <name>vehicule</name>
    <occluded>0</occluded>
    <bndbox>
      <xmin>1451.3746744791667</xmin>
      <ymin>541.7269965277786</ymin>
      <xmax>1701.1900173611123</xmax>
      <ymax>753.648251681857</ymax>
    </bndbox>
    <attributes>
      <attribute>
        <name>keyframe</name>
        <value>True</value>
      </attribute>
      <attribute>
        <name>track_id</name>
        <value>371</value>
      </attribute>
    </attributes>
  </object>
  <object>
    <name>vehicule</name>
    <occluded>0</occluded>
    <bndbox>
      <xmin>1602.4262438322369</xmin>
      <ymin>325.8842105263162</ymin>
      <xmax>1865.7789473684218</xmax>
      <ymax>464.60409064041943</ymax>
    </bndbox>
    <attributes>
      <attribute>
        <name>keyframe</name>
        <value>True</value>
      </attribute>
      <attribute>
        <name>track_id</name>
        <value>379</value>
      </attribute>
    </attributes>
  </object>
  <object>
    <name>vehicule</name>
    <occluded>0</occluded>
    <bndbox>
      <xmin>1921.6199428013392</xmin>
      <ymin>433.93673270089283</ymin>
      <xmax>2107.379708426339</xmax>
      <ymax>644.6093889508936</ymax>
    </bndbox>
    <attributes>
      <attribute>
        <name>keyframe</name>
        <value>True</value>
      </attribute>
      <attribute>
        <name>track_id</name>
        <value>395</value>
      </attribute>
    </attributes>
  </object>
  <object>
    <name>vehicule</name>
    <occluded>0</occluded>
    <bndbox>
      <xmin>1196.1932508680557</xmin>
      <ymin>226.66536458333354</ymin>
      <xmax>1519.7047743055564</xmax>
      <ymax>456.9260823567707</ymax>
    </bndbox>
    <attributes>
      <attribute>
        <name>keyframe</name>
        <value>True</value>
      </attribute>
      <attribute>
        <name>track_id</name>
        <value>399</value>
      </attribute>
    </attributes>
  </object>
  <object>
    <name>vehicule</name>
    <occluded>0</occluded>
    <bndbox>
      <xmin>1598.7300575657903</xmin>
      <ymin>229.38421052631622</ymin>
      <xmax>1894.8907393606087</xmax>
      <ymax>363.1304827238384</ymax>
    </bndbox>
    <attributes>
      <attribute>
        <name>keyframe</name>
        <value>True</value>
      </attribute>
      <attribute>
        <name>track_id</name>
        <value>402</value>
      </attribute>
    </attributes>
  </object>
  <object>
    <name>vehicule</name>
    <occluded>0</occluded>
    <bndbox>
      <xmin>400.83002232142906</xmin>
      <ymin>33.37611607142858</ymin>
      <xmax>706.1372305733811</xmax>
      <ymax>179.65765598842077</ymax>
    </bndbox>
    <attributes>
      <attribute>
        <name>keyframe</name>
        <value>True</value>
      </attribute>
      <attribute>
        <name>track_id</name>
        <value>405</value>
      </attribute>
    </attributes>
  </object>
  <object>
    <name>vehicule</name>
    <occluded>0</occluded>
    <bndbox>
      <xmin>1483.4088199013158</xmin>
      <ymin>176.37890625000085</ymin>
      <xmax>1807.421052631579</xmax>
      <ymax>266.44544926693544</ymax>
    </bndbox>
    <attributes>
      <attribute>
        <name>keyframe</name>
        <value>True</value>
      </attribute>
      <attribute>
        <name>track_id</name>
        <value>406</value>
      </attribute>
    </attributes>
  </object>
  <object>
    <name>vehicule</name>
    <occluded>0</occluded>
    <bndbox>
      <xmin>1636.9889322916665</xmin>
      <ymin>1500.97265625</ymin>
      <xmax>2234.1892618815095</xmax>
      <ymax>1796.6241760253906</ymax>
    </bndbox>
    <attributes>
      <attribute>
        <name>keyframe</name>
        <value>True</value>
      </attribute>
      <attribute>
        <name>track_id</name>
        <value>407</value>
      </attribute>
    </attributes>
  </object>
  <object>
    <name>vehicule</name>
    <occluded>0</occluded>
    <bndbox>
      <xmin>2074.3403063322367</xmin>
      <ymin>252.1934107730263</ymin>
      <xmax>2220.921223690635</xmax>
      <ymax>373.566137213456</ymax>
    </bndbox>
    <attributes>
      <attribute>
        <name>keyframe</name>
        <value>True</value>
      </attribute>
      <attribute>
        <name>track_id</name>
        <value>408</value>
      </attribute>
    </attributes>
  </object>
</annotation>
