<annotation>
  <folder>frame</folder>
  <filename>frame_001887.jpg</filename>
  <source>
    <database>Unknown</database>
    <annotation>Unknown</annotation>
    <image>Unknown</image>
  </source>
  <size>
    <width>2456</width>
    <height>2054</height>
    <depth>3</depth>
  </size>
  <segmented>0</segmented>
  <object>
    <name>vehicule</name>
    <occluded>0</occluded>
    <bndbox>
      <xmin>975.6781616210938</xmin>
      <ymin>482.63125000000025</ymin>
      <xmax>1278.6562500000005</xmax>
      <ymax>696.561053276062</ymax>
    </bndbox>
    <attributes>
      <attribute>
        <name>keyframe</name>
        <value>True</value>
      </attribute>
      <attribute>
        <name>track_id</name>
        <value>295</value>
      </attribute>
    </attributes>
  </object>
  <object>
    <name>vehicule</name>
    <occluded>0</occluded>
    <bndbox>
      <xmin>1310.5335629111842</xmin>
      <ymin>1141.735197368421</ymin>
      <xmax>1827.632159102589</xmax>
      <ymax>1401.0786421926398</ymax>
    </bndbox>
    <attributes>
      <attribute>
        <name>keyframe</name>
        <value>True</value>
      </attribute>
      <attribute>
        <name>track_id</name>
        <value>296</value>
      </attribute>
    </attributes>
  </object>
  <object>
    <name>vehicule</name>
    <occluded>0</occluded>
    <bndbox>
      <xmin>1475.5635375976562</xmin>
      <ymin>372.52500000000134</ymin>
      <xmax>1771.6375000000007</xmax>
      <ymax>558.9465045928955</ymax>
    </bndbox>
    <attributes>
      <attribute>
        <name>keyframe</name>
        <value>True</value>
      </attribute>
      <attribute>
        <name>track_id</name>
        <value>297</value>
      </attribute>
    </attributes>
  </object>
  <object>
    <name>vehicule</name>
    <occluded>0</occluded>
    <bndbox>
      <xmin>1425.4812499999998</xmin>
      <ymin>1360.9109375</ymin>
      <xmax>1952.7614941406252</xmax>
      <ymax>1644.6210998535157</ymax>
    </bndbox>
    <attributes>
      <attribute>
        <name>keyframe</name>
        <value>True</value>
      </attribute>
      <attribute>
        <name>track_id</name>
        <value>299</value>
      </attribute>
    </attributes>
  </object>
  <object>
    <name>vehicule</name>
    <occluded>0</occluded>
    <bndbox>
      <xmin>210.4388950892857</xmin>
      <ymin>1102.5025111607142</ymin>
      <xmax>706.8388950892871</xmax>
      <ymax>1372.2196742466517</ymax>
    </bndbox>
    <attributes>
      <attribute>
        <name>keyframe</name>
        <value>True</value>
      </attribute>
      <attribute>
        <name>track_id</name>
        <value>300</value>
      </attribute>
    </attributes>
  </object>
  <object>
    <name>vehicule</name>
    <occluded>0</occluded>
    <bndbox>
      <xmin>2111.6577962239585</xmin>
      <ymin>259.0808919270833</ymin>
      <xmax>2421.8531087239585</xmax>
      <ymax>430.247563680013</ymax>
    </bndbox>
    <attributes>
      <attribute>
        <name>keyframe</name>
        <value>True</value>
      </attribute>
      <attribute>
        <name>track_id</name>
        <value>301</value>
      </attribute>
    </attributes>
  </object>
</annotation>
