<annotation>
  <folder>frame</folder>
  <filename>frame_001527.jpg</filename>
  <source>
    <database>Unknown</database>
    <annotation>Unknown</annotation>
    <image>Unknown</image>
  </source>
  <size>
    <width>2456</width>
    <height>2054</height>
    <depth>3</depth>
  </size>
  <segmented>0</segmented>
  <object>
    <name>vehicule</name>
    <occluded>0</occluded>
    <bndbox>
      <xmin>1062.3256363407259</xmin>
      <ymin>296.5310464485112</ymin>
      <xmax>1359.2102066532266</xmax>
      <ymax>490.96171661452644</ymax>
    </bndbox>
    <attributes>
      <attribute>
        <name>keyframe</name>
        <value>True</value>
      </attribute>
      <attribute>
        <name>track_id</name>
        <value>192</value>
      </attribute>
    </attributes>
  </object>
  <object>
    <name>vehicule</name>
    <occluded>0</occluded>
    <bndbox>
      <xmin>1257.557365496134</xmin>
      <ymin>379.2724810728093</ymin>
      <xmax>1536.4360764336348</xmax>
      <ymax>550.3621264585514</ymax>
    </bndbox>
    <attributes>
      <attribute>
        <name>keyframe</name>
        <value>True</value>
      </attribute>
      <attribute>
        <name>track_id</name>
        <value>199</value>
      </attribute>
    </attributes>
  </object>
  <object>
    <name>vehicule</name>
    <occluded>0</occluded>
    <bndbox>
      <xmin>1549.9131283967392</xmin>
      <ymin>439.25067934782606</ymin>
      <xmax>1807.9613858430268</xmax>
      <ymax>638.8817340353272</ymax>
    </bndbox>
    <attributes>
      <attribute>
        <name>keyframe</name>
        <value>True</value>
      </attribute>
      <attribute>
        <name>track_id</name>
        <value>205</value>
      </attribute>
    </attributes>
  </object>
  <object>
    <name>vehicule</name>
    <occluded>0</occluded>
    <bndbox>
      <xmin>1556.3762377707067</xmin>
      <ymin>325.3106952887538</ymin>
      <xmax>1842.9486987082078</xmax>
      <ymax>465.3274952155116</ymax>
    </bndbox>
    <attributes>
      <attribute>
        <name>keyframe</name>
        <value>True</value>
      </attribute>
      <attribute>
        <name>track_id</name>
        <value>210</value>
      </attribute>
    </attributes>
  </object>
  <object>
    <name>vehicule</name>
    <occluded>0</occluded>
    <bndbox>
      <xmin>1851.5390200407608</xmin>
      <ymin>399.9305112092397</ymin>
      <xmax>2055.18695652174</xmax>
      <ymax>596.1548913043479</ymax>
    </bndbox>
    <attributes>
      <attribute>
        <name>keyframe</name>
        <value>True</value>
      </attribute>
      <attribute>
        <name>track_id</name>
        <value>214</value>
      </attribute>
    </attributes>
  </object>
  <object>
    <name>vehicule</name>
    <occluded>0</occluded>
    <bndbox>
      <xmin>1847.8028539540817</xmin>
      <ymin>302.71732700892875</ymin>
      <xmax>2098.834064094388</xmax>
      <ymax>442.00417555205786</ymax>
    </bndbox>
    <attributes>
      <attribute>
        <name>keyframe</name>
        <value>True</value>
      </attribute>
      <attribute>
        <name>track_id</name>
        <value>231</value>
      </attribute>
    </attributes>
  </object>
  <object>
    <name>vehicule</name>
    <occluded>0</occluded>
    <bndbox>
      <xmin>2079.1806640625</xmin>
      <ymin>1126.57373046875</ymin>
      <xmax>2456.0</xmax>
      <ymax>1435.1220458984371</ymax>
    </bndbox>
    <attributes>
      <attribute>
        <name>keyframe</name>
        <value>True</value>
      </attribute>
      <attribute>
        <name>track_id</name>
        <value>238</value>
      </attribute>
    </attributes>
  </object>
  <object>
    <name>vehicule</name>
    <occluded>0</occluded>
    <bndbox>
      <xmin>1837.5589488636365</xmin>
      <ymin>823.6623579545459</ymin>
      <xmax>2190.7181895862927</xmax>
      <ymax>1065.1770460648959</ymax>
    </bndbox>
    <attributes>
      <attribute>
        <name>keyframe</name>
        <value>True</value>
      </attribute>
      <attribute>
        <name>track_id</name>
        <value>241</value>
      </attribute>
    </attributes>
  </object>
  <object>
    <name>vehicule</name>
    <occluded>0</occluded>
    <bndbox>
      <xmin>1626.1890269886367</xmin>
      <ymin>887.1098188920455</ymin>
      <xmax>2046.0752252752127</xmax>
      <ymax>1155.866356034712</ymax>
    </bndbox>
    <attributes>
      <attribute>
        <name>keyframe</name>
        <value>True</value>
      </attribute>
      <attribute>
        <name>track_id</name>
        <value>242</value>
      </attribute>
    </attributes>
  </object>
  <object>
    <name>vehicule</name>
    <occluded>0</occluded>
    <bndbox>
      <xmin>1936.80439453125</xmin>
      <ymin>714.457539062501</ymin>
      <xmax>2325.5262695312513</xmax>
      <ymax>932.262015991211</ymax>
    </bndbox>
    <attributes>
      <attribute>
        <name>keyframe</name>
        <value>True</value>
      </attribute>
      <attribute>
        <name>track_id</name>
        <value>243</value>
      </attribute>
    </attributes>
  </object>
  <object>
    <name>vehicule</name>
    <occluded>0</occluded>
    <bndbox>
      <xmin>441.9562800480769</xmin>
      <ymin>53.42390324519231</ymin>
      <xmax>751.123467548078</xmax>
      <ymax>206.43653752253607</ymax>
    </bndbox>
    <attributes>
      <attribute>
        <name>keyframe</name>
        <value>True</value>
      </attribute>
      <attribute>
        <name>track_id</name>
        <value>245</value>
      </attribute>
    </attributes>
  </object>
  <object>
    <name>vehicule</name>
    <occluded>0</occluded>
    <bndbox>
      <xmin>1028.6416015625</xmin>
      <ymin>123.64317908653845</ymin>
      <xmax>1330.0415954589844</xmax>
      <ymax>245.5345975435697</ymax>
    </bndbox>
    <attributes>
      <attribute>
        <name>keyframe</name>
        <value>True</value>
      </attribute>
      <attribute>
        <name>track_id</name>
        <value>246</value>
      </attribute>
    </attributes>
  </object>
  <object>
    <name>vehicule</name>
    <occluded>0</occluded>
    <bndbox>
      <xmin>1505.706805889423</xmin>
      <ymin>235.19313401442307</ymin>
      <xmax>1778.3155888484064</xmax>
      <ymax>362.240247051531</ymax>
    </bndbox>
    <attributes>
      <attribute>
        <name>keyframe</name>
        <value>True</value>
      </attribute>
      <attribute>
        <name>track_id</name>
        <value>248</value>
      </attribute>
    </attributes>
  </object>
  <object>
    <name>vehicule</name>
    <occluded>0</occluded>
    <bndbox>
      <xmin>420.2069561298077</xmin>
      <ymin>511.640625</ymin>
      <xmax>653.2362079326924</xmax>
      <ymax>760.4080805851862</ymax>
    </bndbox>
    <attributes>
      <attribute>
        <name>keyframe</name>
        <value>True</value>
      </attribute>
      <attribute>
        <name>track_id</name>
        <value>249</value>
      </attribute>
    </attributes>
  </object>
  <object>
    <name>vehicule</name>
    <occluded>0</occluded>
    <bndbox>
      <xmin>1620.8025240384616</xmin>
      <ymin>34.51592548076923</ymin>
      <xmax>2100.8997896634614</xmax>
      <ymax>280.8467360276442</ymax>
    </bndbox>
    <attributes>
      <attribute>
        <name>keyframe</name>
        <value>True</value>
      </attribute>
      <attribute>
        <name>track_id</name>
        <value>250</value>
      </attribute>
    </attributes>
  </object>
  <object>
    <name>vehicule</name>
    <occluded>0</occluded>
    <bndbox>
      <xmin>222.4615384615393</xmin>
      <ymin>331.5461538461549</ymin>
      <xmax>593.2380582369291</xmax>
      <ymax>538.9926828237681</ymax>
    </bndbox>
    <attributes>
      <attribute>
        <name>keyframe</name>
        <value>True</value>
      </attribute>
      <attribute>
        <name>track_id</name>
        <value>251</value>
      </attribute>
    </attributes>
  </object>
  <object>
    <name>vehicule</name>
    <occluded>0</occluded>
    <bndbox>
      <xmin>1859.2454723011363</xmin>
      <ymin>236.2589666193182</ymin>
      <xmax>2139.8763316761365</xmax>
      <ymax>350.3700811212713</ymax>
    </bndbox>
    <attributes>
      <attribute>
        <name>keyframe</name>
        <value>True</value>
      </attribute>
      <attribute>
        <name>track_id</name>
        <value>252</value>
      </attribute>
    </attributes>
  </object>
  <object>
    <name>vehicule</name>
    <occluded>0</occluded>
    <bndbox>
      <xmin>2182.1128743489585</xmin>
      <ymin>180.63020833333334</ymin>
      <xmax>2441.7333333333336</xmax>
      <ymax>289.554448445638</ymax>
    </bndbox>
    <attributes>
      <attribute>
        <name>keyframe</name>
        <value>True</value>
      </attribute>
      <attribute>
        <name>track_id</name>
        <value>253</value>
      </attribute>
    </attributes>
  </object>
</annotation>
