<annotation>
  <folder>frame</folder>
  <filename>frame_002491.jpg</filename>
  <source>
    <database>Unknown</database>
    <annotation>Unknown</annotation>
    <image>Unknown</image>
  </source>
  <size>
    <width>2456</width>
    <height>2054</height>
    <depth>3</depth>
  </size>
  <segmented>0</segmented>
  <object>
    <name>vehicule</name>
    <occluded>0</occluded>
    <bndbox>
      <xmin>2002.1000000000004</xmin>
      <ymin>733.7000000000007</ymin>
      <xmax>2385.020477294922</xmax>
      <ymax>970.1495819091797</ymax>
    </bndbox>
    <attributes>
      <attribute>
        <name>keyframe</name>
        <value>True</value>
      </attribute>
      <attribute>
        <name>track_id</name>
        <value>352</value>
      </attribute>
    </attributes>
  </object>
  <object>
    <name>vehicule</name>
    <occluded>0</occluded>
    <bndbox>
      <xmin>1929.5</xmin>
      <ymin>870.0</ymin>
      <xmax>2425.9978942871094</xmax>
      <ymax>1171.3991394042969</ymax>
    </bndbox>
    <attributes>
      <attribute>
        <name>keyframe</name>
        <value>True</value>
      </attribute>
      <attribute>
        <name>track_id</name>
        <value>353</value>
      </attribute>
    </attributes>
  </object>
  <object>
    <name>vehicule</name>
    <occluded>0</occluded>
    <bndbox>
      <xmin>1071.1000000000004</xmin>
      <ymin>421.90000000000146</ymin>
      <xmax>1467.982421875</xmax>
      <ymax>638.7077789306641</ymax>
    </bndbox>
    <attributes>
      <attribute>
        <name>keyframe</name>
        <value>True</value>
      </attribute>
      <attribute>
        <name>track_id</name>
        <value>354</value>
      </attribute>
    </attributes>
  </object>
  <object>
    <name>vehicule</name>
    <occluded>0</occluded>
    <bndbox>
      <xmin>1209.259765625</xmin>
      <ymin>610.23046875</ymin>
      <xmax>1591.951464843749</xmax>
      <ymax>835.2905975341782</ymax>
    </bndbox>
    <attributes>
      <attribute>
        <name>keyframe</name>
        <value>True</value>
      </attribute>
      <attribute>
        <name>track_id</name>
        <value>355</value>
      </attribute>
    </attributes>
  </object>
  <object>
    <name>vehicule</name>
    <occluded>0</occluded>
    <bndbox>
      <xmin>1628.7763671875</xmin>
      <ymin>265.25390625</ymin>
      <xmax>1916.521484375</xmax>
      <ymax>442.6448059082031</ymax>
    </bndbox>
    <attributes>
      <attribute>
        <name>keyframe</name>
        <value>True</value>
      </attribute>
      <attribute>
        <name>track_id</name>
        <value>356</value>
      </attribute>
    </attributes>
  </object>
  <object>
    <name>vehicule</name>
    <occluded>0</occluded>
    <bndbox>
      <xmin>1809.5068359375</xmin>
      <ymin>214.4501953125</ymin>
      <xmax>2138.888671875</xmax>
      <ymax>346.71534729003906</ymax>
    </bndbox>
    <attributes>
      <attribute>
        <name>keyframe</name>
        <value>True</value>
      </attribute>
      <attribute>
        <name>track_id</name>
        <value>357</value>
      </attribute>
    </attributes>
  </object>
  <object>
    <name>vehicule</name>
    <occluded>0</occluded>
    <bndbox>
      <xmin>123.14101562500036</xmin>
      <ymin>390.5949218750002</ymin>
      <xmax>546.1748718261715</xmax>
      <ymax>592.8564788818358</ymax>
    </bndbox>
    <attributes>
      <attribute>
        <name>keyframe</name>
        <value>True</value>
      </attribute>
      <attribute>
        <name>track_id</name>
        <value>358</value>
      </attribute>
    </attributes>
  </object>
  <object>
    <name>vehicule</name>
    <occluded>0</occluded>
    <bndbox>
      <xmin>240.92727272727296</xmin>
      <ymin>302.6316051136371</ymin>
      <xmax>535.6832663796165</xmax>
      <ymax>458.9399913441051</ymax>
    </bndbox>
    <attributes>
      <attribute>
        <name>keyframe</name>
        <value>True</value>
      </attribute>
      <attribute>
        <name>track_id</name>
        <value>359</value>
      </attribute>
    </attributes>
  </object>
  <object>
    <name>vehicule</name>
    <occluded>0</occluded>
    <bndbox>
      <xmin>92.50892857142857</xmin>
      <ymin>223.1064453125</ymin>
      <xmax>401.1276114327567</xmax>
      <ymax>370.9322052001953</ymax>
    </bndbox>
    <attributes>
      <attribute>
        <name>keyframe</name>
        <value>True</value>
      </attribute>
      <attribute>
        <name>track_id</name>
        <value>360</value>
      </attribute>
    </attributes>
  </object>
</annotation>
