<annotation>
  <folder>frame</folder>
  <filename>frame_001537.jpg</filename>
  <source>
    <database>Unknown</database>
    <annotation>Unknown</annotation>
    <image>Unknown</image>
  </source>
  <size>
    <width>2456</width>
    <height>2054</height>
    <depth>3</depth>
  </size>
  <segmented>0</segmented>
  <object>
    <name>vehicule</name>
    <occluded>0</occluded>
    <bndbox>
      <xmin>1060.9741998487902</xmin>
      <ymin>296.46668540632754</ymin>
      <xmax>1357.858770161291</xmax>
      <ymax>490.8973555723428</ymax>
    </bndbox>
    <attributes>
      <attribute>
        <name>keyframe</name>
        <value>True</value>
      </attribute>
      <attribute>
        <name>track_id</name>
        <value>192</value>
      </attribute>
    </attributes>
  </object>
  <object>
    <name>vehicule</name>
    <occluded>0</occluded>
    <bndbox>
      <xmin>1257.1563204735826</xmin>
      <ymin>379.3393302996134</ymin>
      <xmax>1536.0350314110833</xmax>
      <ymax>550.4289756853556</ymax>
    </bndbox>
    <attributes>
      <attribute>
        <name>keyframe</name>
        <value>True</value>
      </attribute>
      <attribute>
        <name>track_id</name>
        <value>199</value>
      </attribute>
    </attributes>
  </object>
  <object>
    <name>vehicule</name>
    <occluded>0</occluded>
    <bndbox>
      <xmin>1548.3157056725543</xmin>
      <ymin>439.5325733129529</ymin>
      <xmax>1806.3639631188419</xmax>
      <ymax>639.163628000454</ymax>
    </bndbox>
    <attributes>
      <attribute>
        <name>keyframe</name>
        <value>True</value>
      </attribute>
      <attribute>
        <name>track_id</name>
        <value>205</value>
      </attribute>
    </attributes>
  </object>
  <object>
    <name>vehicule</name>
    <occluded>0</occluded>
    <bndbox>
      <xmin>1555.5879529587767</xmin>
      <ymin>325.7836602393617</ymin>
      <xmax>1842.1604138962778</xmax>
      <ymax>465.80046016611954</ymax>
    </bndbox>
    <attributes>
      <attribute>
        <name>keyframe</name>
        <value>True</value>
      </attribute>
      <attribute>
        <name>track_id</name>
        <value>210</value>
      </attribute>
    </attributes>
  </object>
  <object>
    <name>vehicule</name>
    <occluded>0</occluded>
    <bndbox>
      <xmin>1849.0959154211957</xmin>
      <ymin>403.784260360055</ymin>
      <xmax>2050.581884057972</xmax>
      <ymax>600.8531476449275</ymax>
    </bndbox>
    <attributes>
      <attribute>
        <name>keyframe</name>
        <value>True</value>
      </attribute>
      <attribute>
        <name>track_id</name>
        <value>214</value>
      </attribute>
    </attributes>
  </object>
  <object>
    <name>vehicule</name>
    <occluded>0</occluded>
    <bndbox>
      <xmin>1843.7804129464287</xmin>
      <ymin>305.3650390625002</ymin>
      <xmax>2093.329520089286</xmax>
      <ymax>445.3914925711506</ymax>
    </bndbox>
    <attributes>
      <attribute>
        <name>keyframe</name>
        <value>True</value>
      </attribute>
      <attribute>
        <name>track_id</name>
        <value>231</value>
      </attribute>
    </attributes>
  </object>
  <object>
    <name>vehicule</name>
    <occluded>0</occluded>
    <bndbox>
      <xmin>2043.2362060546875</xmin>
      <ymin>906.1219482421875</ymin>
      <xmax>2396.3954467773438</xmax>
      <ymax>1147.6366363525376</ymax>
    </bndbox>
    <attributes>
      <attribute>
        <name>keyframe</name>
        <value>True</value>
      </attribute>
      <attribute>
        <name>track_id</name>
        <value>241</value>
      </attribute>
    </attributes>
  </object>
  <object>
    <name>vehicule</name>
    <occluded>0</occluded>
    <bndbox>
      <xmin>2188.84716796875</xmin>
      <ymin>1101.19775390625</ymin>
      <xmax>2456.0</xmax>
      <ymax>1356.6020095825197</ymax>
    </bndbox>
    <attributes>
      <attribute>
        <name>keyframe</name>
        <value>True</value>
      </attribute>
      <attribute>
        <name>track_id</name>
        <value>242</value>
      </attribute>
    </attributes>
  </object>
  <object>
    <name>vehicule</name>
    <occluded>0</occluded>
    <bndbox>
      <xmin>141.0791015625</xmin>
      <ymin>7.883984375000001</ymin>
      <xmax>420.7090625000004</xmax>
      <ymax>150.92903808593837</ymax>
    </bndbox>
    <attributes>
      <attribute>
        <name>keyframe</name>
        <value>True</value>
      </attribute>
      <attribute>
        <name>track_id</name>
        <value>245</value>
      </attribute>
    </attributes>
  </object>
  <object>
    <name>vehicule</name>
    <occluded>0</occluded>
    <bndbox>
      <xmin>719.1253107244318</xmin>
      <ymin>90.2005948153409</ymin>
      <xmax>1020.5253046209161</xmax>
      <ymax>212.09201327237216</ymax>
    </bndbox>
    <attributes>
      <attribute>
        <name>keyframe</name>
        <value>True</value>
      </attribute>
      <attribute>
        <name>track_id</name>
        <value>246</value>
      </attribute>
    </attributes>
  </object>
  <object>
    <name>vehicule</name>
    <occluded>0</occluded>
    <bndbox>
      <xmin>1446.252566315407</xmin>
      <ymin>241.3865824854651</ymin>
      <xmax>1718.8613492743902</xmax>
      <ymax>368.43369552257303</ymax>
    </bndbox>
    <attributes>
      <attribute>
        <name>keyframe</name>
        <value>True</value>
      </attribute>
      <attribute>
        <name>track_id</name>
        <value>248</value>
      </attribute>
    </attributes>
  </object>
  <object>
    <name>vehicule</name>
    <occluded>0</occluded>
    <bndbox>
      <xmin>329.4365234375</xmin>
      <ymin>618.7783203125</ymin>
      <xmax>616.9000000000015</xmax>
      <ymax>880.7044891357418</ymax>
    </bndbox>
    <attributes>
      <attribute>
        <name>keyframe</name>
        <value>True</value>
      </attribute>
      <attribute>
        <name>track_id</name>
        <value>249</value>
      </attribute>
    </attributes>
  </object>
  <object>
    <name>vehicule</name>
    <occluded>0</occluded>
    <bndbox>
      <xmin>1348.6462180397727</xmin>
      <ymin>22.3095703125</ymin>
      <xmax>1828.7434836647724</xmax>
      <ymax>260.0721546519886</ymax>
    </bndbox>
    <attributes>
      <attribute>
        <name>keyframe</name>
        <value>True</value>
      </attribute>
      <attribute>
        <name>track_id</name>
        <value>250</value>
      </attribute>
    </attributes>
  </object>
  <object>
    <name>vehicule</name>
    <occluded>0</occluded>
    <bndbox>
      <xmin>477.2000000000007</xmin>
      <ymin>390.60000000000036</ymin>
      <xmax>894.4760437011719</xmax>
      <ymax>639.5386505126953</ymax>
    </bndbox>
    <attributes>
      <attribute>
        <name>keyframe</name>
        <value>True</value>
      </attribute>
      <attribute>
        <name>track_id</name>
        <value>251</value>
      </attribute>
    </attributes>
  </object>
  <object>
    <name>vehicule</name>
    <occluded>0</occluded>
    <bndbox>
      <xmin>1609.4507279829545</xmin>
      <ymin>221.87717507102272</ymin>
      <xmax>1890.0815873579545</xmax>
      <ymax>335.9882895729759</ymax>
    </bndbox>
    <attributes>
      <attribute>
        <name>keyframe</name>
        <value>True</value>
      </attribute>
      <attribute>
        <name>track_id</name>
        <value>252</value>
      </attribute>
    </attributes>
  </object>
  <object>
    <name>vehicule</name>
    <occluded>0</occluded>
    <bndbox>
      <xmin>1974.6381022135417</xmin>
      <ymin>148.21158854166669</ymin>
      <xmax>2299.0666666666675</xmax>
      <ymax>257.1358286539714</ymax>
    </bndbox>
    <attributes>
      <attribute>
        <name>keyframe</name>
        <value>True</value>
      </attribute>
      <attribute>
        <name>track_id</name>
        <value>253</value>
      </attribute>
    </attributes>
  </object>
  <object>
    <name>vehicule</name>
    <occluded>0</occluded>
    <bndbox>
      <xmin>2011.1921875</xmin>
      <ymin>233.6183416193182</ymin>
      <xmax>2293.674405184659</xmax>
      <ymax>381.4441015070135</ymax>
    </bndbox>
    <attributes>
      <attribute>
        <name>keyframe</name>
        <value>True</value>
      </attribute>
      <attribute>
        <name>track_id</name>
        <value>254</value>
      </attribute>
    </attributes>
  </object>
  <object>
    <name>vehicule</name>
    <occluded>0</occluded>
    <bndbox>
      <xmin>59.36666666666809</xmin>
      <ymin>219.43333333333445</ymin>
      <xmax>398.39860098702565</xmax>
      <ymax>417.40418025425504</ymax>
    </bndbox>
    <attributes>
      <attribute>
        <name>keyframe</name>
        <value>True</value>
      </attribute>
      <attribute>
        <name>track_id</name>
        <value>255</value>
      </attribute>
    </attributes>
  </object>
  <object>
    <name>vehicule</name>
    <occluded>0</occluded>
    <bndbox>
      <xmin>42.885463169642854</xmin>
      <ymin>362.5712890625</ymin>
      <xmax>359.8073512486049</xmax>
      <ymax>571.4670318603515</ymax>
    </bndbox>
    <attributes>
      <attribute>
        <name>keyframe</name>
        <value>True</value>
      </attribute>
      <attribute>
        <name>track_id</name>
        <value>256</value>
      </attribute>
    </attributes>
  </object>
</annotation>
