<annotation>
  <folder>frame</folder>
  <filename>frame_001464.jpg</filename>
  <source>
    <database>Unknown</database>
    <annotation>Unknown</annotation>
    <image>Unknown</image>
  </source>
  <size>
    <width>2456</width>
    <height>2054</height>
    <depth>3</depth>
  </size>
  <segmented>0</segmented>
  <object>
    <name>vehicule</name>
    <occluded>0</occluded>
    <bndbox>
      <xmin>1070.8396862399193</xmin>
      <ymin>296.936521014268</ymin>
      <xmax>1367.72425655242</xmax>
      <ymax>491.36719118028327</ymax>
    </bndbox>
    <attributes>
      <attribute>
        <name>keyframe</name>
        <value>True</value>
      </attribute>
      <attribute>
        <name>track_id</name>
        <value>192</value>
      </attribute>
    </attributes>
  </object>
  <object>
    <name>vehicule</name>
    <occluded>0</occluded>
    <bndbox>
      <xmin>1260.0839491382087</xmin>
      <ymin>378.8513309439433</ymin>
      <xmax>1538.9626600757094</xmax>
      <ymax>549.9409763296854</ymax>
    </bndbox>
    <attributes>
      <attribute>
        <name>keyframe</name>
        <value>True</value>
      </attribute>
      <attribute>
        <name>track_id</name>
        <value>199</value>
      </attribute>
    </attributes>
  </object>
  <object>
    <name>vehicule</name>
    <occluded>0</occluded>
    <bndbox>
      <xmin>1559.9768915591033</xmin>
      <ymin>437.4747473675272</ymin>
      <xmax>1818.0251490053909</xmax>
      <ymax>637.1058020550282</ymax>
    </bndbox>
    <attributes>
      <attribute>
        <name>keyframe</name>
        <value>True</value>
      </attribute>
      <attribute>
        <name>track_id</name>
        <value>205</value>
      </attribute>
    </attributes>
  </object>
  <object>
    <name>vehicule</name>
    <occluded>0</occluded>
    <bndbox>
      <xmin>1561.3424320858662</xmin>
      <ymin>322.331016099924</ymin>
      <xmax>1847.9148930233673</xmax>
      <ymax>462.3478160266818</ymax>
    </bndbox>
    <attributes>
      <attribute>
        <name>keyframe</name>
        <value>True</value>
      </attribute>
      <attribute>
        <name>track_id</name>
        <value>210</value>
      </attribute>
    </attributes>
  </object>
  <object>
    <name>vehicule</name>
    <occluded>0</occluded>
    <bndbox>
      <xmin>1866.9305791440217</xmin>
      <ymin>375.6518915591036</ymin>
      <xmax>2084.1989130434786</xmax>
      <ymax>566.5558763586956</ymax>
    </bndbox>
    <attributes>
      <attribute>
        <name>keyframe</name>
        <value>True</value>
      </attribute>
      <attribute>
        <name>track_id</name>
        <value>214</value>
      </attribute>
    </attributes>
  </object>
  <object>
    <name>vehicule</name>
    <occluded>0</occluded>
    <bndbox>
      <xmin>2170.693359375</xmin>
      <ymin>787.8291015625</ymin>
      <xmax>2456.0</xmax>
      <ymax>1044.59375</ymax>
    </bndbox>
    <attributes>
      <attribute>
        <name>keyframe</name>
        <value>True</value>
      </attribute>
      <attribute>
        <name>track_id</name>
        <value>215</value>
      </attribute>
    </attributes>
  </object>
  <object>
    <name>vehicule</name>
    <occluded>0</occluded>
    <bndbox>
      <xmin>1814.8009033203125</xmin>
      <ymin>780.3237304687507</ymin>
      <xmax>2165.2013870239252</xmax>
      <ymax>1017.725632858276</ymax>
    </bndbox>
    <attributes>
      <attribute>
        <name>keyframe</name>
        <value>True</value>
      </attribute>
      <attribute>
        <name>track_id</name>
        <value>224</value>
      </attribute>
    </attributes>
  </object>
  <object>
    <name>vehicule</name>
    <occluded>0</occluded>
    <bndbox>
      <xmin>199.75697544642884</xmin>
      <ymin>0.0</ymin>
      <xmax>431.2748317173547</xmax>
      <ymax>84.94971749441955</ymax>
    </bndbox>
    <attributes>
      <attribute>
        <name>keyframe</name>
        <value>True</value>
      </attribute>
      <attribute>
        <name>track_id</name>
        <value>227</value>
      </attribute>
    </attributes>
  </object>
  <object>
    <name>vehicule</name>
    <occluded>0</occluded>
    <bndbox>
      <xmin>76.91099330357142</xmin>
      <ymin>26.0126953125</ymin>
      <xmax>312.74762834821536</xmax>
      <ymax>174.16901419503404</ymax>
    </bndbox>
    <attributes>
      <attribute>
        <name>keyframe</name>
        <value>True</value>
      </attribute>
      <attribute>
        <name>track_id</name>
        <value>228</value>
      </attribute>
    </attributes>
  </object>
  <object>
    <name>vehicule</name>
    <occluded>0</occluded>
    <bndbox>
      <xmin>383.3059430803571</xmin>
      <ymin>58.979073660714285</ymin>
      <xmax>708.0938337053578</xmax>
      <ymax>188.65079607282365</ymax>
    </bndbox>
    <attributes>
      <attribute>
        <name>keyframe</name>
        <value>True</value>
      </attribute>
      <attribute>
        <name>track_id</name>
        <value>229</value>
      </attribute>
    </attributes>
  </object>
  <object>
    <name>vehicule</name>
    <occluded>0</occluded>
    <bndbox>
      <xmin>816.8785714285723</xmin>
      <ymin>424.6571428571432</ymin>
      <xmax>1849.595467703683</xmax>
      <ymax>1095.2409253801618</ymax>
    </bndbox>
    <attributes>
      <attribute>
        <name>keyframe</name>
        <value>True</value>
      </attribute>
      <attribute>
        <name>track_id</name>
        <value>230</value>
      </attribute>
    </attributes>
  </object>
  <object>
    <name>vehicule</name>
    <occluded>0</occluded>
    <bndbox>
      <xmin>1877.9888237847222</xmin>
      <ymin>286.8310546875</ymin>
      <xmax>2137.912651909722</xmax>
      <ymax>421.68027343750146</ymax>
    </bndbox>
    <attributes>
      <attribute>
        <name>keyframe</name>
        <value>True</value>
      </attribute>
      <attribute>
        <name>track_id</name>
        <value>231</value>
      </attribute>
    </attributes>
  </object>
  <object>
    <name>vehicule</name>
    <occluded>0</occluded>
    <bndbox>
      <xmin>872.8175048828125</xmin>
      <ymin>140.58750000000055</ymin>
      <xmax>1215.6714111328129</xmax>
      <ymax>306.2696294784546</ymax>
    </bndbox>
    <attributes>
      <attribute>
        <name>keyframe</name>
        <value>True</value>
      </attribute>
      <attribute>
        <name>track_id</name>
        <value>232</value>
      </attribute>
    </attributes>
  </object>
  <object>
    <name>vehicule</name>
    <occluded>0</occluded>
    <bndbox>
      <xmin>1527.9493408203125</xmin>
      <ymin>185.6533203125</ymin>
      <xmax>1847.5155517578114</xmax>
      <ymax>338.700692749022</ymax>
    </bndbox>
    <attributes>
      <attribute>
        <name>keyframe</name>
        <value>True</value>
      </attribute>
      <attribute>
        <name>track_id</name>
        <value>233</value>
      </attribute>
    </attributes>
  </object>
  <object>
    <name>vehicule</name>
    <occluded>0</occluded>
    <bndbox>
      <xmin>1128.9296875</xmin>
      <ymin>104.9906005859375</ymin>
      <xmax>1399.5338096618652</xmax>
      <ymax>224.2655792236328</ymax>
    </bndbox>
    <attributes>
      <attribute>
        <name>keyframe</name>
        <value>True</value>
      </attribute>
      <attribute>
        <name>track_id</name>
        <value>234</value>
      </attribute>
    </attributes>
  </object>
  <object>
    <name>vehicule</name>
    <occluded>0</occluded>
    <bndbox>
      <xmin>423.87272727272847</xmin>
      <ymin>384.6454545454551</ymin>
      <xmax>805.824862393466</xmax>
      <ymax>590.4992453835227</ymax>
    </bndbox>
    <attributes>
      <attribute>
        <name>keyframe</name>
        <value>True</value>
      </attribute>
      <attribute>
        <name>track_id</name>
        <value>235</value>
      </attribute>
    </attributes>
  </object>
  <object>
    <name>vehicule</name>
    <occluded>0</occluded>
    <bndbox>
      <xmin>292.3031250000002</xmin>
      <ymin>234.22897727272738</ymin>
      <xmax>621.4549468994135</xmax>
      <ymax>418.3891854026098</ymax>
    </bndbox>
    <attributes>
      <attribute>
        <name>keyframe</name>
        <value>True</value>
      </attribute>
      <attribute>
        <name>track_id</name>
        <value>236</value>
      </attribute>
    </attributes>
  </object>
  <object>
    <name>vehicule</name>
    <occluded>0</occluded>
    <bndbox>
      <xmin>666.4857954545455</xmin>
      <ymin>1571.2875532670455</ymin>
      <xmax>976.487618741123</xmax>
      <ymax>1783.9491591020064</ymax>
    </bndbox>
    <attributes>
      <attribute>
        <name>keyframe</name>
        <value>True</value>
      </attribute>
      <attribute>
        <name>track_id</name>
        <value>237</value>
      </attribute>
    </attributes>
  </object>
  <object>
    <name>vehicule</name>
    <occluded>0</occluded>
    <bndbox>
      <xmin>58.37500000000091</xmin>
      <ymin>354.2473144531257</ymin>
      <xmax>365.41162109375</xmax>
      <ymax>552.009765625</ymax>
    </bndbox>
    <attributes>
      <attribute>
        <name>keyframe</name>
        <value>True</value>
      </attribute>
      <attribute>
        <name>track_id</name>
        <value>238</value>
      </attribute>
    </attributes>
  </object>
  <object>
    <name>vehicule</name>
    <occluded>0</occluded>
    <bndbox>
      <xmin>1675.5777064732142</xmin>
      <ymin>112.32979910714286</ymin>
      <xmax>1979.2958705357146</xmax>
      <ymax>247.1883806501116</ymax>
    </bndbox>
    <attributes>
      <attribute>
        <name>keyframe</name>
        <value>True</value>
      </attribute>
      <attribute>
        <name>track_id</name>
        <value>239</value>
      </attribute>
    </attributes>
  </object>
  <object>
    <name>vehicule</name>
    <occluded>0</occluded>
    <bndbox>
      <xmin>2118.3137555803573</xmin>
      <ymin>261.2671595982143</ymin>
      <xmax>2373.0100446428573</xmax>
      <ymax>385.7520076206752</ymax>
    </bndbox>
    <attributes>
      <attribute>
        <name>keyframe</name>
        <value>True</value>
      </attribute>
      <attribute>
        <name>track_id</name>
        <value>240</value>
      </attribute>
    </attributes>
  </object>
</annotation>
