<annotation>
  <folder>frame</folder>
  <filename>frame_001058.jpg</filename>
  <source>
    <database>Unknown</database>
    <annotation>Unknown</annotation>
    <image>Unknown</image>
  </source>
  <size>
    <width>2456</width>
    <height>2054</height>
    <depth>3</depth>
  </size>
  <segmented>0</segmented>
  <object>
    <name>vehicule</name>
    <occluded>0</occluded>
    <bndbox>
      <xmin>2234.2060546875</xmin>
      <ymin>824.71484375</ymin>
      <xmax>2456.0</xmax>
      <ymax>1109.4695037841793</ymax>
    </bndbox>
    <attributes>
      <attribute>
        <name>keyframe</name>
        <value>True</value>
      </attribute>
      <attribute>
        <name>track_id</name>
        <value>167</value>
      </attribute>
    </attributes>
  </object>
  <object>
    <name>vehicule</name>
    <occluded>0</occluded>
    <bndbox>
      <xmin>338.95703125</xmin>
      <ymin>52.4244140625</ymin>
      <xmax>639.7550781250011</xmax>
      <ymax>217.84451904296876</ymax>
    </bndbox>
    <attributes>
      <attribute>
        <name>keyframe</name>
        <value>True</value>
      </attribute>
      <attribute>
        <name>track_id</name>
        <value>168</value>
      </attribute>
    </attributes>
  </object>
  <object>
    <name>vehicule</name>
    <occluded>0</occluded>
    <bndbox>
      <xmin>1731.2909895833343</xmin>
      <ymin>279.51333333333423</ymin>
      <xmax>1895.5372782389322</xmax>
      <ymax>472.6937672932943</ymax>
    </bndbox>
    <attributes>
      <attribute>
        <name>keyframe</name>
        <value>True</value>
      </attribute>
      <attribute>
        <name>track_id</name>
        <value>169</value>
      </attribute>
    </attributes>
  </object>
  <object>
    <name>vehicule</name>
    <occluded>0</occluded>
    <bndbox>
      <xmin>1708.8117838541666</xmin>
      <ymin>106.50377604166665</ymin>
      <xmax>1848.8572397867838</xmax>
      <ymax>271.9624399820963</ymax>
    </bndbox>
    <attributes>
      <attribute>
        <name>keyframe</name>
        <value>True</value>
      </attribute>
      <attribute>
        <name>track_id</name>
        <value>170</value>
      </attribute>
    </attributes>
  </object>
</annotation>
