<annotation>
  <folder>frame</folder>
  <filename>frame_000386.jpg</filename>
  <source>
    <database>Unknown</database>
    <annotation>Unknown</annotation>
    <image>Unknown</image>
  </source>
  <size>
    <width>2456</width>
    <height>2054</height>
    <depth>3</depth>
  </size>
  <segmented>0</segmented>
  <object>
    <name>vehicule</name>
    <occluded>0</occluded>
    <bndbox>
      <xmin>1398.7945902122642</xmin>
      <ymin>372.7596550707547</ymin>
      <xmax>1706.1178323997642</xmax>
      <ymax>581.2650871996609</ymax>
    </bndbox>
    <attributes>
      <attribute>
        <name>keyframe</name>
        <value>True</value>
      </attribute>
      <attribute>
        <name>track_id</name>
        <value>3</value>
      </attribute>
    </attributes>
  </object>
  <object>
    <name>vehicule</name>
    <occluded>0</occluded>
    <bndbox>
      <xmin>976.3998781028369</xmin>
      <ymin>258.51250138519504</ymin>
      <xmax>1285.9991953383696</xmax>
      <ymax>480.6862818098938</ymax>
    </bndbox>
    <attributes>
      <attribute>
        <name>keyframe</name>
        <value>True</value>
      </attribute>
      <attribute>
        <name>track_id</name>
        <value>4</value>
      </attribute>
    </attributes>
  </object>
  <object>
    <name>vehicule</name>
    <occluded>0</occluded>
    <bndbox>
      <xmin>1400.2509712837839</xmin>
      <ymin>292.5694066722975</ymin>
      <xmax>1665.570039062501</xmax>
      <ymax>448.01704155999244</ymax>
    </bndbox>
    <attributes>
      <attribute>
        <name>keyframe</name>
        <value>True</value>
      </attribute>
      <attribute>
        <name>track_id</name>
        <value>11</value>
      </attribute>
    </attributes>
  </object>
  <object>
    <name>vehicule</name>
    <occluded>0</occluded>
    <bndbox>
      <xmin>1611.392578125</xmin>
      <ymin>354.3818359375</ymin>
      <xmax>1860.9853515625</xmax>
      <ymax>533.3014526367188</ymax>
    </bndbox>
    <attributes>
      <attribute>
        <name>keyframe</name>
        <value>True</value>
      </attribute>
      <attribute>
        <name>track_id</name>
        <value>29</value>
      </attribute>
    </attributes>
  </object>
  <object>
    <name>vehicule</name>
    <occluded>0</occluded>
    <bndbox>
      <xmin>1161.3073876096491</xmin>
      <ymin>249.765263157895</ymin>
      <xmax>1471.52105263158</xmax>
      <ymax>415.05840464809484</ymax>
    </bndbox>
    <attributes>
      <attribute>
        <name>keyframe</name>
        <value>True</value>
      </attribute>
      <attribute>
        <name>track_id</name>
        <value>37</value>
      </attribute>
    </attributes>
  </object>
  <object>
    <name>vehicule</name>
    <occluded>0</occluded>
    <bndbox>
      <xmin>1828.2964311079545</xmin>
      <ymin>302.9055752840914</ymin>
      <xmax>2087.1079545454545</xmax>
      <ymax>448.67676363858214</ymax>
    </bndbox>
    <attributes>
      <attribute>
        <name>keyframe</name>
        <value>True</value>
      </attribute>
      <attribute>
        <name>track_id</name>
        <value>41</value>
      </attribute>
    </attributes>
  </object>
  <object>
    <name>vehicule</name>
    <occluded>0</occluded>
    <bndbox>
      <xmin>1627.351698850236</xmin>
      <ymin>413.83376326650944</ymin>
      <xmax>1927.4275760126243</xmax>
      <ymax>624.7079405997962</ymax>
    </bndbox>
    <attributes>
      <attribute>
        <name>keyframe</name>
        <value>True</value>
      </attribute>
      <attribute>
        <name>track_id</name>
        <value>58</value>
      </attribute>
    </attributes>
  </object>
  <object>
    <name>vehicule</name>
    <occluded>0</occluded>
    <bndbox>
      <xmin>434.291015625</xmin>
      <ymin>45.963671875</ymin>
      <xmax>790.6261718750011</xmax>
      <ymax>211.92633666992077</ymax>
    </bndbox>
    <attributes>
      <attribute>
        <name>keyframe</name>
        <value>True</value>
      </attribute>
      <attribute>
        <name>track_id</name>
        <value>81</value>
      </attribute>
    </attributes>
  </object>
  <object>
    <name>vehicule</name>
    <occluded>0</occluded>
    <bndbox>
      <xmin>1779.76025390625</xmin>
      <ymin>763.2556803385419</ymin>
      <xmax>2226.091171264648</xmax>
      <ymax>1003.6556332906081</ymax>
    </bndbox>
    <attributes>
      <attribute>
        <name>keyframe</name>
        <value>True</value>
      </attribute>
      <attribute>
        <name>track_id</name>
        <value>83</value>
      </attribute>
    </attributes>
  </object>
  <object>
    <name>vehicule</name>
    <occluded>0</occluded>
    <bndbox>
      <xmin>1944.6250000000007</xmin>
      <ymin>1011.3000000000006</ymin>
      <xmax>2384.984817504883</xmax>
      <ymax>1290.1596069335938</ymax>
    </bndbox>
    <attributes>
      <attribute>
        <name>keyframe</name>
        <value>True</value>
      </attribute>
      <attribute>
        <name>track_id</name>
        <value>85</value>
      </attribute>
    </attributes>
  </object>
  <object>
    <name>vehicule</name>
    <occluded>0</occluded>
    <bndbox>
      <xmin>1221.800000000001</xmin>
      <ymin>624.8500000000004</ymin>
      <xmax>1596.8079376220703</xmax>
      <ymax>856.9468002319336</ymax>
    </bndbox>
    <attributes>
      <attribute>
        <name>keyframe</name>
        <value>True</value>
      </attribute>
      <attribute>
        <name>track_id</name>
        <value>86</value>
      </attribute>
    </attributes>
  </object>
  <object>
    <name>vehicule</name>
    <occluded>0</occluded>
    <bndbox>
      <xmin>1088.5836181640625</xmin>
      <ymin>121.90625</ymin>
      <xmax>1370.2006103515614</xmax>
      <ymax>259.2245910644524</ymax>
    </bndbox>
    <attributes>
      <attribute>
        <name>keyframe</name>
        <value>True</value>
      </attribute>
      <attribute>
        <name>track_id</name>
        <value>87</value>
      </attribute>
    </attributes>
  </object>
  <object>
    <name>vehicule</name>
    <occluded>0</occluded>
    <bndbox>
      <xmin>1442.9010009765625</xmin>
      <ymin>100.571533203125</ymin>
      <xmax>1726.331274414064</xmax>
      <ymax>240.1847152709961</ymax>
    </bndbox>
    <attributes>
      <attribute>
        <name>keyframe</name>
        <value>True</value>
      </attribute>
      <attribute>
        <name>track_id</name>
        <value>88</value>
      </attribute>
    </attributes>
  </object>
  <object>
    <name>vehicule</name>
    <occluded>0</occluded>
    <bndbox>
      <xmin>2043.6891571969697</xmin>
      <ymin>320.1137547348485</ymin>
      <xmax>2272.0358368844695</xmax>
      <ymax>475.71981857762194</ymax>
    </bndbox>
    <attributes>
      <attribute>
        <name>keyframe</name>
        <value>True</value>
      </attribute>
      <attribute>
        <name>track_id</name>
        <value>89</value>
      </attribute>
    </attributes>
  </object>
  <object>
    <name>vehicule</name>
    <occluded>0</occluded>
    <bndbox>
      <xmin>562.3924218750002</xmin>
      <ymin>661.9600000000007</ymin>
      <xmax>854.3379803466808</xmax>
      <ymax>940.0654846191406</ymax>
    </bndbox>
    <attributes>
      <attribute>
        <name>keyframe</name>
        <value>True</value>
      </attribute>
      <attribute>
        <name>track_id</name>
        <value>90</value>
      </attribute>
    </attributes>
  </object>
  <object>
    <name>vehicule</name>
    <occluded>0</occluded>
    <bndbox>
      <xmin>602.84091796875</xmin>
      <ymin>412.96416015625</ymin>
      <xmax>938.941937255859</xmax>
      <ymax>602.8313201904286</ymax>
    </bndbox>
    <attributes>
      <attribute>
        <name>keyframe</name>
        <value>True</value>
      </attribute>
      <attribute>
        <name>track_id</name>
        <value>91</value>
      </attribute>
    </attributes>
  </object>
  <object>
    <name>vehicule</name>
    <occluded>0</occluded>
    <bndbox>
      <xmin>1658.5718994140625</xmin>
      <ymin>179.0347900390625</ymin>
      <xmax>1923.3153564453135</xmax>
      <ymax>301.5025177001953</ymax>
    </bndbox>
    <attributes>
      <attribute>
        <name>keyframe</name>
        <value>True</value>
      </attribute>
      <attribute>
        <name>track_id</name>
        <value>92</value>
      </attribute>
    </attributes>
  </object>
  <object>
    <name>vehicule</name>
    <occluded>0</occluded>
    <bndbox>
      <xmin>312.5384615384624</xmin>
      <ymin>417.4976712740396</ymin>
      <xmax>627.6177262526292</xmax>
      <ymax>630.1611868051382</ymax>
    </bndbox>
    <attributes>
      <attribute>
        <name>keyframe</name>
        <value>True</value>
      </attribute>
      <attribute>
        <name>track_id</name>
        <value>93</value>
      </attribute>
    </attributes>
  </object>
  <object>
    <name>vehicule</name>
    <occluded>0</occluded>
    <bndbox>
      <xmin>57.3115234375</xmin>
      <ymin>242.9580078125</ymin>
      <xmax>271.2698669433594</xmax>
      <ymax>428.82080078125</ymax>
    </bndbox>
    <attributes>
      <attribute>
        <name>keyframe</name>
        <value>True</value>
      </attribute>
      <attribute>
        <name>track_id</name>
        <value>94</value>
      </attribute>
    </attributes>
  </object>
  <object>
    <name>vehicule</name>
    <occluded>0</occluded>
    <bndbox>
      <xmin>1589.0151079963234</xmin>
      <ymin>251.27791819852942</ymin>
      <xmax>1884.85188778148</xmax>
      <ymax>362.6378214219037</ymax>
    </bndbox>
    <attributes>
      <attribute>
        <name>keyframe</name>
        <value>True</value>
      </attribute>
      <attribute>
        <name>track_id</name>
        <value>99</value>
      </attribute>
    </attributes>
  </object>
  <object>
    <name>vehicule</name>
    <occluded>0</occluded>
    <bndbox>
      <xmin>1133.4898614164572</xmin>
      <ymin>334.9614321608042</ymin>
      <xmax>1417.0504082914572</xmax>
      <ymax>527.8342745680293</ymax>
    </bndbox>
    <attributes>
      <attribute>
        <name>keyframe</name>
        <value>True</value>
      </attribute>
      <attribute>
        <name>track_id</name>
        <value>416</value>
      </attribute>
    </attributes>
  </object>
</annotation>
