<annotation>
  <folder>frame</folder>
  <filename>frame_001570.jpg</filename>
  <source>
    <database>Unknown</database>
    <annotation>Unknown</annotation>
    <image>Unknown</image>
  </source>
  <size>
    <width>2456</width>
    <height>2054</height>
    <depth>3</depth>
  </size>
  <segmented>0</segmented>
  <object>
    <name>vehicule</name>
    <occluded>0</occluded>
    <bndbox>
      <xmin>1056.5144594254032</xmin>
      <ymin>296.2542939671216</ymin>
      <xmax>1353.399029737904</xmax>
      <ymax>490.6849641331369</ymax>
    </bndbox>
    <attributes>
      <attribute>
        <name>keyframe</name>
        <value>True</value>
      </attribute>
      <attribute>
        <name>track_id</name>
        <value>192</value>
      </attribute>
    </attributes>
  </object>
  <object>
    <name>vehicule</name>
    <occluded>0</occluded>
    <bndbox>
      <xmin>1255.8328718991625</xmin>
      <ymin>379.559932748067</ymin>
      <xmax>1534.7115828366632</xmax>
      <ymax>550.6495781338092</ymax>
    </bndbox>
    <attributes>
      <attribute>
        <name>keyframe</name>
        <value>True</value>
      </attribute>
      <attribute>
        <name>track_id</name>
        <value>199</value>
      </attribute>
    </attributes>
  </object>
  <object>
    <name>vehicule</name>
    <occluded>0</occluded>
    <bndbox>
      <xmin>1543.0442106827445</xmin>
      <ymin>440.4628233978714</ymin>
      <xmax>1801.092468129032</xmax>
      <ymax>640.0938780853725</ymax>
    </bndbox>
    <attributes>
      <attribute>
        <name>keyframe</name>
        <value>True</value>
      </attribute>
      <attribute>
        <name>track_id</name>
        <value>205</value>
      </attribute>
    </attributes>
  </object>
  <object>
    <name>vehicule</name>
    <occluded>0</occluded>
    <bndbox>
      <xmin>1552.9866130794073</xmin>
      <ymin>327.3444445763678</ymin>
      <xmax>1839.5590740169084</xmax>
      <ymax>467.3612445031256</ymax>
    </bndbox>
    <attributes>
      <attribute>
        <name>keyframe</name>
        <value>True</value>
      </attribute>
      <attribute>
        <name>track_id</name>
        <value>210</value>
      </attribute>
    </attributes>
  </object>
  <object>
    <name>vehicule</name>
    <occluded>0</occluded>
    <bndbox>
      <xmin>1841.0336701766305</xmin>
      <ymin>416.5016325577453</ymin>
      <xmax>2035.385144927537</xmax>
      <ymax>616.3573935688406</ymax>
    </bndbox>
    <attributes>
      <attribute>
        <name>keyframe</name>
        <value>True</value>
      </attribute>
      <attribute>
        <name>track_id</name>
        <value>214</value>
      </attribute>
    </attributes>
  </object>
  <object>
    <name>vehicule</name>
    <occluded>0</occluded>
    <bndbox>
      <xmin>1830.5063576211735</xmin>
      <ymin>314.102488839286</ymin>
      <xmax>2075.164524872449</xmax>
      <ymax>456.5696387341566</ymax>
    </bndbox>
    <attributes>
      <attribute>
        <name>keyframe</name>
        <value>True</value>
      </attribute>
      <attribute>
        <name>track_id</name>
        <value>231</value>
      </attribute>
    </attributes>
  </object>
  <object>
    <name>vehicule</name>
    <occluded>0</occluded>
    <bndbox>
      <xmin>2263.3642578125</xmin>
      <ymin>959.955078125</ymin>
      <xmax>2456.0</xmax>
      <ymax>1206.6000000000004</ymax>
    </bndbox>
    <attributes>
      <attribute>
        <name>keyframe</name>
        <value>True</value>
      </attribute>
      <attribute>
        <name>track_id</name>
        <value>241</value>
      </attribute>
    </attributes>
  </object>
  <object>
    <name>vehicule</name>
    <occluded>0</occluded>
    <bndbox>
      <xmin>1394.5042014898256</xmin>
      <ymin>259.2993050508721</ymin>
      <xmax>1667.112984448809</xmax>
      <ymax>386.34641808798</ymax>
    </bndbox>
    <attributes>
      <attribute>
        <name>keyframe</name>
        <value>True</value>
      </attribute>
      <attribute>
        <name>track_id</name>
        <value>248</value>
      </attribute>
    </attributes>
  </object>
  <object>
    <name>vehicule</name>
    <occluded>0</occluded>
    <bndbox>
      <xmin>332.964111328125</xmin>
      <ymin>0.0</ymin>
      <xmax>813.0613769531246</xmax>
      <ymax>198.655029296875</ymax>
    </bndbox>
    <attributes>
      <attribute>
        <name>keyframe</name>
        <value>True</value>
      </attribute>
      <attribute>
        <name>track_id</name>
        <value>250</value>
      </attribute>
    </attributes>
  </object>
  <object>
    <name>vehicule</name>
    <occluded>0</occluded>
    <bndbox>
      <xmin>1496.0869140625</xmin>
      <ymin>717.6498480902778</ymin>
      <xmax>1965.2764221191392</xmax>
      <ymax>1013.2812811957451</ymax>
    </bndbox>
    <attributes>
      <attribute>
        <name>keyframe</name>
        <value>True</value>
      </attribute>
      <attribute>
        <name>track_id</name>
        <value>251</value>
      </attribute>
    </attributes>
  </object>
  <object>
    <name>vehicule</name>
    <occluded>0</occluded>
    <bndbox>
      <xmin>696.6797762784091</xmin>
      <ymin>145.96392045454576</ymin>
      <xmax>1039.57840909091</xmax>
      <ymax>289.31015125621474</ymax>
    </bndbox>
    <attributes>
      <attribute>
        <name>keyframe</name>
        <value>True</value>
      </attribute>
      <attribute>
        <name>track_id</name>
        <value>252</value>
      </attribute>
    </attributes>
  </object>
  <object>
    <name>vehicule</name>
    <occluded>0</occluded>
    <bndbox>
      <xmin>1257.8350458559783</xmin>
      <ymin>90.40544327445653</ymin>
      <xmax>1559.408313519022</xmax>
      <ymax>228.63572958241244</ymax>
    </bndbox>
    <attributes>
      <attribute>
        <name>keyframe</name>
        <value>True</value>
      </attribute>
      <attribute>
        <name>track_id</name>
        <value>253</value>
      </attribute>
    </attributes>
  </object>
  <object>
    <name>vehicule</name>
    <occluded>0</occluded>
    <bndbox>
      <xmin>1105.1869565217391</xmin>
      <ymin>167.52161175271738</ymin>
      <xmax>1441.2910580842388</xmax>
      <ymax>315.3473716404127</ymax>
    </bndbox>
    <attributes>
      <attribute>
        <name>keyframe</name>
        <value>True</value>
      </attribute>
      <attribute>
        <name>track_id</name>
        <value>254</value>
      </attribute>
    </attributes>
  </object>
  <object>
    <name>vehicule</name>
    <occluded>0</occluded>
    <bndbox>
      <xmin>1163.7666666666669</xmin>
      <ymin>537.3333333333347</ymin>
      <xmax>1606.7530561174665</xmax>
      <ymax>763.8127158028739</ymax>
    </bndbox>
    <attributes>
      <attribute>
        <name>keyframe</name>
        <value>True</value>
      </attribute>
      <attribute>
        <name>track_id</name>
        <value>255</value>
      </attribute>
    </attributes>
  </object>
  <object>
    <name>vehicule</name>
    <occluded>0</occluded>
    <bndbox>
      <xmin>1278.9311079545455</xmin>
      <ymin>857.6774147727275</ymin>
      <xmax>1742.5920445826143</xmax>
      <ymax>1113.4660286643286</ymax>
    </bndbox>
    <attributes>
      <attribute>
        <name>keyframe</name>
        <value>True</value>
      </attribute>
      <attribute>
        <name>track_id</name>
        <value>256</value>
      </attribute>
    </attributes>
  </object>
  <object>
    <name>vehicule</name>
    <occluded>0</occluded>
    <bndbox>
      <xmin>917.7558169157609</xmin>
      <ymin>75.05978260869566</ymin>
      <xmax>1057.8012728483782</xmax>
      <ymax>183.98402272100034</ymax>
    </bndbox>
    <attributes>
      <attribute>
        <name>keyframe</name>
        <value>True</value>
      </attribute>
      <attribute>
        <name>track_id</name>
        <value>257</value>
      </attribute>
    </attributes>
  </object>
  <object>
    <name>vehicule</name>
    <occluded>0</occluded>
    <bndbox>
      <xmin>1735.116890285326</xmin>
      <ymin>126.36480978260869</ymin>
      <xmax>2073.2996587338644</xmax>
      <ymax>279.5725469174599</ymax>
    </bndbox>
    <attributes>
      <attribute>
        <name>keyframe</name>
        <value>True</value>
      </attribute>
      <attribute>
        <name>track_id</name>
        <value>258</value>
      </attribute>
    </attributes>
  </object>
  <object>
    <name>vehicule</name>
    <occluded>0</occluded>
    <bndbox>
      <xmin>448.3000000000011</xmin>
      <ymin>474.3359375000003</ymin>
      <xmax>833.5267709585337</xmax>
      <ymax>711.2027160644525</ymax>
    </bndbox>
    <attributes>
      <attribute>
        <name>keyframe</name>
        <value>True</value>
      </attribute>
      <attribute>
        <name>track_id</name>
        <value>259</value>
      </attribute>
    </attributes>
  </object>
  <object>
    <name>vehicule</name>
    <occluded>0</occluded>
    <bndbox>
      <xmin>2017.283203125</xmin>
      <ymin>221.91080729166666</ymin>
      <xmax>2242.876043701172</xmax>
      <ymax>368.03945007324245</ymax>
    </bndbox>
    <attributes>
      <attribute>
        <name>keyframe</name>
        <value>True</value>
      </attribute>
      <attribute>
        <name>track_id</name>
        <value>260</value>
      </attribute>
    </attributes>
  </object>
</annotation>
