<annotation>
  <folder>frame</folder>
  <filename>frame_002485.jpg</filename>
  <source>
    <database>Unknown</database>
    <annotation>Unknown</annotation>
    <image>Unknown</image>
  </source>
  <size>
    <width>2456</width>
    <height>2054</height>
    <depth>3</depth>
  </size>
  <segmented>0</segmented>
  <object>
    <name>vehicule</name>
    <occluded>0</occluded>
    <bndbox>
      <xmin>1639.7857142857156</xmin>
      <ymin>624.7571428571433</ymin>
      <xmax>1996.0053492954798</xmax>
      <ymax>856.7802233014788</ymax>
    </bndbox>
    <attributes>
      <attribute>
        <name>keyframe</name>
        <value>True</value>
      </attribute>
      <attribute>
        <name>track_id</name>
        <value>352</value>
      </attribute>
    </attributes>
  </object>
  <object>
    <name>vehicule</name>
    <occluded>0</occluded>
    <bndbox>
      <xmin>1491.5857142857146</xmin>
      <ymin>712.2000000000013</ymin>
      <xmax>1941.3961138044085</xmax>
      <ymax>1013.5706743512835</ymax>
    </bndbox>
    <attributes>
      <attribute>
        <name>keyframe</name>
        <value>True</value>
      </attribute>
      <attribute>
        <name>track_id</name>
        <value>353</value>
      </attribute>
    </attributes>
  </object>
  <object>
    <name>vehicule</name>
    <occluded>0</occluded>
    <bndbox>
      <xmin>822.1046875000001</xmin>
      <ymin>352.9773437500002</ymin>
      <xmax>1167.885307965959</xmax>
      <ymax>547.5668801443915</ymax>
    </bndbox>
    <attributes>
      <attribute>
        <name>keyframe</name>
        <value>True</value>
      </attribute>
      <attribute>
        <name>track_id</name>
        <value>354</value>
      </attribute>
    </attributes>
  </object>
  <object>
    <name>vehicule</name>
    <occluded>0</occluded>
    <bndbox>
      <xmin>924.7228236607152</xmin>
      <ymin>519.090066964287</ymin>
      <xmax>1307.4145228794641</xmax>
      <ymax>744.1501957484652</ymax>
    </bndbox>
    <attributes>
      <attribute>
        <name>keyframe</name>
        <value>True</value>
      </attribute>
      <attribute>
        <name>track_id</name>
        <value>355</value>
      </attribute>
    </attributes>
  </object>
  <object>
    <name>vehicule</name>
    <occluded>0</occluded>
    <bndbox>
      <xmin>1748.815708705357</xmin>
      <ymin>267.47628348214283</ymin>
      <xmax>2036.560825892857</xmax>
      <ymax>444.86718314034596</ymax>
    </bndbox>
    <attributes>
      <attribute>
        <name>keyframe</name>
        <value>True</value>
      </attribute>
      <attribute>
        <name>track_id</name>
        <value>356</value>
      </attribute>
    </attributes>
  </object>
  <object>
    <name>vehicule</name>
    <occluded>0</occluded>
    <bndbox>
      <xmin>2045.7451171875</xmin>
      <ymin>234.2548828125</ymin>
      <xmax>2375.126953125</xmax>
      <ymax>366.52003479003906</ymax>
    </bndbox>
    <attributes>
      <attribute>
        <name>keyframe</name>
        <value>True</value>
      </attribute>
      <attribute>
        <name>track_id</name>
        <value>357</value>
      </attribute>
    </attributes>
  </object>
  <object>
    <name>vehicule</name>
    <occluded>0</occluded>
    <bndbox>
      <xmin>12.420000000000437</xmin>
      <ymin>333.52875000000023</ymin>
      <xmax>382.5287780761719</xmax>
      <ymax>547.211947631836</ymax>
    </bndbox>
    <attributes>
      <attribute>
        <name>keyframe</name>
        <value>True</value>
      </attribute>
      <attribute>
        <name>track_id</name>
        <value>358</value>
      </attribute>
    </attributes>
  </object>
  <object>
    <name>vehicule</name>
    <occluded>0</occluded>
    <bndbox>
      <xmin>34.41818181818185</xmin>
      <ymin>244.629012784091</ymin>
      <xmax>276.81128484552556</xmax>
      <ymax>382.5518521395597</ymax>
    </bndbox>
    <attributes>
      <attribute>
        <name>keyframe</name>
        <value>True</value>
      </attribute>
      <attribute>
        <name>track_id</name>
        <value>359</value>
      </attribute>
    </attributes>
  </object>
</annotation>
