<annotation>
  <folder>frame</folder>
  <filename>frame_002029.jpg</filename>
  <source>
    <database>Unknown</database>
    <annotation>Unknown</annotation>
    <image>Unknown</image>
  </source>
  <size>
    <width>2456</width>
    <height>2054</height>
    <depth>3</depth>
  </size>
  <segmented>0</segmented>
  <object>
    <name>vehicule</name>
    <occluded>0</occluded>
    <bndbox>
      <xmin>402.705078125</xmin>
      <ymin>607.806640625</ymin>
      <xmax>791.0697265625004</xmax>
      <ymax>894.1105133056626</ymax>
    </bndbox>
    <attributes>
      <attribute>
        <name>keyframe</name>
        <value>True</value>
      </attribute>
      <attribute>
        <name>track_id</name>
        <value>318</value>
      </attribute>
    </attributes>
  </object>
  <object>
    <name>vehicule</name>
    <occluded>0</occluded>
    <bndbox>
      <xmin>427.6162109375</xmin>
      <ymin>44.5234375</ymin>
      <xmax>732.5887878417961</xmax>
      <ymax>190.77890625000146</ymax>
    </bndbox>
    <attributes>
      <attribute>
        <name>keyframe</name>
        <value>True</value>
      </attribute>
      <attribute>
        <name>track_id</name>
        <value>319</value>
      </attribute>
    </attributes>
  </object>
  <object>
    <name>vehicule</name>
    <occluded>0</occluded>
    <bndbox>
      <xmin>1107.6044921875</xmin>
      <ymin>125.44482421875</ymin>
      <xmax>1405.6585937499985</xmax>
      <ymax>265.46036071777235</ymax>
    </bndbox>
    <attributes>
      <attribute>
        <name>keyframe</name>
        <value>True</value>
      </attribute>
      <attribute>
        <name>track_id</name>
        <value>321</value>
      </attribute>
    </attributes>
  </object>
  <object>
    <name>vehicule</name>
    <occluded>0</occluded>
    <bndbox>
      <xmin>1397.250697544643</xmin>
      <ymin>352.59397321428617</ymin>
      <xmax>1673.4962053571433</xmax>
      <ymax>545.5530979701444</ymax>
    </bndbox>
    <attributes>
      <attribute>
        <name>keyframe</name>
        <value>True</value>
      </attribute>
      <attribute>
        <name>track_id</name>
        <value>322</value>
      </attribute>
    </attributes>
  </object>
  <object>
    <name>vehicule</name>
    <occluded>0</occluded>
    <bndbox>
      <xmin>2145.50390625</xmin>
      <ymin>1566.3271484375</ymin>
      <xmax>2456.0</xmax>
      <ymax>1837.0816955566406</ymax>
    </bndbox>
    <attributes>
      <attribute>
        <name>keyframe</name>
        <value>True</value>
      </attribute>
      <attribute>
        <name>track_id</name>
        <value>323</value>
      </attribute>
    </attributes>
  </object>
  <object>
    <name>vehicule</name>
    <occluded>0</occluded>
    <bndbox>
      <xmin>1642.5837890625</xmin>
      <ymin>1333.573046875</ymin>
      <xmax>2210.2259216308585</xmax>
      <ymax>1604.2939758300774</ymax>
    </bndbox>
    <attributes>
      <attribute>
        <name>keyframe</name>
        <value>True</value>
      </attribute>
      <attribute>
        <name>track_id</name>
        <value>324</value>
      </attribute>
    </attributes>
  </object>
</annotation>
