<annotation>
  <folder>frame</folder>
  <filename>frame_001417.jpg</filename>
  <source>
    <database>Unknown</database>
    <annotation>Unknown</annotation>
    <image>Unknown</image>
  </source>
  <size>
    <width>2456</width>
    <height>2054</height>
    <depth>3</depth>
  </size>
  <segmented>0</segmented>
  <object>
    <name>vehicule</name>
    <occluded>0</occluded>
    <bndbox>
      <xmin>1077.191437752016</xmin>
      <ymin>297.23901791253104</ymin>
      <xmax>1374.0760080645168</xmax>
      <ymax>491.6696880785463</ymax>
    </bndbox>
    <attributes>
      <attribute>
        <name>keyframe</name>
        <value>True</value>
      </attribute>
      <attribute>
        <name>track_id</name>
        <value>192</value>
      </attribute>
    </attributes>
  </object>
  <object>
    <name>vehicule</name>
    <occluded>0</occluded>
    <bndbox>
      <xmin>1261.968860744201</xmin>
      <ymin>378.5371395779639</ymin>
      <xmax>1540.8475716817018</xmax>
      <ymax>549.6267849637061</ymax>
    </bndbox>
    <attributes>
      <attribute>
        <name>keyframe</name>
        <value>True</value>
      </attribute>
      <attribute>
        <name>track_id</name>
        <value>199</value>
      </attribute>
    </attributes>
  </object>
  <object>
    <name>vehicule</name>
    <occluded>0</occluded>
    <bndbox>
      <xmin>1567.4847783627717</xmin>
      <ymin>436.1498457314312</ymin>
      <xmax>1825.5330358090594</xmax>
      <ymax>635.7809004189322</ymax>
    </bndbox>
    <attributes>
      <attribute>
        <name>keyframe</name>
        <value>True</value>
      </attribute>
      <attribute>
        <name>track_id</name>
        <value>205</value>
      </attribute>
    </attributes>
  </object>
  <object>
    <name>vehicule</name>
    <occluded>0</occluded>
    <bndbox>
      <xmin>1565.0473707019378</xmin>
      <ymin>320.1080808320669</ymin>
      <xmax>1851.6198316394389</xmax>
      <ymax>460.1248807588247</ymax>
    </bndbox>
    <attributes>
      <attribute>
        <name>keyframe</name>
        <value>True</value>
      </attribute>
      <attribute>
        <name>track_id</name>
        <value>210</value>
      </attribute>
    </attributes>
  </object>
  <object>
    <name>vehicule</name>
    <occluded>0</occluded>
    <bndbox>
      <xmin>1878.4131708559783</xmin>
      <ymin>357.53927055027185</ymin>
      <xmax>2105.8427536231884</xmax>
      <ymax>544.474071557971</ymax>
    </bndbox>
    <attributes>
      <attribute>
        <name>keyframe</name>
        <value>True</value>
      </attribute>
      <attribute>
        <name>track_id</name>
        <value>214</value>
      </attribute>
    </attributes>
  </object>
  <object>
    <name>vehicule</name>
    <occluded>0</occluded>
    <bndbox>
      <xmin>1599.158713942308</xmin>
      <ymin>633.0411658653846</ymin>
      <xmax>1999.0363854041461</xmax>
      <ymax>832.7713846059946</ymax>
    </bndbox>
    <attributes>
      <attribute>
        <name>keyframe</name>
        <value>True</value>
      </attribute>
      <attribute>
        <name>track_id</name>
        <value>215</value>
      </attribute>
    </attributes>
  </object>
  <object>
    <name>vehicule</name>
    <occluded>0</occluded>
    <bndbox>
      <xmin>1584.492307692308</xmin>
      <ymin>733.9076923076925</ymin>
      <xmax>2040.1912184495193</xmax>
      <ymax>982.2715031550481</ymax>
    </bndbox>
    <attributes>
      <attribute>
        <name>keyframe</name>
        <value>True</value>
      </attribute>
      <attribute>
        <name>track_id</name>
        <value>217</value>
      </attribute>
    </attributes>
  </object>
  <object>
    <name>vehicule</name>
    <occluded>0</occluded>
    <bndbox>
      <xmin>147.044921875</xmin>
      <ymin>48.0185546875</ymin>
      <xmax>421.948974609375</xmax>
      <ymax>169.86888885498047</ymax>
    </bndbox>
    <attributes>
      <attribute>
        <name>keyframe</name>
        <value>True</value>
      </attribute>
      <attribute>
        <name>track_id</name>
        <value>219</value>
      </attribute>
    </attributes>
  </object>
  <object>
    <name>vehicule</name>
    <occluded>0</occluded>
    <bndbox>
      <xmin>369.5607421875</xmin>
      <ymin>91.7857421875</ymin>
      <xmax>700.2388671875003</xmax>
      <ymax>242.22508850097657</ymax>
    </bndbox>
    <attributes>
      <attribute>
        <name>keyframe</name>
        <value>True</value>
      </attribute>
      <attribute>
        <name>track_id</name>
        <value>220</value>
      </attribute>
    </attributes>
  </object>
  <object>
    <name>vehicule</name>
    <occluded>0</occluded>
    <bndbox>
      <xmin>938.5611328125</xmin>
      <ymin>88.7181640625</ymin>
      <xmax>1232.9363281250012</xmax>
      <ymax>216.2901824951172</ymax>
    </bndbox>
    <attributes>
      <attribute>
        <name>keyframe</name>
        <value>True</value>
      </attribute>
      <attribute>
        <name>track_id</name>
        <value>222</value>
      </attribute>
    </attributes>
  </object>
  <object>
    <name>vehicule</name>
    <occluded>0</occluded>
    <bndbox>
      <xmin>1421.3769230769242</xmin>
      <ymin>861.3153846153856</ymin>
      <xmax>1924.4248539851262</xmax>
      <ymax>1120.640389075646</ymax>
    </bndbox>
    <attributes>
      <attribute>
        <name>keyframe</name>
        <value>True</value>
      </attribute>
      <attribute>
        <name>track_id</name>
        <value>223</value>
      </attribute>
    </attributes>
  </object>
  <object>
    <name>vehicule</name>
    <occluded>0</occluded>
    <bndbox>
      <xmin>691.6846153846155</xmin>
      <ymin>400.60620492788496</ymin>
      <xmax>1044.451655461238</xmax>
      <ymax>622.9007474459135</ymax>
    </bndbox>
    <attributes>
      <attribute>
        <name>keyframe</name>
        <value>True</value>
      </attribute>
      <attribute>
        <name>track_id</name>
        <value>224</value>
      </attribute>
    </attributes>
  </object>
  <object>
    <name>vehicule</name>
    <occluded>0</occluded>
    <bndbox>
      <xmin>657.6000000000003</xmin>
      <ymin>576.6048377403847</ymin>
      <xmax>1063.8033588115986</xmax>
      <ymax>812.4201202392578</ymax>
    </bndbox>
    <attributes>
      <attribute>
        <name>keyframe</name>
        <value>True</value>
      </attribute>
      <attribute>
        <name>track_id</name>
        <value>225</value>
      </attribute>
    </attributes>
  </object>
  <object>
    <name>vehicule</name>
    <occluded>0</occluded>
    <bndbox>
      <xmin>991.7248046875</xmin>
      <ymin>165.978515625</ymin>
      <xmax>1320.6664062500008</xmax>
      <ymax>326.7714538574219</ymax>
    </bndbox>
    <attributes>
      <attribute>
        <name>keyframe</name>
        <value>True</value>
      </attribute>
      <attribute>
        <name>track_id</name>
        <value>226</value>
      </attribute>
    </attributes>
  </object>
  <object>
    <name>vehicule</name>
    <occluded>0</occluded>
    <bndbox>
      <xmin>1386.186328125</xmin>
      <ymin>101.13800781250029</ymin>
      <xmax>1701.3148828125006</xmax>
      <ymax>252.59705810546876</ymax>
    </bndbox>
    <attributes>
      <attribute>
        <name>keyframe</name>
        <value>True</value>
      </attribute>
      <attribute>
        <name>track_id</name>
        <value>227</value>
      </attribute>
    </attributes>
  </object>
  <object>
    <name>vehicule</name>
    <occluded>0</occluded>
    <bndbox>
      <xmin>1673.7991536458333</xmin>
      <ymin>171.65403645833334</ymin>
      <xmax>1971.0533333333335</xmax>
      <ymax>311.72911478678384</ymax>
    </bndbox>
    <attributes>
      <attribute>
        <name>keyframe</name>
        <value>True</value>
      </attribute>
      <attribute>
        <name>track_id</name>
        <value>228</value>
      </attribute>
    </attributes>
  </object>
  <object>
    <name>vehicule</name>
    <occluded>0</occluded>
    <bndbox>
      <xmin>1957.5212890625</xmin>
      <ymin>168.569921875</ymin>
      <xmax>2170.7224609375</xmax>
      <ymax>298.24164428710935</ymax>
    </bndbox>
    <attributes>
      <attribute>
        <name>keyframe</name>
        <value>True</value>
      </attribute>
      <attribute>
        <name>track_id</name>
        <value>229</value>
      </attribute>
    </attributes>
  </object>
  <object>
    <name>vehicule</name>
    <occluded>0</occluded>
    <bndbox>
      <xmin>175.52887369791674</xmin>
      <ymin>202.5182942708334</ymin>
      <xmax>455.31765238443984</xmax>
      <ymax>407.4258015950518</ymax>
    </bndbox>
    <attributes>
      <attribute>
        <name>keyframe</name>
        <value>True</value>
      </attribute>
      <attribute>
        <name>track_id</name>
        <value>247</value>
      </attribute>
    </attributes>
  </object>
</annotation>
