<annotation>
  <folder>frame</folder>
  <filename>frame_001244.jpg</filename>
  <source>
    <database>Unknown</database>
    <annotation>Unknown</annotation>
    <image>Unknown</image>
  </source>
  <size>
    <width>2456</width>
    <height>2054</height>
    <depth>3</depth>
  </size>
  <segmented>0</segmented>
  <object>
    <name>vehicule</name>
    <occluded>0</occluded>
    <bndbox>
      <xmin>1826.7172656250004</xmin>
      <ymin>858.4069531250007</ymin>
      <xmax>2279.374578857422</xmax>
      <ymax>1135.9209027099605</ymax>
    </bndbox>
    <attributes>
      <attribute>
        <name>keyframe</name>
        <value>True</value>
      </attribute>
      <attribute>
        <name>track_id</name>
        <value>180</value>
      </attribute>
    </attributes>
  </object>
  <object>
    <name>vehicule</name>
    <occluded>0</occluded>
    <bndbox>
      <xmin>1309.4814152644233</xmin>
      <ymin>570.3814152644233</ymin>
      <xmax>1691.4127652681784</xmax>
      <ymax>811.024738253079</ymax>
    </bndbox>
    <attributes>
      <attribute>
        <name>keyframe</name>
        <value>True</value>
      </attribute>
      <attribute>
        <name>track_id</name>
        <value>181</value>
      </attribute>
    </attributes>
  </object>
  <object>
    <name>vehicule</name>
    <occluded>0</occluded>
    <bndbox>
      <xmin>801.982576069079</xmin>
      <ymin>57.018503289473685</ymin>
      <xmax>1128.7534745065793</xmax>
      <ymax>221.83247246993074</ymax>
    </bndbox>
    <attributes>
      <attribute>
        <name>keyframe</name>
        <value>True</value>
      </attribute>
      <attribute>
        <name>track_id</name>
        <value>182</value>
      </attribute>
    </attributes>
  </object>
  <object>
    <name>vehicule</name>
    <occluded>0</occluded>
    <bndbox>
      <xmin>783.1692307692318</xmin>
      <ymin>354.33846153846264</ymin>
      <xmax>1150.584700364333</xmax>
      <ymax>560.8557516244741</ymax>
    </bndbox>
    <attributes>
      <attribute>
        <name>keyframe</name>
        <value>True</value>
      </attribute>
      <attribute>
        <name>track_id</name>
        <value>183</value>
      </attribute>
    </attributes>
  </object>
  <object>
    <name>vehicule</name>
    <occluded>0</occluded>
    <bndbox>
      <xmin>173.80000000000013</xmin>
      <ymin>417.4168118990386</ymin>
      <xmax>532.7479776235728</xmax>
      <ymax>590.7343454214252</ymax>
    </bndbox>
    <attributes>
      <attribute>
        <name>keyframe</name>
        <value>True</value>
      </attribute>
      <attribute>
        <name>track_id</name>
        <value>185</value>
      </attribute>
    </attributes>
  </object>
  <object>
    <name>vehicule</name>
    <occluded>0</occluded>
    <bndbox>
      <xmin>295.64892578125</xmin>
      <ymin>185.556884765625</ymin>
      <xmax>425.3206481933594</xmax>
      <ymax>333.3826446533203</ymax>
    </bndbox>
    <attributes>
      <attribute>
        <name>keyframe</name>
        <value>True</value>
      </attribute>
      <attribute>
        <name>track_id</name>
        <value>186</value>
      </attribute>
    </attributes>
  </object>
  <object>
    <name>vehicule</name>
    <occluded>0</occluded>
    <bndbox>
      <xmin>161.2153846153854</xmin>
      <ymin>323.26923076923117</ymin>
      <xmax>493.0481661283053</xmax>
      <ymax>473.0796227088341</ymax>
    </bndbox>
    <attributes>
      <attribute>
        <name>keyframe</name>
        <value>True</value>
      </attribute>
      <attribute>
        <name>track_id</name>
        <value>187</value>
      </attribute>
    </attributes>
  </object>
  <object>
    <name>vehicule</name>
    <occluded>0</occluded>
    <bndbox>
      <xmin>2149.6653103298613</xmin>
      <ymin>198.59531250000003</ymin>
      <xmax>2410.594753011068</xmax>
      <ymax>341.3788486056858</ymax>
    </bndbox>
    <attributes>
      <attribute>
        <name>keyframe</name>
        <value>True</value>
      </attribute>
      <attribute>
        <name>track_id</name>
        <value>188</value>
      </attribute>
    </attributes>
  </object>
  <object>
    <name>vehicule</name>
    <occluded>0</occluded>
    <bndbox>
      <xmin>88.91428571428578</xmin>
      <ymin>1510.5234095982144</ymin>
      <xmax>528.8733433314732</xmax>
      <ymax>1819.5135367257255</ymax>
    </bndbox>
    <attributes>
      <attribute>
        <name>keyframe</name>
        <value>True</value>
      </attribute>
      <attribute>
        <name>track_id</name>
        <value>189</value>
      </attribute>
    </attributes>
  </object>
</annotation>
