<annotation>
  <folder>frame</folder>
  <filename>frame_000352.jpg</filename>
  <source>
    <database>Unknown</database>
    <annotation>Unknown</annotation>
    <image>Unknown</image>
  </source>
  <size>
    <width>2456</width>
    <height>2054</height>
    <depth>3</depth>
  </size>
  <segmented>0</segmented>
  <object>
    <name>vehicule</name>
    <occluded>0</occluded>
    <bndbox>
      <xmin>2074.6435546875</xmin>
      <ymin>877.60009765625</ymin>
      <xmax>2455.99951171875</xmax>
      <ymax>1198.139443969727</ymax>
    </bndbox>
    <attributes>
      <attribute>
        <name>track_id</name>
        <value>46</value>
      </attribute>
      <attribute>
        <name>keyframe</name>
        <value>True</value>
      </attribute>
    </attributes>
  </object>
  <object>
    <name>vehicule</name>
    <occluded>0</occluded>
    <bndbox>
      <xmin>1738.41943359375</xmin>
      <ymin>1013.052734375</ymin>
      <xmax>2270.5177612304688</xmax>
      <ymax>1380.2191406250004</ymax>
    </bndbox>
    <attributes>
      <attribute>
        <name>track_id</name>
        <value>49</value>
      </attribute>
      <attribute>
        <name>keyframe</name>
        <value>True</value>
      </attribute>
    </attributes>
  </object>
  <object>
    <name>vehicule</name>
    <occluded>0</occluded>
    <bndbox>
      <xmin>1198.1500000000005</xmin>
      <ymin>964.7742187500007</ymin>
      <xmax>1738.4050598144531</xmax>
      <ymax>1386.427923583985</ymax>
    </bndbox>
    <attributes>
      <attribute>
        <name>track_id</name>
        <value>50</value>
      </attribute>
      <attribute>
        <name>keyframe</name>
        <value>True</value>
      </attribute>
    </attributes>
  </object>
  <object>
    <name>vehicule</name>
    <occluded>0</occluded>
    <bndbox>
      <xmin>1513.680000000001</xmin>
      <ymin>616.225</ymin>
      <xmax>1954.7827575683593</xmax>
      <ymax>943.0093750000011</ymax>
    </bndbox>
    <attributes>
      <attribute>
        <name>track_id</name>
        <value>53</value>
      </attribute>
      <attribute>
        <name>keyframe</name>
        <value>True</value>
      </attribute>
    </attributes>
  </object>
  <object>
    <name>vehicule</name>
    <occluded>0</occluded>
    <bndbox>
      <xmin>1195.7</xmin>
      <ymin>339.3600000000006</ymin>
      <xmax>1509.108218383789</xmax>
      <ymax>684.0507995605469</ymax>
    </bndbox>
    <attributes>
      <attribute>
        <name>track_id</name>
        <value>55</value>
      </attribute>
      <attribute>
        <name>keyframe</name>
        <value>True</value>
      </attribute>
    </attributes>
  </object>
  <object>
    <name>vehicule</name>
    <occluded>0</occluded>
    <bndbox>
      <xmin>594.4200000000008</xmin>
      <ymin>526.52890625</ymin>
      <xmax>1005.567333984375</xmax>
      <ymax>903.1354125976562</ymax>
    </bndbox>
    <attributes>
      <attribute>
        <name>track_id</name>
        <value>56</value>
      </attribute>
      <attribute>
        <name>keyframe</name>
        <value>True</value>
      </attribute>
    </attributes>
  </object>
  <object>
    <name>vehicule</name>
    <occluded>0</occluded>
    <bndbox>
      <xmin>806.65859375</xmin>
      <ymin>213.47601562500023</ymin>
      <xmax>1105.7531250000006</xmax>
      <ymax>506.02848144531237</ymax>
    </bndbox>
    <attributes>
      <attribute>
        <name>track_id</name>
        <value>57</value>
      </attribute>
      <attribute>
        <name>keyframe</name>
        <value>True</value>
      </attribute>
    </attributes>
  </object>
</annotation>
