<annotation>
  <folder>frame</folder>
  <filename>frame_000101.jpg</filename>
  <source>
    <database>Unknown</database>
    <annotation>Unknown</annotation>
    <image>Unknown</image>
  </source>
  <size>
    <width>2456</width>
    <height>2054</height>
    <depth>3</depth>
  </size>
  <segmented>0</segmented>
  <object>
    <name>vehicule</name>
    <occluded>0</occluded>
    <bndbox>
      <xmin>930.3614196777344</xmin>
      <ymin>393.803204345704</ymin>
      <xmax>1203.146792030335</xmax>
      <ymax>712.9656190872192</ymax>
    </bndbox>
    <attributes>
      <attribute>
        <name>track_id</name>
        <value>3</value>
      </attribute>
      <attribute>
        <name>keyframe</name>
        <value>True</value>
      </attribute>
    </attributes>
  </object>
  <object>
    <name>vehicule</name>
    <occluded>0</occluded>
    <bndbox>
      <xmin>630.8019042968753</xmin>
      <ymin>661.5944498697922</ymin>
      <xmax>970.7522150675453</xmax>
      <ymax>1059.0264574686682</ymax>
    </bndbox>
    <attributes>
      <attribute>
        <name>track_id</name>
        <value>7</value>
      </attribute>
      <attribute>
        <name>keyframe</name>
        <value>True</value>
      </attribute>
    </attributes>
  </object>
  <object>
    <name>vehicule</name>
    <occluded>0</occluded>
    <bndbox>
      <xmin>1135.493355545343</xmin>
      <ymin>183.8981024050245</ymin>
      <xmax>1400.3242149203438</xmax>
      <ymax>457.72302611107807</ymax>
    </bndbox>
    <attributes>
      <attribute>
        <name>track_id</name>
        <value>10</value>
      </attribute>
      <attribute>
        <name>keyframe</name>
        <value>True</value>
      </attribute>
    </attributes>
  </object>
  <object>
    <name>vehicule</name>
    <occluded>0</occluded>
    <bndbox>
      <xmin>660.0777869591346</xmin>
      <ymin>375.24207481971155</ymin>
      <xmax>952.617185152494</xmax>
      <ymax>649.1153963529147</ymax>
    </bndbox>
    <attributes>
      <attribute>
        <name>track_id</name>
        <value>13</value>
      </attribute>
      <attribute>
        <name>keyframe</name>
        <value>True</value>
      </attribute>
    </attributes>
  </object>
  <object>
    <name>vehicule</name>
    <occluded>0</occluded>
    <bndbox>
      <xmin>397.6048177083333</xmin>
      <ymin>275.9397135416673</ymin>
      <xmax>687.049251302083</xmax>
      <ymax>619.6211697048612</ymax>
    </bndbox>
    <attributes>
      <attribute>
        <name>track_id</name>
        <value>15</value>
      </attribute>
      <attribute>
        <name>keyframe</name>
        <value>True</value>
      </attribute>
    </attributes>
  </object>
  <object>
    <name>vehicule</name>
    <occluded>0</occluded>
    <bndbox>
      <xmin>951.2688802083334</xmin>
      <ymin>45.66052517361176</ymin>
      <xmax>1273.83166232639</xmax>
      <ymax>321.23746575249567</ymax>
    </bndbox>
    <attributes>
      <attribute>
        <name>track_id</name>
        <value>16</value>
      </attribute>
      <attribute>
        <name>keyframe</name>
        <value>True</value>
      </attribute>
    </attributes>
  </object>
  <object>
    <name>vehicule</name>
    <occluded>0</occluded>
    <bndbox>
      <xmin>1675.3580729166667</xmin>
      <ymin>1224.0973307291667</ymin>
      <xmax>2279.458072916667</xmax>
      <ymax>1525.9730936686199</ymax>
    </bndbox>
    <attributes>
      <attribute>
        <name>track_id</name>
        <value>17</value>
      </attribute>
      <attribute>
        <name>keyframe</name>
        <value>True</value>
      </attribute>
    </attributes>
  </object>
  <object>
    <name>vehicule</name>
    <occluded>0</occluded>
    <bndbox>
      <xmin>1390.3899739583333</xmin>
      <ymin>1641.1204427083333</ymin>
      <xmax>2171.496028645835</xmax>
      <ymax>1967.8931783040364</ymax>
    </bndbox>
    <attributes>
      <attribute>
        <name>track_id</name>
        <value>18</value>
      </attribute>
      <attribute>
        <name>keyframe</name>
        <value>True</value>
      </attribute>
    </attributes>
  </object>
  <object>
    <name>vehicule</name>
    <occluded>0</occluded>
    <bndbox>
      <xmin>651.2586263020834</xmin>
      <ymin>137.49186197916728</ymin>
      <xmax>915.2423502604179</xmax>
      <ymax>372.41427307128896</ymax>
    </bndbox>
    <attributes>
      <attribute>
        <name>track_id</name>
        <value>19</value>
      </attribute>
      <attribute>
        <name>keyframe</name>
        <value>True</value>
      </attribute>
    </attributes>
  </object>
  <object>
    <name>vehicule</name>
    <occluded>0</occluded>
    <bndbox>
      <xmin>460.90147569444446</xmin>
      <ymin>13.866666666666989</ymin>
      <xmax>780.4220940483954</xmax>
      <ymax>259.341564602322</ymax>
    </bndbox>
    <attributes>
      <attribute>
        <name>track_id</name>
        <value>20</value>
      </attribute>
      <attribute>
        <name>keyframe</name>
        <value>True</value>
      </attribute>
    </attributes>
  </object>
  <object>
    <name>vehicule</name>
    <occluded>0</occluded>
    <bndbox>
      <xmin>474.0804036458333</xmin>
      <ymin>1151.4811197916667</ymin>
      <xmax>925.6948567708343</xmax>
      <ymax>1397.3386942545574</ymax>
    </bndbox>
    <attributes>
      <attribute>
        <name>track_id</name>
        <value>21</value>
      </attribute>
      <attribute>
        <name>keyframe</name>
        <value>True</value>
      </attribute>
    </attributes>
  </object>
  <object>
    <name>vehicule</name>
    <occluded>0</occluded>
    <bndbox>
      <xmin>1472.341796875</xmin>
      <ymin>535.2841796875</ymin>
      <xmax>1990.7056603773594</xmax>
      <ymax>950.9641509433969</ymax>
    </bndbox>
    <attributes>
      <attribute>
        <name>track_id</name>
        <value>143</value>
      </attribute>
      <attribute>
        <name>keyframe</name>
        <value>True</value>
      </attribute>
    </attributes>
  </object>
  <object>
    <name>vehicule</name>
    <occluded>0</occluded>
    <bndbox>
      <xmin>1240.088238595546</xmin>
      <ymin>391.2062006106322</ymin>
      <xmax>1560.593121408046</xmax>
      <ymax>702.3707086672717</ymax>
    </bndbox>
    <attributes>
      <attribute>
        <name>track_id</name>
        <value>144</value>
      </attribute>
      <attribute>
        <name>keyframe</name>
        <value>True</value>
      </attribute>
    </attributes>
  </object>
  <object>
    <name>vehicule</name>
    <occluded>0</occluded>
    <bndbox>
      <xmin>1018.9763717296521</xmin>
      <ymin>665.0349972747093</ymin>
      <xmax>1451.0583283180415</xmax>
      <ymax>1025.9850827239272</ymax>
    </bndbox>
    <attributes>
      <attribute>
        <name>track_id</name>
        <value>145</value>
      </attribute>
      <attribute>
        <name>keyframe</name>
        <value>True</value>
      </attribute>
    </attributes>
  </object>
</annotation>
