<annotation>
  <folder>frame</folder>
  <filename>frame_000734.jpg</filename>
  <source>
    <database>Unknown</database>
    <annotation>Unknown</annotation>
    <image>Unknown</image>
  </source>
  <size>
    <width>2456</width>
    <height>2054</height>
    <depth>3</depth>
  </size>
  <segmented>0</segmented>
  <object>
    <name>vehicule</name>
    <occluded>0</occluded>
    <bndbox>
      <xmin>1368.1500000000005</xmin>
      <ymin>585.0500000000002</ymin>
      <xmax>1832.1030731201172</xmax>
      <ymax>930.2117309570312</ymax>
    </bndbox>
    <attributes>
      <attribute>
        <name>track_id</name>
        <value>93</value>
      </attribute>
      <attribute>
        <name>keyframe</name>
        <value>True</value>
      </attribute>
    </attributes>
  </object>
  <object>
    <name>vehicule</name>
    <occluded>0</occluded>
    <bndbox>
      <xmin>929.58291015625</xmin>
      <ymin>1455.1805859375002</ymin>
      <xmax>1706.685693359375</xmax>
      <ymax>1906.4827587890616</ymax>
    </bndbox>
    <attributes>
      <attribute>
        <name>track_id</name>
        <value>94</value>
      </attribute>
      <attribute>
        <name>keyframe</name>
        <value>True</value>
      </attribute>
    </attributes>
  </object>
  <object>
    <name>vehicule</name>
    <occluded>0</occluded>
    <bndbox>
      <xmin>544.2318115234375</xmin>
      <ymin>1161.6739501953125</ymin>
      <xmax>854.4683349609386</xmax>
      <ymax>1423.0921325683594</ymax>
    </bndbox>
    <attributes>
      <attribute>
        <name>track_id</name>
        <value>95</value>
      </attribute>
      <attribute>
        <name>keyframe</name>
        <value>True</value>
      </attribute>
    </attributes>
  </object>
  <object>
    <name>vehicule</name>
    <occluded>0</occluded>
    <bndbox>
      <xmin>425.11279296875</xmin>
      <ymin>55.240234375</ymin>
      <xmax>742.8603515625</xmax>
      <ymax>274.3298034667969</ymax>
    </bndbox>
    <attributes>
      <attribute>
        <name>track_id</name>
        <value>96</value>
      </attribute>
      <attribute>
        <name>keyframe</name>
        <value>True</value>
      </attribute>
    </attributes>
  </object>
</annotation>
