<annotation>
  <folder>frame</folder>
  <filename>frame_000721.jpg</filename>
  <source>
    <database>Unknown</database>
    <annotation>Unknown</annotation>
    <image>Unknown</image>
  </source>
  <size>
    <width>2456</width>
    <height>2054</height>
    <depth>3</depth>
  </size>
  <segmented>0</segmented>
  <object>
    <name>vehicule</name>
    <occluded>0</occluded>
    <bndbox>
      <xmin>1579.6787109375</xmin>
      <ymin>659.86328125</ymin>
      <xmax>2062.399163818358</xmax>
      <ymax>984.6725341796864</ymax>
    </bndbox>
    <attributes>
      <attribute>
        <name>track_id</name>
        <value>92</value>
      </attribute>
      <attribute>
        <name>keyframe</name>
        <value>True</value>
      </attribute>
    </attributes>
  </object>
  <object>
    <name>vehicule</name>
    <occluded>0</occluded>
    <bndbox>
      <xmin>898.2000000000007</xmin>
      <ymin>199.1279296875</ymin>
      <xmax>1184.7816772460938</xmax>
      <ymax>486.7337097167965</ymax>
    </bndbox>
    <attributes>
      <attribute>
        <name>track_id</name>
        <value>93</value>
      </attribute>
      <attribute>
        <name>keyframe</name>
        <value>True</value>
      </attribute>
    </attributes>
  </object>
  <object>
    <name>vehicule</name>
    <occluded>0</occluded>
    <bndbox>
      <xmin>24.888671875</xmin>
      <ymin>1551.0771484375</ymin>
      <xmax>801.991455078125</xmax>
      <ymax>1971.2135009765625</ymax>
    </bndbox>
    <attributes>
      <attribute>
        <name>track_id</name>
        <value>94</value>
      </attribute>
      <attribute>
        <name>keyframe</name>
        <value>True</value>
      </attribute>
    </attributes>
  </object>
</annotation>
