<annotation>
  <folder>frame</folder>
  <filename>frame_000756.jpg</filename>
  <source>
    <database>Unknown</database>
    <annotation>Unknown</annotation>
    <image>Unknown</image>
  </source>
  <size>
    <width>2456</width>
    <height>2054</height>
    <depth>3</depth>
  </size>
  <segmented>0</segmented>
  <object>
    <name>vehicule</name>
    <occluded>0</occluded>
    <bndbox>
      <xmin>328.6357421875</xmin>
      <ymin>184.8000000000011</ymin>
      <xmax>742.8000000000011</xmax>
      <ymax>461.83477783203125</ymax>
    </bndbox>
    <attributes>
      <attribute>
        <name>track_id</name>
        <value>97</value>
      </attribute>
      <attribute>
        <name>keyframe</name>
        <value>True</value>
      </attribute>
    </attributes>
  </object>
  <object>
    <name>vehicule</name>
    <occluded>0</occluded>
    <bndbox>
      <xmin>876.37109375</xmin>
      <ymin>15.600000000000364</ymin>
      <xmax>1228.4000000000015</xmax>
      <ymax>287.5571594238281</ymax>
    </bndbox>
    <attributes>
      <attribute>
        <name>track_id</name>
        <value>99</value>
      </attribute>
      <attribute>
        <name>keyframe</name>
        <value>True</value>
      </attribute>
    </attributes>
  </object>
  <object>
    <name>vehicule</name>
    <occluded>0</occluded>
    <bndbox>
      <xmin>0.0</xmin>
      <ymin>1681.787109375</ymin>
      <xmax>540.5723876953125</xmax>
      <ymax>1980.5507507324219</ymax>
    </bndbox>
    <attributes>
      <attribute>
        <name>track_id</name>
        <value>100</value>
      </attribute>
      <attribute>
        <name>keyframe</name>
        <value>True</value>
      </attribute>
    </attributes>
  </object>
</annotation>
