<annotation>
  <folder>frame</folder>
  <filename>frame_000525.jpg</filename>
  <source>
    <database>Unknown</database>
    <annotation>Unknown</annotation>
    <image>Unknown</image>
  </source>
  <size>
    <width>2456</width>
    <height>2054</height>
    <depth>3</depth>
  </size>
  <segmented>0</segmented>
  <object>
    <name>vehicule</name>
    <occluded>0</occluded>
    <bndbox>
      <xmin>1371.300000000001</xmin>
      <ymin>728.3000000000011</ymin>
      <xmax>1835.2147827148438</xmax>
      <ymax>1102.9328918457031</ymax>
    </bndbox>
    <attributes>
      <attribute>
        <name>track_id</name>
        <value>68</value>
      </attribute>
      <attribute>
        <name>keyframe</name>
        <value>True</value>
      </attribute>
    </attributes>
  </object>
  <object>
    <name>vehicule</name>
    <occluded>0</occluded>
    <bndbox>
      <xmin>1038.2000000000007</xmin>
      <ymin>188.0</ymin>
      <xmax>1331.0504760742188</xmax>
      <ymax>489.8450927734375</ymax>
    </bndbox>
    <attributes>
      <attribute>
        <name>track_id</name>
        <value>71</value>
      </attribute>
      <attribute>
        <name>keyframe</name>
        <value>True</value>
      </attribute>
    </attributes>
  </object>
  <object>
    <name>vehicule</name>
    <occluded>0</occluded>
    <bndbox>
      <xmin>308.630859375</xmin>
      <ymin>16.0</ymin>
      <xmax>594.3688354492188</xmax>
      <ymax>246.65519060407365</ymax>
    </bndbox>
    <attributes>
      <attribute>
        <name>track_id</name>
        <value>72</value>
      </attribute>
      <attribute>
        <name>keyframe</name>
        <value>True</value>
      </attribute>
    </attributes>
  </object>
</annotation>
