<annotation>
  <folder>frame</folder>
  <filename>frame_000485.jpg</filename>
  <source>
    <database>Unknown</database>
    <annotation>Unknown</annotation>
    <image>Unknown</image>
  </source>
  <size>
    <width>2456</width>
    <height>2054</height>
    <depth>3</depth>
  </size>
  <segmented>0</segmented>
  <object>
    <name>vehicule</name>
    <occluded>0</occluded>
    <bndbox>
      <xmin>656.9411399147727</xmin>
      <ymin>1569.4596590909093</ymin>
      <xmax>1440.2225852272738</xmax>
      <ymax>1974.0443880948148</ymax>
    </bndbox>
    <attributes>
      <attribute>
        <name>track_id</name>
        <value>65</value>
      </attribute>
      <attribute>
        <name>keyframe</name>
        <value>True</value>
      </attribute>
    </attributes>
  </object>
  <object>
    <name>vehicule</name>
    <occluded>0</occluded>
    <bndbox>
      <xmin>1369.620000000001</xmin>
      <ymin>1316.7349609375</ymin>
      <xmax>1703.8838317871093</xmax>
      <ymax>1568.8167785644532</ymax>
    </bndbox>
    <attributes>
      <attribute>
        <name>track_id</name>
        <value>66</value>
      </attribute>
      <attribute>
        <name>keyframe</name>
        <value>True</value>
      </attribute>
    </attributes>
  </object>
</annotation>
