<annotation>
  <folder>frame</folder>
  <filename>frame_000576.jpg</filename>
  <source>
    <database>Unknown</database>
    <annotation>Unknown</annotation>
    <image>Unknown</image>
  </source>
  <size>
    <width>2456</width>
    <height>2054</height>
    <depth>3</depth>
  </size>
  <segmented>0</segmented>
  <object>
    <name>vehicule</name>
    <occluded>0</occluded>
    <bndbox>
      <xmin>1247.6800000000007</xmin>
      <ymin>411.14000000000124</ymin>
      <xmax>1638.2167572021485</xmax>
      <ymax>767.1336456298828</ymax>
    </bndbox>
    <attributes>
      <attribute>
        <name>track_id</name>
        <value>77</value>
      </attribute>
      <attribute>
        <name>keyframe</name>
        <value>True</value>
      </attribute>
    </attributes>
  </object>
  <object>
    <name>vehicule</name>
    <occluded>0</occluded>
    <bndbox>
      <xmin>841.2200000000009</xmin>
      <ymin>213.78000000000083</ymin>
      <xmax>1117.8703857421874</xmax>
      <ymax>500.73769226074216</ymax>
    </bndbox>
    <attributes>
      <attribute>
        <name>track_id</name>
        <value>78</value>
      </attribute>
      <attribute>
        <name>keyframe</name>
        <value>True</value>
      </attribute>
    </attributes>
  </object>
  <object>
    <name>vehicule</name>
    <occluded>0</occluded>
    <bndbox>
      <xmin>523.14697265625</xmin>
      <ymin>1652.1900000000005</ymin>
      <xmax>1272.2354492187515</xmax>
      <ymax>1973.7035003662108</ymax>
    </bndbox>
    <attributes>
      <attribute>
        <name>track_id</name>
        <value>79</value>
      </attribute>
      <attribute>
        <name>keyframe</name>
        <value>True</value>
      </attribute>
    </attributes>
  </object>
  <object>
    <name>vehicule</name>
    <occluded>0</occluded>
    <bndbox>
      <xmin>605.615234375</xmin>
      <ymin>0.0</ymin>
      <xmax>836.2234191894531</xmax>
      <ymax>253.32382202148438</ymax>
    </bndbox>
    <attributes>
      <attribute>
        <name>track_id</name>
        <value>80</value>
      </attribute>
      <attribute>
        <name>keyframe</name>
        <value>True</value>
      </attribute>
    </attributes>
  </object>
</annotation>
