<annotation>
  <folder>frame</folder>
  <filename>frame_000540.jpg</filename>
  <source>
    <database>Unknown</database>
    <annotation>Unknown</annotation>
    <image>Unknown</image>
  </source>
  <size>
    <width>2456</width>
    <height>2054</height>
    <depth>3</depth>
  </size>
  <segmented>0</segmented>
  <object>
    <name>vehicule</name>
    <occluded>0</occluded>
    <bndbox>
      <xmin>1397.650000000001</xmin>
      <ymin>523.3500000000013</ymin>
      <xmax>1864.786392211914</xmax>
      <ymax>870.2848892211914</ymax>
    </bndbox>
    <attributes>
      <attribute>
        <name>track_id</name>
        <value>71</value>
      </attribute>
      <attribute>
        <name>keyframe</name>
        <value>True</value>
      </attribute>
    </attributes>
  </object>
  <object>
    <name>vehicule</name>
    <occluded>0</occluded>
    <bndbox>
      <xmin>1035.08896484375</xmin>
      <ymin>155.55000000000018</ymin>
      <xmax>1290.5933532714844</xmax>
      <ymax>452.5008544921875</ymax>
    </bndbox>
    <attributes>
      <attribute>
        <name>track_id</name>
        <value>73</value>
      </attribute>
      <attribute>
        <name>keyframe</name>
        <value>True</value>
      </attribute>
    </attributes>
  </object>
  <object>
    <name>vehicule</name>
    <occluded>0</occluded>
    <bndbox>
      <xmin>960.709716796875</xmin>
      <ymin>1609.449462890625</ymin>
      <xmax>1751.2458007812506</xmax>
      <ymax>1970.437493896483</ymax>
    </bndbox>
    <attributes>
      <attribute>
        <name>track_id</name>
        <value>74</value>
      </attribute>
      <attribute>
        <name>keyframe</name>
        <value>True</value>
      </attribute>
    </attributes>
  </object>
  <object>
    <name>vehicule</name>
    <occluded>0</occluded>
    <bndbox>
      <xmin>325.525146484375</xmin>
      <ymin>80.91586914062509</ymin>
      <xmax>681.4250000000002</xmax>
      <ymax>317.1222839355469</ymax>
    </bndbox>
    <attributes>
      <attribute>
        <name>track_id</name>
        <value>75</value>
      </attribute>
      <attribute>
        <name>keyframe</name>
        <value>True</value>
      </attribute>
    </attributes>
  </object>
</annotation>
