<annotation>
  <folder>frame</folder>
  <filename>frame_000193.jpg</filename>
  <source>
    <database>Unknown</database>
    <annotation>Unknown</annotation>
    <image>Unknown</image>
  </source>
  <size>
    <width>2456</width>
    <height>2054</height>
    <depth>3</depth>
  </size>
  <segmented>0</segmented>
  <object>
    <name>vehicule</name>
    <occluded>0</occluded>
    <bndbox>
      <xmin>1452.5700195312502</xmin>
      <ymin>805.1526367187503</ymin>
      <xmax>1947.7485290527338</xmax>
      <ymax>1166.2852539062492</ymax>
    </bndbox>
    <attributes>
      <attribute>
        <name>track_id</name>
        <value>3</value>
      </attribute>
      <attribute>
        <name>keyframe</name>
        <value>True</value>
      </attribute>
    </attributes>
  </object>
  <object>
    <name>vehicule</name>
    <occluded>0</occluded>
    <bndbox>
      <xmin>1115.275000000001</xmin>
      <ymin>1061.3250000000003</ymin>
      <xmax>1683.1667022705078</xmax>
      <ymax>1485.2549438476562</ymax>
    </bndbox>
    <attributes>
      <attribute>
        <name>track_id</name>
        <value>7</value>
      </attribute>
      <attribute>
        <name>keyframe</name>
        <value>True</value>
      </attribute>
    </attributes>
  </object>
  <object>
    <name>vehicule</name>
    <occluded>0</occluded>
    <bndbox>
      <xmin>1188.8543457031255</xmin>
      <ymin>329.0824707031261</ymin>
      <xmax>1481.666050720215</xmax>
      <ymax>626.3119285583493</ymax>
    </bndbox>
    <attributes>
      <attribute>
        <name>track_id</name>
        <value>10</value>
      </attribute>
      <attribute>
        <name>keyframe</name>
        <value>True</value>
      </attribute>
    </attributes>
  </object>
  <object>
    <name>vehicule</name>
    <occluded>0</occluded>
    <bndbox>
      <xmin>760.7335937500005</xmin>
      <ymin>721.9998697916672</ymin>
      <xmax>1145.5455830891926</xmax>
      <ymax>1141.1118794759107</ymax>
    </bndbox>
    <attributes>
      <attribute>
        <name>track_id</name>
        <value>13</value>
      </attribute>
      <attribute>
        <name>keyframe</name>
        <value>True</value>
      </attribute>
    </attributes>
  </object>
  <object>
    <name>vehicule</name>
    <occluded>0</occluded>
    <bndbox>
      <xmin>453.884765625</xmin>
      <ymin>440.35996093750055</ymin>
      <xmax>769.0013137817382</xmax>
      <ymax>795.8887969970701</ymax>
    </bndbox>
    <attributes>
      <attribute>
        <name>track_id</name>
        <value>15</value>
      </attribute>
      <attribute>
        <name>keyframe</name>
        <value>True</value>
      </attribute>
    </attributes>
  </object>
  <object>
    <name>vehicule</name>
    <occluded>0</occluded>
    <bndbox>
      <xmin>979.5500000000002</xmin>
      <ymin>395.2000000000003</ymin>
      <xmax>1294.8797073364258</xmax>
      <ymax>785.8077697753906</ymax>
    </bndbox>
    <attributes>
      <attribute>
        <name>track_id</name>
        <value>16</value>
      </attribute>
      <attribute>
        <name>keyframe</name>
        <value>True</value>
      </attribute>
    </attributes>
  </object>
  <object>
    <name>vehicule</name>
    <occluded>0</occluded>
    <bndbox>
      <xmin>649.2527173913044</xmin>
      <ymin>261.0897163722826</ymin>
      <xmax>857.0827105978271</xmax>
      <ymax>551.2488938041352</ymax>
    </bndbox>
    <attributes>
      <attribute>
        <name>track_id</name>
        <value>19</value>
      </attribute>
      <attribute>
        <name>keyframe</name>
        <value>True</value>
      </attribute>
    </attributes>
  </object>
  <object>
    <name>vehicule</name>
    <occluded>0</occluded>
    <bndbox>
      <xmin>371.400000000001</xmin>
      <ymin>946.2750000000015</ymin>
      <xmax>904.3895111083984</xmax>
      <ymax>1423.772850036621</ymax>
    </bndbox>
    <attributes>
      <attribute>
        <name>track_id</name>
        <value>20</value>
      </attribute>
      <attribute>
        <name>keyframe</name>
        <value>True</value>
      </attribute>
    </attributes>
  </object>
  <object>
    <name>vehicule</name>
    <occluded>0</occluded>
    <bndbox>
      <xmin>1048.7822265625</xmin>
      <ymin>109.64799804687527</ymin>
      <xmax>1351.0</xmax>
      <ymax>368.00504150390543</ymax>
    </bndbox>
    <attributes>
      <attribute>
        <name>track_id</name>
        <value>26</value>
      </attribute>
      <attribute>
        <name>keyframe</name>
        <value>True</value>
      </attribute>
    </attributes>
  </object>
  <object>
    <name>vehicule</name>
    <occluded>0</occluded>
    <bndbox>
      <xmin>704.9591238839286</xmin>
      <ymin>35.98571428571475</ymin>
      <xmax>993.5714285714299</xmax>
      <ymax>292.98138645717074</ymax>
    </bndbox>
    <attributes>
      <attribute>
        <name>track_id</name>
        <value>29</value>
      </attribute>
      <attribute>
        <name>keyframe</name>
        <value>True</value>
      </attribute>
    </attributes>
  </object>
  <object>
    <name>vehicule</name>
    <occluded>0</occluded>
    <bndbox>
      <xmin>113.124267578125</xmin>
      <ymin>343.12802734375055</ymin>
      <xmax>408.7757873535156</xmax>
      <ymax>718.1198661804196</ymax>
    </bndbox>
    <attributes>
      <attribute>
        <name>track_id</name>
        <value>31</value>
      </attribute>
      <attribute>
        <name>keyframe</name>
        <value>True</value>
      </attribute>
    </attributes>
  </object>
  <object>
    <name>vehicule</name>
    <occluded>0</occluded>
    <bndbox>
      <xmin>1820.9000000000015</xmin>
      <ymin>1574.73046875</ymin>
      <xmax>2321.9459228515625</xmax>
      <ymax>1979.3062133789062</ymax>
    </bndbox>
    <attributes>
      <attribute>
        <name>track_id</name>
        <value>32</value>
      </attribute>
      <attribute>
        <name>keyframe</name>
        <value>True</value>
      </attribute>
    </attributes>
  </object>
  <object>
    <name>vehicule</name>
    <occluded>0</occluded>
    <bndbox>
      <xmin>631.7613932291666</xmin>
      <ymin>1515.5992838541667</ymin>
      <xmax>1363.4119791666676</xmax>
      <ymax>1901.5022989908855</ymax>
    </bndbox>
    <attributes>
      <attribute>
        <name>track_id</name>
        <value>33</value>
      </attribute>
      <attribute>
        <name>keyframe</name>
        <value>True</value>
      </attribute>
    </attributes>
  </object>
  <object>
    <name>vehicule</name>
    <occluded>0</occluded>
    <bndbox>
      <xmin>358.2021484375</xmin>
      <ymin>49.75000000000091</ymin>
      <xmax>678.7500000000009</xmax>
      <ymax>343.88690185546875</ymax>
    </bndbox>
    <attributes>
      <attribute>
        <name>track_id</name>
        <value>34</value>
      </attribute>
      <attribute>
        <name>keyframe</name>
        <value>True</value>
      </attribute>
    </attributes>
  </object>
  <object>
    <name>vehicule</name>
    <occluded>0</occluded>
    <bndbox>
      <xmin>1966.2804129464287</xmin>
      <ymin>780.6974051339286</ymin>
      <xmax>2456.0</xmax>
      <ymax>1178.9970145089294</ymax>
    </bndbox>
    <attributes>
      <attribute>
        <name>track_id</name>
        <value>143</value>
      </attribute>
      <attribute>
        <name>keyframe</name>
        <value>True</value>
      </attribute>
    </attributes>
  </object>
  <object>
    <name>vehicule</name>
    <occluded>0</occluded>
    <bndbox>
      <xmin>1439.686279296875</xmin>
      <ymin>524.4775878906253</ymin>
      <xmax>1884.664794921875</xmax>
      <ymax>869.8352416992179</ymax>
    </bndbox>
    <attributes>
      <attribute>
        <name>track_id</name>
        <value>144</value>
      </attribute>
      <attribute>
        <name>keyframe</name>
        <value>True</value>
      </attribute>
    </attributes>
  </object>
</annotation>
