<annotation>
  <folder>frame</folder>
  <filename>frame_000800.jpg</filename>
  <source>
    <database>Unknown</database>
    <annotation>Unknown</annotation>
    <image>Unknown</image>
  </source>
  <size>
    <width>2456</width>
    <height>2054</height>
    <depth>3</depth>
  </size>
  <segmented>0</segmented>
  <object>
    <name>vehicule</name>
    <occluded>0</occluded>
    <bndbox>
      <xmin>414.44140625</xmin>
      <ymin>163.20697544642877</ymin>
      <xmax>802.9333705357151</xmax>
      <ymax>391.59078325544084</ymax>
    </bndbox>
    <attributes>
      <attribute>
        <name>track_id</name>
        <value>105</value>
      </attribute>
      <attribute>
        <name>keyframe</name>
        <value>True</value>
      </attribute>
    </attributes>
  </object>
  <object>
    <name>vehicule</name>
    <occluded>0</occluded>
    <bndbox>
      <xmin>409.99185267857166</xmin>
      <ymin>45.314285714286335</ymin>
      <xmax>720.1868111746652</xmax>
      <ymax>216.42159162248885</ymax>
    </bndbox>
    <attributes>
      <attribute>
        <name>track_id</name>
        <value>106</value>
      </attribute>
      <attribute>
        <name>keyframe</name>
        <value>True</value>
      </attribute>
    </attributes>
  </object>
</annotation>
