<annotation>
  <folder>frame</folder>
  <filename>frame_000519.jpg</filename>
  <source>
    <database>Unknown</database>
    <annotation>Unknown</annotation>
    <image>Unknown</image>
  </source>
  <size>
    <width>2456</width>
    <height>2054</height>
    <depth>3</depth>
  </size>
  <segmented>0</segmented>
  <object>
    <name>vehicule</name>
    <occluded>0</occluded>
    <bndbox>
      <xmin>1753.9665364583343</xmin>
      <ymin>712.5972005208338</ymin>
      <xmax>2301.4859334309895</xmax>
      <ymax>1101.8829508463543</ymax>
    </bndbox>
    <attributes>
      <attribute>
        <name>track_id</name>
        <value>67</value>
      </attribute>
      <attribute>
        <name>keyframe</name>
        <value>True</value>
      </attribute>
    </attributes>
  </object>
  <object>
    <name>vehicule</name>
    <occluded>0</occluded>
    <bndbox>
      <xmin>1131.2142857142865</xmin>
      <ymin>576.2428571428585</ymin>
      <xmax>1531.1155744280134</xmax>
      <ymax>924.2090846470425</ymax>
    </bndbox>
    <attributes>
      <attribute>
        <name>track_id</name>
        <value>68</value>
      </attribute>
      <attribute>
        <name>keyframe</name>
        <value>True</value>
      </attribute>
    </attributes>
  </object>
  <object>
    <name>vehicule</name>
    <occluded>0</occluded>
    <bndbox>
      <xmin>982.1428571428581</xmin>
      <ymin>92.0</ymin>
      <xmax>1253.692666190011</xmax>
      <ymax>356.46897670200894</ymax>
    </bndbox>
    <attributes>
      <attribute>
        <name>track_id</name>
        <value>71</value>
      </attribute>
      <attribute>
        <name>keyframe</name>
        <value>True</value>
      </attribute>
    </attributes>
  </object>
</annotation>
