<annotation>
  <folder>frame</folder>
  <filename>frame_000858.jpg</filename>
  <source>
    <database>Unknown</database>
    <annotation>Unknown</annotation>
    <image>Unknown</image>
  </source>
  <size>
    <width>2456</width>
    <height>2054</height>
    <depth>3</depth>
  </size>
  <segmented>0</segmented>
  <object>
    <name>vehicule</name>
    <occluded>0</occluded>
    <bndbox>
      <xmin>1637.0</xmin>
      <ymin>1501.3291015625</ymin>
      <xmax>2270.9314575195312</xmax>
      <ymax>1958.7650085449204</ymax>
    </bndbox>
    <attributes>
      <attribute>
        <name>track_id</name>
        <value>112</value>
      </attribute>
      <attribute>
        <name>keyframe</name>
        <value>True</value>
      </attribute>
    </attributes>
  </object>
</annotation>
