<annotation>
  <folder>frame</folder>
  <filename>frame_001157.jpg</filename>
  <source>
    <database>Unknown</database>
    <annotation>Unknown</annotation>
    <image>Unknown</image>
  </source>
  <size>
    <width>2456</width>
    <height>2054</height>
    <depth>3</depth>
  </size>
  <segmented>0</segmented>
  <object>
    <name>vehicule</name>
    <occluded>0</occluded>
    <bndbox>
      <xmin>1864.16015625</xmin>
      <ymin>1187.0068359375</ymin>
      <xmax>2456.0</xmax>
      <ymax>1541.742510986327</ymax>
    </bndbox>
    <attributes>
      <attribute>
        <name>track_id</name>
        <value>124</value>
      </attribute>
      <attribute>
        <name>keyframe</name>
        <value>True</value>
      </attribute>
    </attributes>
  </object>
  <object>
    <name>vehicule</name>
    <occluded>0</occluded>
    <bndbox>
      <xmin>1109.7783203125</xmin>
      <ymin>177.470703125</ymin>
      <xmax>1362.1640625</xmax>
      <ymax>430.71576843261573</ymax>
    </bndbox>
    <attributes>
      <attribute>
        <name>track_id</name>
        <value>125</value>
      </attribute>
      <attribute>
        <name>keyframe</name>
        <value>True</value>
      </attribute>
    </attributes>
  </object>
  <object>
    <name>vehicule</name>
    <occluded>0</occluded>
    <bndbox>
      <xmin>1226.1748046875</xmin>
      <ymin>942.990234375</ymin>
      <xmax>1898.344921875001</xmax>
      <ymax>1272.8545227050781</ymax>
    </bndbox>
    <attributes>
      <attribute>
        <name>track_id</name>
        <value>126</value>
      </attribute>
      <attribute>
        <name>keyframe</name>
        <value>True</value>
      </attribute>
    </attributes>
  </object>
  <object>
    <name>vehicule</name>
    <occluded>0</occluded>
    <bndbox>
      <xmin>8.3994140625</xmin>
      <ymin>1647.6000000000004</ymin>
      <xmax>696.2000000000007</xmax>
      <ymax>1992.9992980957031</ymax>
    </bndbox>
    <attributes>
      <attribute>
        <name>track_id</name>
        <value>127</value>
      </attribute>
      <attribute>
        <name>keyframe</name>
        <value>True</value>
      </attribute>
    </attributes>
  </object>
  <object>
    <name>vehicule</name>
    <occluded>0</occluded>
    <bndbox>
      <xmin>1259.1611328125</xmin>
      <ymin>0.0</ymin>
      <xmax>1576.90869140625</xmax>
      <ymax>187.9692840576172</ymax>
    </bndbox>
    <attributes>
      <attribute>
        <name>track_id</name>
        <value>128</value>
      </attribute>
      <attribute>
        <name>keyframe</name>
        <value>True</value>
      </attribute>
    </attributes>
  </object>
</annotation>
