<annotation>
  <folder>frame</folder>
  <filename>frame_000377.jpg</filename>
  <source>
    <database>Unknown</database>
    <annotation>Unknown</annotation>
    <image>Unknown</image>
  </source>
  <size>
    <width>2456</width>
    <height>2054</height>
    <depth>3</depth>
  </size>
  <segmented>0</segmented>
  <object>
    <name>vehicule</name>
    <occluded>0</occluded>
    <bndbox>
      <xmin>1761.4000000000015</xmin>
      <ymin>709.791015625</ymin>
      <xmax>2284.6494750976562</xmax>
      <ymax>1055.0162414550778</ymax>
    </bndbox>
    <attributes>
      <attribute>
        <name>track_id</name>
        <value>55</value>
      </attribute>
      <attribute>
        <name>keyframe</name>
        <value>True</value>
      </attribute>
    </attributes>
  </object>
  <object>
    <name>vehicule</name>
    <occluded>0</occluded>
    <bndbox>
      <xmin>1640.0</xmin>
      <ymin>1082.9599609375</ymin>
      <xmax>2340.6681518554688</xmax>
      <ymax>1509.3764770507805</ymax>
    </bndbox>
    <attributes>
      <attribute>
        <name>track_id</name>
        <value>56</value>
      </attribute>
      <attribute>
        <name>keyframe</name>
        <value>True</value>
      </attribute>
    </attributes>
  </object>
  <object>
    <name>vehicule</name>
    <occluded>0</occluded>
    <bndbox>
      <xmin>1114.1064453125</xmin>
      <ymin>619.23828125</ymin>
      <xmax>1519.0431213378906</xmax>
      <ymax>974.0913146972653</ymax>
    </bndbox>
    <attributes>
      <attribute>
        <name>track_id</name>
        <value>57</value>
      </attribute>
      <attribute>
        <name>keyframe</name>
        <value>True</value>
      </attribute>
    </attributes>
  </object>
  <object>
    <name>vehicule</name>
    <occluded>0</occluded>
    <bndbox>
      <xmin>898.8839518229167</xmin>
      <ymin>1539.487093098959</ymin>
      <xmax>1699.0265299479167</xmax>
      <ymax>1968.9334004720047</ymax>
    </bndbox>
    <attributes>
      <attribute>
        <name>track_id</name>
        <value>58</value>
      </attribute>
      <attribute>
        <name>keyframe</name>
        <value>True</value>
      </attribute>
    </attributes>
  </object>
</annotation>
