<annotation>
  <folder>frame</folder>
  <filename>frame_000164.jpg</filename>
  <source>
    <database>Unknown</database>
    <annotation>Unknown</annotation>
    <image>Unknown</image>
  </source>
  <size>
    <width>2456</width>
    <height>2054</height>
    <depth>3</depth>
  </size>
  <segmented>0</segmented>
  <object>
    <name>vehicule</name>
    <occluded>0</occluded>
    <bndbox>
      <xmin>1118.4635184151784</xmin>
      <ymin>598.7982003348216</ymin>
      <xmax>1516.7542356945232</xmax>
      <ymax>942.8402826218378</ymax>
    </bndbox>
    <attributes>
      <attribute>
        <name>track_id</name>
        <value>3</value>
      </attribute>
      <attribute>
        <name>keyframe</name>
        <value>True</value>
      </attribute>
    </attributes>
  </object>
  <object>
    <name>vehicule</name>
    <occluded>0</occluded>
    <bndbox>
      <xmin>768.0000000000006</xmin>
      <ymin>823.0414225260416</ymin>
      <xmax>1214.5337498982747</xmax>
      <ymax>1224.3571390787754</ymax>
    </bndbox>
    <attributes>
      <attribute>
        <name>track_id</name>
        <value>7</value>
      </attribute>
      <attribute>
        <name>keyframe</name>
        <value>True</value>
      </attribute>
    </attributes>
  </object>
  <object>
    <name>vehicule</name>
    <occluded>0</occluded>
    <bndbox>
      <xmin>1154.7152075674019</xmin>
      <ymin>256.94150199142155</ymin>
      <xmax>1419.5460669424026</xmax>
      <ymax>530.7664256974751</ymax>
    </bndbox>
    <attributes>
      <attribute>
        <name>track_id</name>
        <value>10</value>
      </attribute>
      <attribute>
        <name>keyframe</name>
        <value>True</value>
      </attribute>
    </attributes>
  </object>
  <object>
    <name>vehicule</name>
    <occluded>0</occluded>
    <bndbox>
      <xmin>649.7217597336065</xmin>
      <ymin>463.4846343493862</ymin>
      <xmax>907.9436366347029</xmax>
      <ymax>860.2199692022605</ymax>
    </bndbox>
    <attributes>
      <attribute>
        <name>track_id</name>
        <value>13</value>
      </attribute>
      <attribute>
        <name>keyframe</name>
        <value>True</value>
      </attribute>
    </attributes>
  </object>
  <object>
    <name>vehicule</name>
    <occluded>0</occluded>
    <bndbox>
      <xmin>415.9485518292683</xmin>
      <ymin>349.0862233231709</ymin>
      <xmax>705.3929854230179</xmax>
      <ymax>697.6100392411389</ymax>
    </bndbox>
    <attributes>
      <attribute>
        <name>track_id</name>
        <value>15</value>
      </attribute>
      <attribute>
        <name>keyframe</name>
        <value>True</value>
      </attribute>
    </attributes>
  </object>
  <object>
    <name>vehicule</name>
    <occluded>0</occluded>
    <bndbox>
      <xmin>868.4267578125</xmin>
      <ymin>180.63992280505985</ymin>
      <xmax>1125.7919177827384</xmax>
      <ymax>518.3131535847981</ymax>
    </bndbox>
    <attributes>
      <attribute>
        <name>track_id</name>
        <value>16</value>
      </attribute>
      <attribute>
        <name>keyframe</name>
        <value>True</value>
      </attribute>
    </attributes>
  </object>
  <object>
    <name>vehicule</name>
    <occluded>0</occluded>
    <bndbox>
      <xmin>634.8639464447464</xmin>
      <ymin>227.06634963768116</ymin>
      <xmax>866.2254104393129</xmax>
      <ymax>495.0049160722368</ymax>
    </bndbox>
    <attributes>
      <attribute>
        <name>track_id</name>
        <value>19</value>
      </attribute>
      <attribute>
        <name>keyframe</name>
        <value>True</value>
      </attribute>
    </attributes>
  </object>
  <object>
    <name>vehicule</name>
    <occluded>0</occluded>
    <bndbox>
      <xmin>140.35833333333434</xmin>
      <ymin>670.566666666668</ymin>
      <xmax>497.21988932291674</xmax>
      <ymax>1130.456802368164</ymax>
    </bndbox>
    <attributes>
      <attribute>
        <name>track_id</name>
        <value>20</value>
      </attribute>
      <attribute>
        <name>keyframe</name>
        <value>True</value>
      </attribute>
    </attributes>
  </object>
  <object>
    <name>vehicule</name>
    <occluded>0</occluded>
    <bndbox>
      <xmin>1078.34765625</xmin>
      <ymin>45.074316406250546</ymin>
      <xmax>1385.2182159423828</xmax>
      <ymax>280.0872161865227</ymax>
    </bndbox>
    <attributes>
      <attribute>
        <name>track_id</name>
        <value>26</value>
      </attribute>
      <attribute>
        <name>keyframe</name>
        <value>True</value>
      </attribute>
    </attributes>
  </object>
  <object>
    <name>vehicule</name>
    <occluded>0</occluded>
    <bndbox>
      <xmin>757.5696614583334</xmin>
      <ymin>9.311979166667394</ymin>
      <xmax>1062.6077351888027</xmax>
      <ymax>225.10681660970053</ymax>
    </bndbox>
    <attributes>
      <attribute>
        <name>track_id</name>
        <value>29</value>
      </attribute>
      <attribute>
        <name>keyframe</name>
        <value>True</value>
      </attribute>
    </attributes>
  </object>
  <object>
    <name>vehicule</name>
    <occluded>0</occluded>
    <bndbox>
      <xmin>989.7034505208334</xmin>
      <ymin>1405.6380208333333</ymin>
      <xmax>1755.2798177083346</xmax>
      <ymax>1800.8774312337239</ymax>
    </bndbox>
    <attributes>
      <attribute>
        <name>track_id</name>
        <value>30</value>
      </attribute>
      <attribute>
        <name>keyframe</name>
        <value>True</value>
      </attribute>
    </attributes>
  </object>
  <object>
    <name>vehicule</name>
    <occluded>0</occluded>
    <bndbox>
      <xmin>452.8999720982143</xmin>
      <ymin>23.094587053571946</ymin>
      <xmax>748.551491873605</xmax>
      <ymax>275.1975350516181</ymax>
    </bndbox>
    <attributes>
      <attribute>
        <name>track_id</name>
        <value>31</value>
      </attribute>
      <attribute>
        <name>keyframe</name>
        <value>True</value>
      </attribute>
    </attributes>
  </object>
  <object>
    <name>vehicule</name>
    <occluded>0</occluded>
    <bndbox>
      <xmin>1609.4236653645833</xmin>
      <ymin>620.2754371279761</ymin>
      <xmax>2163.1428571428573</xmax>
      <ymax>1033.2380952380954</ymax>
    </bndbox>
    <attributes>
      <attribute>
        <name>track_id</name>
        <value>143</value>
      </attribute>
      <attribute>
        <name>keyframe</name>
        <value>True</value>
      </attribute>
    </attributes>
  </object>
  <object>
    <name>vehicule</name>
    <occluded>0</occluded>
    <bndbox>
      <xmin>1285.1601674748563</xmin>
      <ymin>377.6844805136494</ymin>
      <xmax>1605.6650502873563</xmax>
      <ymax>688.848988570289</ymax>
    </bndbox>
    <attributes>
      <attribute>
        <name>track_id</name>
        <value>144</value>
      </attribute>
      <attribute>
        <name>keyframe</name>
        <value>True</value>
      </attribute>
    </attributes>
  </object>
</annotation>
