<annotation>
  <folder>frame</folder>
  <filename>frame_000024.jpg</filename>
  <source>
    <database>Unknown</database>
    <annotation>Unknown</annotation>
    <image>Unknown</image>
  </source>
  <size>
    <width>2456</width>
    <height>2054</height>
    <depth>3</depth>
  </size>
  <segmented>0</segmented>
  <object>
    <name>vehicule</name>
    <occluded>0</occluded>
    <bndbox>
      <xmin>1060.456298828125</xmin>
      <ymin>1165.48583984375</ymin>
      <xmax>1742.3709472656265</xmax>
      <ymax>1507.8252929687515</ymax>
    </bndbox>
    <attributes>
      <attribute>
        <name>track_id</name>
        <value>0</value>
      </attribute>
      <attribute>
        <name>keyframe</name>
        <value>True</value>
      </attribute>
    </attributes>
  </object>
  <object>
    <name>vehicule</name>
    <occluded>0</occluded>
    <bndbox>
      <xmin>112.55126953125</xmin>
      <ymin>189.76376953125026</ymin>
      <xmax>564.1553710937515</xmax>
      <ymax>438.8072967529285</ymax>
    </bndbox>
    <attributes>
      <attribute>
        <name>track_id</name>
        <value>1</value>
      </attribute>
      <attribute>
        <name>keyframe</name>
        <value>True</value>
      </attribute>
    </attributes>
  </object>
  <object>
    <name>vehicule</name>
    <occluded>0</occluded>
    <bndbox>
      <xmin>1086.4398193359375</xmin>
      <ymin>1596.5146484375</ymin>
      <xmax>1802.2003662109382</xmax>
      <ymax>1966.8570556640625</ymax>
    </bndbox>
    <attributes>
      <attribute>
        <name>track_id</name>
        <value>2</value>
      </attribute>
      <attribute>
        <name>keyframe</name>
        <value>True</value>
      </attribute>
    </attributes>
  </object>
  <object>
    <name>vehicule</name>
    <occluded>0</occluded>
    <bndbox>
      <xmin>1082.7112630208333</xmin>
      <ymin>48.410915798611114</ymin>
      <xmax>1392.4444444444446</xmax>
      <ymax>278.7054562038845</ymax>
    </bndbox>
    <attributes>
      <attribute>
        <name>track_id</name>
        <value>3</value>
      </attribute>
      <attribute>
        <name>keyframe</name>
        <value>True</value>
      </attribute>
    </attributes>
  </object>
  <object>
    <name>vehicule</name>
    <occluded>0</occluded>
    <bndbox>
      <xmin>50.11074218750097</xmin>
      <ymin>1419.125</ymin>
      <xmax>685.9865315755208</xmax>
      <ymax>1789.4674072265625</ymax>
    </bndbox>
    <attributes>
      <attribute>
        <name>track_id</name>
        <value>4</value>
      </attribute>
      <attribute>
        <name>keyframe</name>
        <value>True</value>
      </attribute>
    </attributes>
  </object>
  <object>
    <name>vehicule</name>
    <occluded>0</occluded>
    <bndbox>
      <xmin>1290.8024088541667</xmin>
      <ymin>439.8455403645833</ymin>
      <xmax>1727.0500000000013</xmax>
      <ymax>816.3801106770837</ymax>
    </bndbox>
    <attributes>
      <attribute>
        <name>track_id</name>
        <value>143</value>
      </attribute>
      <attribute>
        <name>keyframe</name>
        <value>True</value>
      </attribute>
    </attributes>
  </object>
  <object>
    <name>vehicule</name>
    <occluded>0</occluded>
    <bndbox>
      <xmin>1148.1561523437501</xmin>
      <ymin>252.60647786458352</ymin>
      <xmax>1373.7895609537761</xmax>
      <ymax>530.0960184733073</ymax>
    </bndbox>
    <attributes>
      <attribute>
        <name>track_id</name>
        <value>144</value>
      </attribute>
      <attribute>
        <name>keyframe</name>
        <value>True</value>
      </attribute>
    </attributes>
  </object>
  <object>
    <name>vehicule</name>
    <occluded>0</occluded>
    <bndbox>
      <xmin>820.8597412109376</xmin>
      <ymin>473.4862467447917</ymin>
      <xmax>1156.0722961425781</xmax>
      <ymax>834.4363321940097</ymax>
    </bndbox>
    <attributes>
      <attribute>
        <name>track_id</name>
        <value>145</value>
      </attribute>
      <attribute>
        <name>keyframe</name>
        <value>True</value>
      </attribute>
    </attributes>
  </object>
  <object>
    <name>vehicule</name>
    <occluded>0</occluded>
    <bndbox>
      <xmin>1709.5748697916667</xmin>
      <ymin>868.8214518229166</ymin>
      <xmax>2369.3365519205727</xmax>
      <ymax>1214.2423319498691</ymax>
    </bndbox>
    <attributes>
      <attribute>
        <name>track_id</name>
        <value>147</value>
      </attribute>
      <attribute>
        <name>keyframe</name>
        <value>True</value>
      </attribute>
    </attributes>
  </object>
</annotation>
