<annotation>
  <folder>frame</folder>
  <filename>frame_000334.jpg</filename>
  <source>
    <database>Unknown</database>
    <annotation>Unknown</annotation>
    <image>Unknown</image>
  </source>
  <size>
    <width>2456</width>
    <height>2054</height>
    <depth>3</depth>
  </size>
  <segmented>0</segmented>
  <object>
    <name>vehicule</name>
    <occluded>0</occluded>
    <bndbox>
      <xmin>1780.13916015625</xmin>
      <ymin>944.4814453125</ymin>
      <xmax>2416.5459167480467</xmax>
      <ymax>1370.8938090006523</ymax>
    </bndbox>
    <attributes>
      <attribute>
        <name>track_id</name>
        <value>43</value>
      </attribute>
      <attribute>
        <name>keyframe</name>
        <value>True</value>
      </attribute>
    </attributes>
  </object>
  <object>
    <name>vehicule</name>
    <occluded>0</occluded>
    <bndbox>
      <xmin>1545.0668294270836</xmin>
      <ymin>668.0341796875013</ymin>
      <xmax>2011.7988993326817</xmax>
      <ymax>1003.6579132080078</ymax>
    </bndbox>
    <attributes>
      <attribute>
        <name>track_id</name>
        <value>46</value>
      </attribute>
      <attribute>
        <name>keyframe</name>
        <value>True</value>
      </attribute>
    </attributes>
  </object>
  <object>
    <name>vehicule</name>
    <occluded>0</occluded>
    <bndbox>
      <xmin>1164.4118489583334</xmin>
      <ymin>683.6879947916668</ymin>
      <xmax>1565.4085028076186</xmax>
      <ymax>1048.9901814778646</ymax>
    </bndbox>
    <attributes>
      <attribute>
        <name>track_id</name>
        <value>49</value>
      </attribute>
      <attribute>
        <name>keyframe</name>
        <value>True</value>
      </attribute>
    </attributes>
  </object>
  <object>
    <name>vehicule</name>
    <occluded>0</occluded>
    <bndbox>
      <xmin>778.0498697916667</xmin>
      <ymin>596.9200000000004</ymin>
      <xmax>1169.4412760416667</xmax>
      <ymax>963.0941223144531</ymax>
    </bndbox>
    <attributes>
      <attribute>
        <name>track_id</name>
        <value>50</value>
      </attribute>
      <attribute>
        <name>keyframe</name>
        <value>True</value>
      </attribute>
    </attributes>
  </object>
  <object>
    <name>vehicule</name>
    <occluded>0</occluded>
    <bndbox>
      <xmin>1207.479817708334</xmin>
      <ymin>390.59130859375034</ymin>
      <xmax>1523.1983347574871</xmax>
      <ymax>680.5137369791664</ymax>
    </bndbox>
    <attributes>
      <attribute>
        <name>track_id</name>
        <value>53</value>
      </attribute>
      <attribute>
        <name>keyframe</name>
        <value>True</value>
      </attribute>
    </attributes>
  </object>
  <object>
    <name>vehicule</name>
    <occluded>0</occluded>
    <bndbox>
      <xmin>1366.0099283854167</xmin>
      <ymin>1500.0753580729167</ymin>
      <xmax>2249.8265299479176</xmax>
      <ymax>1926.3983133951813</ymax>
    </bndbox>
    <attributes>
      <attribute>
        <name>track_id</name>
        <value>54</value>
      </attribute>
      <attribute>
        <name>keyframe</name>
        <value>True</value>
      </attribute>
    </attributes>
  </object>
  <object>
    <name>vehicule</name>
    <occluded>0</occluded>
    <bndbox>
      <xmin>1104.7998046875</xmin>
      <ymin>172.8000000000008</ymin>
      <xmax>1348.9333333333345</xmax>
      <ymax>447.10518646240234</ymax>
    </bndbox>
    <attributes>
      <attribute>
        <name>track_id</name>
        <value>55</value>
      </attribute>
      <attribute>
        <name>keyframe</name>
        <value>True</value>
      </attribute>
    </attributes>
  </object>
  <object>
    <name>vehicule</name>
    <occluded>0</occluded>
    <bndbox>
      <xmin>475.52998046874995</xmin>
      <ymin>137.25</ymin>
      <xmax>754.1030316162116</xmax>
      <ymax>404.5733825683594</ymax>
    </bndbox>
    <attributes>
      <attribute>
        <name>track_id</name>
        <value>56</value>
      </attribute>
      <attribute>
        <name>keyframe</name>
        <value>True</value>
      </attribute>
    </attributes>
  </object>
  <object>
    <name>vehicule</name>
    <occluded>0</occluded>
    <bndbox>
      <xmin>972.5348307291666</xmin>
      <ymin>0.0</ymin>
      <xmax>1264.9028828938808</xmax>
      <ymax>219.92017110188803</ymax>
    </bndbox>
    <attributes>
      <attribute>
        <name>track_id</name>
        <value>57</value>
      </attribute>
      <attribute>
        <name>keyframe</name>
        <value>True</value>
      </attribute>
    </attributes>
  </object>
</annotation>
