<annotation>
  <folder>frame</folder>
  <filename>frame_000230.jpg</filename>
  <source>
    <database>Unknown</database>
    <annotation>Unknown</annotation>
    <image>Unknown</image>
  </source>
  <size>
    <width>2456</width>
    <height>2054</height>
    <depth>3</depth>
  </size>
  <segmented>0</segmented>
  <object>
    <name>vehicule</name>
    <occluded>0</occluded>
    <bndbox>
      <xmin>1637.1125000000013</xmin>
      <ymin>647.637500000001</ymin>
      <xmax>2156.608596801758</xmax>
      <ymax>936.7458610534668</ymax>
    </bndbox>
    <attributes>
      <attribute>
        <name>track_id</name>
        <value>10</value>
      </attribute>
      <attribute>
        <name>keyframe</name>
        <value>True</value>
      </attribute>
    </attributes>
  </object>
  <object>
    <name>vehicule</name>
    <occluded>0</occluded>
    <bndbox>
      <xmin>1476.9863281250002</xmin>
      <ymin>1111.8477783203125</ymin>
      <xmax>2111.858618164062</xmax>
      <ymax>1559.9525756835938</ymax>
    </bndbox>
    <attributes>
      <attribute>
        <name>track_id</name>
        <value>13</value>
      </attribute>
      <attribute>
        <name>keyframe</name>
        <value>True</value>
      </attribute>
    </attributes>
  </object>
  <object>
    <name>vehicule</name>
    <occluded>0</occluded>
    <bndbox>
      <xmin>806.345458984375</xmin>
      <ymin>741.4749755859382</ymin>
      <xmax>1314.3879798889166</xmax>
      <ymax>1164.2839897155766</ymax>
    </bndbox>
    <attributes>
      <attribute>
        <name>track_id</name>
        <value>15</value>
      </attribute>
      <attribute>
        <name>keyframe</name>
        <value>True</value>
      </attribute>
    </attributes>
  </object>
  <object>
    <name>vehicule</name>
    <occluded>0</occluded>
    <bndbox>
      <xmin>1544.0375000000001</xmin>
      <ymin>779.5375000000006</ymin>
      <xmax>2138.652729034424</xmax>
      <ymax>1212.9162483215332</ymax>
    </bndbox>
    <attributes>
      <attribute>
        <name>track_id</name>
        <value>16</value>
      </attribute>
      <attribute>
        <name>keyframe</name>
        <value>True</value>
      </attribute>
    </attributes>
  </object>
  <object>
    <name>vehicule</name>
    <occluded>0</occluded>
    <bndbox>
      <xmin>1035.095703125001</xmin>
      <ymin>592.9133300781259</ymin>
      <xmax>1445.8847595214838</xmax>
      <ymax>916.516137695312</ymax>
    </bndbox>
    <attributes>
      <attribute>
        <name>track_id</name>
        <value>19</value>
      </attribute>
      <attribute>
        <name>keyframe</name>
        <value>True</value>
      </attribute>
    </attributes>
  </object>
  <object>
    <name>vehicule</name>
    <occluded>0</occluded>
    <bndbox>
      <xmin>1191.137500000001</xmin>
      <ymin>377.6750000000004</ymin>
      <xmax>1528.7388019561768</xmax>
      <ymax>688.164794921875</ymax>
    </bndbox>
    <attributes>
      <attribute>
        <name>track_id</name>
        <value>26</value>
      </attribute>
      <attribute>
        <name>keyframe</name>
        <value>True</value>
      </attribute>
    </attributes>
  </object>
  <object>
    <name>vehicule</name>
    <occluded>0</occluded>
    <bndbox>
      <xmin>713.750244140625</xmin>
      <ymin>218.20000000000073</ymin>
      <xmax>1002.85788345337</xmax>
      <ymax>529.8359756469727</ymax>
    </bndbox>
    <attributes>
      <attribute>
        <name>track_id</name>
        <value>29</value>
      </attribute>
      <attribute>
        <name>keyframe</name>
        <value>True</value>
      </attribute>
    </attributes>
  </object>
  <object>
    <name>vehicule</name>
    <occluded>0</occluded>
    <bndbox>
      <xmin>426.3167724609382</xmin>
      <ymin>850.0461425781255</ymin>
      <xmax>947.5660171508789</xmax>
      <ymax>1301.2552001953122</ymax>
    </bndbox>
    <attributes>
      <attribute>
        <name>track_id</name>
        <value>31</value>
      </attribute>
      <attribute>
        <name>keyframe</name>
        <value>True</value>
      </attribute>
    </attributes>
  </object>
  <object>
    <name>vehicule</name>
    <occluded>0</occluded>
    <bndbox>
      <xmin>335.212500000001</xmin>
      <ymin>498.3105468750007</ymin>
      <xmax>686.5497627258301</xmax>
      <ymax>921.5760986328121</ymax>
    </bndbox>
    <attributes>
      <attribute>
        <name>track_id</name>
        <value>34</value>
      </attribute>
      <attribute>
        <name>keyframe</name>
        <value>True</value>
      </attribute>
    </attributes>
  </object>
  <object>
    <name>vehicule</name>
    <occluded>0</occluded>
    <bndbox>
      <xmin>1179.87890625</xmin>
      <ymin>105.0</ymin>
      <xmax>1394.9009765625015</xmax>
      <ymax>389.0131530761719</ymax>
    </bndbox>
    <attributes>
      <attribute>
        <name>track_id</name>
        <value>35</value>
      </attribute>
      <attribute>
        <name>keyframe</name>
        <value>True</value>
      </attribute>
    </attributes>
  </object>
  <object>
    <name>vehicule</name>
    <occluded>0</occluded>
    <bndbox>
      <xmin>910.29150390625</xmin>
      <ymin>65.77355957031273</ymin>
      <xmax>1156.5315429687507</xmax>
      <ymax>299.15224304199205</ymax>
    </bndbox>
    <attributes>
      <attribute>
        <name>track_id</name>
        <value>37</value>
      </attribute>
      <attribute>
        <name>keyframe</name>
        <value>True</value>
      </attribute>
    </attributes>
  </object>
  <object>
    <name>vehicule</name>
    <occluded>0</occluded>
    <bndbox>
      <xmin>569.9080810546875</xmin>
      <ymin>1617.9150390625</ymin>
      <xmax>1544.308081054689</xmax>
      <ymax>1954.0216491699211</ymax>
    </bndbox>
    <attributes>
      <attribute>
        <name>track_id</name>
        <value>38</value>
      </attribute>
      <attribute>
        <name>keyframe</name>
        <value>True</value>
      </attribute>
    </attributes>
  </object>
</annotation>
