<annotation>
  <folder>frame</folder>
  <filename>frame_000173.jpg</filename>
  <source>
    <database>Unknown</database>
    <annotation>Unknown</annotation>
    <image>Unknown</image>
  </source>
  <size>
    <width>2456</width>
    <height>2054</height>
    <depth>3</depth>
  </size>
  <segmented>0</segmented>
  <object>
    <name>vehicule</name>
    <occluded>0</occluded>
    <bndbox>
      <xmin>1194.4481901041668</xmin>
      <ymin>657.827330729167</ymin>
      <xmax>1630.2609358723969</xmax>
      <ymax>1007.5153645833333</ymax>
    </bndbox>
    <attributes>
      <attribute>
        <name>track_id</name>
        <value>3</value>
      </attribute>
      <attribute>
        <name>keyframe</name>
        <value>True</value>
      </attribute>
    </attributes>
  </object>
  <object>
    <name>vehicule</name>
    <occluded>0</occluded>
    <bndbox>
      <xmin>851.8200000000002</xmin>
      <ymin>902.4462890625</ymin>
      <xmax>1341.6121215820312</xmax>
      <ymax>1305.427895914713</ymax>
    </bndbox>
    <attributes>
      <attribute>
        <name>track_id</name>
        <value>7</value>
      </attribute>
      <attribute>
        <name>keyframe</name>
        <value>True</value>
      </attribute>
    </attributes>
  </object>
  <object>
    <name>vehicule</name>
    <occluded>0</occluded>
    <bndbox>
      <xmin>1157.461186427696</xmin>
      <ymin>267.37627336090685</ymin>
      <xmax>1422.2920458026967</xmax>
      <ymax>541.2011970669605</ymax>
    </bndbox>
    <attributes>
      <attribute>
        <name>track_id</name>
        <value>10</value>
      </attribute>
      <attribute>
        <name>keyframe</name>
        <value>True</value>
      </attribute>
    </attributes>
  </object>
  <object>
    <name>vehicule</name>
    <occluded>0</occluded>
    <bndbox>
      <xmin>659.0510416666667</xmin>
      <ymin>514.9332812500008</ymin>
      <xmax>932.4600000000011</xmax>
      <ymax>926.7891711425779</ymax>
    </bndbox>
    <attributes>
      <attribute>
        <name>track_id</name>
        <value>13</value>
      </attribute>
      <attribute>
        <name>keyframe</name>
        <value>True</value>
      </attribute>
    </attributes>
  </object>
  <object>
    <name>vehicule</name>
    <occluded>0</occluded>
    <bndbox>
      <xmin>419.3642816310976</xmin>
      <ymin>358.650352515244</ymin>
      <xmax>708.8087152248472</xmax>
      <ymax>707.174168433212</ymax>
    </bndbox>
    <attributes>
      <attribute>
        <name>track_id</name>
        <value>15</value>
      </attribute>
      <attribute>
        <name>keyframe</name>
        <value>True</value>
      </attribute>
    </attributes>
  </object>
  <object>
    <name>vehicule</name>
    <occluded>0</occluded>
    <bndbox>
      <xmin>884.6731250000001</xmin>
      <ymin>220.10666666666694</ymin>
      <xmax>1137.1981787109378</xmax>
      <ymax>566.402901204427</ymax>
    </bndbox>
    <attributes>
      <attribute>
        <name>track_id</name>
        <value>16</value>
      </attribute>
      <attribute>
        <name>keyframe</name>
        <value>True</value>
      </attribute>
    </attributes>
  </object>
  <object>
    <name>vehicule</name>
    <occluded>0</occluded>
    <bndbox>
      <xmin>639.3294270833334</xmin>
      <ymin>237.62532552083331</ymin>
      <xmax>863.3880208333345</xmax>
      <ymax>512.4599436442053</ymax>
    </bndbox>
    <attributes>
      <attribute>
        <name>track_id</name>
        <value>19</value>
      </attribute>
      <attribute>
        <name>keyframe</name>
        <value>True</value>
      </attribute>
    </attributes>
  </object>
  <object>
    <name>vehicule</name>
    <occluded>0</occluded>
    <bndbox>
      <xmin>176.64666666666793</xmin>
      <ymin>741.0666666666681</ymin>
      <xmax>582.6994242350261</xmax>
      <ymax>1211.4238403320312</ymax>
    </bndbox>
    <attributes>
      <attribute>
        <name>track_id</name>
        <value>20</value>
      </attribute>
      <attribute>
        <name>keyframe</name>
        <value>True</value>
      </attribute>
    </attributes>
  </object>
  <object>
    <name>vehicule</name>
    <occluded>0</occluded>
    <bndbox>
      <xmin>1065.043212890625</xmin>
      <ymin>54.17587402343829</ymin>
      <xmax>1369.8200187683105</xmax>
      <ymax>299.69363845825154</ymax>
    </bndbox>
    <attributes>
      <attribute>
        <name>track_id</name>
        <value>26</value>
      </attribute>
      <attribute>
        <name>keyframe</name>
        <value>True</value>
      </attribute>
    </attributes>
  </object>
  <object>
    <name>vehicule</name>
    <occluded>0</occluded>
    <bndbox>
      <xmin>737.5623604910714</xmin>
      <ymin>13.747619047620034</ymin>
      <xmax>1032.0952380952392</xmax>
      <ymax>248.52183823358445</ymax>
    </bndbox>
    <attributes>
      <attribute>
        <name>track_id</name>
        <value>29</value>
      </attribute>
      <attribute>
        <name>keyframe</name>
        <value>True</value>
      </attribute>
    </attributes>
  </object>
  <object>
    <name>vehicule</name>
    <occluded>0</occluded>
    <bndbox>
      <xmin>1512.798828125</xmin>
      <ymin>1478.25390625</ymin>
      <xmax>2278.375195312501</xmax>
      <ymax>1873.4933166503906</ymax>
    </bndbox>
    <attributes>
      <attribute>
        <name>track_id</name>
        <value>30</value>
      </attribute>
      <attribute>
        <name>keyframe</name>
        <value>True</value>
      </attribute>
    </attributes>
  </object>
  <object>
    <name>vehicule</name>
    <occluded>0</occluded>
    <bndbox>
      <xmin>313.59602864583337</xmin>
      <ymin>119.2744140625</ymin>
      <xmax>609.247548421224</xmax>
      <ymax>371.37736206054615</ymax>
    </bndbox>
    <attributes>
      <attribute>
        <name>track_id</name>
        <value>31</value>
      </attribute>
      <attribute>
        <name>keyframe</name>
        <value>True</value>
      </attribute>
    </attributes>
  </object>
  <object>
    <name>vehicule</name>
    <occluded>0</occluded>
    <bndbox>
      <xmin>59.4069661458343</xmin>
      <ymin>1612.076171875</ymin>
      <xmax>749.288818359375</xmax>
      <ymax>2016.6519165039062</ymax>
    </bndbox>
    <attributes>
      <attribute>
        <name>track_id</name>
        <value>32</value>
      </attribute>
      <attribute>
        <name>keyframe</name>
        <value>True</value>
      </attribute>
    </attributes>
  </object>
  <object>
    <name>vehicule</name>
    <occluded>0</occluded>
    <bndbox>
      <xmin>1685.2112630208333</xmin>
      <ymin>654.9979817708333</ymin>
      <xmax>2255.5333333333333</xmax>
      <ymax>1062.4200000000003</ymax>
    </bndbox>
    <attributes>
      <attribute>
        <name>track_id</name>
        <value>143</value>
      </attribute>
      <attribute>
        <name>keyframe</name>
        <value>True</value>
      </attribute>
    </attributes>
  </object>
  <object>
    <name>vehicule</name>
    <occluded>0</occluded>
    <bndbox>
      <xmin>1312.8073567708334</xmin>
      <ymin>407.32830729166693</ymin>
      <xmax>1666.5052083333333</xmax>
      <ymax>727.6109875488273</ymax>
    </bndbox>
    <attributes>
      <attribute>
        <name>track_id</name>
        <value>144</value>
      </attribute>
      <attribute>
        <name>keyframe</name>
        <value>True</value>
      </attribute>
    </attributes>
  </object>
</annotation>
