<annotation>
  <folder>frame</folder>
  <filename>frame_000716.jpg</filename>
  <source>
    <database>Unknown</database>
    <annotation>Unknown</annotation>
    <image>Unknown</image>
  </source>
  <size>
    <width>2456</width>
    <height>2054</height>
    <depth>3</depth>
  </size>
  <segmented>0</segmented>
  <object>
    <name>vehicule</name>
    <occluded>0</occluded>
    <bndbox>
      <xmin>1319.800000000001</xmin>
      <ymin>521.3741210937505</ymin>
      <xmax>1758.968017578125</xmax>
      <ymax>846.183374023437</ymax>
    </bndbox>
    <attributes>
      <attribute>
        <name>track_id</name>
        <value>92</value>
      </attribute>
      <attribute>
        <name>keyframe</name>
        <value>True</value>
      </attribute>
    </attributes>
  </object>
  <object>
    <name>vehicule</name>
    <occluded>0</occluded>
    <bndbox>
      <xmin>822.6029575892868</xmin>
      <ymin>82.21428571428598</ymin>
      <xmax>1081.192831856864</xmax>
      <ymax>352.0227443150112</ymax>
    </bndbox>
    <attributes>
      <attribute>
        <name>track_id</name>
        <value>93</value>
      </attribute>
      <attribute>
        <name>keyframe</name>
        <value>True</value>
      </attribute>
    </attributes>
  </object>
</annotation>
