<annotation>
  <folder>frame</folder>
  <filename>frame_000150.jpg</filename>
  <source>
    <database>Unknown</database>
    <annotation>Unknown</annotation>
    <image>Unknown</image>
  </source>
  <size>
    <width>2456</width>
    <height>2054</height>
    <depth>3</depth>
  </size>
  <segmented>0</segmented>
  <object>
    <name>vehicule</name>
    <occluded>0</occluded>
    <bndbox>
      <xmin>1052.0719168526787</xmin>
      <ymin>524.1069893973221</ymin>
      <xmax>1405.7460956391842</xmax>
      <ymax>863.9930739629837</ymax>
    </bndbox>
    <attributes>
      <attribute>
        <name>track_id</name>
        <value>3</value>
      </attribute>
      <attribute>
        <name>keyframe</name>
        <value>True</value>
      </attribute>
    </attributes>
  </object>
  <object>
    <name>vehicule</name>
    <occluded>0</occluded>
    <bndbox>
      <xmin>688.1167067307699</xmin>
      <ymin>732.6898287259615</ymin>
      <xmax>1068.464041841947</xmax>
      <ymax>1134.005545278695</ymax>
    </bndbox>
    <attributes>
      <attribute>
        <name>track_id</name>
        <value>7</value>
      </attribute>
      <attribute>
        <name>keyframe</name>
        <value>True</value>
      </attribute>
    </attributes>
  </object>
  <object>
    <name>vehicule</name>
    <occluded>0</occluded>
    <bndbox>
      <xmin>1150.4436848958333</xmin>
      <ymin>240.70963541666666</ymin>
      <xmax>1415.274544270834</xmax>
      <ymax>514.5345591227202</ymax>
    </bndbox>
    <attributes>
      <attribute>
        <name>track_id</name>
        <value>10</value>
      </attribute>
      <attribute>
        <name>keyframe</name>
        <value>True</value>
      </attribute>
    </attributes>
  </object>
  <object>
    <name>vehicule</name>
    <occluded>0</occluded>
    <bndbox>
      <xmin>646.864561987705</xmin>
      <ymin>454.2016105276647</ymin>
      <xmax>913.6658192118671</xmax>
      <ymax>820.2214420506211</ymax>
    </bndbox>
    <attributes>
      <attribute>
        <name>track_id</name>
        <value>13</value>
      </attribute>
      <attribute>
        <name>keyframe</name>
        <value>True</value>
      </attribute>
    </attributes>
  </object>
  <object>
    <name>vehicule</name>
    <occluded>0</occluded>
    <bndbox>
      <xmin>410.6351943597561</xmin>
      <ymin>334.20868902439054</ymin>
      <xmax>700.0796279535057</xmax>
      <ymax>682.7325049423586</ymax>
    </bndbox>
    <attributes>
      <attribute>
        <name>track_id</name>
        <value>15</value>
      </attribute>
      <attribute>
        <name>keyframe</name>
        <value>True</value>
      </attribute>
    </attributes>
  </object>
  <object>
    <name>vehicule</name>
    <occluded>0</occluded>
    <bndbox>
      <xmin>860.1279296875</xmin>
      <ymin>172.35170665922638</ymin>
      <xmax>1140.3292875744055</xmax>
      <ymax>488.2291681925452</ymax>
    </bndbox>
    <attributes>
      <attribute>
        <name>track_id</name>
        <value>16</value>
      </attribute>
      <attribute>
        <name>keyframe</name>
        <value>True</value>
      </attribute>
    </attributes>
  </object>
  <object>
    <name>vehicule</name>
    <occluded>0</occluded>
    <bndbox>
      <xmin>627.9176432291666</xmin>
      <ymin>210.64127604166666</ymin>
      <xmax>870.639127604168</xmax>
      <ymax>467.8526509602858</ymax>
    </bndbox>
    <attributes>
      <attribute>
        <name>track_id</name>
        <value>19</value>
      </attribute>
      <attribute>
        <name>keyframe</name>
        <value>True</value>
      </attribute>
    </attributes>
  </object>
  <object>
    <name>vehicule</name>
    <occluded>0</occluded>
    <bndbox>
      <xmin>96.79577824519248</xmin>
      <ymin>583.528109975962</ymin>
      <xmax>403.9362896259012</xmax>
      <ymax>1008.5454439603374</ymax>
    </bndbox>
    <attributes>
      <attribute>
        <name>track_id</name>
        <value>20</value>
      </attribute>
      <attribute>
        <name>keyframe</name>
        <value>True</value>
      </attribute>
    </attributes>
  </object>
  <object>
    <name>vehicule</name>
    <occluded>0</occluded>
    <bndbox>
      <xmin>1099.04345703125</xmin>
      <ymin>30.916337890625165</ymin>
      <xmax>1409.1709671020508</xmax>
      <ymax>249.58833709716674</ymax>
    </bndbox>
    <attributes>
      <attribute>
        <name>track_id</name>
        <value>26</value>
      </attribute>
      <attribute>
        <name>keyframe</name>
        <value>True</value>
      </attribute>
    </attributes>
  </object>
  <object>
    <name>vehicule</name>
    <occluded>0</occluded>
    <bndbox>
      <xmin>1254.154017857143</xmin>
      <ymin>1627.167271205357</ymin>
      <xmax>1960.9540300641727</xmax>
      <ymax>1966.412876674107</ymax>
    </bndbox>
    <attributes>
      <attribute>
        <name>track_id</name>
        <value>27</value>
      </attribute>
      <attribute>
        <name>keyframe</name>
        <value>True</value>
      </attribute>
    </attributes>
  </object>
  <object>
    <name>vehicule</name>
    <occluded>0</occluded>
    <bndbox>
      <xmin>0.0</xmin>
      <ymin>264.4775390625</ymin>
      <xmax>323.9416015625011</xmax>
      <ymax>532.2087890625007</ymax>
    </bndbox>
    <attributes>
      <attribute>
        <name>track_id</name>
        <value>28</value>
      </attribute>
      <attribute>
        <name>keyframe</name>
        <value>True</value>
      </attribute>
    </attributes>
  </object>
  <object>
    <name>vehicule</name>
    <occluded>0</occluded>
    <bndbox>
      <xmin>800.72578125</xmin>
      <ymin>5.6015625</ymin>
      <xmax>1124.4060180664062</xmax>
      <ymax>192.3262176513672</ymax>
    </bndbox>
    <attributes>
      <attribute>
        <name>track_id</name>
        <value>29</value>
      </attribute>
      <attribute>
        <name>keyframe</name>
        <value>True</value>
      </attribute>
    </attributes>
  </object>
  <object>
    <name>vehicule</name>
    <occluded>0</occluded>
    <bndbox>
      <xmin>40.76611328125</xmin>
      <ymin>1384.890625</ymin>
      <xmax>672.5239929199224</xmax>
      <ymax>1780.1300354003906</ymax>
    </bndbox>
    <attributes>
      <attribute>
        <name>track_id</name>
        <value>30</value>
      </attribute>
      <attribute>
        <name>keyframe</name>
        <value>True</value>
      </attribute>
    </attributes>
  </object>
  <object>
    <name>vehicule</name>
    <occluded>0</occluded>
    <bndbox>
      <xmin>1557.5548502604167</xmin>
      <ymin>588.1165829613095</ymin>
      <xmax>2101.942857142858</xmax>
      <ymax>1007.3047619047622</ymax>
    </bndbox>
    <attributes>
      <attribute>
        <name>track_id</name>
        <value>143</value>
      </attribute>
      <attribute>
        <name>keyframe</name>
        <value>True</value>
      </attribute>
    </attributes>
  </object>
  <object>
    <name>vehicule</name>
    <occluded>0</occluded>
    <bndbox>
      <xmin>1275.144183279454</xmin>
      <ymin>380.6893072018678</ymin>
      <xmax>1595.649066091954</xmax>
      <ymax>691.8538152585073</ymax>
    </bndbox>
    <attributes>
      <attribute>
        <name>track_id</name>
        <value>144</value>
      </attribute>
      <attribute>
        <name>keyframe</name>
        <value>True</value>
      </attribute>
    </attributes>
  </object>
  <object>
    <name>vehicule</name>
    <occluded>0</occluded>
    <bndbox>
      <xmin>1501.8594238281253</xmin>
      <ymin>930.6268066406251</ymin>
      <xmax>2083.0787689208987</xmax>
      <ymax>1335.0970275878904</ymax>
    </bndbox>
    <attributes>
      <attribute>
        <name>track_id</name>
        <value>145</value>
      </attribute>
      <attribute>
        <name>keyframe</name>
        <value>True</value>
      </attribute>
    </attributes>
  </object>
</annotation>
