<annotation>
  <folder>frame</folder>
  <filename>frame_000767.jpg</filename>
  <source>
    <database>Unknown</database>
    <annotation>Unknown</annotation>
    <image>Unknown</image>
  </source>
  <size>
    <width>2456</width>
    <height>2054</height>
    <depth>3</depth>
  </size>
  <segmented>0</segmented>
  <object>
    <name>vehicule</name>
    <occluded>0</occluded>
    <bndbox>
      <xmin>474.908203125</xmin>
      <ymin>149.40000000000146</ymin>
      <xmax>873.6095703125011</xmax>
      <ymax>449.3883972167969</ymax>
    </bndbox>
    <attributes>
      <attribute>
        <name>track_id</name>
        <value>99</value>
      </attribute>
      <attribute>
        <name>keyframe</name>
        <value>True</value>
      </attribute>
    </attributes>
  </object>
  <object>
    <name>vehicule</name>
    <occluded>0</occluded>
    <bndbox>
      <xmin>838.0496651785714</xmin>
      <ymin>1585.275669642857</ymin>
      <xmax>1661.7889229910713</xmax>
      <ymax>1968.100620814732</ymax>
    </bndbox>
    <attributes>
      <attribute>
        <name>track_id</name>
        <value>100</value>
      </attribute>
      <attribute>
        <name>keyframe</name>
        <value>True</value>
      </attribute>
    </attributes>
  </object>
  <object>
    <name>vehicule</name>
    <occluded>0</occluded>
    <bndbox>
      <xmin>0.0</xmin>
      <ymin>90.20000000000073</ymin>
      <xmax>403.7000000000007</xmax>
      <ymax>365.3587646484375</ymax>
    </bndbox>
    <attributes>
      <attribute>
        <name>track_id</name>
        <value>101</value>
      </attribute>
      <attribute>
        <name>keyframe</name>
        <value>True</value>
      </attribute>
    </attributes>
  </object>
  <object>
    <name>vehicule</name>
    <occluded>0</occluded>
    <bndbox>
      <xmin>1336.9638671875</xmin>
      <ymin>1.2412109375</ymin>
      <xmax>1626.7023315429688</xmax>
      <ymax>159.9593963623047</ymax>
    </bndbox>
    <attributes>
      <attribute>
        <name>track_id</name>
        <value>102</value>
      </attribute>
      <attribute>
        <name>keyframe</name>
        <value>True</value>
      </attribute>
    </attributes>
  </object>
  <object>
    <name>vehicule</name>
    <occluded>0</occluded>
    <bndbox>
      <xmin>705.203125</xmin>
      <ymin>4.353515625</ymin>
      <xmax>1032.2870788574219</xmax>
      <ymax>231.53836059570312</ymax>
    </bndbox>
    <attributes>
      <attribute>
        <name>track_id</name>
        <value>103</value>
      </attribute>
      <attribute>
        <name>keyframe</name>
        <value>True</value>
      </attribute>
    </attributes>
  </object>
</annotation>
