<annotation>
  <folder>frame</folder>
  <filename>frame_000048.jpg</filename>
  <source>
    <database>Unknown</database>
    <annotation>Unknown</annotation>
    <image>Unknown</image>
  </source>
  <size>
    <width>2456</width>
    <height>2054</height>
    <depth>3</depth>
  </size>
  <segmented>0</segmented>
  <object>
    <name>vehicule</name>
    <occluded>0</occluded>
    <bndbox>
      <xmin>868.8388671875</xmin>
      <ymin>269.6333333333335</ymin>
      <xmax>1134.1569661458345</xmax>
      <ymax>565.3671290079752</ymax>
    </bndbox>
    <attributes>
      <attribute>
        <name>track_id</name>
        <value>3</value>
      </attribute>
      <attribute>
        <name>keyframe</name>
        <value>True</value>
      </attribute>
    </attributes>
  </object>
  <object>
    <name>vehicule</name>
    <occluded>0</occluded>
    <bndbox>
      <xmin>2100.9912109375</xmin>
      <ymin>905.6240234375</ymin>
      <xmax>2456.0</xmax>
      <ymax>1204.3876647949219</ymax>
    </bndbox>
    <attributes>
      <attribute>
        <name>track_id</name>
        <value>5</value>
      </attribute>
      <attribute>
        <name>keyframe</name>
        <value>True</value>
      </attribute>
    </attributes>
  </object>
  <object>
    <name>vehicule</name>
    <occluded>0</occluded>
    <bndbox>
      <xmin>1474.6478515625001</xmin>
      <ymin>1210.611328125</ymin>
      <xmax>2147.1240234374995</xmax>
      <ymax>1534.2719116210938</ymax>
    </bndbox>
    <attributes>
      <attribute>
        <name>track_id</name>
        <value>6</value>
      </attribute>
      <attribute>
        <name>keyframe</name>
        <value>True</value>
      </attribute>
    </attributes>
  </object>
  <object>
    <name>vehicule</name>
    <occluded>0</occluded>
    <bndbox>
      <xmin>568.7972005208334</xmin>
      <ymin>182.63362630208334</ymin>
      <xmax>837.4520182291668</xmax>
      <ymax>467.33374888102094</ymax>
    </bndbox>
    <attributes>
      <attribute>
        <name>track_id</name>
        <value>7</value>
      </attribute>
      <attribute>
        <name>keyframe</name>
        <value>True</value>
      </attribute>
    </attributes>
  </object>
  <object>
    <name>vehicule</name>
    <occluded>0</occluded>
    <bndbox>
      <xmin>1267.98046875</xmin>
      <ymin>1629.7097981770833</ymin>
      <xmax>2067.7718750000004</xmax>
      <ymax>1975.1552632649739</ymax>
    </bndbox>
    <attributes>
      <attribute>
        <name>track_id</name>
        <value>8</value>
      </attribute>
      <attribute>
        <name>keyframe</name>
        <value>True</value>
      </attribute>
    </attributes>
  </object>
  <object>
    <name>vehicule</name>
    <occluded>0</occluded>
    <bndbox>
      <xmin>53.06103515625</xmin>
      <ymin>127.55126953125</ymin>
      <xmax>415.74853515625</xmax>
      <ymax>379.6755096435536</ymax>
    </bndbox>
    <attributes>
      <attribute>
        <name>track_id</name>
        <value>9</value>
      </attribute>
      <attribute>
        <name>keyframe</name>
        <value>True</value>
      </attribute>
    </attributes>
  </object>
  <object>
    <name>vehicule</name>
    <occluded>0</occluded>
    <bndbox>
      <xmin>1170.673828125</xmin>
      <ymin>20.747884114583336</ymin>
      <xmax>1494.645703125001</xmax>
      <ymax>257.266362508138</ymax>
    </bndbox>
    <attributes>
      <attribute>
        <name>track_id</name>
        <value>10</value>
      </attribute>
      <attribute>
        <name>keyframe</name>
        <value>True</value>
      </attribute>
    </attributes>
  </object>
  <object>
    <name>vehicule</name>
    <occluded>0</occluded>
    <bndbox>
      <xmin>1360.5133463541667</xmin>
      <ymin>474.7010091145833</ymin>
      <xmax>1814.1700000000012</xmax>
      <ymax>851.2355794270837</ymax>
    </bndbox>
    <attributes>
      <attribute>
        <name>track_id</name>
        <value>143</value>
      </attribute>
      <attribute>
        <name>keyframe</name>
        <value>True</value>
      </attribute>
    </attributes>
  </object>
  <object>
    <name>vehicule</name>
    <occluded>0</occluded>
    <bndbox>
      <xmin>1160.5822460937504</xmin>
      <ymin>270.07225911458437</ymin>
      <xmax>1423.583310953776</xmax>
      <ymax>579.8897684733073</ymax>
    </bndbox>
    <attributes>
      <attribute>
        <name>track_id</name>
        <value>144</value>
      </attribute>
      <attribute>
        <name>keyframe</name>
        <value>True</value>
      </attribute>
    </attributes>
  </object>
  <object>
    <name>vehicule</name>
    <occluded>0</occluded>
    <bndbox>
      <xmin>915.2600585937502</xmin>
      <ymin>582.5403645833334</ymin>
      <xmax>1282.5012512207024</xmax>
      <ymax>943.4904500325514</ymax>
    </bndbox>
    <attributes>
      <attribute>
        <name>track_id</name>
        <value>145</value>
      </attribute>
      <attribute>
        <name>keyframe</name>
        <value>True</value>
      </attribute>
    </attributes>
  </object>
</annotation>
