<annotation>
  <folder>frame</folder>
  <filename>frame_001905.jpg</filename>
  <source>
    <database>Unknown</database>
    <annotation>Unknown</annotation>
    <image>Unknown</image>
  </source>
  <size>
    <width>2456</width>
    <height>2054</height>
    <depth>3</depth>
  </size>
  <segmented>0</segmented>
  <object>
    <name>vehicule</name>
    <occluded>0</occluded>
    <bndbox>
      <xmin>648.6218311543367</xmin>
      <ymin>1005.109693877551</ymin>
      <xmax>838.5797598438904</xmax>
      <ymax>1164.907649611915</ymax>
    </bndbox>
    <attributes>
      <attribute>
        <name>track_id</name>
        <value>92</value>
      </attribute>
      <attribute>
        <name>keyframe</name>
        <value>True</value>
      </attribute>
    </attributes>
  </object>
  <object>
    <name>vehicule</name>
    <occluded>0</occluded>
    <bndbox>
      <xmin>434.3247967155612</xmin>
      <ymin>991.0784837372449</ymin>
      <xmax>612.3170714390585</xmax>
      <ymax>1171.3671148120345</ymax>
    </bndbox>
    <attributes>
      <attribute>
        <name>track_id</name>
        <value>100</value>
      </attribute>
      <attribute>
        <name>keyframe</name>
        <value>True</value>
      </attribute>
    </attributes>
  </object>
  <object>
    <name>vehicule</name>
    <occluded>0</occluded>
    <bndbox>
      <xmin>460.25690533424915</xmin>
      <ymin>933.8173892513737</ymin>
      <xmax>603.093029941902</xmax>
      <ymax>1023.6138679867712</ymax>
    </bndbox>
    <attributes>
      <attribute>
        <name>track_id</name>
        <value>106</value>
      </attribute>
      <attribute>
        <name>keyframe</name>
        <value>True</value>
      </attribute>
    </attributes>
  </object>
  <object>
    <name>vehicule</name>
    <occluded>0</occluded>
    <bndbox>
      <xmin>622.3958834134615</xmin>
      <ymin>913.0225360576923</ymin>
      <xmax>752.1512697660006</xmax>
      <ymax>1042.7833224956803</ymax>
    </bndbox>
    <attributes>
      <attribute>
        <name>track_id</name>
        <value>108</value>
      </attribute>
      <attribute>
        <name>keyframe</name>
        <value>True</value>
      </attribute>
    </attributes>
  </object>
  <object>
    <name>vehicule</name>
    <occluded>0</occluded>
    <bndbox>
      <xmin>575.7815440418956</xmin>
      <ymin>825.0139680631868</ymin>
      <xmax>705.4028620960937</xmax>
      <ymax>946.6793977506871</ymax>
    </bndbox>
    <attributes>
      <attribute>
        <name>track_id</name>
        <value>120</value>
      </attribute>
      <attribute>
        <name>keyframe</name>
        <value>True</value>
      </attribute>
    </attributes>
  </object>
  <object>
    <name>vehicule</name>
    <occluded>0</occluded>
    <bndbox>
      <xmin>457.6324869791667</xmin>
      <ymin>829.0927734375</ymin>
      <xmax>568.3386637369791</xmax>
      <ymax>969.8911590576172</ymax>
    </bndbox>
    <attributes>
      <attribute>
        <name>track_id</name>
        <value>130</value>
      </attribute>
      <attribute>
        <name>keyframe</name>
        <value>True</value>
      </attribute>
    </attributes>
  </object>
  <object>
    <name>vehicule</name>
    <occluded>0</occluded>
    <bndbox>
      <xmin>486.4267578125</xmin>
      <ymin>1740.2000000000007</ymin>
      <xmax>778.4000000000015</xmax>
      <ymax>1991.8718719482422</ymax>
    </bndbox>
    <attributes>
      <attribute>
        <name>track_id</name>
        <value>133</value>
      </attribute>
      <attribute>
        <name>keyframe</name>
        <value>True</value>
      </attribute>
    </attributes>
  </object>
  <object>
    <name>vehicule</name>
    <occluded>0</occluded>
    <bndbox>
      <xmin>655.5322265625</xmin>
      <ymin>1523.7265625</ymin>
      <xmax>1052.630078125001</xmax>
      <ymax>1724.3110534667958</ymax>
    </bndbox>
    <attributes>
      <attribute>
        <name>track_id</name>
        <value>138</value>
      </attribute>
      <attribute>
        <name>keyframe</name>
        <value>True</value>
      </attribute>
    </attributes>
  </object>
  <object>
    <name>vehicule</name>
    <occluded>0</occluded>
    <bndbox>
      <xmin>0.0</xmin>
      <ymin>1842.4481491815477</ymin>
      <xmax>239.5339518229181</xmax>
      <ymax>2054.0</ymax>
    </bndbox>
    <attributes>
      <attribute>
        <name>track_id</name>
        <value>140</value>
      </attribute>
      <attribute>
        <name>keyframe</name>
        <value>True</value>
      </attribute>
    </attributes>
  </object>
  <object>
    <name>vehicule</name>
    <occluded>0</occluded>
    <bndbox>
      <xmin>344.0</xmin>
      <ymin>1444.5224609375</ymin>
      <xmax>699.5337829589844</xmax>
      <ymax>1686.5790985107415</ymax>
    </bndbox>
    <attributes>
      <attribute>
        <name>track_id</name>
        <value>141</value>
      </attribute>
      <attribute>
        <name>keyframe</name>
        <value>True</value>
      </attribute>
    </attributes>
  </object>
  <object>
    <name>vehicule</name>
    <occluded>0</occluded>
    <bndbox>
      <xmin>662.96875</xmin>
      <ymin>1374.291015625</ymin>
      <xmax>960.0</xmax>
      <ymax>1539.9291015625004</ymax>
    </bndbox>
    <attributes>
      <attribute>
        <name>track_id</name>
        <value>143</value>
      </attribute>
      <attribute>
        <name>keyframe</name>
        <value>True</value>
      </attribute>
    </attributes>
  </object>
  <object>
    <name>vehicule</name>
    <occluded>0</occluded>
    <bndbox>
      <xmin>995.3837890625</xmin>
      <ymin>1295.2001953125</ymin>
      <xmax>1420.9998168945312</xmax>
      <ymax>1442.393693542479</ymax>
    </bndbox>
    <attributes>
      <attribute>
        <name>track_id</name>
        <value>146</value>
      </attribute>
      <attribute>
        <name>keyframe</name>
        <value>True</value>
      </attribute>
    </attributes>
  </object>
  <object>
    <name>vehicule</name>
    <occluded>0</occluded>
    <bndbox>
      <xmin>1080.505859375</xmin>
      <ymin>1417.0869140625</ymin>
      <xmax>1418.4742187500015</xmax>
      <ymax>1585.032699584961</ymax>
    </bndbox>
    <attributes>
      <attribute>
        <name>track_id</name>
        <value>148</value>
      </attribute>
      <attribute>
        <name>keyframe</name>
        <value>True</value>
      </attribute>
    </attributes>
  </object>
  <object>
    <name>vehicule</name>
    <occluded>0</occluded>
    <bndbox>
      <xmin>168.30916341145834</xmin>
      <ymin>1636.8617621527778</ymin>
      <xmax>459.38469848632894</xmax>
      <ymax>1892.85936364068</ymax>
    </bndbox>
    <attributes>
      <attribute>
        <name>track_id</name>
        <value>149</value>
      </attribute>
      <attribute>
        <name>keyframe</name>
        <value>True</value>
      </attribute>
    </attributes>
  </object>
  <object>
    <name>vehicule</name>
    <occluded>0</occluded>
    <bndbox>
      <xmin>1552.4210205078125</xmin>
      <ymin>1279.3556396484378</ymin>
      <xmax>1936.0121337890632</xmax>
      <ymax>1451.3091278076172</ymax>
    </bndbox>
    <attributes>
      <attribute>
        <name>track_id</name>
        <value>150</value>
      </attribute>
      <attribute>
        <name>keyframe</name>
        <value>True</value>
      </attribute>
    </attributes>
  </object>
  <object>
    <name>vehicule</name>
    <occluded>0</occluded>
    <bndbox>
      <xmin>413.3000000000011</xmin>
      <ymin>1336.6000000000004</ymin>
      <xmax>756.1172485351562</xmax>
      <ymax>1481.5045318603516</ymax>
    </bndbox>
    <attributes>
      <attribute>
        <name>track_id</name>
        <value>151</value>
      </attribute>
      <attribute>
        <name>keyframe</name>
        <value>True</value>
      </attribute>
    </attributes>
  </object>
  <object>
    <name>vehicule</name>
    <occluded>0</occluded>
    <bndbox>
      <xmin>1915.9193115234375</xmin>
      <ymin>1303.7822265625</ymin>
      <xmax>2302.1808349609382</xmax>
      <ymax>1483.2311553955078</ymax>
    </bndbox>
    <attributes>
      <attribute>
        <name>track_id</name>
        <value>152</value>
      </attribute>
      <attribute>
        <name>keyframe</name>
        <value>True</value>
      </attribute>
    </attributes>
  </object>
  <object>
    <name>vehicule</name>
    <occluded>0</occluded>
    <bndbox>
      <xmin>1391.08984375</xmin>
      <ymin>1207.7000000000007</ymin>
      <xmax>1745.3864135742188</xmax>
      <ymax>1350.3681335449219</ymax>
    </bndbox>
    <attributes>
      <attribute>
        <name>track_id</name>
        <value>153</value>
      </attribute>
      <attribute>
        <name>keyframe</name>
        <value>True</value>
      </attribute>
    </attributes>
  </object>
  <object>
    <name>vehicule</name>
    <occluded>0</occluded>
    <bndbox>
      <xmin>2017.43505859375</xmin>
      <ymin>1232.74951171875</ymin>
      <xmax>2343.84423828125</xmax>
      <ymax>1352.3821258544922</ymax>
    </bndbox>
    <attributes>
      <attribute>
        <name>track_id</name>
        <value>154</value>
      </attribute>
      <attribute>
        <name>keyframe</name>
        <value>True</value>
      </attribute>
    </attributes>
  </object>
</annotation>
