<annotation>
  <folder>frame</folder>
  <filename>frame_000021.jpg</filename>
  <source>
    <database>Unknown</database>
    <annotation>Unknown</annotation>
    <image>Unknown</image>
  </source>
  <size>
    <width>2456</width>
    <height>2054</height>
    <depth>3</depth>
  </size>
  <segmented>0</segmented>
  <object>
    <name>vehicule</name>
    <occluded>0</occluded>
    <bndbox>
      <xmin>1694.5575976562504</xmin>
      <ymin>1232.11640625</ymin>
      <xmax>2072.0756274414052</xmax>
      <ymax>1416.1665924072265</ymax>
    </bndbox>
    <attributes>
      <attribute>
        <name>track_id</name>
        <value>0</value>
      </attribute>
      <attribute>
        <name>keyframe</name>
        <value>True</value>
      </attribute>
    </attributes>
  </object>
  <object>
    <name>vehicule</name>
    <occluded>0</occluded>
    <bndbox>
      <xmin>1838.6386523437502</xmin>
      <ymin>994.7765820312501</ymin>
      <xmax>2076.1911090087897</xmax>
      <ymax>1148.955680541992</ymax>
    </bndbox>
    <attributes>
      <attribute>
        <name>track_id</name>
        <value>1</value>
      </attribute>
      <attribute>
        <name>keyframe</name>
        <value>True</value>
      </attribute>
    </attributes>
  </object>
  <object>
    <name>vehicule</name>
    <occluded>0</occluded>
    <bndbox>
      <xmin>241.650390625</xmin>
      <ymin>1436.22841796875</ymin>
      <xmax>630.4197265625007</xmax>
      <ymax>1679.1746612548827</ymax>
    </bndbox>
    <attributes>
      <attribute>
        <name>track_id</name>
        <value>177</value>
      </attribute>
      <attribute>
        <name>keyframe</name>
        <value>True</value>
      </attribute>
    </attributes>
  </object>
  <object>
    <name>vehicule</name>
    <occluded>0</occluded>
    <bndbox>
      <xmin>381.52900390625</xmin>
      <ymin>1322.5505859375</ymin>
      <xmax>704.08271484375</xmax>
      <ymax>1495.5849090576169</ymax>
    </bndbox>
    <attributes>
      <attribute>
        <name>track_id</name>
        <value>178</value>
      </attribute>
      <attribute>
        <name>keyframe</name>
        <value>True</value>
      </attribute>
    </attributes>
  </object>
  <object>
    <name>vehicule</name>
    <occluded>0</occluded>
    <bndbox>
      <xmin>1072.17705078125</xmin>
      <ymin>1353.17578125</ymin>
      <xmax>1439.7977539062515</xmax>
      <ymax>1535.3854675292969</ymax>
    </bndbox>
    <attributes>
      <attribute>
        <name>track_id</name>
        <value>179</value>
      </attribute>
      <attribute>
        <name>keyframe</name>
        <value>True</value>
      </attribute>
    </attributes>
  </object>
  <object>
    <name>vehicule</name>
    <occluded>0</occluded>
    <bndbox>
      <xmin>1166.9200683593758</xmin>
      <ymin>807.0530761718755</ymin>
      <xmax>1344.638382720947</xmax>
      <ymax>925.6309638977054</ymax>
    </bndbox>
    <attributes>
      <attribute>
        <name>track_id</name>
        <value>180</value>
      </attribute>
      <attribute>
        <name>keyframe</name>
        <value>True</value>
      </attribute>
    </attributes>
  </object>
  <object>
    <name>vehicule</name>
    <occluded>0</occluded>
    <bndbox>
      <xmin>563.8746653171564</xmin>
      <ymin>968.9049015676738</ymin>
      <xmax>737.8020792575861</xmax>
      <ymax>1137.3108158743144</ymax>
    </bndbox>
    <attributes>
      <attribute>
        <name>track_id</name>
        <value>181</value>
      </attribute>
      <attribute>
        <name>keyframe</name>
        <value>True</value>
      </attribute>
    </attributes>
  </object>
</annotation>
