<annotation>
  <folder>frame</folder>
  <filename>frame_000259.jpg</filename>
  <source>
    <database>Unknown</database>
    <annotation>Unknown</annotation>
    <image>Unknown</image>
  </source>
  <size>
    <width>2456</width>
    <height>2054</height>
    <depth>3</depth>
  </size>
  <segmented>0</segmented>
  <object>
    <name>vehicule</name>
    <occluded>0</occluded>
    <bndbox>
      <xmin>580.5511997767857</xmin>
      <ymin>896.4597696109694</ymin>
      <xmax>711.3514581639461</xmax>
      <ymax>1012.5441329250602</ymax>
    </bndbox>
    <attributes>
      <attribute>
        <name>track_id</name>
        <value>2</value>
      </attribute>
      <attribute>
        <name>keyframe</name>
        <value>True</value>
      </attribute>
    </attributes>
  </object>
  <object>
    <name>vehicule</name>
    <occluded>0</occluded>
    <bndbox>
      <xmin>794.8382934570312</xmin>
      <ymin>945.2456665039062</ymin>
      <xmax>939.0755082338186</xmax>
      <ymax>1098.6569813004937</ymax>
    </bndbox>
    <attributes>
      <attribute>
        <name>track_id</name>
        <value>3</value>
      </attribute>
      <attribute>
        <name>keyframe</name>
        <value>True</value>
      </attribute>
    </attributes>
  </object>
  <object>
    <name>vehicule</name>
    <occluded>0</occluded>
    <bndbox>
      <xmin>1175.9000000000015</xmin>
      <ymin>731.375</ymin>
      <xmax>1328.309066772461</xmax>
      <ymax>843.8000000000011</ymax>
    </bndbox>
    <attributes>
      <attribute>
        <name>track_id</name>
        <value>19</value>
      </attribute>
      <attribute>
        <name>keyframe</name>
        <value>True</value>
      </attribute>
    </attributes>
  </object>
  <object>
    <name>vehicule</name>
    <occluded>0</occluded>
    <bndbox>
      <xmin>1488.2000000000007</xmin>
      <ymin>889.80419921875</ymin>
      <xmax>1699.1502365112306</xmax>
      <ymax>1013.8500000000007</ymax>
    </bndbox>
    <attributes>
      <attribute>
        <name>track_id</name>
        <value>20</value>
      </attribute>
      <attribute>
        <name>keyframe</name>
        <value>True</value>
      </attribute>
    </attributes>
  </object>
  <object>
    <name>vehicule</name>
    <occluded>0</occluded>
    <bndbox>
      <xmin>562.8083722449296</xmin>
      <ymin>968.1591505846441</ymin>
      <xmax>736.7357861853593</xmax>
      <ymax>1136.5650648912847</ymax>
    </bndbox>
    <attributes>
      <attribute>
        <name>track_id</name>
        <value>181</value>
      </attribute>
      <attribute>
        <name>keyframe</name>
        <value>True</value>
      </attribute>
    </attributes>
  </object>
</annotation>
