<annotation>
  <folder>frame</folder>
  <filename>frame_000003.jpg</filename>
  <source>
    <database>Unknown</database>
    <annotation>Unknown</annotation>
    <image>Unknown</image>
  </source>
  <size>
    <width>2456</width>
    <height>2054</height>
    <depth>3</depth>
  </size>
  <segmented>0</segmented>
  <object>
    <name>vehicule</name>
    <occluded>0</occluded>
    <bndbox>
      <xmin>208.61969866071428</xmin>
      <ymin>1470.0667410714289</ymin>
      <xmax>662.9443568638396</xmax>
      <ymax>1681.047374180385</ymax>
    </bndbox>
    <attributes>
      <attribute>
        <name>track_id</name>
        <value>176</value>
      </attribute>
      <attribute>
        <name>keyframe</name>
        <value>True</value>
      </attribute>
    </attributes>
  </object>
  <object>
    <name>vehicule</name>
    <occluded>0</occluded>
    <bndbox>
      <xmin>908.4715401785714</xmin>
      <ymin>1320.7693917410713</ymin>
      <xmax>1253.5656258719307</xmax>
      <ymax>1563.7156350272041</ymax>
    </bndbox>
    <attributes>
      <attribute>
        <name>track_id</name>
        <value>177</value>
      </attribute>
      <attribute>
        <name>keyframe</name>
        <value>True</value>
      </attribute>
    </attributes>
  </object>
  <object>
    <name>vehicule</name>
    <occluded>0</occluded>
    <bndbox>
      <xmin>1524.3158482142858</xmin>
      <ymin>1241.4859375</ymin>
      <xmax>1860.3323939732147</xmax>
      <ymax>1396.0997249058314</ymax>
    </bndbox>
    <attributes>
      <attribute>
        <name>track_id</name>
        <value>178</value>
      </attribute>
      <attribute>
        <name>keyframe</name>
        <value>True</value>
      </attribute>
    </attributes>
  </object>
  <object>
    <name>vehicule</name>
    <occluded>0</occluded>
    <bndbox>
      <xmin>1980.234654017857</xmin>
      <ymin>1306.9662388392858</ymin>
      <xmax>2322.885714285715</xmax>
      <ymax>1489.1759251185827</ymax>
    </bndbox>
    <attributes>
      <attribute>
        <name>track_id</name>
        <value>179</value>
      </attribute>
      <attribute>
        <name>keyframe</name>
        <value>True</value>
      </attribute>
    </attributes>
  </object>
  <object>
    <name>vehicule</name>
    <occluded>0</occluded>
    <bndbox>
      <xmin>1459.3735491071434</xmin>
      <ymin>964.6248604910714</ymin>
      <xmax>1673.6766662597656</xmax>
      <ymax>1109.994871303014</ymax>
    </bndbox>
    <attributes>
      <attribute>
        <name>track_id</name>
        <value>180</value>
      </attribute>
      <attribute>
        <name>keyframe</name>
        <value>True</value>
      </attribute>
    </attributes>
  </object>
  <object>
    <name>vehicule</name>
    <occluded>0</occluded>
    <bndbox>
      <xmin>563.9553093310224</xmin>
      <ymin>968.9613029025248</ymin>
      <xmax>737.882723271452</xmax>
      <ymax>1137.3672172091653</ymax>
    </bndbox>
    <attributes>
      <attribute>
        <name>track_id</name>
        <value>181</value>
      </attribute>
      <attribute>
        <name>keyframe</name>
        <value>True</value>
      </attribute>
    </attributes>
  </object>
  <object>
    <name>vehicule</name>
    <occluded>0</occluded>
    <bndbox>
      <xmin>1000.9134765625008</xmin>
      <ymin>655.62646484375</ymin>
      <xmax>1135.0223541259766</xmax>
      <ymax>746.7313079833984</ymax>
    </bndbox>
    <attributes>
      <attribute>
        <name>track_id</name>
        <value>182</value>
      </attribute>
      <attribute>
        <name>keyframe</name>
        <value>True</value>
      </attribute>
    </attributes>
  </object>
</annotation>
