<annotation>
  <folder>frame</folder>
  <filename>frame_001333.jpg</filename>
  <source>
    <database>Unknown</database>
    <annotation>Unknown</annotation>
    <image>Unknown</image>
  </source>
  <size>
    <width>2456</width>
    <height>2054</height>
    <depth>3</depth>
  </size>
  <segmented>0</segmented>
  <object>
    <name>vehicule</name>
    <occluded>0</occluded>
    <bndbox>
      <xmin>579.3016401543674</xmin>
      <ymin>826.763671875</ymin>
      <xmax>711.2765309801932</xmax>
      <ymax>970.4561388569502</ymax>
    </bndbox>
    <attributes>
      <attribute>
        <name>track_id</name>
        <value>92</value>
      </attribute>
      <attribute>
        <name>keyframe</name>
        <value>True</value>
      </attribute>
    </attributes>
  </object>
  <object>
    <name>vehicule</name>
    <occluded>0</occluded>
    <bndbox>
      <xmin>456.5591517857143</xmin>
      <ymin>1011.3756417410714</ymin>
      <xmax>589.547351047381</xmax>
      <ymax>1180.0305395785726</ymax>
    </bndbox>
    <attributes>
      <attribute>
        <name>track_id</name>
        <value>100</value>
      </attribute>
      <attribute>
        <name>keyframe</name>
        <value>True</value>
      </attribute>
    </attributes>
  </object>
  <object>
    <name>vehicule</name>
    <occluded>0</occluded>
    <bndbox>
      <xmin>1207.800000000001</xmin>
      <ymin>752.5673828125</ymin>
      <xmax>1409.6738586425781</xmax>
      <ymax>893.4000000000015</ymax>
    </bndbox>
    <attributes>
      <attribute>
        <name>track_id</name>
        <value>104</value>
      </attribute>
      <attribute>
        <name>keyframe</name>
        <value>True</value>
      </attribute>
    </attributes>
  </object>
  <object>
    <name>vehicule</name>
    <occluded>0</occluded>
    <bndbox>
      <xmin>1544.0</xmin>
      <ymin>905.47265625</ymin>
      <xmax>1760.2900390625</xmax>
      <ymax>1057.300000000001</ymax>
    </bndbox>
    <attributes>
      <attribute>
        <name>track_id</name>
        <value>105</value>
      </attribute>
      <attribute>
        <name>keyframe</name>
        <value>True</value>
      </attribute>
    </attributes>
  </object>
  <object>
    <name>vehicule</name>
    <occluded>0</occluded>
    <bndbox>
      <xmin>467.73618861607144</xmin>
      <ymin>887.7329985119051</ymin>
      <xmax>578.1662957327707</xmax>
      <ymax>1007.7532166980561</ymax>
    </bndbox>
    <attributes>
      <attribute>
        <name>track_id</name>
        <value>106</value>
      </attribute>
      <attribute>
        <name>keyframe</name>
        <value>True</value>
      </attribute>
    </attributes>
  </object>
</annotation>
