<annotation>
  <folder>frame</folder>
  <filename>frame_001636.jpg</filename>
  <source>
    <database>Unknown</database>
    <annotation>Unknown</annotation>
    <image>Unknown</image>
  </source>
  <size>
    <width>2456</width>
    <height>2054</height>
    <depth>3</depth>
  </size>
  <segmented>0</segmented>
  <object>
    <name>vehicule</name>
    <occluded>0</occluded>
    <bndbox>
      <xmin>671.5889080668604</xmin>
      <ymin>994.0521575218023</ymin>
      <xmax>831.504983739393</xmax>
      <ymax>1152.3110980956826</ymax>
    </bndbox>
    <attributes>
      <attribute>
        <name>track_id</name>
        <value>92</value>
      </attribute>
      <attribute>
        <name>keyframe</name>
        <value>True</value>
      </attribute>
    </attributes>
  </object>
  <object>
    <name>vehicule</name>
    <occluded>0</occluded>
    <bndbox>
      <xmin>444.598656534666</xmin>
      <ymin>989.5788841093117</ymin>
      <xmax>601.426427238527</xmax>
      <ymax>1170.9524713124356</ymax>
    </bndbox>
    <attributes>
      <attribute>
        <name>track_id</name>
        <value>100</value>
      </attribute>
      <attribute>
        <name>keyframe</name>
        <value>True</value>
      </attribute>
    </attributes>
  </object>
  <object>
    <name>vehicule</name>
    <occluded>0</occluded>
    <bndbox>
      <xmin>477.03253798597507</xmin>
      <ymin>948.8015748031511</ymin>
      <xmax>595.1269768842562</xmax>
      <ymax>1047.3660610229012</ymax>
    </bndbox>
    <attributes>
      <attribute>
        <name>track_id</name>
        <value>106</value>
      </attribute>
      <attribute>
        <name>keyframe</name>
        <value>True</value>
      </attribute>
    </attributes>
  </object>
  <object>
    <name>vehicule</name>
    <occluded>0</occluded>
    <bndbox>
      <xmin>608.9953303135179</xmin>
      <ymin>904.4135058275651</ymin>
      <xmax>738.750716666057</xmax>
      <ymax>1034.174292265553</ymax>
    </bndbox>
    <attributes>
      <attribute>
        <name>track_id</name>
        <value>108</value>
      </attribute>
      <attribute>
        <name>keyframe</name>
        <value>True</value>
      </attribute>
    </attributes>
  </object>
  <object>
    <name>vehicule</name>
    <occluded>0</occluded>
    <bndbox>
      <xmin>296.171875</xmin>
      <ymin>1764.0751953125</ymin>
      <xmax>628.3466796875</xmax>
      <ymax>2054.0</ymax>
    </bndbox>
    <attributes>
      <attribute>
        <name>track_id</name>
        <value>115</value>
      </attribute>
      <attribute>
        <name>keyframe</name>
        <value>True</value>
      </attribute>
    </attributes>
  </object>
  <object>
    <name>vehicule</name>
    <occluded>0</occluded>
    <bndbox>
      <xmin>581.4787031767385</xmin>
      <ymin>1579.4362130070365</ymin>
      <xmax>926.6021406767388</xmax>
      <ymax>1825.1386116886767</ymax>
    </bndbox>
    <attributes>
      <attribute>
        <name>track_id</name>
        <value>116</value>
      </attribute>
      <attribute>
        <name>keyframe</name>
        <value>True</value>
      </attribute>
    </attributes>
  </object>
  <object>
    <name>vehicule</name>
    <occluded>0</occluded>
    <bndbox>
      <xmin>73.8922697368425</xmin>
      <ymin>1675.666591282895</ymin>
      <xmax>406.5563148900084</xmax>
      <ymax>1968.3045429430506</ymax>
    </bndbox>
    <attributes>
      <attribute>
        <name>track_id</name>
        <value>117</value>
      </attribute>
      <attribute>
        <name>keyframe</name>
        <value>True</value>
      </attribute>
    </attributes>
  </object>
  <object>
    <name>vehicule</name>
    <occluded>0</occluded>
    <bndbox>
      <xmin>938.4338107638889</xmin>
      <ymin>1414.18074845679</ymin>
      <xmax>1287.8043185763893</xmax>
      <ymax>1637.8017201364776</ymax>
    </bndbox>
    <attributes>
      <attribute>
        <name>track_id</name>
        <value>118</value>
      </attribute>
      <attribute>
        <name>keyframe</name>
        <value>True</value>
      </attribute>
    </attributes>
  </object>
  <object>
    <name>vehicule</name>
    <occluded>0</occluded>
    <bndbox>
      <xmin>562.1797003777473</xmin>
      <ymin>808.6916401957418</ymin>
      <xmax>691.8010184319454</xmax>
      <ymax>930.3570698832422</ymax>
    </bndbox>
    <attributes>
      <attribute>
        <name>track_id</name>
        <value>120</value>
      </attribute>
      <attribute>
        <name>keyframe</name>
        <value>True</value>
      </attribute>
    </attributes>
  </object>
  <object>
    <name>vehicule</name>
    <occluded>0</occluded>
    <bndbox>
      <xmin>1147.3757709703948</xmin>
      <ymin>1330.1624177631584</ymin>
      <xmax>1520.705180921053</xmax>
      <ymax>1517.7495390239515</ymax>
    </bndbox>
    <attributes>
      <attribute>
        <name>track_id</name>
        <value>121</value>
      </attribute>
      <attribute>
        <name>keyframe</name>
        <value>True</value>
      </attribute>
    </attributes>
  </object>
  <object>
    <name>vehicule</name>
    <occluded>0</occluded>
    <bndbox>
      <xmin>223.56679687500002</xmin>
      <ymin>1425.5600000000013</ymin>
      <xmax>565.6168139648441</xmax>
      <ymax>1678.4844146728515</ymax>
    </bndbox>
    <attributes>
      <attribute>
        <name>track_id</name>
        <value>122</value>
      </attribute>
      <attribute>
        <name>keyframe</name>
        <value>True</value>
      </attribute>
    </attributes>
  </object>
  <object>
    <name>vehicule</name>
    <occluded>0</occluded>
    <bndbox>
      <xmin>1626.0298828125</xmin>
      <ymin>1251.11875</ymin>
      <xmax>2068.0263732910157</xmax>
      <ymax>1499.586492919922</ymax>
    </bndbox>
    <attributes>
      <attribute>
        <name>track_id</name>
        <value>123</value>
      </attribute>
      <attribute>
        <name>keyframe</name>
        <value>True</value>
      </attribute>
    </attributes>
  </object>
  <object>
    <name>vehicule</name>
    <occluded>0</occluded>
    <bndbox>
      <xmin>469.82578125000003</xmin>
      <ymin>1307.9611328125</ymin>
      <xmax>682.7164062500001</xmax>
      <ymax>1459.8319793701164</ymax>
    </bndbox>
    <attributes>
      <attribute>
        <name>track_id</name>
        <value>125</value>
      </attribute>
      <attribute>
        <name>keyframe</name>
        <value>True</value>
      </attribute>
    </attributes>
  </object>
  <object>
    <name>vehicule</name>
    <occluded>0</occluded>
    <bndbox>
      <xmin>1896.5833984375</xmin>
      <ymin>1029.15546875</ymin>
      <xmax>2237.348046875</xmax>
      <ymax>1203.0828826904296</ymax>
    </bndbox>
    <attributes>
      <attribute>
        <name>track_id</name>
        <value>126</value>
      </attribute>
      <attribute>
        <name>keyframe</name>
        <value>True</value>
      </attribute>
    </attributes>
  </object>
  <object>
    <name>vehicule</name>
    <occluded>0</occluded>
    <bndbox>
      <xmin>1223.2613636363637</xmin>
      <ymin>1200.6728515625</ymin>
      <xmax>1587.9567982066762</xmax>
      <ymax>1385.643295288086</ymax>
    </bndbox>
    <attributes>
      <attribute>
        <name>track_id</name>
        <value>127</value>
      </attribute>
      <attribute>
        <name>keyframe</name>
        <value>True</value>
      </attribute>
    </attributes>
  </object>
  <object>
    <name>vehicule</name>
    <occluded>0</occluded>
    <bndbox>
      <xmin>1002.65234375</xmin>
      <ymin>1271.82568359375</ymin>
      <xmax>1331.4580078125</xmax>
      <ymax>1465.078369140625</ymax>
    </bndbox>
    <attributes>
      <attribute>
        <name>track_id</name>
        <value>128</value>
      </attribute>
      <attribute>
        <name>keyframe</name>
        <value>True</value>
      </attribute>
    </attributes>
  </object>
</annotation>
