<annotation>
  <folder>frame</folder>
  <filename>frame_001457.jpg</filename>
  <source>
    <database>Unknown</database>
    <annotation>Unknown</annotation>
    <image>Unknown</image>
  </source>
  <size>
    <width>2456</width>
    <height>2054</height>
    <depth>3</depth>
  </size>
  <segmented>0</segmented>
  <object>
    <name>vehicule</name>
    <occluded>0</occluded>
    <bndbox>
      <xmin>667.6423873546512</xmin>
      <ymin>998.2328352107559</ymin>
      <xmax>807.5677084509298</xmax>
      <ymax>1148.7262039434916</ymax>
    </bndbox>
    <attributes>
      <attribute>
        <name>track_id</name>
        <value>92</value>
      </attribute>
      <attribute>
        <name>keyframe</name>
        <value>True</value>
      </attribute>
    </attributes>
  </object>
  <object>
    <name>vehicule</name>
    <occluded>0</occluded>
    <bndbox>
      <xmin>450.5159970238095</xmin>
      <ymin>997.6043991815476</ymin>
      <xmax>593.2603245324469</xmax>
      <ymax>1171.4643052082806</ymax>
    </bndbox>
    <attributes>
      <attribute>
        <name>track_id</name>
        <value>100</value>
      </attribute>
      <attribute>
        <name>keyframe</name>
        <value>True</value>
      </attribute>
    </attributes>
  </object>
  <object>
    <name>vehicule</name>
    <occluded>0</occluded>
    <bndbox>
      <xmin>480.16539585383873</xmin>
      <ymin>943.1637795275606</ymin>
      <xmax>592.421896927</xmax>
      <ymax>1044.430560615119</ymax>
    </bndbox>
    <attributes>
      <attribute>
        <name>track_id</name>
        <value>106</value>
      </attribute>
      <attribute>
        <name>keyframe</name>
        <value>True</value>
      </attribute>
    </attributes>
  </object>
  <object>
    <name>vehicule</name>
    <occluded>0</occluded>
    <bndbox>
      <xmin>607.9348662405303</xmin>
      <ymin>879.0094918915723</ymin>
      <xmax>737.6902525930693</xmax>
      <ymax>1008.7702783295603</ymax>
    </bndbox>
    <attributes>
      <attribute>
        <name>track_id</name>
        <value>108</value>
      </attribute>
      <attribute>
        <name>keyframe</name>
        <value>True</value>
      </attribute>
    </attributes>
  </object>
  <object>
    <name>vehicule</name>
    <occluded>0</occluded>
    <bndbox>
      <xmin>44.9482421875</xmin>
      <ymin>1485.2000000000007</ymin>
      <xmax>501.40000000000146</xmax>
      <ymax>1711.613037109375</ymax>
    </bndbox>
    <attributes>
      <attribute>
        <name>track_id</name>
        <value>110</value>
      </attribute>
      <attribute>
        <name>keyframe</name>
        <value>True</value>
      </attribute>
    </attributes>
  </object>
</annotation>
