<annotation>
  <folder>frame</folder>
  <filename>frame_001707.jpg</filename>
  <source>
    <database>Unknown</database>
    <annotation>Unknown</annotation>
    <image>Unknown</image>
  </source>
  <size>
    <width>2456</width>
    <height>2054</height>
    <depth>3</depth>
  </size>
  <segmented>0</segmented>
  <object>
    <name>vehicule</name>
    <occluded>0</occluded>
    <bndbox>
      <xmin>666.5045421511628</xmin>
      <ymin>994.7336951913766</ymin>
      <xmax>834.3498256735129</xmax>
      <ymax>1148.7593131205783</ymax>
    </bndbox>
    <attributes>
      <attribute>
        <name>track_id</name>
        <value>92</value>
      </attribute>
      <attribute>
        <name>keyframe</name>
        <value>True</value>
      </attribute>
    </attributes>
  </object>
  <object>
    <name>vehicule</name>
    <occluded>0</occluded>
    <bndbox>
      <xmin>443.1510232160931</xmin>
      <ymin>990.1950476024798</ymin>
      <xmax>605.5649641258808</xmax>
      <ymax>1174.5489217526638</ymax>
    </bndbox>
    <attributes>
      <attribute>
        <name>track_id</name>
        <value>100</value>
      </attribute>
      <attribute>
        <name>keyframe</name>
        <value>True</value>
      </attribute>
    </attributes>
  </object>
  <object>
    <name>vehicule</name>
    <occluded>0</occluded>
    <bndbox>
      <xmin>473.2798363095244</xmin>
      <ymin>946.1588169642869</ymin>
      <xmax>597.0113239827984</xmax>
      <ymax>1042.6723836989634</ymax>
    </bndbox>
    <attributes>
      <attribute>
        <name>track_id</name>
        <value>106</value>
      </attribute>
      <attribute>
        <name>keyframe</name>
        <value>True</value>
      </attribute>
    </attributes>
  </object>
  <object>
    <name>vehicule</name>
    <occluded>0</occluded>
    <bndbox>
      <xmin>611.7159189230456</xmin>
      <ymin>903.2569281860749</ymin>
      <xmax>741.4713052755847</xmax>
      <ymax>1033.0177146240628</ymax>
    </bndbox>
    <attributes>
      <attribute>
        <name>track_id</name>
        <value>108</value>
      </attribute>
      <attribute>
        <name>keyframe</name>
        <value>True</value>
      </attribute>
    </attributes>
  </object>
  <object>
    <name>vehicule</name>
    <occluded>0</occluded>
    <bndbox>
      <xmin>296.171875</xmin>
      <ymin>1764.0751953125</ymin>
      <xmax>628.3466796875</xmax>
      <ymax>2054.0</ymax>
    </bndbox>
    <attributes>
      <attribute>
        <name>track_id</name>
        <value>115</value>
      </attribute>
      <attribute>
        <name>keyframe</name>
        <value>True</value>
      </attribute>
    </attributes>
  </object>
  <object>
    <name>vehicule</name>
    <occluded>0</occluded>
    <bndbox>
      <xmin>567.1996326572847</xmin>
      <ymin>1596.3114781663908</ymin>
      <xmax>912.3230701572851</xmax>
      <ymax>1842.013876848031</ymax>
    </bndbox>
    <attributes>
      <attribute>
        <name>track_id</name>
        <value>116</value>
      </attribute>
      <attribute>
        <name>keyframe</name>
        <value>True</value>
      </attribute>
    </attributes>
  </object>
  <object>
    <name>vehicule</name>
    <occluded>0</occluded>
    <bndbox>
      <xmin>44.17009797643478</xmin>
      <ymin>1743.7205270235656</ymin>
      <xmax>351.98709626744966</xmax>
      <ymax>2026.0038402119617</ymax>
    </bndbox>
    <attributes>
      <attribute>
        <name>track_id</name>
        <value>117</value>
      </attribute>
      <attribute>
        <name>keyframe</name>
        <value>True</value>
      </attribute>
    </attributes>
  </object>
  <object>
    <name>vehicule</name>
    <occluded>0</occluded>
    <bndbox>
      <xmin>896.0849609375</xmin>
      <ymin>1431.1201171875</ymin>
      <xmax>1245.4554687500004</xmax>
      <ymax>1654.7410888671875</ymax>
    </bndbox>
    <attributes>
      <attribute>
        <name>track_id</name>
        <value>118</value>
      </attribute>
      <attribute>
        <name>keyframe</name>
        <value>True</value>
      </attribute>
    </attributes>
  </object>
  <object>
    <name>vehicule</name>
    <occluded>0</occluded>
    <bndbox>
      <xmin>565.769778073489</xmin>
      <ymin>812.999763907967</ymin>
      <xmax>695.3910961276871</xmax>
      <ymax>934.6651935954674</ymax>
    </bndbox>
    <attributes>
      <attribute>
        <name>track_id</name>
        <value>120</value>
      </attribute>
      <attribute>
        <name>keyframe</name>
        <value>True</value>
      </attribute>
    </attributes>
  </object>
  <object>
    <name>vehicule</name>
    <occluded>0</occluded>
    <bndbox>
      <xmin>302.84984509698273</xmin>
      <ymin>1521.680603448276</ymin>
      <xmax>665.7310950969832</xmax>
      <ymax>1747.5757020095293</ymax>
    </bndbox>
    <attributes>
      <attribute>
        <name>track_id</name>
        <value>121</value>
      </attribute>
      <attribute>
        <name>keyframe</name>
        <value>True</value>
      </attribute>
    </attributes>
  </object>
  <object>
    <name>vehicule</name>
    <occluded>0</occluded>
    <bndbox>
      <xmin>1243.0875799005682</xmin>
      <ymin>1277.7260298295455</ymin>
      <xmax>1685.0840703790839</xmax>
      <ymax>1541.1225280761719</ymax>
    </bndbox>
    <attributes>
      <attribute>
        <name>track_id</name>
        <value>123</value>
      </attribute>
      <attribute>
        <name>keyframe</name>
        <value>True</value>
      </attribute>
    </attributes>
  </object>
  <object>
    <name>vehicule</name>
    <occluded>0</occluded>
    <bndbox>
      <xmin>472.1890625</xmin>
      <ymin>764.2100260416667</ymin>
      <xmax>582.8952392578125</xmax>
      <ymax>905.0084116617838</ymax>
    </bndbox>
    <attributes>
      <attribute>
        <name>track_id</name>
        <value>130</value>
      </attribute>
      <attribute>
        <name>keyframe</name>
        <value>True</value>
      </attribute>
    </attributes>
  </object>
  <object>
    <name>vehicule</name>
    <occluded>0</occluded>
    <bndbox>
      <xmin>542.671875</xmin>
      <ymin>1306.3319196428572</ymin>
      <xmax>920.459096854074</xmax>
      <ymax>1541.393120465959</ymax>
    </bndbox>
    <attributes>
      <attribute>
        <name>track_id</name>
        <value>132</value>
      </attribute>
      <attribute>
        <name>keyframe</name>
        <value>True</value>
      </attribute>
    </attributes>
  </object>
  <object>
    <name>vehicule</name>
    <occluded>0</occluded>
    <bndbox>
      <xmin>2033.8298095703128</xmin>
      <ymin>1307.71533203125</ymin>
      <xmax>2387.408337402344</xmax>
      <ymax>1534.0970611572266</ymax>
    </bndbox>
    <attributes>
      <attribute>
        <name>track_id</name>
        <value>133</value>
      </attribute>
      <attribute>
        <name>keyframe</name>
        <value>True</value>
      </attribute>
    </attributes>
  </object>
  <object>
    <name>vehicule</name>
    <occluded>0</occluded>
    <bndbox>
      <xmin>1670.7548828125</xmin>
      <ymin>1229.033203125</ymin>
      <xmax>1932.3906005859378</xmax>
      <ymax>1402.9606170654297</ymax>
    </bndbox>
    <attributes>
      <attribute>
        <name>track_id</name>
        <value>135</value>
      </attribute>
      <attribute>
        <name>keyframe</name>
        <value>True</value>
      </attribute>
    </attributes>
  </object>
</annotation>
