<annotation>
  <folder>frame</folder>
  <filename>frame_001776.jpg</filename>
  <source>
    <database>Unknown</database>
    <annotation>Unknown</annotation>
    <image>Unknown</image>
  </source>
  <size>
    <width>2456</width>
    <height>2054</height>
    <depth>3</depth>
  </size>
  <segmented>0</segmented>
  <object>
    <name>vehicule</name>
    <occluded>0</occluded>
    <bndbox>
      <xmin>659.2021257267442</xmin>
      <ymin>996.226877422482</ymin>
      <xmax>834.7532286414049</xmax>
      <ymax>1143.5414475789973</ymax>
    </bndbox>
    <attributes>
      <attribute>
        <name>track_id</name>
        <value>92</value>
      </attribute>
      <attribute>
        <name>keyframe</name>
        <value>True</value>
      </attribute>
    </attributes>
  </object>
  <object>
    <name>vehicule</name>
    <occluded>0</occluded>
    <bndbox>
      <xmin>441.74416830086034</xmin>
      <ymin>990.7938543775304</ymin>
      <xmax>609.5869225093654</xmax>
      <ymax>1178.0440637297868</ymax>
    </bndbox>
    <attributes>
      <attribute>
        <name>track_id</name>
        <value>100</value>
      </attribute>
      <attribute>
        <name>keyframe</name>
        <value>True</value>
      </attribute>
    </attributes>
  </object>
  <object>
    <name>vehicule</name>
    <occluded>0</occluded>
    <bndbox>
      <xmin>468.74154218177694</xmin>
      <ymin>941.8580163976657</ymin>
      <xmax>599.1307063624861</xmax>
      <ymax>1036.030779738654</ymax>
    </bndbox>
    <attributes>
      <attribute>
        <name>track_id</name>
        <value>106</value>
      </attribute>
      <attribute>
        <name>keyframe</name>
        <value>True</value>
      </attribute>
    </attributes>
  </object>
  <object>
    <name>vehicule</name>
    <occluded>0</occluded>
    <bndbox>
      <xmin>614.3598712337133</xmin>
      <ymin>902.1329301964577</ymin>
      <xmax>744.1152575862524</xmax>
      <ymax>1031.8937166344456</ymax>
    </bndbox>
    <attributes>
      <attribute>
        <name>track_id</name>
        <value>108</value>
      </attribute>
      <attribute>
        <name>keyframe</name>
        <value>True</value>
      </attribute>
    </attributes>
  </object>
  <object>
    <name>vehicule</name>
    <occluded>0</occluded>
    <bndbox>
      <xmin>489.6279296875</xmin>
      <ymin>1635.385866477274</ymin>
      <xmax>870.9193181818194</xmax>
      <ymax>1910.485609297319</ymax>
    </bndbox>
    <attributes>
      <attribute>
        <name>track_id</name>
        <value>116</value>
      </attribute>
      <attribute>
        <name>keyframe</name>
        <value>True</value>
      </attribute>
    </attributes>
  </object>
  <object>
    <name>vehicule</name>
    <occluded>0</occluded>
    <bndbox>
      <xmin>36.1142578125</xmin>
      <ymin>1834.19140625</ymin>
      <xmax>343.9312561035149</xmax>
      <ymax>2054.0</ymax>
    </bndbox>
    <attributes>
      <attribute>
        <name>track_id</name>
        <value>117</value>
      </attribute>
      <attribute>
        <name>keyframe</name>
        <value>True</value>
      </attribute>
    </attributes>
  </object>
  <object>
    <name>vehicule</name>
    <occluded>0</occluded>
    <bndbox>
      <xmin>854.9290364583334</xmin>
      <ymin>1447.582320601852</ymin>
      <xmax>1204.2995442708336</xmax>
      <ymax>1671.2032922815395</ymax>
    </bndbox>
    <attributes>
      <attribute>
        <name>track_id</name>
        <value>118</value>
      </attribute>
      <attribute>
        <name>keyframe</name>
        <value>True</value>
      </attribute>
    </attributes>
  </object>
  <object>
    <name>vehicule</name>
    <occluded>0</occluded>
    <bndbox>
      <xmin>569.2587268200549</xmin>
      <ymin>817.1865320226648</ymin>
      <xmax>698.880044874253</xmax>
      <ymax>938.8519617101651</ymax>
    </bndbox>
    <attributes>
      <attribute>
        <name>track_id</name>
        <value>120</value>
      </attribute>
      <attribute>
        <name>keyframe</name>
        <value>True</value>
      </attribute>
    </attributes>
  </object>
  <object>
    <name>vehicule</name>
    <occluded>0</occluded>
    <bndbox>
      <xmin>184.96875</xmin>
      <ymin>1593.9814098011366</ymin>
      <xmax>547.8500000000004</xmax>
      <ymax>1861.7435527454718</ymax>
    </bndbox>
    <attributes>
      <attribute>
        <name>track_id</name>
        <value>121</value>
      </attribute>
      <attribute>
        <name>keyframe</name>
        <value>True</value>
      </attribute>
    </attributes>
  </object>
  <object>
    <name>vehicule</name>
    <occluded>0</occluded>
    <bndbox>
      <xmin>1139.182772549716</xmin>
      <ymin>1280.6194069602273</ymin>
      <xmax>1581.1792630282316</xmax>
      <ymax>1568.5417175292969</ymax>
    </bndbox>
    <attributes>
      <attribute>
        <name>track_id</name>
        <value>123</value>
      </attribute>
      <attribute>
        <name>keyframe</name>
        <value>True</value>
      </attribute>
    </attributes>
  </object>
  <object>
    <name>vehicule</name>
    <occluded>0</occluded>
    <bndbox>
      <xmin>459.12594825634056</xmin>
      <ymin>806.6908542798913</ymin>
      <xmax>569.8321250141531</xmax>
      <ymax>947.4892399000084</ymax>
    </bndbox>
    <attributes>
      <attribute>
        <name>track_id</name>
        <value>130</value>
      </attribute>
      <attribute>
        <name>keyframe</name>
        <value>True</value>
      </attribute>
    </attributes>
  </object>
  <object>
    <name>vehicule</name>
    <occluded>0</occluded>
    <bndbox>
      <xmin>0.0</xmin>
      <ymin>1549.2890625</ymin>
      <xmax>180.18399047851562</xmax>
      <ymax>1825.353768920897</ymax>
    </bndbox>
    <attributes>
      <attribute>
        <name>track_id</name>
        <value>132</value>
      </attribute>
      <attribute>
        <name>keyframe</name>
        <value>True</value>
      </attribute>
    </attributes>
  </object>
  <object>
    <name>vehicule</name>
    <occluded>0</occluded>
    <bndbox>
      <xmin>1701.5038452148438</xmin>
      <ymin>1329.9738159179688</ymin>
      <xmax>2057.858728027344</xmax>
      <ymax>1501.0921752929698</ymax>
    </bndbox>
    <attributes>
      <attribute>
        <name>track_id</name>
        <value>133</value>
      </attribute>
      <attribute>
        <name>keyframe</name>
        <value>True</value>
      </attribute>
    </attributes>
  </object>
  <object>
    <name>vehicule</name>
    <occluded>0</occluded>
    <bndbox>
      <xmin>69.21484375</xmin>
      <ymin>1355.657142857144</ymin>
      <xmax>490.74285714285776</xmax>
      <ymax>1621.3966326032366</ymax>
    </bndbox>
    <attributes>
      <attribute>
        <name>track_id</name>
        <value>136</value>
      </attribute>
      <attribute>
        <name>keyframe</name>
        <value>True</value>
      </attribute>
    </attributes>
  </object>
  <object>
    <name>vehicule</name>
    <occluded>0</occluded>
    <bndbox>
      <xmin>551.544921875</xmin>
      <ymin>1398.527622767857</ymin>
      <xmax>898.0944196428575</xmax>
      <ymax>1623.3469935825892</ymax>
    </bndbox>
    <attributes>
      <attribute>
        <name>track_id</name>
        <value>137</value>
      </attribute>
      <attribute>
        <name>keyframe</name>
        <value>True</value>
      </attribute>
    </attributes>
  </object>
  <object>
    <name>vehicule</name>
    <occluded>0</occluded>
    <bndbox>
      <xmin>2130.265066964286</xmin>
      <ymin>1324.470005580357</ymin>
      <xmax>2456.0</xmax>
      <ymax>1506.679691859654</ymax>
    </bndbox>
    <attributes>
      <attribute>
        <name>track_id</name>
        <value>138</value>
      </attribute>
      <attribute>
        <name>keyframe</name>
        <value>True</value>
      </attribute>
    </attributes>
  </object>
  <object>
    <name>vehicule</name>
    <occluded>0</occluded>
    <bndbox>
      <xmin>983.4775390625</xmin>
      <ymin>1302.1689453125</ymin>
      <xmax>1323.326171875</xmax>
      <ymax>1484.3786315917969</ymax>
    </bndbox>
    <attributes>
      <attribute>
        <name>track_id</name>
        <value>140</value>
      </attribute>
      <attribute>
        <name>keyframe</name>
        <value>True</value>
      </attribute>
    </attributes>
  </object>
  <object>
    <name>vehicule</name>
    <occluded>0</occluded>
    <bndbox>
      <xmin>1979.3560014204545</xmin>
      <ymin>1210.0595703125</ymin>
      <xmax>2319.2046342329545</xmax>
      <ymax>1361.9009704589844</ymax>
    </bndbox>
    <attributes>
      <attribute>
        <name>track_id</name>
        <value>141</value>
      </attribute>
      <attribute>
        <name>keyframe</name>
        <value>True</value>
      </attribute>
    </attributes>
  </object>
</annotation>
