<annotation>
  <folder>frame</folder>
  <filename>frame_001913.jpg</filename>
  <source>
    <database>Unknown</database>
    <annotation>Unknown</annotation>
    <image>Unknown</image>
  </source>
  <size>
    <width>2456</width>
    <height>2054</height>
    <depth>3</depth>
  </size>
  <segmented>0</segmented>
  <object>
    <name>vehicule</name>
    <occluded>0</occluded>
    <bndbox>
      <xmin>647.1908681441327</xmin>
      <ymin>1005.1608737244898</ymin>
      <xmax>838.0422445982849</xmax>
      <ymax>1165.83562139758</ymax>
    </bndbox>
    <attributes>
      <attribute>
        <name>track_id</name>
        <value>92</value>
      </attribute>
      <attribute>
        <name>keyframe</name>
        <value>True</value>
      </attribute>
    </attributes>
  </object>
  <object>
    <name>vehicule</name>
    <occluded>0</occluded>
    <bndbox>
      <xmin>432.20027503188777</xmin>
      <ymin>992.510084502551</ymin>
      <xmax>610.8219773842218</xmax>
      <ymax>1169.3263792252399</ymax>
    </bndbox>
    <attributes>
      <attribute>
        <name>track_id</name>
        <value>100</value>
      </attribute>
      <attribute>
        <name>keyframe</name>
        <value>True</value>
      </attribute>
    </attributes>
  </object>
  <object>
    <name>vehicule</name>
    <occluded>0</occluded>
    <bndbox>
      <xmin>459.7307263049451</xmin>
      <ymin>933.3187457074176</ymin>
      <xmax>603.3387554351991</xmax>
      <ymax>1022.8438269478947</ymax>
    </bndbox>
    <attributes>
      <attribute>
        <name>track_id</name>
        <value>106</value>
      </attribute>
      <attribute>
        <name>keyframe</name>
        <value>True</value>
      </attribute>
    </attributes>
  </object>
  <object>
    <name>vehicule</name>
    <occluded>0</occluded>
    <bndbox>
      <xmin>623.6541119637574</xmin>
      <ymin>916.8894461908284</ymin>
      <xmax>753.4094983162964</xmax>
      <ymax>1046.6502326288164</ymax>
    </bndbox>
    <attributes>
      <attribute>
        <name>track_id</name>
        <value>108</value>
      </attribute>
      <attribute>
        <name>keyframe</name>
        <value>True</value>
      </attribute>
    </attributes>
  </object>
  <object>
    <name>vehicule</name>
    <occluded>0</occluded>
    <bndbox>
      <xmin>576.1860598385989</xmin>
      <ymin>825.4993904532967</ymin>
      <xmax>705.807377892797</xmax>
      <ymax>947.164820140797</ymax>
    </bndbox>
    <attributes>
      <attribute>
        <name>track_id</name>
        <value>120</value>
      </attribute>
      <attribute>
        <name>keyframe</name>
        <value>True</value>
      </attribute>
    </attributes>
  </object>
  <object>
    <name>vehicule</name>
    <occluded>0</occluded>
    <bndbox>
      <xmin>457.5398692255435</xmin>
      <ymin>830.4820397418479</ymin>
      <xmax>568.246045983356</xmax>
      <ymax>971.2804253619651</ymax>
    </bndbox>
    <attributes>
      <attribute>
        <name>track_id</name>
        <value>130</value>
      </attribute>
      <attribute>
        <name>keyframe</name>
        <value>True</value>
      </attribute>
    </attributes>
  </object>
  <object>
    <name>vehicule</name>
    <occluded>0</occluded>
    <bndbox>
      <xmin>462.846923828125</xmin>
      <ymin>1839.7021484375</ymin>
      <xmax>754.8201660156265</xmax>
      <ymax>2051.6965324401854</ymax>
    </bndbox>
    <attributes>
      <attribute>
        <name>track_id</name>
        <value>133</value>
      </attribute>
      <attribute>
        <name>keyframe</name>
        <value>True</value>
      </attribute>
    </attributes>
  </object>
  <object>
    <name>vehicule</name>
    <occluded>0</occluded>
    <bndbox>
      <xmin>607.21923828125</xmin>
      <ymin>1533.4750000000004</ymin>
      <xmax>989.3500000000013</xmax>
      <ymax>1799.656753540039</ymax>
    </bndbox>
    <attributes>
      <attribute>
        <name>track_id</name>
        <value>138</value>
      </attribute>
      <attribute>
        <name>keyframe</name>
        <value>True</value>
      </attribute>
    </attributes>
  </object>
  <object>
    <name>vehicule</name>
    <occluded>0</occluded>
    <bndbox>
      <xmin>0.0</xmin>
      <ymin>1849.459681919643</ymin>
      <xmax>235.58994140625146</xmax>
      <ymax>2054.0</ymax>
    </bndbox>
    <attributes>
      <attribute>
        <name>track_id</name>
        <value>140</value>
      </attribute>
      <attribute>
        <name>keyframe</name>
        <value>True</value>
      </attribute>
    </attributes>
  </object>
  <object>
    <name>vehicule</name>
    <occluded>0</occluded>
    <bndbox>
      <xmin>335.2501280737705</xmin>
      <ymin>1445.1227939293033</ymin>
      <xmax>695.3064015873144</xmax>
      <ymax>1694.423873501136</ymax>
    </bndbox>
    <attributes>
      <attribute>
        <name>track_id</name>
        <value>141</value>
      </attribute>
      <attribute>
        <name>keyframe</name>
        <value>True</value>
      </attribute>
    </attributes>
  </object>
  <object>
    <name>vehicule</name>
    <occluded>0</occluded>
    <bndbox>
      <xmin>663.4407051282051</xmin>
      <ymin>1376.650590945513</ymin>
      <xmax>960.4719551282051</xmax>
      <ymax>1542.2886768830133</ymax>
    </bndbox>
    <attributes>
      <attribute>
        <name>track_id</name>
        <value>143</value>
      </attribute>
      <attribute>
        <name>keyframe</name>
        <value>True</value>
      </attribute>
    </attributes>
  </object>
  <object>
    <name>vehicule</name>
    <occluded>0</occluded>
    <bndbox>
      <xmin>962.5989624023438</xmin>
      <ymin>1314.3818725585938</ymin>
      <xmax>1388.214990234375</xmax>
      <ymax>1461.5753707885729</ymax>
    </bndbox>
    <attributes>
      <attribute>
        <name>track_id</name>
        <value>146</value>
      </attribute>
      <attribute>
        <name>keyframe</name>
        <value>True</value>
      </attribute>
    </attributes>
  </object>
  <object>
    <name>vehicule</name>
    <occluded>0</occluded>
    <bndbox>
      <xmin>981.579441236413</xmin>
      <ymin>1426.203082540762</ymin>
      <xmax>1328.790574048914</xmax>
      <ymax>1628.6447665007217</ymax>
    </bndbox>
    <attributes>
      <attribute>
        <name>track_id</name>
        <value>148</value>
      </attribute>
      <attribute>
        <name>keyframe</name>
        <value>True</value>
      </attribute>
    </attributes>
  </object>
  <object>
    <name>vehicule</name>
    <occluded>0</occluded>
    <bndbox>
      <xmin>159.106689453125</xmin>
      <ymin>1637.373046875</ymin>
      <xmax>450.6860168457042</xmax>
      <ymax>1898.4784866333016</ymax>
    </bndbox>
    <attributes>
      <attribute>
        <name>track_id</name>
        <value>149</value>
      </attribute>
      <attribute>
        <name>keyframe</name>
        <value>True</value>
      </attribute>
    </attributes>
  </object>
  <object>
    <name>vehicule</name>
    <occluded>0</occluded>
    <bndbox>
      <xmin>1458.9580078125</xmin>
      <ymin>1284.8504882812504</ymin>
      <xmax>1845.4421875000007</xmax>
      <ymax>1471.1522430419918</ymax>
    </bndbox>
    <attributes>
      <attribute>
        <name>track_id</name>
        <value>150</value>
      </attribute>
      <attribute>
        <name>keyframe</name>
        <value>True</value>
      </attribute>
    </attributes>
  </object>
  <object>
    <name>vehicule</name>
    <occluded>0</occluded>
    <bndbox>
      <xmin>40.633056640625</xmin>
      <ymin>1405.6000000000008</ymin>
      <xmax>422.560302734375</xmax>
      <ymax>1618.9676246643066</ymax>
    </bndbox>
    <attributes>
      <attribute>
        <name>track_id</name>
        <value>151</value>
      </attribute>
      <attribute>
        <name>keyframe</name>
        <value>True</value>
      </attribute>
    </attributes>
  </object>
  <object>
    <name>vehicule</name>
    <occluded>0</occluded>
    <bndbox>
      <xmin>1855.615531589674</xmin>
      <ymin>1309.058890964674</ymin>
      <xmax>2241.8770550271747</xmax>
      <ymax>1488.5078197976818</ymax>
    </bndbox>
    <attributes>
      <attribute>
        <name>track_id</name>
        <value>152</value>
      </attribute>
      <attribute>
        <name>keyframe</name>
        <value>True</value>
      </attribute>
    </attributes>
  </object>
  <object>
    <name>vehicule</name>
    <occluded>0</occluded>
    <bndbox>
      <xmin>1080.505859375</xmin>
      <ymin>1221.50439453125</ymin>
      <xmax>1434.8024291992188</xmax>
      <ymax>1364.1725280761711</ymax>
    </bndbox>
    <attributes>
      <attribute>
        <name>track_id</name>
        <value>153</value>
      </attribute>
      <attribute>
        <name>keyframe</name>
        <value>True</value>
      </attribute>
    </attributes>
  </object>
  <object>
    <name>vehicule</name>
    <occluded>0</occluded>
    <bndbox>
      <xmin>1706.27490234375</xmin>
      <ymin>1212.33154296875</ymin>
      <xmax>2032.68408203125</xmax>
      <ymax>1331.9641571044922</ymax>
    </bndbox>
    <attributes>
      <attribute>
        <name>track_id</name>
        <value>154</value>
      </attribute>
      <attribute>
        <name>keyframe</name>
        <value>True</value>
      </attribute>
    </attributes>
  </object>
</annotation>
