<annotation>
  <folder>frame</folder>
  <filename>frame_002015.jpg</filename>
  <source>
    <database>Unknown</database>
    <annotation>Unknown</annotation>
    <image>Unknown</image>
  </source>
  <size>
    <width>2456</width>
    <height>2054</height>
    <depth>3</depth>
  </size>
  <segmented>0</segmented>
  <object>
    <name>vehicule</name>
    <occluded>0</occluded>
    <bndbox>
      <xmin>652.7710018382361</xmin>
      <ymin>1003.4646714154412</ymin>
      <xmax>825.2747671727612</xmax>
      <ymax>1155.441947468569</ymax>
    </bndbox>
    <attributes>
      <attribute>
        <name>track_id</name>
        <value>92</value>
      </attribute>
      <attribute>
        <name>keyframe</name>
        <value>True</value>
      </attribute>
    </attributes>
  </object>
  <object>
    <name>vehicule</name>
    <occluded>0</occluded>
    <bndbox>
      <xmin>411.4546574519231</xmin>
      <ymin>1048.8035111177892</ymin>
      <xmax>598.101562071926</xmax>
      <ymax>1238.3708020723784</ymax>
    </bndbox>
    <attributes>
      <attribute>
        <name>track_id</name>
        <value>100</value>
      </attribute>
      <attribute>
        <name>keyframe</name>
        <value>True</value>
      </attribute>
    </attributes>
  </object>
  <object>
    <name>vehicule</name>
    <occluded>0</occluded>
    <bndbox>
      <xmin>451.04347826086956</xmin>
      <ymin>961.5831394361418</ymin>
      <xmax>604.4932900542885</xmax>
      <ymax>1077.3081649448566</ymax>
    </bndbox>
    <attributes>
      <attribute>
        <name>track_id</name>
        <value>106</value>
      </attribute>
      <attribute>
        <name>keyframe</name>
        <value>True</value>
      </attribute>
    </attributes>
  </object>
  <object>
    <name>vehicule</name>
    <occluded>0</occluded>
    <bndbox>
      <xmin>639.6965259800296</xmin>
      <ymin>966.1925503883136</ymin>
      <xmax>769.4519123325687</xmax>
      <ymax>1095.9533368263014</ymax>
    </bndbox>
    <attributes>
      <attribute>
        <name>track_id</name>
        <value>108</value>
      </attribute>
      <attribute>
        <name>keyframe</name>
        <value>True</value>
      </attribute>
    </attributes>
  </object>
  <object>
    <name>vehicule</name>
    <occluded>0</occluded>
    <bndbox>
      <xmin>581.3436362465659</xmin>
      <ymin>831.6885259271978</ymin>
      <xmax>710.964954300764</xmax>
      <ymax>953.3539556146982</ymax>
    </bndbox>
    <attributes>
      <attribute>
        <name>track_id</name>
        <value>120</value>
      </attribute>
      <attribute>
        <name>keyframe</name>
        <value>True</value>
      </attribute>
    </attributes>
  </object>
  <object>
    <name>vehicule</name>
    <occluded>0</occluded>
    <bndbox>
      <xmin>456.3589928668478</xmin>
      <ymin>848.1951851222826</ymin>
      <xmax>567.0651696246604</xmax>
      <ymax>988.9935707423998</ymax>
    </bndbox>
    <attributes>
      <attribute>
        <name>track_id</name>
        <value>130</value>
      </attribute>
      <attribute>
        <name>keyframe</name>
        <value>True</value>
      </attribute>
    </attributes>
  </object>
  <object>
    <name>vehicule</name>
    <occluded>0</occluded>
    <bndbox>
      <xmin>47.166796875</xmin>
      <ymin>1621.780000000001</ymin>
      <xmax>368.3400000000012</xmax>
      <ymax>1926.432894897461</ymax>
    </bndbox>
    <attributes>
      <attribute>
        <name>track_id</name>
        <value>143</value>
      </attribute>
      <attribute>
        <name>keyframe</name>
        <value>True</value>
      </attribute>
    </attributes>
  </object>
  <object>
    <name>vehicule</name>
    <occluded>0</occluded>
    <bndbox>
      <xmin>249.57398897058823</xmin>
      <ymin>1383.5470588235298</ymin>
      <xmax>682.6069206686583</xmax>
      <ymax>1581.648775886087</ymax>
    </bndbox>
    <attributes>
      <attribute>
        <name>track_id</name>
        <value>146</value>
      </attribute>
      <attribute>
        <name>keyframe</name>
        <value>True</value>
      </attribute>
    </attributes>
  </object>
  <object>
    <name>vehicule</name>
    <occluded>0</occluded>
    <bndbox>
      <xmin>412.400390625</xmin>
      <ymin>1672.01015625</ymin>
      <xmax>776.9842187500005</xmax>
      <ymax>1980.524339599609</ymax>
    </bndbox>
    <attributes>
      <attribute>
        <name>track_id</name>
        <value>152</value>
      </attribute>
      <attribute>
        <name>keyframe</name>
        <value>True</value>
      </attribute>
    </attributes>
  </object>
  <object>
    <name>vehicule</name>
    <occluded>0</occluded>
    <bndbox>
      <xmin>722.8960822610294</xmin>
      <ymin>1448.5369370404412</ymin>
      <xmax>1092.572670611213</xmax>
      <ymax>1718.9077722886032</ymax>
    </bndbox>
    <attributes>
      <attribute>
        <name>track_id</name>
        <value>156</value>
      </attribute>
      <attribute>
        <name>keyframe</name>
        <value>True</value>
      </attribute>
    </attributes>
  </object>
  <object>
    <name>vehicule</name>
    <occluded>0</occluded>
    <bndbox>
      <xmin>874.4828814338235</xmin>
      <ymin>953.1251838235302</ymin>
      <xmax>1030.2692689783437</xmax>
      <ymax>1104.2988621431236</ymax>
    </bndbox>
    <attributes>
      <attribute>
        <name>track_id</name>
        <value>158</value>
      </attribute>
      <attribute>
        <name>keyframe</name>
        <value>True</value>
      </attribute>
    </attributes>
  </object>
  <object>
    <name>vehicule</name>
    <occluded>0</occluded>
    <bndbox>
      <xmin>601.283984375</xmin>
      <ymin>1363.2643750000007</ymin>
      <xmax>980.359687500001</xmax>
      <ymax>1544.538232421875</ymax>
    </bndbox>
    <attributes>
      <attribute>
        <name>track_id</name>
        <value>159</value>
      </attribute>
      <attribute>
        <name>keyframe</name>
        <value>True</value>
      </attribute>
    </attributes>
  </object>
  <object>
    <name>vehicule</name>
    <occluded>0</occluded>
    <bndbox>
      <xmin>1287.1702090992646</xmin>
      <ymin>1370.8310546875</ymin>
      <xmax>1687.743060661766</xmax>
      <ymax>1547.9793395996094</ymax>
    </bndbox>
    <attributes>
      <attribute>
        <name>track_id</name>
        <value>160</value>
      </attribute>
      <attribute>
        <name>keyframe</name>
        <value>True</value>
      </attribute>
    </attributes>
  </object>
  <object>
    <name>vehicule</name>
    <occluded>0</occluded>
    <bndbox>
      <xmin>1328.9871323529412</xmin>
      <ymin>1246.0553193933824</ymin>
      <xmax>1732.432674632354</xmax>
      <ymax>1397.8967195398668</ymax>
    </bndbox>
    <attributes>
      <attribute>
        <name>track_id</name>
        <value>161</value>
      </attribute>
      <attribute>
        <name>keyframe</name>
        <value>True</value>
      </attribute>
    </attributes>
  </object>
  <object>
    <name>vehicule</name>
    <occluded>0</occluded>
    <bndbox>
      <xmin>1925.7202524038462</xmin>
      <ymin>1323.3987379807693</ymin>
      <xmax>2156.0130380483774</xmax>
      <ymax>1486.7432661790115</ymax>
    </bndbox>
    <attributes>
      <attribute>
        <name>track_id</name>
        <value>162</value>
      </attribute>
      <attribute>
        <name>keyframe</name>
        <value>True</value>
      </attribute>
    </attributes>
  </object>
</annotation>
