<annotation>
  <folder>frame</folder>
  <filename>frame_001959.jpg</filename>
  <source>
    <database>Unknown</database>
    <annotation>Unknown</annotation>
    <image>Unknown</image>
  </source>
  <size>
    <width>2456</width>
    <height>2054</height>
    <depth>3</depth>
  </size>
  <segmented>0</segmented>
  <object>
    <name>vehicule</name>
    <occluded>0</occluded>
    <bndbox>
      <xmin>646.5684517525337</xmin>
      <ymin>998.0587125211149</ymin>
      <xmax>842.557152853127</xmax>
      <ymax>1163.7750138418803</ymax>
    </bndbox>
    <attributes>
      <attribute>
        <name>track_id</name>
        <value>92</value>
      </attribute>
      <attribute>
        <name>keyframe</name>
        <value>True</value>
      </attribute>
    </attributes>
  </object>
  <object>
    <name>vehicule</name>
    <occluded>0</occluded>
    <bndbox>
      <xmin>422.24408052884615</xmin>
      <ymin>1014.2964558293272</ymin>
      <xmax>604.4849917469915</xmax>
      <ymax>1191.465458209698</ymax>
    </bndbox>
    <attributes>
      <attribute>
        <name>track_id</name>
        <value>100</value>
      </attribute>
      <attribute>
        <name>keyframe</name>
        <value>True</value>
      </attribute>
    </attributes>
  </object>
  <object>
    <name>vehicule</name>
    <occluded>0</occluded>
    <bndbox>
      <xmin>456.0002264492754</xmin>
      <ymin>942.7881552875907</ymin>
      <xmax>604.0467065844862</xmax>
      <ymax>1041.3213001527658</ymax>
    </bndbox>
    <attributes>
      <attribute>
        <name>track_id</name>
        <value>106</value>
      </attribute>
      <attribute>
        <name>keyframe</name>
        <value>True</value>
      </attribute>
    </attributes>
  </object>
  <object>
    <name>vehicule</name>
    <occluded>0</occluded>
    <bndbox>
      <xmin>630.8889261279586</xmin>
      <ymin>939.1241794563609</ymin>
      <xmax>760.6443124804977</xmax>
      <ymax>1068.8849658943489</ymax>
    </bndbox>
    <attributes>
      <attribute>
        <name>track_id</name>
        <value>108</value>
      </attribute>
      <attribute>
        <name>keyframe</name>
        <value>True</value>
      </attribute>
    </attributes>
  </object>
  <object>
    <name>vehicule</name>
    <occluded>0</occluded>
    <bndbox>
      <xmin>578.5120256696429</xmin>
      <ymin>828.2905691964286</ymin>
      <xmax>708.133343723841</xmax>
      <ymax>949.9559988839289</ymax>
    </bndbox>
    <attributes>
      <attribute>
        <name>track_id</name>
        <value>120</value>
      </attribute>
      <attribute>
        <name>keyframe</name>
        <value>True</value>
      </attribute>
    </attributes>
  </object>
  <object>
    <name>vehicule</name>
    <occluded>0</occluded>
    <bndbox>
      <xmin>457.0073171422101</xmin>
      <ymin>838.4703209918479</ymin>
      <xmax>567.7134939000226</xmax>
      <ymax>979.2687066119651</ymax>
    </bndbox>
    <attributes>
      <attribute>
        <name>track_id</name>
        <value>130</value>
      </attribute>
      <attribute>
        <name>keyframe</name>
        <value>True</value>
      </attribute>
    </attributes>
  </object>
  <object>
    <name>vehicule</name>
    <occluded>0</occluded>
    <bndbox>
      <xmin>284.93836449795083</xmin>
      <ymin>1448.5747086321724</ymin>
      <xmax>670.9989587002123</xmax>
      <ymax>1739.5313296959048</ymax>
    </bndbox>
    <attributes>
      <attribute>
        <name>track_id</name>
        <value>141</value>
      </attribute>
      <attribute>
        <name>keyframe</name>
        <value>True</value>
      </attribute>
    </attributes>
  </object>
  <object>
    <name>vehicule</name>
    <occluded>0</occluded>
    <bndbox>
      <xmin>636.0695612980769</xmin>
      <ymin>1388.4512845552892</ymin>
      <xmax>933.1008112980769</xmax>
      <ymax>1567.3593935452977</ymax>
    </bndbox>
    <attributes>
      <attribute>
        <name>track_id</name>
        <value>143</value>
      </attribute>
      <attribute>
        <name>keyframe</name>
        <value>True</value>
      </attribute>
    </attributes>
  </object>
  <object>
    <name>vehicule</name>
    <occluded>0</occluded>
    <bndbox>
      <xmin>883.2270629882812</xmin>
      <ymin>1326.2867309570313</ymin>
      <xmax>1308.8430908203125</xmax>
      <ymax>1473.4802291870103</ymax>
    </bndbox>
    <attributes>
      <attribute>
        <name>track_id</name>
        <value>146</value>
      </attribute>
      <attribute>
        <name>keyframe</name>
        <value>True</value>
      </attribute>
    </attributes>
  </object>
  <object>
    <name>vehicule</name>
    <occluded>0</occluded>
    <bndbox>
      <xmin>491.12704190340907</xmin>
      <ymin>1704.229580965909</ymin>
      <xmax>798.445454545455</xmax>
      <ymax>1975.7195040616107</ymax>
    </bndbox>
    <attributes>
      <attribute>
        <name>track_id</name>
        <value>148</value>
      </attribute>
      <attribute>
        <name>keyframe</name>
        <value>True</value>
      </attribute>
    </attributes>
  </object>
  <object>
    <name>vehicule</name>
    <occluded>0</occluded>
    <bndbox>
      <xmin>51.91921164772727</xmin>
      <ymin>1805.7082386363638</ymin>
      <xmax>367.08835227272834</xmax>
      <ymax>2050.956112948331</ymax>
    </bndbox>
    <attributes>
      <attribute>
        <name>track_id</name>
        <value>149</value>
      </attribute>
      <attribute>
        <name>keyframe</name>
        <value>True</value>
      </attribute>
    </attributes>
  </object>
  <object>
    <name>vehicule</name>
    <occluded>0</occluded>
    <bndbox>
      <xmin>1037.2114701704545</xmin>
      <ymin>1372.5764204545458</ymin>
      <xmax>1425.9798295454552</xmax>
      <ymax>1598.0016005082553</ymax>
    </bndbox>
    <attributes>
      <attribute>
        <name>track_id</name>
        <value>150</value>
      </attribute>
      <attribute>
        <name>keyframe</name>
        <value>True</value>
      </attribute>
    </attributes>
  </object>
  <object>
    <name>vehicule</name>
    <occluded>0</occluded>
    <bndbox>
      <xmin>1537.7009055397727</xmin>
      <ymin>1340.1224254261363</ymin>
      <xmax>1923.9624289772735</xmax>
      <ymax>1519.571354259144</ymax>
    </bndbox>
    <attributes>
      <attribute>
        <name>track_id</name>
        <value>152</value>
      </attribute>
      <attribute>
        <name>keyframe</name>
        <value>True</value>
      </attribute>
    </attributes>
  </object>
  <object>
    <name>vehicule</name>
    <occluded>0</occluded>
    <bndbox>
      <xmin>120.51686789772728</xmin>
      <ymin>1376.5363636363638</ymin>
      <xmax>476.2536576704546</xmax>
      <ymax>1590.0538330078125</ymax>
    </bndbox>
    <attributes>
      <attribute>
        <name>track_id</name>
        <value>154</value>
      </attribute>
      <attribute>
        <name>keyframe</name>
        <value>True</value>
      </attribute>
    </attributes>
  </object>
  <object>
    <name>vehicule</name>
    <occluded>0</occluded>
    <bndbox>
      <xmin>1216.760000000001</xmin>
      <ymin>757.49638671875</ymin>
      <xmax>1379.7309616088867</xmax>
      <ymax>859.15</ymax>
    </bndbox>
    <attributes>
      <attribute>
        <name>track_id</name>
        <value>155</value>
      </attribute>
      <attribute>
        <name>keyframe</name>
        <value>True</value>
      </attribute>
    </attributes>
  </object>
  <object>
    <name>vehicule</name>
    <occluded>0</occluded>
    <bndbox>
      <xmin>2037.5899147727278</xmin>
      <ymin>1300.8009588068182</ymin>
      <xmax>2419.189304421164</xmax>
      <ymax>1494.0536443536932</ymax>
    </bndbox>
    <attributes>
      <attribute>
        <name>track_id</name>
        <value>156</value>
      </attribute>
      <attribute>
        <name>keyframe</name>
        <value>True</value>
      </attribute>
    </attributes>
  </object>
  <object>
    <name>vehicule</name>
    <occluded>0</occluded>
    <bndbox>
      <xmin>1013.7866654829545</xmin>
      <ymin>1246.5927556818185</ymin>
      <xmax>1397.9914079145951</xmax>
      <ymax>1380.0681218927546</ymax>
    </bndbox>
    <attributes>
      <attribute>
        <name>track_id</name>
        <value>157</value>
      </attribute>
      <attribute>
        <name>keyframe</name>
        <value>True</value>
      </attribute>
    </attributes>
  </object>
</annotation>
