<annotation>
  <folder>frame</folder>
  <filename>frame_002032.jpg</filename>
  <source>
    <database>Unknown</database>
    <annotation>Unknown</annotation>
    <image>Unknown</image>
  </source>
  <size>
    <width>2456</width>
    <height>2054</height>
    <depth>3</depth>
  </size>
  <segmented>0</segmented>
  <object>
    <name>vehicule</name>
    <occluded>0</occluded>
    <bndbox>
      <xmin>642.9516276041674</xmin>
      <ymin>1054.8667968750003</ymin>
      <xmax>821.1666707356775</xmax>
      <ymax>1211.2555338541667</ymax>
    </bndbox>
    <attributes>
      <attribute>
        <name>track_id</name>
        <value>92</value>
      </attribute>
      <attribute>
        <name>keyframe</name>
        <value>True</value>
      </attribute>
    </attributes>
  </object>
  <object>
    <name>vehicule</name>
    <occluded>0</occluded>
    <bndbox>
      <xmin>408.179296875</xmin>
      <ymin>1059.278867187501</ymin>
      <xmax>596.1637352062811</xmax>
      <ymax>1252.6099243164062</ymax>
    </bndbox>
    <attributes>
      <attribute>
        <name>track_id</name>
        <value>100</value>
      </attribute>
      <attribute>
        <name>keyframe</name>
        <value>True</value>
      </attribute>
    </attributes>
  </object>
  <object>
    <name>vehicule</name>
    <occluded>0</occluded>
    <bndbox>
      <xmin>449.5387511322464</xmin>
      <ymin>967.2887596240947</ymin>
      <xmax>604.6288600361928</xmax>
      <ymax>1088.2327488995984</ymax>
    </bndbox>
    <attributes>
      <attribute>
        <name>track_id</name>
        <value>106</value>
      </attribute>
      <attribute>
        <name>keyframe</name>
        <value>True</value>
      </attribute>
    </attributes>
  </object>
  <object>
    <name>vehicule</name>
    <occluded>0</occluded>
    <bndbox>
      <xmin>642.3702616494082</xmin>
      <ymin>974.4097344212278</ymin>
      <xmax>772.1256480019473</xmax>
      <ymax>1104.1705208592157</ymax>
    </bndbox>
    <attributes>
      <attribute>
        <name>track_id</name>
        <value>108</value>
      </attribute>
      <attribute>
        <name>keyframe</name>
        <value>True</value>
      </attribute>
    </attributes>
  </object>
  <object>
    <name>vehicule</name>
    <occluded>0</occluded>
    <bndbox>
      <xmin>582.2032323145604</xmin>
      <ymin>832.7200485061813</ymin>
      <xmax>711.8245503687585</xmax>
      <ymax>954.3854781936817</ymax>
    </bndbox>
    <attributes>
      <attribute>
        <name>track_id</name>
        <value>120</value>
      </attribute>
      <attribute>
        <name>keyframe</name>
        <value>True</value>
      </attribute>
    </attributes>
  </object>
  <object>
    <name>vehicule</name>
    <occluded>0</occluded>
    <bndbox>
      <xmin>456.16218014039856</xmin>
      <ymin>851.1473760190217</ymin>
      <xmax>566.868356898211</xmax>
      <ymax>991.9457616391389</ymax>
    </bndbox>
    <attributes>
      <attribute>
        <name>track_id</name>
        <value>130</value>
      </attribute>
      <attribute>
        <name>keyframe</name>
        <value>True</value>
      </attribute>
    </attributes>
  </object>
  <object>
    <name>vehicule</name>
    <occluded>0</occluded>
    <bndbox>
      <xmin>440.189453125</xmin>
      <ymin>1591.2068359375007</ymin>
      <xmax>824.0933593750015</xmax>
      <ymax>1924.739636230468</ymax>
    </bndbox>
    <attributes>
      <attribute>
        <name>track_id</name>
        <value>156</value>
      </attribute>
      <attribute>
        <name>keyframe</name>
        <value>True</value>
      </attribute>
    </attributes>
  </object>
  <object>
    <name>vehicule</name>
    <occluded>0</occluded>
    <bndbox>
      <xmin>907.9853515625</xmin>
      <ymin>1103.184291294643</ymin>
      <xmax>1076.2863311767578</xmax>
      <ymax>1268.8364168439582</ymax>
    </bndbox>
    <attributes>
      <attribute>
        <name>track_id</name>
        <value>158</value>
      </attribute>
      <attribute>
        <name>keyframe</name>
        <value>True</value>
      </attribute>
    </attributes>
  </object>
  <object>
    <name>vehicule</name>
    <occluded>0</occluded>
    <bndbox>
      <xmin>87.32421875</xmin>
      <ymin>1546.1571289062504</ymin>
      <xmax>514.1865234375</xmax>
      <ymax>1806.1197875976559</ymax>
    </bndbox>
    <attributes>
      <attribute>
        <name>track_id</name>
        <value>159</value>
      </attribute>
      <attribute>
        <name>keyframe</name>
        <value>True</value>
      </attribute>
    </attributes>
  </object>
  <object>
    <name>vehicule</name>
    <occluded>0</occluded>
    <bndbox>
      <xmin>883.34326171875</xmin>
      <ymin>1431.1201171875</ymin>
      <xmax>1283.9161132812515</xmax>
      <ymax>1608.2684020996094</ymax>
    </bndbox>
    <attributes>
      <attribute>
        <name>track_id</name>
        <value>160</value>
      </attribute>
      <attribute>
        <name>keyframe</name>
        <value>True</value>
      </attribute>
    </attributes>
  </object>
  <object>
    <name>vehicule</name>
    <occluded>0</occluded>
    <bndbox>
      <xmin>673.98486328125</xmin>
      <ymin>1296.500000000001</ymin>
      <xmax>1126.3000000000002</xmax>
      <ymax>1521.9959869384766</ymax>
    </bndbox>
    <attributes>
      <attribute>
        <name>track_id</name>
        <value>161</value>
      </attribute>
      <attribute>
        <name>keyframe</name>
        <value>True</value>
      </attribute>
    </attributes>
  </object>
  <object>
    <name>vehicule</name>
    <occluded>0</occluded>
    <bndbox>
      <xmin>1270.3076171875</xmin>
      <ymin>1323.2216796875</ymin>
      <xmax>1500.6004028320312</xmax>
      <ymax>1486.5662078857422</ymax>
    </bndbox>
    <attributes>
      <attribute>
        <name>track_id</name>
        <value>162</value>
      </attribute>
      <attribute>
        <name>keyframe</name>
        <value>True</value>
      </attribute>
    </attributes>
  </object>
  <object>
    <name>vehicule</name>
    <occluded>0</occluded>
    <bndbox>
      <xmin>1983.50146484375</xmin>
      <ymin>1305.04638671875</ymin>
      <xmax>2386.9846679687507</xmax>
      <ymax>1491.397201538086</ymax>
    </bndbox>
    <attributes>
      <attribute>
        <name>track_id</name>
        <value>163</value>
      </attribute>
      <attribute>
        <name>keyframe</name>
        <value>True</value>
      </attribute>
    </attributes>
  </object>
</annotation>
