<annotation>
  <folder>frame</folder>
  <filename>frame_001173.jpg</filename>
  <source>
    <database>Unknown</database>
    <annotation>Unknown</annotation>
    <image>Unknown</image>
  </source>
  <size>
    <width>2456</width>
    <height>2054</height>
    <depth>3</depth>
  </size>
  <segmented>0</segmented>
  <object>
    <name>vehicule</name>
    <occluded>0</occluded>
    <bndbox>
      <xmin>0.0</xmin>
      <ymin>1477.0</ymin>
      <xmax>394.10000000000036</xmax>
      <ymax>1730.8912506103516</ymax>
    </bndbox>
    <attributes>
      <attribute>
        <name>track_id</name>
        <value>83</value>
      </attribute>
      <attribute>
        <name>keyframe</name>
        <value>True</value>
      </attribute>
    </attributes>
  </object>
  <object>
    <name>vehicule</name>
    <occluded>0</occluded>
    <bndbox>
      <xmin>393.30908203125</xmin>
      <ymin>1526.6468750000004</ymin>
      <xmax>881.0240234375015</xmax>
      <ymax>1752.0117156982415</ymax>
    </bndbox>
    <attributes>
      <attribute>
        <name>track_id</name>
        <value>84</value>
      </attribute>
      <attribute>
        <name>keyframe</name>
        <value>True</value>
      </attribute>
    </attributes>
  </object>
  <object>
    <name>vehicule</name>
    <occluded>0</occluded>
    <bndbox>
      <xmin>543.30712890625</xmin>
      <ymin>1306.23779296875</ymin>
      <xmax>934.79638671875</xmax>
      <ymax>1506.350790405273</ymax>
    </bndbox>
    <attributes>
      <attribute>
        <name>track_id</name>
        <value>86</value>
      </attribute>
      <attribute>
        <name>keyframe</name>
        <value>True</value>
      </attribute>
    </attributes>
  </object>
  <object>
    <name>vehicule</name>
    <occluded>0</occluded>
    <bndbox>
      <xmin>1281.5823529411773</xmin>
      <ymin>747.7855583639706</ymin>
      <xmax>1467.976770737592</xmax>
      <ymax>878.7647058823541</ymax>
    </bndbox>
    <attributes>
      <attribute>
        <name>track_id</name>
        <value>87</value>
      </attribute>
      <attribute>
        <name>keyframe</name>
        <value>True</value>
      </attribute>
    </attributes>
  </object>
  <object>
    <name>vehicule</name>
    <occluded>0</occluded>
    <bndbox>
      <xmin>1150.66357421875</xmin>
      <ymin>1351.33447265625</ymin>
      <xmax>1474.5506835937485</xmax>
      <ymax>1528.0226440429688</ymax>
    </bndbox>
    <attributes>
      <attribute>
        <name>track_id</name>
        <value>88</value>
      </attribute>
      <attribute>
        <name>keyframe</name>
        <value>True</value>
      </attribute>
    </attributes>
  </object>
  <object>
    <name>vehicule</name>
    <occluded>0</occluded>
    <bndbox>
      <xmin>1433.60546875</xmin>
      <ymin>1214.677734375</ymin>
      <xmax>1787.8974609375</xmax>
      <ymax>1410.691177368164</ymax>
    </bndbox>
    <attributes>
      <attribute>
        <name>track_id</name>
        <value>89</value>
      </attribute>
      <attribute>
        <name>keyframe</name>
        <value>True</value>
      </attribute>
    </attributes>
  </object>
  <object>
    <name>vehicule</name>
    <occluded>0</occluded>
    <bndbox>
      <xmin>1889.1298828125</xmin>
      <ymin>1297.5009765625</ymin>
      <xmax>2279.3115234375</xmax>
      <ymax>1499.0359191894531</ymax>
    </bndbox>
    <attributes>
      <attribute>
        <name>track_id</name>
        <value>90</value>
      </attribute>
      <attribute>
        <name>keyframe</name>
        <value>True</value>
      </attribute>
    </attributes>
  </object>
</annotation>
