<annotation>
  <folder>frame</folder>
  <filename>frame_000916.jpg</filename>
  <source>
    <database>Unknown</database>
    <annotation>Unknown</annotation>
    <image>Unknown</image>
  </source>
  <size>
    <width>2456</width>
    <height>2054</height>
    <depth>3</depth>
  </size>
  <segmented>0</segmented>
  <object>
    <name>vehicule</name>
    <occluded>0</occluded>
    <bndbox>
      <xmin>562.0211588541666</xmin>
      <ymin>1111.4256510416672</ymin>
      <xmax>726.0</xmax>
      <ymax>1276.5214853922516</ymax>
    </bndbox>
    <attributes>
      <attribute>
        <name>track_id</name>
        <value>2</value>
      </attribute>
      <attribute>
        <name>keyframe</name>
        <value>True</value>
      </attribute>
    </attributes>
  </object>
  <object>
    <name>vehicule</name>
    <occluded>0</occluded>
    <bndbox>
      <xmin>501.1015625</xmin>
      <ymin>1574.5666666666668</ymin>
      <xmax>748.3648437500015</xmax>
      <ymax>1915.1404825846355</ymax>
    </bndbox>
    <attributes>
      <attribute>
        <name>track_id</name>
        <value>45</value>
      </attribute>
      <attribute>
        <name>keyframe</name>
        <value>True</value>
      </attribute>
    </attributes>
  </object>
  <object>
    <name>vehicule</name>
    <occluded>0</occluded>
    <bndbox>
      <xmin>303.1969401041667</xmin>
      <ymin>1174.3285156250004</ymin>
      <xmax>534.2000000000007</xmax>
      <ymax>1366.1052520751946</ymax>
    </bndbox>
    <attributes>
      <attribute>
        <name>track_id</name>
        <value>48</value>
      </attribute>
      <attribute>
        <name>keyframe</name>
        <value>True</value>
      </attribute>
    </attributes>
  </object>
  <object>
    <name>vehicule</name>
    <occluded>0</occluded>
    <bndbox>
      <xmin>611.8681640625</xmin>
      <ymin>948.8187500000004</ymin>
      <xmax>733.4000000000015</xmax>
      <ymax>1083.8817337036126</ymax>
    </bndbox>
    <attributes>
      <attribute>
        <name>track_id</name>
        <value>55</value>
      </attribute>
      <attribute>
        <name>keyframe</name>
        <value>True</value>
      </attribute>
    </attributes>
  </object>
  <object>
    <name>vehicule</name>
    <occluded>0</occluded>
    <bndbox>
      <xmin>441.5423177083333</xmin>
      <ymin>994.8207031250004</ymin>
      <xmax>589.9013020833348</xmax>
      <ymax>1152.2841766357415</ymax>
    </bndbox>
    <attributes>
      <attribute>
        <name>track_id</name>
        <value>56</value>
      </attribute>
      <attribute>
        <name>keyframe</name>
        <value>True</value>
      </attribute>
    </attributes>
  </object>
  <object>
    <name>vehicule</name>
    <occluded>0</occluded>
    <bndbox>
      <xmin>858.5</xmin>
      <ymin>959.1251302083334</ymin>
      <xmax>999.1790211995443</xmax>
      <ymax>1085.1180943806964</ymax>
    </bndbox>
    <attributes>
      <attribute>
        <name>track_id</name>
        <value>58</value>
      </attribute>
      <attribute>
        <name>keyframe</name>
        <value>True</value>
      </attribute>
    </attributes>
  </object>
  <object>
    <name>vehicule</name>
    <occluded>0</occluded>
    <bndbox>
      <xmin>590.100846354167</xmin>
      <ymin>809.5006510416666</ymin>
      <xmax>725.1575174967444</xmax>
      <ymax>931.1582616170248</ymax>
    </bndbox>
    <attributes>
      <attribute>
        <name>track_id</name>
        <value>62</value>
      </attribute>
      <attribute>
        <name>keyframe</name>
        <value>True</value>
      </attribute>
    </attributes>
  </object>
  <object>
    <name>vehicule</name>
    <occluded>0</occluded>
    <bndbox>
      <xmin>438.8746744791667</xmin>
      <ymin>815.0335286458334</ymin>
      <xmax>563.4435679117838</xmax>
      <ymax>929.0966161092123</ymax>
    </bndbox>
    <attributes>
      <attribute>
        <name>track_id</name>
        <value>64</value>
      </attribute>
      <attribute>
        <name>keyframe</name>
        <value>True</value>
      </attribute>
    </attributes>
  </object>
  <object>
    <name>vehicule</name>
    <occluded>0</occluded>
    <bndbox>
      <xmin>0.0</xmin>
      <ymin>1384.5123697916667</ymin>
      <xmax>254.35963541666814</xmax>
      <ymax>1624.9112497965496</ymax>
    </bndbox>
    <attributes>
      <attribute>
        <name>track_id</name>
        <value>181</value>
      </attribute>
      <attribute>
        <name>keyframe</name>
        <value>True</value>
      </attribute>
    </attributes>
  </object>
</annotation>
