<annotation>
  <folder>frame</folder>
  <filename>frame_001785.jpg</filename>
  <source>
    <database>Unknown</database>
    <annotation>Unknown</annotation>
    <image>Unknown</image>
  </source>
  <size>
    <width>2456</width>
    <height>2054</height>
    <depth>3</depth>
  </size>
  <segmented>0</segmented>
  <object>
    <name>vehicule</name>
    <occluded>0</occluded>
    <bndbox>
      <xmin>658.3019634046053</xmin>
      <ymin>996.4899300986857</ymin>
      <xmax>834.8581756251812</xmax>
      <ymax>1143.1360067521578</ymax>
    </bndbox>
    <attributes>
      <attribute>
        <name>track_id</name>
        <value>92</value>
      </attribute>
      <attribute>
        <name>keyframe</name>
        <value>True</value>
      </attribute>
    </attributes>
  </object>
  <object>
    <name>vehicule</name>
    <occluded>0</occluded>
    <bndbox>
      <xmin>441.57735402960526</xmin>
      <ymin>990.8165707236842</ymin>
      <xmax>610.1282143205517</xmax>
      <ymax>1178.4445629283848</ymax>
    </bndbox>
    <attributes>
      <attribute>
        <name>track_id</name>
        <value>100</value>
      </attribute>
      <attribute>
        <name>keyframe</name>
        <value>True</value>
      </attribute>
    </attributes>
  </object>
  <object>
    <name>vehicule</name>
    <occluded>0</occluded>
    <bndbox>
      <xmin>468.1495907738099</xmin>
      <ymin>941.297042410715</ymin>
      <xmax>599.4071475424453</xmax>
      <ymax>1035.1644835699178</ymax>
    </bndbox>
    <attributes>
      <attribute>
        <name>track_id</name>
        <value>106</value>
      </attribute>
      <attribute>
        <name>keyframe</name>
        <value>True</value>
      </attribute>
    </attributes>
  </object>
  <object>
    <name>vehicule</name>
    <occluded>0</occluded>
    <bndbox>
      <xmin>614.704734578583</xmin>
      <ymin>901.9863217630293</ymin>
      <xmax>744.4601209311221</xmax>
      <ymax>1031.7471082010172</ymax>
    </bndbox>
    <attributes>
      <attribute>
        <name>track_id</name>
        <value>108</value>
      </attribute>
      <attribute>
        <name>keyframe</name>
        <value>True</value>
      </attribute>
    </attributes>
  </object>
  <object>
    <name>vehicule</name>
    <occluded>0</occluded>
    <bndbox>
      <xmin>446.08349609375</xmin>
      <ymin>1683.3900000000008</ymin>
      <xmax>800.6300000000012</xmax>
      <ymax>1997.9003311157226</ymax>
    </bndbox>
    <attributes>
      <attribute>
        <name>track_id</name>
        <value>116</value>
      </attribute>
      <attribute>
        <name>keyframe</name>
        <value>True</value>
      </attribute>
    </attributes>
  </object>
  <object>
    <name>vehicule</name>
    <occluded>0</occluded>
    <bndbox>
      <xmin>849.5608723958334</xmin>
      <ymin>1449.729564525463</ymin>
      <xmax>1198.9313802083336</xmax>
      <ymax>1673.3505362051505</ymax>
    </bndbox>
    <attributes>
      <attribute>
        <name>track_id</name>
        <value>118</value>
      </attribute>
      <attribute>
        <name>keyframe</name>
        <value>True</value>
      </attribute>
    </attributes>
  </object>
  <object>
    <name>vehicule</name>
    <occluded>0</occluded>
    <bndbox>
      <xmin>569.7138070913461</xmin>
      <ymin>817.7326322115384</ymin>
      <xmax>699.3351251455442</xmax>
      <ymax>939.3980618990388</ymax>
    </bndbox>
    <attributes>
      <attribute>
        <name>track_id</name>
        <value>120</value>
      </attribute>
      <attribute>
        <name>keyframe</name>
        <value>True</value>
      </attribute>
    </attributes>
  </object>
  <object>
    <name>vehicule</name>
    <occluded>0</occluded>
    <bndbox>
      <xmin>156.11965460526315</xmin>
      <ymin>1630.4014391447372</ymin>
      <xmax>519.0009046052635</xmax>
      <ymax>1908.3195556640621</ymax>
    </bndbox>
    <attributes>
      <attribute>
        <name>track_id</name>
        <value>121</value>
      </attribute>
      <attribute>
        <name>keyframe</name>
        <value>True</value>
      </attribute>
    </attributes>
  </object>
  <object>
    <name>vehicule</name>
    <occluded>0</occluded>
    <bndbox>
      <xmin>1125.629971590909</xmin>
      <ymin>1280.9968039772727</ymin>
      <xmax>1567.6264620694246</xmax>
      <ymax>1572.1181335449219</ymax>
    </bndbox>
    <attributes>
      <attribute>
        <name>track_id</name>
        <value>123</value>
      </attribute>
      <attribute>
        <name>keyframe</name>
        <value>True</value>
      </attribute>
    </attributes>
  </object>
  <object>
    <name>vehicule</name>
    <occluded>0</occluded>
    <bndbox>
      <xmin>459.0217532835145</xmin>
      <ymin>808.2537788722826</ymin>
      <xmax>569.727930041327</xmax>
      <ymax>949.0521644923998</ymax>
    </bndbox>
    <attributes>
      <attribute>
        <name>track_id</name>
        <value>130</value>
      </attribute>
      <attribute>
        <name>keyframe</name>
        <value>True</value>
      </attribute>
    </attributes>
  </object>
  <object>
    <name>vehicule</name>
    <occluded>0</occluded>
    <bndbox>
      <xmin>1695.913232421875</xmin>
      <ymin>1329.663232421875</ymin>
      <xmax>2052.2681152343753</xmax>
      <ymax>1500.781591796876</ymax>
    </bndbox>
    <attributes>
      <attribute>
        <name>track_id</name>
        <value>133</value>
      </attribute>
      <attribute>
        <name>keyframe</name>
        <value>True</value>
      </attribute>
    </attributes>
  </object>
  <object>
    <name>vehicule</name>
    <occluded>0</occluded>
    <bndbox>
      <xmin>0.0</xmin>
      <ymin>1404.16796875</ymin>
      <xmax>300.6414062500007</xmax>
      <ymax>1680.1607543945302</ymax>
    </bndbox>
    <attributes>
      <attribute>
        <name>track_id</name>
        <value>136</value>
      </attribute>
      <attribute>
        <name>keyframe</name>
        <value>True</value>
      </attribute>
    </attributes>
  </object>
  <object>
    <name>vehicule</name>
    <occluded>0</occluded>
    <bndbox>
      <xmin>485.01103515625</xmin>
      <ymin>1433.5822265625</ymin>
      <xmax>833.1520507812504</xmax>
      <ymax>1671.028271484375</ymax>
    </bndbox>
    <attributes>
      <attribute>
        <name>track_id</name>
        <value>137</value>
      </attribute>
      <attribute>
        <name>keyframe</name>
        <value>True</value>
      </attribute>
    </attributes>
  </object>
  <object>
    <name>vehicule</name>
    <occluded>0</occluded>
    <bndbox>
      <xmin>2127.0382254464284</xmin>
      <ymin>1323.8246372767858</ymin>
      <xmax>2456.0</xmax>
      <ymax>1506.0343235560827</ymax>
    </bndbox>
    <attributes>
      <attribute>
        <name>track_id</name>
        <value>138</value>
      </attribute>
      <attribute>
        <name>keyframe</name>
        <value>True</value>
      </attribute>
    </attributes>
  </object>
  <object>
    <name>vehicule</name>
    <occluded>0</occluded>
    <bndbox>
      <xmin>885.0431640625</xmin>
      <ymin>1324.0136132812509</ymin>
      <xmax>1255.83671875</xmax>
      <ymax>1496.5509948730469</ymax>
    </bndbox>
    <attributes>
      <attribute>
        <name>track_id</name>
        <value>140</value>
      </attribute>
      <attribute>
        <name>keyframe</name>
        <value>True</value>
      </attribute>
    </attributes>
  </object>
  <object>
    <name>vehicule</name>
    <occluded>0</occluded>
    <bndbox>
      <xmin>1794.987890625</xmin>
      <ymin>1216.333984375</ymin>
      <xmax>2134.8365234375</xmax>
      <ymax>1368.1753845214844</ymax>
    </bndbox>
    <attributes>
      <attribute>
        <name>track_id</name>
        <value>141</value>
      </attribute>
      <attribute>
        <name>keyframe</name>
        <value>True</value>
      </attribute>
    </attributes>
  </object>
</annotation>
