<annotation>
  <folder>frame</folder>
  <filename>frame_001714.jpg</filename>
  <source>
    <database>Unknown</database>
    <annotation>Unknown</annotation>
    <image>Unknown</image>
  </source>
  <size>
    <width>2456</width>
    <height>2054</height>
    <depth>3</depth>
  </size>
  <segmented>0</segmented>
  <object>
    <name>vehicule</name>
    <occluded>0</occluded>
    <bndbox>
      <xmin>665.7637172965116</xmin>
      <ymin>994.885177446706</ymin>
      <xmax>834.3907506122845</xmax>
      <ymax>1148.2299644424468</ymax>
    </bndbox>
    <attributes>
      <attribute>
        <name>track_id</name>
        <value>92</value>
      </attribute>
      <attribute>
        <name>keyframe</name>
        <value>True</value>
      </attribute>
    </attributes>
  </object>
  <object>
    <name>vehicule</name>
    <occluded>0</occluded>
    <bndbox>
      <xmin>443.00829880440284</xmin>
      <ymin>990.2557961158907</ymin>
      <xmax>605.9729888894227</xmax>
      <ymax>1174.9035013735313</ymax>
    </bndbox>
    <attributes>
      <attribute>
        <name>track_id</name>
        <value>100</value>
      </attribute>
      <attribute>
        <name>keyframe</name>
        <value>True</value>
      </attribute>
    </attributes>
  </object>
  <object>
    <name>vehicule</name>
    <occluded>0</occluded>
    <bndbox>
      <xmin>472.81942965888334</xmin>
      <ymin>945.7225038633253</ymin>
      <xmax>597.2263337894334</xmax>
      <ymax>1041.9985977899464</ymax>
    </bndbox>
    <attributes>
      <attribute>
        <name>track_id</name>
        <value>106</value>
      </attribute>
      <attribute>
        <name>keyframe</name>
        <value>True</value>
      </attribute>
    </attributes>
  </object>
  <object>
    <name>vehicule</name>
    <occluded>0</occluded>
    <bndbox>
      <xmin>611.9841459690554</xmin>
      <ymin>903.1428994045195</ymin>
      <xmax>741.7395323215944</xmax>
      <ymax>1032.9036858425075</ymax>
    </bndbox>
    <attributes>
      <attribute>
        <name>track_id</name>
        <value>108</value>
      </attribute>
      <attribute>
        <name>keyframe</name>
        <value>True</value>
      </attribute>
    </attributes>
  </object>
  <object>
    <name>vehicule</name>
    <occluded>0</occluded>
    <bndbox>
      <xmin>296.171875</xmin>
      <ymin>1764.0751953125</ymin>
      <xmax>628.3466796875</xmax>
      <ymax>2054.0</ymax>
    </bndbox>
    <attributes>
      <attribute>
        <name>track_id</name>
        <value>115</value>
      </attribute>
      <attribute>
        <name>keyframe</name>
        <value>True</value>
      </attribute>
    </attributes>
  </object>
  <object>
    <name>vehicule</name>
    <occluded>0</occluded>
    <bndbox>
      <xmin>565.7918369722682</xmin>
      <ymin>1597.9752367032286</ymin>
      <xmax>910.9152744722686</xmax>
      <ymax>1843.6776353848688</ymax>
    </bndbox>
    <attributes>
      <attribute>
        <name>track_id</name>
        <value>116</value>
      </attribute>
      <attribute>
        <name>keyframe</name>
        <value>True</value>
      </attribute>
    </attributes>
  </object>
  <object>
    <name>vehicule</name>
    <occluded>0</occluded>
    <bndbox>
      <xmin>42.586076780225724</xmin>
      <ymin>1748.1558177510246</ymin>
      <xmax>350.4030750712406</xmax>
      <ymax>2029.2700588538996</ymax>
    </bndbox>
    <attributes>
      <attribute>
        <name>track_id</name>
        <value>117</value>
      </attribute>
      <attribute>
        <name>keyframe</name>
        <value>True</value>
      </attribute>
    </attributes>
  </object>
  <object>
    <name>vehicule</name>
    <occluded>0</occluded>
    <bndbox>
      <xmin>891.9097222222222</xmin>
      <ymin>1432.7901957947531</ymin>
      <xmax>1241.2802300347225</xmax>
      <ymax>1656.4111674744406</ymax>
    </bndbox>
    <attributes>
      <attribute>
        <name>track_id</name>
        <value>118</value>
      </attribute>
      <attribute>
        <name>keyframe</name>
        <value>True</value>
      </attribute>
    </attributes>
  </object>
  <object>
    <name>vehicule</name>
    <occluded>0</occluded>
    <bndbox>
      <xmin>566.1237293956044</xmin>
      <ymin>813.4245084993132</ymin>
      <xmax>695.7450474498025</xmax>
      <ymax>935.0899381868136</ymax>
    </bndbox>
    <attributes>
      <attribute>
        <name>track_id</name>
        <value>120</value>
      </attribute>
      <attribute>
        <name>keyframe</name>
        <value>True</value>
      </attribute>
    </attributes>
  </object>
  <object>
    <name>vehicule</name>
    <occluded>0</occluded>
    <bndbox>
      <xmin>294.63108387212645</xmin>
      <ymin>1521.6828663793106</ymin>
      <xmax>657.5123338721268</xmax>
      <ymax>1752.4624534519235</ymax>
    </bndbox>
    <attributes>
      <attribute>
        <name>track_id</name>
        <value>121</value>
      </attribute>
      <attribute>
        <name>keyframe</name>
        <value>True</value>
      </attribute>
    </attributes>
  </object>
  <object>
    <name>vehicule</name>
    <occluded>0</occluded>
    <bndbox>
      <xmin>1232.546512488163</xmin>
      <ymin>1278.019560842803</ymin>
      <xmax>1674.5430029666786</xmax>
      <ymax>1543.9041849772136</ymax>
    </bndbox>
    <attributes>
      <attribute>
        <name>track_id</name>
        <value>123</value>
      </attribute>
      <attribute>
        <name>keyframe</name>
        <value>True</value>
      </attribute>
    </attributes>
  </object>
  <object>
    <name>vehicule</name>
    <occluded>0</occluded>
    <bndbox>
      <xmin>465.97587890625</xmin>
      <ymin>780.6748372395833</ymin>
      <xmax>576.6820556640625</xmax>
      <ymax>921.4732228597005</ymax>
    </bndbox>
    <attributes>
      <attribute>
        <name>track_id</name>
        <value>130</value>
      </attribute>
      <attribute>
        <name>keyframe</name>
        <value>True</value>
      </attribute>
    </attributes>
  </object>
  <object>
    <name>vehicule</name>
    <occluded>0</occluded>
    <bndbox>
      <xmin>332.86328125</xmin>
      <ymin>1373.9799665178577</ymin>
      <xmax>699.5992366245816</xmax>
      <ymax>1591.0859930855884</ymax>
    </bndbox>
    <attributes>
      <attribute>
        <name>track_id</name>
        <value>132</value>
      </attribute>
      <attribute>
        <name>keyframe</name>
        <value>True</value>
      </attribute>
    </attributes>
  </object>
  <object>
    <name>vehicule</name>
    <occluded>0</occluded>
    <bndbox>
      <xmin>1903.3841430664065</xmin>
      <ymin>1322.209228515625</ymin>
      <xmax>2256.9626708984374</xmax>
      <ymax>1548.5909576416016</ymax>
    </bndbox>
    <attributes>
      <attribute>
        <name>track_id</name>
        <value>133</value>
      </attribute>
      <attribute>
        <name>keyframe</name>
        <value>True</value>
      </attribute>
    </attributes>
  </object>
  <object>
    <name>vehicule</name>
    <occluded>0</occluded>
    <bndbox>
      <xmin>870.9242466517858</xmin>
      <ymin>1319.7442801339287</ymin>
      <xmax>1268.7486790248327</xmax>
      <ymax>1493.6716940743584</ymax>
    </bndbox>
    <attributes>
      <attribute>
        <name>track_id</name>
        <value>134</value>
      </attribute>
      <attribute>
        <name>keyframe</name>
        <value>True</value>
      </attribute>
    </attributes>
  </object>
  <object>
    <name>vehicule</name>
    <occluded>0</occluded>
    <bndbox>
      <xmin>1797.1970703125</xmin>
      <ymin>1152.8369140625</ymin>
      <xmax>2153.610247802734</xmax>
      <ymax>1304.6783142089844</ymax>
    </bndbox>
    <attributes>
      <attribute>
        <name>track_id</name>
        <value>136</value>
      </attribute>
      <attribute>
        <name>keyframe</name>
        <value>True</value>
      </attribute>
    </attributes>
  </object>
  <object>
    <name>vehicule</name>
    <occluded>0</occluded>
    <bndbox>
      <xmin>1968.9146484375</xmin>
      <ymin>1235.1080078125</ymin>
      <xmax>2272.1333984375</xmax>
      <ymax>1392.4709075927735</ymax>
    </bndbox>
    <attributes>
      <attribute>
        <name>track_id</name>
        <value>137</value>
      </attribute>
      <attribute>
        <name>keyframe</name>
        <value>True</value>
      </attribute>
    </attributes>
  </object>
</annotation>
