<annotation>
  <folder>frame</folder>
  <filename>frame_001733.jpg</filename>
  <source>
    <database>Unknown</database>
    <annotation>Unknown</annotation>
    <image>Unknown</image>
  </source>
  <size>
    <width>2456</width>
    <height>2054</height>
    <depth>3</depth>
  </size>
  <segmented>0</segmented>
  <object>
    <name>vehicule</name>
    <occluded>0</occluded>
    <bndbox>
      <xmin>663.7529069767442</xmin>
      <ymin>995.2963435683148</ymin>
      <xmax>834.5018325889505</xmax>
      <ymax>1146.7931608875188</ymax>
    </bndbox>
    <attributes>
      <attribute>
        <name>track_id</name>
        <value>92</value>
      </attribute>
      <attribute>
        <name>keyframe</name>
        <value>True</value>
      </attribute>
    </attributes>
  </object>
  <object>
    <name>vehicule</name>
    <occluded>0</occluded>
    <bndbox>
      <xmin>442.62090397267207</xmin>
      <ymin>990.420684938006</ymin>
      <xmax>607.0804846761794</xmax>
      <ymax>1175.865931773029</ymax>
    </bndbox>
    <attributes>
      <attribute>
        <name>track_id</name>
        <value>100</value>
      </attribute>
      <attribute>
        <name>keyframe</name>
        <value>True</value>
      </attribute>
    </attributes>
  </object>
  <object>
    <name>vehicule</name>
    <occluded>0</occluded>
    <bndbox>
      <xmin>471.56975446428623</xmin>
      <ymin>944.5382254464296</ymin>
      <xmax>597.809931836014</xmax>
      <ymax>1040.1697503226148</ymax>
    </bndbox>
    <attributes>
      <attribute>
        <name>track_id</name>
        <value>106</value>
      </attribute>
      <attribute>
        <name>keyframe</name>
        <value>True</value>
      </attribute>
    </attributes>
  </object>
  <object>
    <name>vehicule</name>
    <occluded>0</occluded>
    <bndbox>
      <xmin>612.7121908082247</xmin>
      <ymin>902.8333927117263</ymin>
      <xmax>742.4675771607638</xmax>
      <ymax>1032.5941791497144</ymax>
    </bndbox>
    <attributes>
      <attribute>
        <name>track_id</name>
        <value>108</value>
      </attribute>
      <attribute>
        <name>keyframe</name>
        <value>True</value>
      </attribute>
    </attributes>
  </object>
  <object>
    <name>vehicule</name>
    <occluded>0</occluded>
    <bndbox>
      <xmin>296.171875</xmin>
      <ymin>1764.0751953125</ymin>
      <xmax>628.3466796875</xmax>
      <ymax>2054.0</ymax>
    </bndbox>
    <attributes>
      <attribute>
        <name>track_id</name>
        <value>115</value>
      </attribute>
      <attribute>
        <name>keyframe</name>
        <value>True</value>
      </attribute>
    </attributes>
  </object>
  <object>
    <name>vehicule</name>
    <occluded>0</occluded>
    <bndbox>
      <xmin>561.9706772557947</xmin>
      <ymin>1602.4911527317881</ymin>
      <xmax>907.0941147557951</xmax>
      <ymax>1848.1935514134284</ymax>
    </bndbox>
    <attributes>
      <attribute>
        <name>track_id</name>
        <value>116</value>
      </attribute>
      <attribute>
        <name>keyframe</name>
        <value>True</value>
      </attribute>
    </attributes>
  </object>
  <object>
    <name>vehicule</name>
    <occluded>0</occluded>
    <bndbox>
      <xmin>38.28659067622971</xmin>
      <ymin>1760.1944640112704</ymin>
      <xmax>346.1035889672446</xmax>
      <ymax>2038.135509453445</ymax>
    </bndbox>
    <attributes>
      <attribute>
        <name>track_id</name>
        <value>117</value>
      </attribute>
      <attribute>
        <name>keyframe</name>
        <value>True</value>
      </attribute>
    </attributes>
  </object>
  <object>
    <name>vehicule</name>
    <occluded>0</occluded>
    <bndbox>
      <xmin>880.5769314236111</xmin>
      <ymin>1437.3232663001543</ymin>
      <xmax>1229.9474392361114</xmax>
      <ymax>1660.9442379798418</ymax>
    </bndbox>
    <attributes>
      <attribute>
        <name>track_id</name>
        <value>118</value>
      </attribute>
      <attribute>
        <name>keyframe</name>
        <value>True</value>
      </attribute>
    </attributes>
  </object>
  <object>
    <name>vehicule</name>
    <occluded>0</occluded>
    <bndbox>
      <xmin>567.0844544127747</xmin>
      <ymin>814.5773866758242</ymin>
      <xmax>696.7057724669728</xmax>
      <ymax>936.2428163633246</ymax>
    </bndbox>
    <attributes>
      <attribute>
        <name>track_id</name>
        <value>120</value>
      </attribute>
      <attribute>
        <name>keyframe</name>
        <value>True</value>
      </attribute>
    </attributes>
  </object>
  <object>
    <name>vehicule</name>
    <occluded>0</occluded>
    <bndbox>
      <xmin>272.32301769037355</xmin>
      <ymin>1521.6890086206902</ymin>
      <xmax>635.204267690374</xmax>
      <ymax>1765.726493081279</ymax>
    </bndbox>
    <attributes>
      <attribute>
        <name>track_id</name>
        <value>121</value>
      </attribute>
      <attribute>
        <name>keyframe</name>
        <value>True</value>
      </attribute>
    </attributes>
  </object>
  <object>
    <name>vehicule</name>
    <occluded>0</occluded>
    <bndbox>
      <xmin>1203.9350437973485</xmin>
      <ymin>1278.816287878788</ymin>
      <xmax>1645.9315342758641</xmax>
      <ymax>1551.4543965657551</ymax>
    </bndbox>
    <attributes>
      <attribute>
        <name>track_id</name>
        <value>123</value>
      </attribute>
      <attribute>
        <name>keyframe</name>
        <value>True</value>
      </attribute>
    </attributes>
  </object>
  <object>
    <name>vehicule</name>
    <occluded>0</occluded>
    <bndbox>
      <xmin>459.6237686820652</xmin>
      <ymin>799.2235478940217</ymin>
      <xmax>570.3299454398777</xmax>
      <ymax>940.0219335141389</ymax>
    </bndbox>
    <attributes>
      <attribute>
        <name>track_id</name>
        <value>130</value>
      </attribute>
      <attribute>
        <name>keyframe</name>
        <value>True</value>
      </attribute>
    </attributes>
  </object>
  <object>
    <name>vehicule</name>
    <occluded>0</occluded>
    <bndbox>
      <xmin>0.0</xmin>
      <ymin>1507.849609375</ymin>
      <xmax>332.0257873535156</xmax>
      <ymax>1737.01060180664</ymax>
    </bndbox>
    <attributes>
      <attribute>
        <name>track_id</name>
        <value>132</value>
      </attribute>
      <attribute>
        <name>keyframe</name>
        <value>True</value>
      </attribute>
    </attributes>
  </object>
  <object>
    <name>vehicule</name>
    <occluded>0</occluded>
    <bndbox>
      <xmin>1743.1224609375</xmin>
      <ymin>1333.390234375</ymin>
      <xmax>2098.3668017578125</xmax>
      <ymax>1526.6139416503913</ymax>
    </bndbox>
    <attributes>
      <attribute>
        <name>track_id</name>
        <value>133</value>
      </attribute>
      <attribute>
        <name>keyframe</name>
        <value>True</value>
      </attribute>
    </attributes>
  </object>
  <object>
    <name>vehicule</name>
    <occluded>0</occluded>
    <bndbox>
      <xmin>127.4931640625</xmin>
      <ymin>1416.800000000001</ymin>
      <xmax>577.8000000000011</xmax>
      <ymax>1565.8453826904297</ymax>
    </bndbox>
    <attributes>
      <attribute>
        <name>track_id</name>
        <value>134</value>
      </attribute>
      <attribute>
        <name>keyframe</name>
        <value>True</value>
      </attribute>
    </attributes>
  </object>
  <object>
    <name>vehicule</name>
    <occluded>0</occluded>
    <bndbox>
      <xmin>618.9072265625</xmin>
      <ymin>1309.1000000000004</ymin>
      <xmax>1027.800000000001</xmax>
      <ymax>1466.4585876464844</ymax>
    </bndbox>
    <attributes>
      <attribute>
        <name>track_id</name>
        <value>135</value>
      </attribute>
      <attribute>
        <name>keyframe</name>
        <value>True</value>
      </attribute>
    </attributes>
  </object>
  <object>
    <name>vehicule</name>
    <occluded>0</occluded>
    <bndbox>
      <xmin>1051.2197265625</xmin>
      <ymin>1177.7000000000007</ymin>
      <xmax>1471.2000000000007</xmax>
      <ymax>1354.390625</ymax>
    </bndbox>
    <attributes>
      <attribute>
        <name>track_id</name>
        <value>136</value>
      </attribute>
      <attribute>
        <name>keyframe</name>
        <value>True</value>
      </attribute>
    </attributes>
  </object>
  <object>
    <name>vehicule</name>
    <occluded>0</occluded>
    <bndbox>
      <xmin>1857.380859375</xmin>
      <ymin>1224.6162109375</ymin>
      <xmax>2204.771484375</xmax>
      <ymax>1393.0221252441406</ymax>
    </bndbox>
    <attributes>
      <attribute>
        <name>track_id</name>
        <value>140</value>
      </attribute>
      <attribute>
        <name>keyframe</name>
        <value>True</value>
      </attribute>
    </attributes>
  </object>
</annotation>
