<annotation>
  <folder>frame</folder>
  <filename>frame_001932.jpg</filename>
  <source>
    <database>Unknown</database>
    <annotation>Unknown</annotation>
    <image>Unknown</image>
  </source>
  <size>
    <width>2456</width>
    <height>2054</height>
    <depth>3</depth>
  </size>
  <segmented>0</segmented>
  <object>
    <name>vehicule</name>
    <occluded>0</occluded>
    <bndbox>
      <xmin>644.7737014358108</xmin>
      <ymin>1004.3280458192568</ymin>
      <xmax>837.7470163308845</xmax>
      <ymax>1167.0851743468218</ymax>
    </bndbox>
    <attributes>
      <attribute>
        <name>track_id</name>
        <value>92</value>
      </attribute>
      <attribute>
        <name>keyframe</name>
        <value>True</value>
      </attribute>
    </attributes>
  </object>
  <object>
    <name>vehicule</name>
    <occluded>0</occluded>
    <bndbox>
      <xmin>427.44612379807694</xmin>
      <ymin>997.6591256009616</ymin>
      <xmax>607.5627167688981</xmax>
      <ymax>1168.850381704477</ymax>
    </bndbox>
    <attributes>
      <attribute>
        <name>track_id</name>
        <value>100</value>
      </attribute>
      <attribute>
        <name>keyframe</name>
        <value>True</value>
      </attribute>
    </attributes>
  </object>
  <object>
    <name>vehicule</name>
    <occluded>0</occluded>
    <bndbox>
      <xmin>458.390087182971</xmin>
      <ymin>933.7262879302536</ymin>
      <xmax>603.8313895544029</xmax>
      <ymax>1023.9704903422936</ymax>
    </bndbox>
    <attributes>
      <attribute>
        <name>track_id</name>
        <value>106</value>
      </attribute>
      <attribute>
        <name>keyframe</name>
        <value>True</value>
      </attribute>
    </attributes>
  </object>
  <object>
    <name>vehicule</name>
    <occluded>0</occluded>
    <bndbox>
      <xmin>626.6424047707101</xmin>
      <ymin>926.0733577570267</ymin>
      <xmax>756.3977911232491</xmax>
      <ymax>1055.8341441950145</ymax>
    </bndbox>
    <attributes>
      <attribute>
        <name>track_id</name>
        <value>108</value>
      </attribute>
      <attribute>
        <name>keyframe</name>
        <value>True</value>
      </attribute>
    </attributes>
  </object>
  <object>
    <name>vehicule</name>
    <occluded>0</occluded>
    <bndbox>
      <xmin>577.1467848557693</xmin>
      <ymin>826.6522686298077</ymin>
      <xmax>706.7681029099674</xmax>
      <ymax>948.3176983173081</ymax>
    </bndbox>
    <attributes>
      <attribute>
        <name>track_id</name>
        <value>120</value>
      </attribute>
      <attribute>
        <name>keyframe</name>
        <value>True</value>
      </attribute>
    </attributes>
  </object>
  <object>
    <name>vehicule</name>
    <occluded>0</occluded>
    <bndbox>
      <xmin>457.3199020606884</xmin>
      <ymin>833.7815472146739</ymin>
      <xmax>568.0260788185009</xmax>
      <ymax>974.5799328347911</ymax>
    </bndbox>
    <attributes>
      <attribute>
        <name>track_id</name>
        <value>130</value>
      </attribute>
      <attribute>
        <name>keyframe</name>
        <value>True</value>
      </attribute>
    </attributes>
  </object>
  <object>
    <name>vehicule</name>
    <occluded>0</occluded>
    <bndbox>
      <xmin>467.08957741477275</xmin>
      <ymin>1684.4909090909105</ymin>
      <xmax>784.336363636364</xmax>
      <ymax>2023.6016138250177</ymax>
    </bndbox>
    <attributes>
      <attribute>
        <name>track_id</name>
        <value>138</value>
      </attribute>
      <attribute>
        <name>keyframe</name>
        <value>True</value>
      </attribute>
    </attributes>
  </object>
  <object>
    <name>vehicule</name>
    <occluded>0</occluded>
    <bndbox>
      <xmin>314.4691822489754</xmin>
      <ymin>1446.5485847848363</ymin>
      <xmax>685.2663708295984</xmax>
      <ymax>1713.0552141033231</ymax>
    </bndbox>
    <attributes>
      <attribute>
        <name>track_id</name>
        <value>141</value>
      </attribute>
      <attribute>
        <name>keyframe</name>
        <value>True</value>
      </attribute>
    </attributes>
  </object>
  <object>
    <name>vehicule</name>
    <occluded>0</occluded>
    <bndbox>
      <xmin>664.5615985576923</xmin>
      <ymin>1382.2545823317307</ymin>
      <xmax>961.5928485576923</xmax>
      <ymax>1547.892668269231</ymax>
    </bndbox>
    <attributes>
      <attribute>
        <name>track_id</name>
        <value>143</value>
      </attribute>
      <attribute>
        <name>keyframe</name>
        <value>True</value>
      </attribute>
    </attributes>
  </object>
  <object>
    <name>vehicule</name>
    <occluded>0</occluded>
    <bndbox>
      <xmin>929.8149169921875</xmin>
      <ymin>1319.2990966796874</ymin>
      <xmax>1355.4309448242188</xmax>
      <ymax>1466.4925949096664</ymax>
    </bndbox>
    <attributes>
      <attribute>
        <name>track_id</name>
        <value>146</value>
      </attribute>
      <attribute>
        <name>keyframe</name>
        <value>True</value>
      </attribute>
    </attributes>
  </object>
  <object>
    <name>vehicule</name>
    <occluded>0</occluded>
    <bndbox>
      <xmin>763.0197435461956</xmin>
      <ymin>1498.4226052989131</ymin>
      <xmax>1110.2308763586968</xmax>
      <ymax>1700.864289258873</ymax>
    </bndbox>
    <attributes>
      <attribute>
        <name>track_id</name>
        <value>148</value>
      </attribute>
      <attribute>
        <name>keyframe</name>
        <value>True</value>
      </attribute>
    </attributes>
  </object>
  <object>
    <name>vehicule</name>
    <occluded>0</occluded>
    <bndbox>
      <xmin>124.7020596590909</xmin>
      <ymin>1676.6409801136363</ymin>
      <xmax>416.84815340909233</xmax>
      <ymax>1943.4927379261374</ymax>
    </bndbox>
    <attributes>
      <attribute>
        <name>track_id</name>
        <value>149</value>
      </attribute>
      <attribute>
        <name>keyframe</name>
        <value>True</value>
      </attribute>
    </attributes>
  </object>
  <object>
    <name>vehicule</name>
    <occluded>0</occluded>
    <bndbox>
      <xmin>1308.9437614889705</xmin>
      <ymin>1318.4807559742646</ymin>
      <xmax>1695.4279411764712</xmax>
      <ymax>1504.782510735006</ymax>
    </bndbox>
    <attributes>
      <attribute>
        <name>track_id</name>
        <value>150</value>
      </attribute>
      <attribute>
        <name>keyframe</name>
        <value>True</value>
      </attribute>
    </attributes>
  </object>
  <object>
    <name>vehicule</name>
    <occluded>0</occluded>
    <bndbox>
      <xmin>1737.7827785326087</xmin>
      <ymin>1324.2632472826087</ymin>
      <xmax>2124.0443019701092</xmax>
      <ymax>1503.7121761156166</ymax>
    </bndbox>
    <attributes>
      <attribute>
        <name>track_id</name>
        <value>152</value>
      </attribute>
      <attribute>
        <name>keyframe</name>
        <value>True</value>
      </attribute>
    </attributes>
  </object>
  <object>
    <name>vehicule</name>
    <occluded>0</occluded>
    <bndbox>
      <xmin>291.3916903409091</xmin>
      <ymin>1336.710138494319</ymin>
      <xmax>681.2545887340212</xmax>
      <ymax>1521.2427989612925</ymax>
    </bndbox>
    <attributes>
      <attribute>
        <name>track_id</name>
        <value>153</value>
      </attribute>
      <attribute>
        <name>keyframe</name>
        <value>True</value>
      </attribute>
    </attributes>
  </object>
  <object>
    <name>vehicule</name>
    <occluded>0</occluded>
    <bndbox>
      <xmin>975.7211470170455</xmin>
      <ymin>1242.4496626420455</ymin>
      <xmax>1302.1303267045455</xmax>
      <ymax>1362.0822767777877</ymax>
    </bndbox>
    <attributes>
      <attribute>
        <name>track_id</name>
        <value>154</value>
      </attribute>
      <attribute>
        <name>keyframe</name>
        <value>True</value>
      </attribute>
    </attributes>
  </object>
  <object>
    <name>vehicule</name>
    <occluded>0</occluded>
    <bndbox>
      <xmin>1652.83076923077</xmin>
      <ymin>981.7367037259615</ymin>
      <xmax>1884.1715815617488</xmax>
      <ymax>1115.1408052884622</ymax>
    </bndbox>
    <attributes>
      <attribute>
        <name>track_id</name>
        <value>155</value>
      </attribute>
      <attribute>
        <name>keyframe</name>
        <value>True</value>
      </attribute>
    </attributes>
  </object>
  <object>
    <name>vehicule</name>
    <occluded>0</occluded>
    <bndbox>
      <xmin>2175.6073069852946</xmin>
      <ymin>1297.455078125</ymin>
      <xmax>2456.0</xmax>
      <ymax>1490.707763671875</ymax>
    </bndbox>
    <attributes>
      <attribute>
        <name>track_id</name>
        <value>156</value>
      </attribute>
      <attribute>
        <name>keyframe</name>
        <value>True</value>
      </attribute>
    </attributes>
  </object>
</annotation>
