<annotation>
  <folder>frame</folder>
  <filename>frame_001417.jpg</filename>
  <source>
    <database>Unknown</database>
    <annotation>Unknown</annotation>
    <image>Unknown</image>
  </source>
  <size>
    <width>2456</width>
    <height>2054</height>
    <depth>3</depth>
  </size>
  <segmented>0</segmented>
  <object>
    <name>vehicule</name>
    <occluded>0</occluded>
    <bndbox>
      <xmin>651.9399245689655</xmin>
      <ymin>948.2701373922414</ymin>
      <xmax>789.9666823814658</xmax>
      <ymax>1098.0259937154829</ymax>
    </bndbox>
    <attributes>
      <attribute>
        <name>track_id</name>
        <value>92</value>
      </attribute>
      <attribute>
        <name>keyframe</name>
        <value>True</value>
      </attribute>
    </attributes>
  </object>
  <object>
    <name>vehicule</name>
    <occluded>0</occluded>
    <bndbox>
      <xmin>452.4654017857143</xmin>
      <ymin>1002.0467354910714</ymin>
      <xmax>592.0625911501676</xmax>
      <ymax>1174.2276066180523</ymax>
    </bndbox>
    <attributes>
      <attribute>
        <name>track_id</name>
        <value>100</value>
      </attribute>
      <attribute>
        <name>keyframe</name>
        <value>True</value>
      </attribute>
    </attributes>
  </object>
  <object>
    <name>vehicule</name>
    <occluded>0</occluded>
    <bndbox>
      <xmin>480.8654758243111</xmin>
      <ymin>941.9039370078755</ymin>
      <xmax>591.8174097857137</xmax>
      <ymax>1043.7745828703632</ymax>
    </bndbox>
    <attributes>
      <attribute>
        <name>track_id</name>
        <value>106</value>
      </attribute>
      <attribute>
        <name>keyframe</name>
        <value>True</value>
      </attribute>
    </attributes>
  </object>
  <object>
    <name>vehicule</name>
    <occluded>0</occluded>
    <bndbox>
      <xmin>573.1077586206897</xmin>
      <ymin>820.3654835668104</ymin>
      <xmax>702.8631449732287</xmax>
      <ymax>936.9846078280744</ymax>
    </bndbox>
    <attributes>
      <attribute>
        <name>track_id</name>
        <value>108</value>
      </attribute>
      <attribute>
        <name>keyframe</name>
        <value>True</value>
      </attribute>
    </attributes>
  </object>
  <object>
    <name>vehicule</name>
    <occluded>0</occluded>
    <bndbox>
      <xmin>1922.94921875</xmin>
      <ymin>1334.21787109375</ymin>
      <xmax>2271.3050000000003</xmax>
      <ymax>1521.949041748047</ymax>
    </bndbox>
    <attributes>
      <attribute>
        <name>track_id</name>
        <value>109</value>
      </attribute>
      <attribute>
        <name>keyframe</name>
        <value>True</value>
      </attribute>
    </attributes>
  </object>
</annotation>
