<annotation>
  <folder>frame</folder>
  <filename>frame_001164.jpg</filename>
  <source>
    <database>Unknown</database>
    <annotation>Unknown</annotation>
    <image>Unknown</image>
  </source>
  <size>
    <width>2456</width>
    <height>2054</height>
    <depth>3</depth>
  </size>
  <segmented>0</segmented>
  <object>
    <name>vehicule</name>
    <occluded>0</occluded>
    <bndbox>
      <xmin>323.8310546875</xmin>
      <ymin>1410.7000000000007</ymin>
      <xmax>714.4000000000015</xmax>
      <ymax>1628.7435913085938</ymax>
    </bndbox>
    <attributes>
      <attribute>
        <name>track_id</name>
        <value>83</value>
      </attribute>
      <attribute>
        <name>keyframe</name>
        <value>True</value>
      </attribute>
    </attributes>
  </object>
  <object>
    <name>vehicule</name>
    <occluded>0</occluded>
    <bndbox>
      <xmin>815.703125</xmin>
      <ymin>1436.9000000000015</ymin>
      <xmax>1263.4000000000015</xmax>
      <ymax>1637.4410095214844</ymax>
    </bndbox>
    <attributes>
      <attribute>
        <name>track_id</name>
        <value>84</value>
      </attribute>
      <attribute>
        <name>keyframe</name>
        <value>True</value>
      </attribute>
    </attributes>
  </object>
  <object>
    <name>vehicule</name>
    <occluded>0</occluded>
    <bndbox>
      <xmin>96.0673828125</xmin>
      <ymin>1360.5</ymin>
      <xmax>431.0</xmax>
      <ymax>1567.5493621826172</ymax>
    </bndbox>
    <attributes>
      <attribute>
        <name>track_id</name>
        <value>85</value>
      </attribute>
      <attribute>
        <name>keyframe</name>
        <value>True</value>
      </attribute>
    </attributes>
  </object>
  <object>
    <name>vehicule</name>
    <occluded>0</occluded>
    <bndbox>
      <xmin>852.5107421875</xmin>
      <ymin>1238.6000000000004</ymin>
      <xmax>1244.0</xmax>
      <ymax>1438.7129974365234</ymax>
    </bndbox>
    <attributes>
      <attribute>
        <name>track_id</name>
        <value>86</value>
      </attribute>
      <attribute>
        <name>keyframe</name>
        <value>True</value>
      </attribute>
    </attributes>
  </object>
  <object>
    <name>vehicule</name>
    <occluded>0</occluded>
    <bndbox>
      <xmin>1441.869230769232</xmin>
      <ymin>817.3412710336538</ymin>
      <xmax>1643.7032458965596</xmax>
      <ymax>962.8854116586552</ymax>
    </bndbox>
    <attributes>
      <attribute>
        <name>track_id</name>
        <value>87</value>
      </attribute>
      <attribute>
        <name>keyframe</name>
        <value>True</value>
      </attribute>
    </attributes>
  </object>
  <object>
    <name>vehicule</name>
    <occluded>0</occluded>
    <bndbox>
      <xmin>1521.9853515625</xmin>
      <ymin>1316.8251953125</ymin>
      <xmax>1845.8724609374985</xmax>
      <ymax>1493.5133666992188</ymax>
    </bndbox>
    <attributes>
      <attribute>
        <name>track_id</name>
        <value>88</value>
      </attribute>
      <attribute>
        <name>keyframe</name>
        <value>True</value>
      </attribute>
    </attributes>
  </object>
  <object>
    <name>vehicule</name>
    <occluded>0</occluded>
    <bndbox>
      <xmin>1860.1422526041667</xmin>
      <ymin>1211.4568684895833</ymin>
      <xmax>2214.4342447916665</xmax>
      <ymax>1407.4703114827473</ymax>
    </bndbox>
    <attributes>
      <attribute>
        <name>track_id</name>
        <value>89</value>
      </attribute>
      <attribute>
        <name>keyframe</name>
        <value>True</value>
      </attribute>
    </attributes>
  </object>
</annotation>
