<annotation>
  <folder>frame</folder>
  <filename>frame_002087.jpg</filename>
  <source>
    <database>Unknown</database>
    <annotation>Unknown</annotation>
    <image>Unknown</image>
  </source>
  <size>
    <width>2456</width>
    <height>2054</height>
    <depth>3</depth>
  </size>
  <segmented>0</segmented>
  <object>
    <name>vehicule</name>
    <occluded>0</occluded>
    <bndbox>
      <xmin>303.970703125</xmin>
      <ymin>1394.300000000001</ymin>
      <xmax>582.6000000000004</xmax>
      <ymax>1636.236343383789</ymax>
    </bndbox>
    <attributes>
      <attribute>
        <name>track_id</name>
        <value>92</value>
      </attribute>
      <attribute>
        <name>keyframe</name>
        <value>True</value>
      </attribute>
    </attributes>
  </object>
  <object>
    <name>vehicule</name>
    <occluded>0</occluded>
    <bndbox>
      <xmin>0.0</xmin>
      <ymin>1320.3271484375</ymin>
      <xmax>200.6650390625</xmax>
      <ymax>1580.6460021972653</ymax>
    </bndbox>
    <attributes>
      <attribute>
        <name>track_id</name>
        <value>100</value>
      </attribute>
      <attribute>
        <name>keyframe</name>
        <value>True</value>
      </attribute>
    </attributes>
  </object>
  <object>
    <name>vehicule</name>
    <occluded>0</occluded>
    <bndbox>
      <xmin>416.259765625</xmin>
      <ymin>1085.2138671875</ymin>
      <xmax>574.6304687500015</xmax>
      <ymax>1245.903005981445</ymax>
    </bndbox>
    <attributes>
      <attribute>
        <name>track_id</name>
        <value>106</value>
      </attribute>
      <attribute>
        <name>keyframe</name>
        <value>True</value>
      </attribute>
    </attributes>
  </object>
  <object>
    <name>vehicule</name>
    <occluded>0</occluded>
    <bndbox>
      <xmin>475.8232421875</xmin>
      <ymin>1226.800000000001</ymin>
      <xmax>701.7000000000007</xmax>
      <ymax>1413.9990692138672</ymax>
    </bndbox>
    <attributes>
      <attribute>
        <name>track_id</name>
        <value>108</value>
      </attribute>
      <attribute>
        <name>keyframe</name>
        <value>True</value>
      </attribute>
    </attributes>
  </object>
  <object>
    <name>vehicule</name>
    <occluded>0</occluded>
    <bndbox>
      <xmin>643.943359375</xmin>
      <ymin>1069.931640625</ymin>
      <xmax>820.2013671875011</xmax>
      <ymax>1219.5388732910142</ymax>
    </bndbox>
    <attributes>
      <attribute>
        <name>track_id</name>
        <value>120</value>
      </attribute>
      <attribute>
        <name>keyframe</name>
        <value>True</value>
      </attribute>
    </attributes>
  </object>
  <object>
    <name>vehicule</name>
    <occluded>0</occluded>
    <bndbox>
      <xmin>469.08203125</xmin>
      <ymin>921.0</ymin>
      <xmax>610.4134765625004</xmax>
      <ymax>1080.3960418701172</ymax>
    </bndbox>
    <attributes>
      <attribute>
        <name>track_id</name>
        <value>130</value>
      </attribute>
      <attribute>
        <name>keyframe</name>
        <value>True</value>
      </attribute>
    </attributes>
  </object>
  <object>
    <name>vehicule</name>
    <occluded>0</occluded>
    <bndbox>
      <xmin>168.8798828125</xmin>
      <ymin>1692.300000000001</ymin>
      <xmax>499.0</xmax>
      <ymax>1990.5759582519531</ymax>
    </bndbox>
    <attributes>
      <attribute>
        <name>track_id</name>
        <value>158</value>
      </attribute>
      <attribute>
        <name>keyframe</name>
        <value>True</value>
      </attribute>
    </attributes>
  </object>
  <object>
    <name>vehicule</name>
    <occluded>0</occluded>
    <bndbox>
      <xmin>825.1044921875</xmin>
      <ymin>1467.2392578125</ymin>
      <xmax>1242.0361450195305</xmax>
      <ymax>1653.590072631836</ymax>
    </bndbox>
    <attributes>
      <attribute>
        <name>track_id</name>
        <value>163</value>
      </attribute>
      <attribute>
        <name>keyframe</name>
        <value>True</value>
      </attribute>
    </attributes>
  </object>
  <object>
    <name>vehicule</name>
    <occluded>0</occluded>
    <bndbox>
      <xmin>1144.7685546875</xmin>
      <ymin>733.4267578125</ymin>
      <xmax>1288.5050537109364</xmax>
      <ymax>846.8843750000015</ymax>
    </bndbox>
    <attributes>
      <attribute>
        <name>track_id</name>
        <value>164</value>
      </attribute>
      <attribute>
        <name>keyframe</name>
        <value>True</value>
      </attribute>
    </attributes>
  </object>
</annotation>
