<annotation>
  <folder>frame</folder>
  <filename>frame_000428.jpg</filename>
  <source>
    <database>Unknown</database>
    <annotation>Unknown</annotation>
    <image>Unknown</image>
  </source>
  <size>
    <width>2456</width>
    <height>2054</height>
    <depth>3</depth>
  </size>
  <segmented>0</segmented>
  <object>
    <name>vehicule</name>
    <occluded>0</occluded>
    <bndbox>
      <xmin>578.1070498511905</xmin>
      <ymin>897.4356332376701</ymin>
      <xmax>710.0250892715037</xmax>
      <ymax>1015.0203107984614</ymax>
    </bndbox>
    <attributes>
      <attribute>
        <name>track_id</name>
        <value>2</value>
      </attribute>
      <attribute>
        <name>keyframe</name>
        <value>True</value>
      </attribute>
    </attributes>
  </object>
  <object>
    <name>vehicule</name>
    <occluded>0</occluded>
    <bndbox>
      <xmin>779.8396284054487</xmin>
      <ymin>946.4522285657051</ymin>
      <xmax>932.7110738565192</xmax>
      <ymax>1115.4995867206435</ymax>
    </bndbox>
    <attributes>
      <attribute>
        <name>track_id</name>
        <value>3</value>
      </attribute>
      <attribute>
        <name>keyframe</name>
        <value>True</value>
      </attribute>
    </attributes>
  </object>
  <object>
    <name>vehicule</name>
    <occluded>0</occluded>
    <bndbox>
      <xmin>348.1492187500002</xmin>
      <ymin>1618.427734375</ymin>
      <xmax>681.0033508300779</xmax>
      <ymax>1897.227099609374</ymax>
    </bndbox>
    <attributes>
      <attribute>
        <name>track_id</name>
        <value>22</value>
      </attribute>
      <attribute>
        <name>keyframe</name>
        <value>True</value>
      </attribute>
    </attributes>
  </object>
  <object>
    <name>vehicule</name>
    <occluded>0</occluded>
    <bndbox>
      <xmin>689.9856305803571</xmin>
      <ymin>1536.3067801339287</ymin>
      <xmax>1037.9369977678582</xmax>
      <ymax>1752.4283621651787</ymax>
    </bndbox>
    <attributes>
      <attribute>
        <name>track_id</name>
        <value>23</value>
      </attribute>
      <attribute>
        <name>keyframe</name>
        <value>True</value>
      </attribute>
    </attributes>
  </object>
  <object>
    <name>vehicule</name>
    <occluded>0</occluded>
    <bndbox>
      <xmin>1023.4282924107143</xmin>
      <ymin>1403.5509207589287</ymin>
      <xmax>1410.8640345982153</xmax>
      <ymax>1615.3480551583427</ymax>
    </bndbox>
    <attributes>
      <attribute>
        <name>track_id</name>
        <value>24</value>
      </attribute>
      <attribute>
        <name>keyframe</name>
        <value>True</value>
      </attribute>
    </attributes>
  </object>
  <object>
    <name>vehicule</name>
    <occluded>0</occluded>
    <bndbox>
      <xmin>666.2359095982143</xmin>
      <ymin>1365.9203125000006</ymin>
      <xmax>1043.5024727957582</xmax>
      <ymax>1554.527840314592</ymax>
    </bndbox>
    <attributes>
      <attribute>
        <name>track_id</name>
        <value>25</value>
      </attribute>
      <attribute>
        <name>keyframe</name>
        <value>True</value>
      </attribute>
    </attributes>
  </object>
  <object>
    <name>vehicule</name>
    <occluded>0</occluded>
    <bndbox>
      <xmin>1341.4461495535713</xmin>
      <ymin>1303.6118861607142</ymin>
      <xmax>1694.344308035714</xmax>
      <ymax>1491.6358729771205</ymax>
    </bndbox>
    <attributes>
      <attribute>
        <name>track_id</name>
        <value>26</value>
      </attribute>
      <attribute>
        <name>keyframe</name>
        <value>True</value>
      </attribute>
    </attributes>
  </object>
  <object>
    <name>vehicule</name>
    <occluded>0</occluded>
    <bndbox>
      <xmin>1239.8162667410716</xmin>
      <ymin>1239.6714285714295</ymin>
      <xmax>1605.084235491072</xmax>
      <ymax>1379.2533569335938</ymax>
    </bndbox>
    <attributes>
      <attribute>
        <name>track_id</name>
        <value>27</value>
      </attribute>
      <attribute>
        <name>keyframe</name>
        <value>True</value>
      </attribute>
    </attributes>
  </object>
  <object>
    <name>vehicule</name>
    <occluded>0</occluded>
    <bndbox>
      <xmin>562.0512145591888</xmin>
      <ymin>967.6296047185431</ymin>
      <xmax>735.9786284996185</xmax>
      <ymax>1136.0355190251837</ymax>
    </bndbox>
    <attributes>
      <attribute>
        <name>track_id</name>
        <value>181</value>
      </attribute>
      <attribute>
        <name>keyframe</name>
        <value>True</value>
      </attribute>
    </attributes>
  </object>
</annotation>
