<annotation>
  <folder>frame</folder>
  <filename>frame_000752.jpg</filename>
  <source>
    <database>Unknown</database>
    <annotation>Unknown</annotation>
    <image>Unknown</image>
  </source>
  <size>
    <width>2456</width>
    <height>2054</height>
    <depth>3</depth>
  </size>
  <segmented>0</segmented>
  <object>
    <name>vehicule</name>
    <occluded>0</occluded>
    <bndbox>
      <xmin>573.4212239583334</xmin>
      <ymin>899.306519717262</ymin>
      <xmax>707.4822281996023</xmax>
      <ymax>1019.7675393841536</ymax>
    </bndbox>
    <attributes>
      <attribute>
        <name>track_id</name>
        <value>2</value>
      </attribute>
      <attribute>
        <name>keyframe</name>
        <value>True</value>
      </attribute>
    </attributes>
  </object>
  <object>
    <name>vehicule</name>
    <occluded>0</occluded>
    <bndbox>
      <xmin>792.2425340221774</xmin>
      <ymin>968.7610887096774</ymin>
      <xmax>961.6671791091511</xmax>
      <ymax>1134.9525977557296</ymax>
    </bndbox>
    <attributes>
      <attribute>
        <name>track_id</name>
        <value>3</value>
      </attribute>
      <attribute>
        <name>keyframe</name>
        <value>True</value>
      </attribute>
    </attributes>
  </object>
  <object>
    <name>vehicule</name>
    <occluded>0</occluded>
    <bndbox>
      <xmin>411.8702018229167</xmin>
      <ymin>1013.8734483506944</ymin>
      <xmax>560.3919850591566</xmax>
      <ymax>1176.152569449314</ymax>
    </bndbox>
    <attributes>
      <attribute>
        <name>track_id</name>
        <value>37</value>
      </attribute>
      <attribute>
        <name>keyframe</name>
        <value>True</value>
      </attribute>
    </attributes>
  </object>
  <object>
    <name>vehicule</name>
    <occluded>0</occluded>
    <bndbox>
      <xmin>793.6084735576923</xmin>
      <ymin>884.8309795673077</ymin>
      <xmax>934.2900217942077</xmax>
      <ymax>999.9905503493087</ymax>
    </bndbox>
    <attributes>
      <attribute>
        <name>track_id</name>
        <value>45</value>
      </attribute>
      <attribute>
        <name>keyframe</name>
        <value>True</value>
      </attribute>
    </attributes>
  </object>
  <object>
    <name>vehicule</name>
    <occluded>0</occluded>
    <bndbox>
      <xmin>430.6925697144139</xmin>
      <ymin>924.5248953349283</ymin>
      <xmax>569.4984733081131</xmax>
      <ymax>1060.0414790955083</ymax>
    </bndbox>
    <attributes>
      <attribute>
        <name>track_id</name>
        <value>48</value>
      </attribute>
      <attribute>
        <name>keyframe</name>
        <value>True</value>
      </attribute>
    </attributes>
  </object>
  <object>
    <name>vehicule</name>
    <occluded>0</occluded>
    <bndbox>
      <xmin>577.9478166462989</xmin>
      <ymin>830.7837596019554</ymin>
      <xmax>692.1346411674501</xmax>
      <ymax>937.3029933055686</ymax>
    </bndbox>
    <attributes>
      <attribute>
        <name>track_id</name>
        <value>55</value>
      </attribute>
      <attribute>
        <name>keyframe</name>
        <value>True</value>
      </attribute>
    </attributes>
  </object>
  <object>
    <name>vehicule</name>
    <occluded>0</occluded>
    <bndbox>
      <xmin>442.2471251755618</xmin>
      <ymin>829.391908795646</ymin>
      <xmax>550.3182189255625</xmax>
      <ymax>949.458315045646</ymax>
    </bndbox>
    <attributes>
      <attribute>
        <name>track_id</name>
        <value>56</value>
      </attribute>
      <attribute>
        <name>keyframe</name>
        <value>True</value>
      </attribute>
    </attributes>
  </object>
  <object>
    <name>vehicule</name>
    <occluded>0</occluded>
    <bndbox>
      <xmin>777.7149160879629</xmin>
      <ymin>811.1276475694445</ymin>
      <xmax>889.2703987404152</xmax>
      <ymax>915.2433920966255</ymax>
    </bndbox>
    <attributes>
      <attribute>
        <name>track_id</name>
        <value>58</value>
      </attribute>
      <attribute>
        <name>keyframe</name>
        <value>True</value>
      </attribute>
    </attributes>
  </object>
  <object>
    <name>vehicule</name>
    <occluded>0</occluded>
    <bndbox>
      <xmin>557.6650499131945</xmin>
      <ymin>987.1573784722223</ymin>
      <xmax>731.5924638536242</xmax>
      <ymax>1137.86486714681</ymax>
    </bndbox>
    <attributes>
      <attribute>
        <name>track_id</name>
        <value>181</value>
      </attribute>
      <attribute>
        <name>keyframe</name>
        <value>True</value>
      </attribute>
    </attributes>
  </object>
</annotation>
