<annotation>
  <folder>frame</folder>
  <filename>frame_000389.jpg</filename>
  <source>
    <database>Unknown</database>
    <annotation>Unknown</annotation>
    <image>Unknown</image>
  </source>
  <size>
    <width>2456</width>
    <height>2054</height>
    <depth>3</depth>
  </size>
  <segmented>0</segmented>
  <object>
    <name>vehicule</name>
    <occluded>0</occluded>
    <bndbox>
      <xmin>578.6710844494048</xmin>
      <ymin>897.2104339392007</ymin>
      <xmax>710.3311744005289</xmax>
      <ymax>1014.4488851353688</ymax>
    </bndbox>
    <attributes>
      <attribute>
        <name>track_id</name>
        <value>2</value>
      </attribute>
      <attribute>
        <name>keyframe</name>
        <value>True</value>
      </attribute>
    </attributes>
  </object>
  <object>
    <name>vehicule</name>
    <occluded>0</occluded>
    <bndbox>
      <xmin>783.4491987179488</xmin>
      <ymin>945.9762520032051</ymin>
      <xmax>934.3281293980308</xmax>
      <ymax>1111.4152924600626</ymax>
    </bndbox>
    <attributes>
      <attribute>
        <name>track_id</name>
        <value>3</value>
      </attribute>
      <attribute>
        <name>keyframe</name>
        <value>True</value>
      </attribute>
    </attributes>
  </object>
  <object>
    <name>vehicule</name>
    <occluded>0</occluded>
    <bndbox>
      <xmin>444.19814453125</xmin>
      <ymin>1574.5800000000004</ymin>
      <xmax>857.3900000000001</xmax>
      <ymax>1864.9362365722657</ymax>
    </bndbox>
    <attributes>
      <attribute>
        <name>track_id</name>
        <value>21</value>
      </attribute>
      <attribute>
        <name>keyframe</name>
        <value>True</value>
      </attribute>
    </attributes>
  </object>
  <object>
    <name>vehicule</name>
    <occluded>0</occluded>
    <bndbox>
      <xmin>1014.72099609375</xmin>
      <ymin>1326.3764843750007</ymin>
      <xmax>1392.2938873291016</xmax>
      <ymax>1521.3057952880858</ymax>
    </bndbox>
    <attributes>
      <attribute>
        <name>track_id</name>
        <value>22</value>
      </attribute>
      <attribute>
        <name>keyframe</name>
        <value>True</value>
      </attribute>
    </attributes>
  </object>
  <object>
    <name>vehicule</name>
    <occluded>0</occluded>
    <bndbox>
      <xmin>1451.28349609375</xmin>
      <ymin>1342.574609375</ymin>
      <xmax>1775.4627868652344</xmax>
      <ymax>1528.43740234375</ymax>
    </bndbox>
    <attributes>
      <attribute>
        <name>track_id</name>
        <value>23</value>
      </attribute>
      <attribute>
        <name>keyframe</name>
        <value>True</value>
      </attribute>
    </attributes>
  </object>
  <object>
    <name>vehicule</name>
    <occluded>0</occluded>
    <bndbox>
      <xmin>1932.3642578125</xmin>
      <ymin>1322.0439453125</ymin>
      <xmax>2319.800000000001</xmax>
      <ymax>1533.841079711914</ymax>
    </bndbox>
    <attributes>
      <attribute>
        <name>track_id</name>
        <value>24</value>
      </attribute>
      <attribute>
        <name>keyframe</name>
        <value>True</value>
      </attribute>
    </attributes>
  </object>
  <object>
    <name>vehicule</name>
    <occluded>0</occluded>
    <bndbox>
      <xmin>2116.0673828125</xmin>
      <ymin>1259.369140625</ymin>
      <xmax>2456.0</xmax>
      <ymax>1404.1692199707031</ymax>
    </bndbox>
    <attributes>
      <attribute>
        <name>track_id</name>
        <value>25</value>
      </attribute>
      <attribute>
        <name>keyframe</name>
        <value>True</value>
      </attribute>
    </attributes>
  </object>
  <object>
    <name>vehicule</name>
    <occluded>0</occluded>
    <bndbox>
      <xmin>562.2259432558982</xmin>
      <ymin>967.7518076107202</ymin>
      <xmax>736.1533571963279</xmax>
      <ymax>1136.1577219173607</ymax>
    </bndbox>
    <attributes>
      <attribute>
        <name>track_id</name>
        <value>181</value>
      </attribute>
      <attribute>
        <name>keyframe</name>
        <value>True</value>
      </attribute>
    </attributes>
  </object>
</annotation>
