<annotation>
  <folder>frame</folder>
  <filename>frame_001198.jpg</filename>
  <source>
    <database>Unknown</database>
    <annotation>Unknown</annotation>
    <image>Unknown</image>
  </source>
  <size>
    <width>2456</width>
    <height>2054</height>
    <depth>3</depth>
  </size>
  <segmented>0</segmented>
  <object>
    <name>vehicule</name>
    <occluded>0</occluded>
    <bndbox>
      <xmin>0.0</xmin>
      <ymin>1592.9326171875</ymin>
      <xmax>319.21621093750036</xmax>
      <ymax>1838.6055572509758</ymax>
    </bndbox>
    <attributes>
      <attribute>
        <name>track_id</name>
        <value>88</value>
      </attribute>
      <attribute>
        <name>keyframe</name>
        <value>True</value>
      </attribute>
    </attributes>
  </object>
  <object>
    <name>vehicule</name>
    <occluded>0</occluded>
    <bndbox>
      <xmin>173.322265625</xmin>
      <ymin>1376.1705078125005</ymin>
      <xmax>586.9370117187509</xmax>
      <ymax>1599.802993774414</ymax>
    </bndbox>
    <attributes>
      <attribute>
        <name>track_id</name>
        <value>89</value>
      </attribute>
      <attribute>
        <name>keyframe</name>
        <value>True</value>
      </attribute>
    </attributes>
  </object>
  <object>
    <name>vehicule</name>
    <occluded>0</occluded>
    <bndbox>
      <xmin>1019.49267578125</xmin>
      <ymin>1348.5672851562504</ymin>
      <xmax>1416.5592773437502</xmax>
      <ymax>1562.5344543457031</ymax>
    </bndbox>
    <attributes>
      <attribute>
        <name>track_id</name>
        <value>90</value>
      </attribute>
      <attribute>
        <name>keyframe</name>
        <value>True</value>
      </attribute>
    </attributes>
  </object>
  <object>
    <name>vehicule</name>
    <occluded>0</occluded>
    <bndbox>
      <xmin>1665.5087890625</xmin>
      <ymin>1325.109375</ymin>
      <xmax>2044.6285156250015</xmax>
      <ymax>1515.601303100586</ymax>
    </bndbox>
    <attributes>
      <attribute>
        <name>track_id</name>
        <value>91</value>
      </attribute>
      <attribute>
        <name>keyframe</name>
        <value>True</value>
      </attribute>
    </attributes>
  </object>
  <object>
    <name>vehicule</name>
    <occluded>0</occluded>
    <bndbox>
      <xmin>547.7197265625</xmin>
      <ymin>768.5587158203125</ymin>
      <xmax>669.1928482055664</xmax>
      <ymax>902.6828792572028</ymax>
    </bndbox>
    <attributes>
      <attribute>
        <name>track_id</name>
        <value>92</value>
      </attribute>
      <attribute>
        <name>keyframe</name>
        <value>True</value>
      </attribute>
    </attributes>
  </object>
  <object>
    <name>vehicule</name>
    <occluded>0</occluded>
    <bndbox>
      <xmin>900.7802734375</xmin>
      <ymin>1271.27392578125</ymin>
      <xmax>1298.3286743164062</xmax>
      <ymax>1420.3545684814453</ymax>
    </bndbox>
    <attributes>
      <attribute>
        <name>track_id</name>
        <value>93</value>
      </attribute>
      <attribute>
        <name>keyframe</name>
        <value>True</value>
      </attribute>
    </attributes>
  </object>
</annotation>
