<annotation>
  <folder>frame</folder>
  <filename>frame_001914.jpg</filename>
  <source>
    <database>Unknown</database>
    <annotation>Unknown</annotation>
    <image>Unknown</image>
  </source>
  <size>
    <width>2456</width>
    <height>2054</height>
    <depth>3</depth>
  </size>
  <segmented>0</segmented>
  <object>
    <name>vehicule</name>
    <occluded>0</occluded>
    <bndbox>
      <xmin>647.0119977678571</xmin>
      <ymin>1005.1672712053571</ymin>
      <xmax>837.9750551925843</xmax>
      <ymax>1165.9516178707884</ymax>
    </bndbox>
    <attributes>
      <attribute>
        <name>track_id</name>
        <value>92</value>
      </attribute>
      <attribute>
        <name>keyframe</name>
        <value>True</value>
      </attribute>
    </attributes>
  </object>
  <object>
    <name>vehicule</name>
    <occluded>0</occluded>
    <bndbox>
      <xmin>431.93470982142856</xmin>
      <ymin>992.6890345982143</ymin>
      <xmax>610.6350906273672</xmax>
      <ymax>1169.0712872768906</ymax>
    </bndbox>
    <attributes>
      <attribute>
        <name>track_id</name>
        <value>100</value>
      </attribute>
      <attribute>
        <name>keyframe</name>
        <value>True</value>
      </attribute>
    </attributes>
  </object>
  <object>
    <name>vehicule</name>
    <occluded>0</occluded>
    <bndbox>
      <xmin>459.66495392628207</xmin>
      <ymin>933.2564152644231</ymin>
      <xmax>603.3694711218614</xmax>
      <ymax>1022.7475718180352</ymax>
    </bndbox>
    <attributes>
      <attribute>
        <name>track_id</name>
        <value>106</value>
      </attribute>
      <attribute>
        <name>keyframe</name>
        <value>True</value>
      </attribute>
    </attributes>
  </object>
  <object>
    <name>vehicule</name>
    <occluded>0</occluded>
    <bndbox>
      <xmin>623.8113905325444</xmin>
      <ymin>917.3728099574704</ymin>
      <xmax>753.5667768850834</xmax>
      <ymax>1047.1335963954584</ymax>
    </bndbox>
    <attributes>
      <attribute>
        <name>track_id</name>
        <value>108</value>
      </attribute>
      <attribute>
        <name>keyframe</name>
        <value>True</value>
      </attribute>
    </attributes>
  </object>
  <object>
    <name>vehicule</name>
    <occluded>0</occluded>
    <bndbox>
      <xmin>576.2366243131868</xmin>
      <ymin>825.5600682520604</ymin>
      <xmax>705.8579423673849</xmax>
      <ymax>947.2254979395608</ymax>
    </bndbox>
    <attributes>
      <attribute>
        <name>track_id</name>
        <value>120</value>
      </attribute>
      <attribute>
        <name>keyframe</name>
        <value>True</value>
      </attribute>
    </attributes>
  </object>
  <object>
    <name>vehicule</name>
    <occluded>0</occluded>
    <bndbox>
      <xmin>457.52829200634056</xmin>
      <ymin>830.6556980298913</ymin>
      <xmax>568.2344687641531</xmax>
      <ymax>971.4540836500084</ymax>
    </bndbox>
    <attributes>
      <attribute>
        <name>track_id</name>
        <value>130</value>
      </attribute>
      <attribute>
        <name>keyframe</name>
        <value>True</value>
      </attribute>
    </attributes>
  </object>
  <object>
    <name>vehicule</name>
    <occluded>0</occluded>
    <bndbox>
      <xmin>458.8212890625</xmin>
      <ymin>1855.2314453125</ymin>
      <xmax>750.7945312500015</xmax>
      <ymax>2054.0</ymax>
    </bndbox>
    <attributes>
      <attribute>
        <name>track_id</name>
        <value>133</value>
      </attribute>
      <attribute>
        <name>keyframe</name>
        <value>True</value>
      </attribute>
    </attributes>
  </object>
  <object>
    <name>vehicule</name>
    <occluded>0</occluded>
    <bndbox>
      <xmin>599.5504557291666</xmin>
      <ymin>1539.8000000000004</ymin>
      <xmax>975.1666666666679</xmax>
      <ymax>1809.4344228108723</ymax>
    </bndbox>
    <attributes>
      <attribute>
        <name>track_id</name>
        <value>138</value>
      </attribute>
      <attribute>
        <name>keyframe</name>
        <value>True</value>
      </attribute>
    </attributes>
  </object>
  <object>
    <name>vehicule</name>
    <occluded>0</occluded>
    <bndbox>
      <xmin>0.0</xmin>
      <ymin>1850.3361235119048</ymin>
      <xmax>235.0969401041681</xmax>
      <ymax>2054.0</ymax>
    </bndbox>
    <attributes>
      <attribute>
        <name>track_id</name>
        <value>140</value>
      </attribute>
      <attribute>
        <name>keyframe</name>
        <value>True</value>
      </attribute>
    </attributes>
  </object>
  <object>
    <name>vehicule</name>
    <occluded>0</occluded>
    <bndbox>
      <xmin>334.1563940829918</xmin>
      <ymin>1445.1978355532788</ymin>
      <xmax>694.7779789158557</xmax>
      <ymax>1695.4044703749353</ymax>
    </bndbox>
    <attributes>
      <attribute>
        <name>track_id</name>
        <value>141</value>
      </attribute>
      <attribute>
        <name>keyframe</name>
        <value>True</value>
      </attribute>
    </attributes>
  </object>
  <object>
    <name>vehicule</name>
    <occluded>0</occluded>
    <bndbox>
      <xmin>663.4996995192307</xmin>
      <ymin>1376.945537860577</ymin>
      <xmax>960.5309495192307</xmax>
      <ymax>1542.5836237980773</ymax>
    </bndbox>
    <attributes>
      <attribute>
        <name>track_id</name>
        <value>143</value>
      </attribute>
      <attribute>
        <name>keyframe</name>
        <value>True</value>
      </attribute>
    </attributes>
  </object>
  <object>
    <name>vehicule</name>
    <occluded>0</occluded>
    <bndbox>
      <xmin>960.873486328125</xmin>
      <ymin>1314.640673828125</ymin>
      <xmax>1386.4895141601562</xmax>
      <ymax>1461.834172058104</ymax>
    </bndbox>
    <attributes>
      <attribute>
        <name>track_id</name>
        <value>146</value>
      </attribute>
      <attribute>
        <name>keyframe</name>
        <value>True</value>
      </attribute>
    </attributes>
  </object>
  <object>
    <name>vehicule</name>
    <occluded>0</occluded>
    <bndbox>
      <xmin>970.0762992527174</xmin>
      <ymin>1430.0041100543488</ymin>
      <xmax>1317.2874320652186</xmax>
      <ymax>1632.4457940143086</ymax>
    </bndbox>
    <attributes>
      <attribute>
        <name>track_id</name>
        <value>148</value>
      </attribute>
      <attribute>
        <name>keyframe</name>
        <value>True</value>
      </attribute>
    </attributes>
  </object>
  <object>
    <name>vehicule</name>
    <occluded>0</occluded>
    <bndbox>
      <xmin>157.95638020833334</xmin>
      <ymin>1637.4369574652778</ymin>
      <xmax>449.5986816406262</xmax>
      <ymax>1899.1808770073794</ymax>
    </bndbox>
    <attributes>
      <attribute>
        <name>track_id</name>
        <value>149</value>
      </attribute>
      <attribute>
        <name>keyframe</name>
        <value>True</value>
      </attribute>
    </attributes>
  </object>
  <object>
    <name>vehicule</name>
    <occluded>0</occluded>
    <bndbox>
      <xmin>1449.3720703125</xmin>
      <ymin>1285.2339843750003</ymin>
      <xmax>1835.8562500000007</xmax>
      <ymax>1471.5357391357418</ymax>
    </bndbox>
    <attributes>
      <attribute>
        <name>track_id</name>
        <value>150</value>
      </attribute>
      <attribute>
        <name>keyframe</name>
        <value>True</value>
      </attribute>
    </attributes>
  </object>
  <object>
    <name>vehicule</name>
    <occluded>0</occluded>
    <bndbox>
      <xmin>0.0</xmin>
      <ymin>1410.2000000000007</ymin>
      <xmax>374.2470703125</xmax>
      <ymax>1635.6475067138672</ymax>
    </bndbox>
    <attributes>
      <attribute>
        <name>track_id</name>
        <value>151</value>
      </attribute>
      <attribute>
        <name>keyframe</name>
        <value>True</value>
      </attribute>
    </attributes>
  </object>
  <object>
    <name>vehicule</name>
    <occluded>0</occluded>
    <bndbox>
      <xmin>1849.4138077445652</xmin>
      <ymin>1309.8591202445652</ymin>
      <xmax>2235.6753311820657</xmax>
      <ymax>1489.308049077573</ymax>
    </bndbox>
    <attributes>
      <attribute>
        <name>track_id</name>
        <value>152</value>
      </attribute>
      <attribute>
        <name>keyframe</name>
        <value>True</value>
      </attribute>
    </attributes>
  </object>
  <object>
    <name>vehicule</name>
    <occluded>0</occluded>
    <bndbox>
      <xmin>1037.5608723958333</xmin>
      <ymin>1224.5719401041667</ymin>
      <xmax>1391.857442220052</xmax>
      <ymax>1367.240073649088</ymax>
    </bndbox>
    <attributes>
      <attribute>
        <name>track_id</name>
        <value>153</value>
      </attribute>
      <attribute>
        <name>keyframe</name>
        <value>True</value>
      </attribute>
    </attributes>
  </object>
  <object>
    <name>vehicule</name>
    <occluded>0</occluded>
    <bndbox>
      <xmin>1664.8636067708333</xmin>
      <ymin>1206.9635416666667</ymin>
      <xmax>1991.2727864583333</xmax>
      <ymax>1326.596155802409</ymax>
    </bndbox>
    <attributes>
      <attribute>
        <name>track_id</name>
        <value>154</value>
      </attribute>
      <attribute>
        <name>keyframe</name>
        <value>True</value>
      </attribute>
    </attributes>
  </object>
</annotation>
