<annotation>
  <folder>frame</folder>
  <filename>frame_000540.jpg</filename>
  <source>
    <database>Unknown</database>
    <annotation>Unknown</annotation>
    <image>Unknown</image>
  </source>
  <size>
    <width>2456</width>
    <height>2054</height>
    <depth>3</depth>
  </size>
  <segmented>0</segmented>
  <object>
    <name>vehicule</name>
    <occluded>0</occluded>
    <bndbox>
      <xmin>576.4872581845239</xmin>
      <ymin>898.0823594281462</ymin>
      <xmax>709.1460755676366</xmax>
      <ymax>1016.6613280873426</ymax>
    </bndbox>
    <attributes>
      <attribute>
        <name>track_id</name>
        <value>2</value>
      </attribute>
      <attribute>
        <name>keyframe</name>
        <value>True</value>
      </attribute>
    </attributes>
  </object>
  <object>
    <name>vehicule</name>
    <occluded>0</occluded>
    <bndbox>
      <xmin>770.7806901041666</xmin>
      <ymin>952.7829817708333</ymin>
      <xmax>929.3742292565358</xmax>
      <ymax>1132.192688186928</ymax>
    </bndbox>
    <attributes>
      <attribute>
        <name>track_id</name>
        <value>3</value>
      </attribute>
      <attribute>
        <name>keyframe</name>
        <value>True</value>
      </attribute>
    </attributes>
  </object>
  <object>
    <name>vehicule</name>
    <occluded>0</occluded>
    <bndbox>
      <xmin>415.5672200520833</xmin>
      <ymin>1803.6249023437501</ymin>
      <xmax>722.4990559895845</xmax>
      <ymax>2050.8809254964194</ymax>
    </bndbox>
    <attributes>
      <attribute>
        <name>track_id</name>
        <value>23</value>
      </attribute>
      <attribute>
        <name>keyframe</name>
        <value>True</value>
      </attribute>
    </attributes>
  </object>
  <object>
    <name>vehicule</name>
    <occluded>0</occluded>
    <bndbox>
      <xmin>530.8299153645834</xmin>
      <ymin>1605.5280273437502</ymin>
      <xmax>896.6672200520837</xmax>
      <ymax>1869.1862945556632</ymax>
    </bndbox>
    <attributes>
      <attribute>
        <name>track_id</name>
        <value>24</value>
      </attribute>
      <attribute>
        <name>keyframe</name>
        <value>True</value>
      </attribute>
    </attributes>
  </object>
  <object>
    <name>vehicule</name>
    <occluded>0</occluded>
    <bndbox>
      <xmin>0.0</xmin>
      <ymin>1793.033203125</ymin>
      <xmax>350.340032958984</xmax>
      <ymax>2054.0</ymax>
    </bndbox>
    <attributes>
      <attribute>
        <name>track_id</name>
        <value>29</value>
      </attribute>
      <attribute>
        <name>keyframe</name>
        <value>True</value>
      </attribute>
    </attributes>
  </object>
  <object>
    <name>vehicule</name>
    <occluded>0</occluded>
    <bndbox>
      <xmin>0.0</xmin>
      <ymin>1557.4000000000015</ymin>
      <xmax>380.7000000000007</xmax>
      <ymax>1790.8040161132812</ymax>
    </bndbox>
    <attributes>
      <attribute>
        <name>track_id</name>
        <value>30</value>
      </attribute>
      <attribute>
        <name>keyframe</name>
        <value>True</value>
      </attribute>
    </attributes>
  </object>
  <object>
    <name>vehicule</name>
    <occluded>0</occluded>
    <bndbox>
      <xmin>642.1943359375</xmin>
      <ymin>1406.32421875</ymin>
      <xmax>1023.2210937500004</xmax>
      <ymax>1646.1880859374996</ymax>
    </bndbox>
    <attributes>
      <attribute>
        <name>track_id</name>
        <value>32</value>
      </attribute>
      <attribute>
        <name>keyframe</name>
        <value>True</value>
      </attribute>
    </attributes>
  </object>
  <object>
    <name>vehicule</name>
    <occluded>0</occluded>
    <bndbox>
      <xmin>8.8603515625</xmin>
      <ymin>1399.9000000000015</ymin>
      <xmax>397.90000000000146</xmax>
      <ymax>1598.678482055664</ymax>
    </bndbox>
    <attributes>
      <attribute>
        <name>track_id</name>
        <value>34</value>
      </attribute>
      <attribute>
        <name>keyframe</name>
        <value>True</value>
      </attribute>
    </attributes>
  </object>
  <object>
    <name>vehicule</name>
    <occluded>0</occluded>
    <bndbox>
      <xmin>1117.5927734375</xmin>
      <ymin>1369.58984375</ymin>
      <xmax>1480.6735534667969</xmax>
      <ymax>1570.5810089111328</ymax>
    </bndbox>
    <attributes>
      <attribute>
        <name>track_id</name>
        <value>35</value>
      </attribute>
      <attribute>
        <name>keyframe</name>
        <value>True</value>
      </attribute>
    </attributes>
  </object>
  <object>
    <name>vehicule</name>
    <occluded>0</occluded>
    <bndbox>
      <xmin>763.158203125</xmin>
      <ymin>1235.3779296875</ymin>
      <xmax>1100.3046875</xmax>
      <ymax>1390.9839935302734</ymax>
    </bndbox>
    <attributes>
      <attribute>
        <name>track_id</name>
        <value>36</value>
      </attribute>
      <attribute>
        <name>keyframe</name>
        <value>True</value>
      </attribute>
    </attributes>
  </object>
  <object>
    <name>vehicule</name>
    <occluded>0</occluded>
    <bndbox>
      <xmin>438.78012319711536</xmin>
      <ymin>996.3246995192318</ymin>
      <xmax>568.4518456092247</xmax>
      <ymax>1152.9222388634314</ymax>
    </bndbox>
    <attributes>
      <attribute>
        <name>track_id</name>
        <value>37</value>
      </attribute>
      <attribute>
        <name>keyframe</name>
        <value>True</value>
      </attribute>
    </attributes>
  </object>
  <object>
    <name>vehicule</name>
    <occluded>0</occluded>
    <bndbox>
      <xmin>1877.46875</xmin>
      <ymin>1287.248046875</ymin>
      <xmax>2222.58984375</xmax>
      <ymax>1507.689956665039</ymax>
    </bndbox>
    <attributes>
      <attribute>
        <name>track_id</name>
        <value>38</value>
      </attribute>
      <attribute>
        <name>keyframe</name>
        <value>True</value>
      </attribute>
    </attributes>
  </object>
  <object>
    <name>vehicule</name>
    <occluded>0</occluded>
    <bndbox>
      <xmin>1507.9000000000015</xmin>
      <ymin>915.517578125</ymin>
      <xmax>1713.2190246582031</xmax>
      <ymax>1036.5504638671864</ymax>
    </bndbox>
    <attributes>
      <attribute>
        <name>track_id</name>
        <value>39</value>
      </attribute>
      <attribute>
        <name>keyframe</name>
        <value>True</value>
      </attribute>
    </attributes>
  </object>
  <object>
    <name>vehicule</name>
    <occluded>0</occluded>
    <bndbox>
      <xmin>1151.30859375</xmin>
      <ymin>1282.92578125</ymin>
      <xmax>1525.1954040527344</xmax>
      <ymax>1416.9198913574219</ymax>
    </bndbox>
    <attributes>
      <attribute>
        <name>track_id</name>
        <value>40</value>
      </attribute>
      <attribute>
        <name>keyframe</name>
        <value>True</value>
      </attribute>
    </attributes>
  </object>
  <object>
    <name>vehicule</name>
    <occluded>0</occluded>
    <bndbox>
      <xmin>1561.9345703125</xmin>
      <ymin>1218.1220703125</ymin>
      <xmax>1907.7074218750004</xmax>
      <ymax>1378.0181381225575</ymax>
    </bndbox>
    <attributes>
      <attribute>
        <name>track_id</name>
        <value>41</value>
      </attribute>
      <attribute>
        <name>keyframe</name>
        <value>True</value>
      </attribute>
    </attributes>
  </object>
  <object>
    <name>vehicule</name>
    <occluded>0</occluded>
    <bndbox>
      <xmin>2188.6826171875</xmin>
      <ymin>1157.576171875</ymin>
      <xmax>2456.0</xmax>
      <ymax>1358.5673370361328</ymax>
    </bndbox>
    <attributes>
      <attribute>
        <name>track_id</name>
        <value>42</value>
      </attribute>
      <attribute>
        <name>keyframe</name>
        <value>True</value>
      </attribute>
    </attributes>
  </object>
  <object>
    <name>vehicule</name>
    <occluded>0</occluded>
    <bndbox>
      <xmin>1979.479296875</xmin>
      <ymin>1031.794921875</ymin>
      <xmax>2143.7301513671873</xmax>
      <ymax>1167.9502258300781</ymax>
    </bndbox>
    <attributes>
      <attribute>
        <name>track_id</name>
        <value>43</value>
      </attribute>
      <attribute>
        <name>keyframe</name>
        <value>True</value>
      </attribute>
    </attributes>
  </object>
  <object>
    <name>vehicule</name>
    <occluded>0</occluded>
    <bndbox>
      <xmin>561.5494295840232</xmin>
      <ymin>967.2786630794702</ymin>
      <xmax>735.4768435244529</xmax>
      <ymax>1135.6845773861107</ymax>
    </bndbox>
    <attributes>
      <attribute>
        <name>track_id</name>
        <value>181</value>
      </attribute>
      <attribute>
        <name>keyframe</name>
        <value>True</value>
      </attribute>
    </attributes>
  </object>
</annotation>
