<annotation>
  <folder>frame</folder>
  <filename>frame_000160.jpg</filename>
  <source>
    <database>Unknown</database>
    <annotation>Unknown</annotation>
    <image>Unknown</image>
  </source>
  <size>
    <width>2456</width>
    <height>2054</height>
    <depth>3</depth>
  </size>
  <segmented>0</segmented>
  <object>
    <name>vehicule</name>
    <occluded>0</occluded>
    <bndbox>
      <xmin>581.9829799107143</xmin>
      <ymin>895.8881098533163</ymin>
      <xmax>712.1284434914714</xmax>
      <ymax>1011.0935908572098</ymax>
    </bndbox>
    <attributes>
      <attribute>
        <name>track_id</name>
        <value>2</value>
      </attribute>
      <attribute>
        <name>keyframe</name>
        <value>True</value>
      </attribute>
    </attributes>
  </object>
  <object>
    <name>vehicule</name>
    <occluded>0</occluded>
    <bndbox>
      <xmin>793.3947448730469</xmin>
      <ymin>958.1614685058594</ymin>
      <xmax>932.5740375388646</xmax>
      <ymax>1102.4132076073192</ymax>
    </bndbox>
    <attributes>
      <attribute>
        <name>track_id</name>
        <value>3</value>
      </attribute>
      <attribute>
        <name>keyframe</name>
        <value>True</value>
      </attribute>
    </attributes>
  </object>
  <object>
    <name>vehicule</name>
    <occluded>0</occluded>
    <bndbox>
      <xmin>49.771728515625</xmin>
      <ymin>1481.86083984375</ymin>
      <xmax>463.30527343750146</xmax>
      <ymax>1665.5624389648438</ymax>
    </bndbox>
    <attributes>
      <attribute>
        <name>track_id</name>
        <value>12</value>
      </attribute>
      <attribute>
        <name>keyframe</name>
        <value>True</value>
      </attribute>
    </attributes>
  </object>
  <object>
    <name>vehicule</name>
    <occluded>0</occluded>
    <bndbox>
      <xmin>493.5310546875003</xmin>
      <ymin>1432.73681640625</ymin>
      <xmax>917.8399368286136</xmax>
      <ymax>1712.5691741943347</ymax>
    </bndbox>
    <attributes>
      <attribute>
        <name>track_id</name>
        <value>13</value>
      </attribute>
      <attribute>
        <name>keyframe</name>
        <value>True</value>
      </attribute>
    </attributes>
  </object>
  <object>
    <name>vehicule</name>
    <occluded>0</occluded>
    <bndbox>
      <xmin>914.982421875</xmin>
      <ymin>1326.255615234375</ymin>
      <xmax>1264.648193359375</xmax>
      <ymax>1503.473617553711</ymax>
    </bndbox>
    <attributes>
      <attribute>
        <name>track_id</name>
        <value>14</value>
      </attribute>
      <attribute>
        <name>keyframe</name>
        <value>True</value>
      </attribute>
    </attributes>
  </object>
  <object>
    <name>vehicule</name>
    <occluded>0</occluded>
    <bndbox>
      <xmin>1830.2119140625</xmin>
      <ymin>1004.780517578125</ymin>
      <xmax>2109.5821533203125</xmax>
      <ymax>1186.3209075927734</ymax>
    </bndbox>
    <attributes>
      <attribute>
        <name>track_id</name>
        <value>15</value>
      </attribute>
      <attribute>
        <name>keyframe</name>
        <value>True</value>
      </attribute>
    </attributes>
  </object>
  <object>
    <name>vehicule</name>
    <occluded>0</occluded>
    <bndbox>
      <xmin>563.2519143211921</xmin>
      <ymin>968.4693579263245</ymin>
      <xmax>737.1793282616218</xmax>
      <ymax>1136.875272232965</ymax>
    </bndbox>
    <attributes>
      <attribute>
        <name>track_id</name>
        <value>181</value>
      </attribute>
      <attribute>
        <name>keyframe</name>
        <value>True</value>
      </attribute>
    </attributes>
  </object>
</annotation>
