<annotation>
  <folder>frame</folder>
  <filename>frame_000979.jpg</filename>
  <source>
    <database>Unknown</database>
    <annotation>Unknown</annotation>
    <image>Unknown</image>
  </source>
  <size>
    <width>2456</width>
    <height>2054</height>
    <depth>3</depth>
  </size>
  <segmented>0</segmented>
  <object>
    <name>vehicule</name>
    <occluded>0</occluded>
    <bndbox>
      <xmin>642.4559733072916</xmin>
      <ymin>1103.3634440104167</ymin>
      <xmax>802.8503644307458</xmax>
      <ymax>1262.8014506022125</ymax>
    </bndbox>
    <attributes>
      <attribute>
        <name>track_id</name>
        <value>62</value>
      </attribute>
      <attribute>
        <name>keyframe</name>
        <value>True</value>
      </attribute>
    </attributes>
  </object>
  <object>
    <name>vehicule</name>
    <occluded>0</occluded>
    <bndbox>
      <xmin>372.55849609375</xmin>
      <ymin>1109.01271484375</ymin>
      <xmax>537.9100000000011</xmax>
      <ymax>1276.3655331420896</ymax>
    </bndbox>
    <attributes>
      <attribute>
        <name>track_id</name>
        <value>64</value>
      </attribute>
      <attribute>
        <name>keyframe</name>
        <value>True</value>
      </attribute>
    </attributes>
  </object>
  <object>
    <name>vehicule</name>
    <occluded>0</occluded>
    <bndbox>
      <xmin>736.7866992187504</xmin>
      <ymin>867.3320117187504</ymin>
      <xmax>870.9169418334961</xmax>
      <ymax>987.5885177612305</ymax>
    </bndbox>
    <attributes>
      <attribute>
        <name>track_id</name>
        <value>65</value>
      </attribute>
      <attribute>
        <name>keyframe</name>
        <value>True</value>
      </attribute>
    </attributes>
  </object>
  <object>
    <name>vehicule</name>
    <occluded>0</occluded>
    <bndbox>
      <xmin>1168.38291015625</xmin>
      <ymin>1359.36142578125</ymin>
      <xmax>1573.7897460937515</xmax>
      <ymax>1534.4182495117188</ymax>
    </bndbox>
    <attributes>
      <attribute>
        <name>track_id</name>
        <value>66</value>
      </attribute>
      <attribute>
        <name>keyframe</name>
        <value>True</value>
      </attribute>
    </attributes>
  </object>
  <object>
    <name>vehicule</name>
    <occluded>0</occluded>
    <bndbox>
      <xmin>1328.5600000000006</xmin>
      <ymin>820.5294921875</ymin>
      <xmax>1478.0535522460937</xmax>
      <ymax>924.7117358398442</ymax>
    </bndbox>
    <attributes>
      <attribute>
        <name>track_id</name>
        <value>67</value>
      </attribute>
      <attribute>
        <name>keyframe</name>
        <value>True</value>
      </attribute>
    </attributes>
  </object>
  <object>
    <name>vehicule</name>
    <occluded>0</occluded>
    <bndbox>
      <xmin>551.92607421875</xmin>
      <ymin>901.233984375</ymin>
      <xmax>671.5976165771474</xmax>
      <ymax>1030.9057067871095</ymax>
    </bndbox>
    <attributes>
      <attribute>
        <name>track_id</name>
        <value>68</value>
      </attribute>
      <attribute>
        <name>keyframe</name>
        <value>True</value>
      </attribute>
    </attributes>
  </object>
  <object>
    <name>vehicule</name>
    <occluded>0</occluded>
    <bndbox>
      <xmin>1743.76484375</xmin>
      <ymin>1321.8267578125</ymin>
      <xmax>2103.329296875</xmax>
      <ymax>1488.2387908935548</ymax>
    </bndbox>
    <attributes>
      <attribute>
        <name>track_id</name>
        <value>69</value>
      </attribute>
      <attribute>
        <name>keyframe</name>
        <value>True</value>
      </attribute>
    </attributes>
  </object>
  <object>
    <name>vehicule</name>
    <occluded>0</occluded>
    <bndbox>
      <xmin>501.6259765625</xmin>
      <ymin>815.3400000000005</ymin>
      <xmax>610.9489494323731</xmax>
      <ymax>939.4926483154297</ymax>
    </bndbox>
    <attributes>
      <attribute>
        <name>track_id</name>
        <value>70</value>
      </attribute>
      <attribute>
        <name>keyframe</name>
        <value>True</value>
      </attribute>
    </attributes>
  </object>
</annotation>
