<annotation>
  <folder>frame</folder>
  <filename>frame_002138.jpg</filename>
  <source>
    <database>Unknown</database>
    <annotation>Unknown</annotation>
    <image>Unknown</image>
  </source>
  <size>
    <width>2456</width>
    <height>2054</height>
    <depth>3</depth>
  </size>
  <segmented>0</segmented>
  <object>
    <name>vehicule</name>
    <occluded>0</occluded>
    <bndbox>
      <xmin>81.13427734375</xmin>
      <ymin>1629.0236328125002</ymin>
      <xmax>422.69814453125036</xmax>
      <ymax>1956.2785217285154</ymax>
    </bndbox>
    <attributes>
      <attribute>
        <name>track_id</name>
        <value>120</value>
      </attribute>
      <attribute>
        <name>keyframe</name>
        <value>True</value>
      </attribute>
    </attributes>
  </object>
  <object>
    <name>vehicule</name>
    <occluded>0</occluded>
    <bndbox>
      <xmin>0.0</xmin>
      <ymin>1326.3330078125</ymin>
      <xmax>239.5703125</xmax>
      <ymax>1606.1048828124985</ymax>
    </bndbox>
    <attributes>
      <attribute>
        <name>track_id</name>
        <value>130</value>
      </attribute>
      <attribute>
        <name>keyframe</name>
        <value>True</value>
      </attribute>
    </attributes>
  </object>
  <object>
    <name>vehicule</name>
    <occluded>0</occluded>
    <bndbox>
      <xmin>407.31494140625</xmin>
      <ymin>1814.9839843750005</ymin>
      <xmax>759.7018554687511</xmax>
      <ymax>2053.9999923706055</ymax>
    </bndbox>
    <attributes>
      <attribute>
        <name>track_id</name>
        <value>163</value>
      </attribute>
      <attribute>
        <name>keyframe</name>
        <value>True</value>
      </attribute>
    </attributes>
  </object>
  <object>
    <name>vehicule</name>
    <occluded>0</occluded>
    <bndbox>
      <xmin>482.13995361328125</xmin>
      <ymin>892.5601196289062</ymin>
      <xmax>604.3032608032227</xmax>
      <ymax>1028.297119140625</ymax>
    </bndbox>
    <attributes>
      <attribute>
        <name>track_id</name>
        <value>165</value>
      </attribute>
      <attribute>
        <name>keyframe</name>
        <value>True</value>
      </attribute>
    </attributes>
  </object>
  <object>
    <name>vehicule</name>
    <occluded>0</occluded>
    <bndbox>
      <xmin>703.7300502232143</xmin>
      <ymin>1333.1964564732148</ymin>
      <xmax>1098.9428571428575</xmax>
      <ymax>1511.740230015346</ymax>
    </bndbox>
    <attributes>
      <attribute>
        <name>track_id</name>
        <value>166</value>
      </attribute>
      <attribute>
        <name>keyframe</name>
        <value>True</value>
      </attribute>
    </attributes>
  </object>
  <object>
    <name>vehicule</name>
    <occluded>0</occluded>
    <bndbox>
      <xmin>1885.8165457589287</xmin>
      <ymin>1293.5570591517858</ymin>
      <xmax>2207.5323660714284</xmax>
      <ymax>1500.613501412528</ymax>
    </bndbox>
    <attributes>
      <attribute>
        <name>track_id</name>
        <value>168</value>
      </attribute>
      <attribute>
        <name>keyframe</name>
        <value>True</value>
      </attribute>
    </attributes>
  </object>
</annotation>
