<annotation>
  <folder>frame</folder>
  <filename>frame_000375.jpg</filename>
  <source>
    <database>Unknown</database>
    <annotation>Unknown</annotation>
    <image>Unknown</image>
  </source>
  <size>
    <width>2456</width>
    <height>2054</height>
    <depth>3</depth>
  </size>
  <segmented>0</segmented>
  <object>
    <name>vehicule</name>
    <occluded>0</occluded>
    <bndbox>
      <xmin>578.8735584077381</xmin>
      <ymin>897.1295931653912</ymin>
      <xmax>710.4410511135122</xmax>
      <ymax>1014.2437579742586</ymax>
    </bndbox>
    <attributes>
      <attribute>
        <name>track_id</name>
        <value>2</value>
      </attribute>
      <attribute>
        <name>keyframe</name>
        <value>True</value>
      </attribute>
    </attributes>
  </object>
  <object>
    <name>vehicule</name>
    <occluded>0</occluded>
    <bndbox>
      <xmin>784.7449419070513</xmin>
      <ymin>945.8053886217949</ymin>
      <xmax>934.9086108744708</xmax>
      <ymax>1109.949135546008</ymax>
    </bndbox>
    <attributes>
      <attribute>
        <name>track_id</name>
        <value>3</value>
      </attribute>
      <attribute>
        <name>keyframe</name>
        <value>True</value>
      </attribute>
    </attributes>
  </object>
  <object>
    <name>vehicule</name>
    <occluded>0</occluded>
    <bndbox>
      <xmin>847.47705078125</xmin>
      <ymin>1437.6018554687507</ymin>
      <xmax>1294.803128051758</xmax>
      <ymax>1650.5460357666016</ymax>
    </bndbox>
    <attributes>
      <attribute>
        <name>track_id</name>
        <value>21</value>
      </attribute>
      <attribute>
        <name>keyframe</name>
        <value>True</value>
      </attribute>
    </attributes>
  </object>
  <object>
    <name>vehicule</name>
    <occluded>0</occluded>
    <bndbox>
      <xmin>1542.2685546875</xmin>
      <ymin>1277.7392578125</ymin>
      <xmax>1894.5433654785156</xmax>
      <ymax>1437.667709350586</ymax>
    </bndbox>
    <attributes>
      <attribute>
        <name>track_id</name>
        <value>22</value>
      </attribute>
      <attribute>
        <name>keyframe</name>
        <value>True</value>
      </attribute>
    </attributes>
  </object>
  <object>
    <name>vehicule</name>
    <occluded>0</occluded>
    <bndbox>
      <xmin>1958.29931640625</xmin>
      <ymin>1339.33251953125</ymin>
      <xmax>2282.4786071777344</xmax>
      <ymax>1525.1953125</ymax>
    </bndbox>
    <attributes>
      <attribute>
        <name>track_id</name>
        <value>23</value>
      </attribute>
      <attribute>
        <name>keyframe</name>
        <value>True</value>
      </attribute>
    </attributes>
  </object>
  <object>
    <name>vehicule</name>
    <occluded>0</occluded>
    <bndbox>
      <xmin>562.2886663777939</xmin>
      <ymin>967.7956753156043</ymin>
      <xmax>736.2160803182236</xmax>
      <ymax>1136.201589622245</ymax>
    </bndbox>
    <attributes>
      <attribute>
        <name>track_id</name>
        <value>181</value>
      </attribute>
      <attribute>
        <name>keyframe</name>
        <value>True</value>
      </attribute>
    </attributes>
  </object>
</annotation>
