<annotation>
  <folder>frame</folder>
  <filename>frame_001157.jpg</filename>
  <source>
    <database>Unknown</database>
    <annotation>Unknown</annotation>
    <image>Unknown</image>
  </source>
  <size>
    <width>2456</width>
    <height>2054</height>
    <depth>3</depth>
  </size>
  <segmented>0</segmented>
  <object>
    <name>vehicule</name>
    <occluded>0</occluded>
    <bndbox>
      <xmin>573.12607421875</xmin>
      <ymin>1354.6475000000003</ymin>
      <xmax>930.8609179687504</xmax>
      <ymax>1564.9704489135734</ymax>
    </bndbox>
    <attributes>
      <attribute>
        <name>track_id</name>
        <value>83</value>
      </attribute>
      <attribute>
        <name>keyframe</name>
        <value>True</value>
      </attribute>
    </attributes>
  </object>
  <object>
    <name>vehicule</name>
    <occluded>0</occluded>
    <bndbox>
      <xmin>1080.458984375</xmin>
      <ymin>1390.4999804687504</ymin>
      <xmax>1512.6891406250004</xmax>
      <ymax>1585.2623028564462</ymax>
    </bndbox>
    <attributes>
      <attribute>
        <name>track_id</name>
        <value>84</value>
      </attribute>
      <attribute>
        <name>keyframe</name>
        <value>True</value>
      </attribute>
    </attributes>
  </object>
  <object>
    <name>vehicule</name>
    <occluded>0</occluded>
    <bndbox>
      <xmin>476.77373046875005</xmin>
      <ymin>1292.85634765625</ymin>
      <xmax>776.9479553222657</xmax>
      <ymax>1451.5975067138672</ymax>
    </bndbox>
    <attributes>
      <attribute>
        <name>track_id</name>
        <value>85</value>
      </attribute>
      <attribute>
        <name>keyframe</name>
        <value>True</value>
      </attribute>
    </attributes>
  </object>
  <object>
    <name>vehicule</name>
    <occluded>0</occluded>
    <bndbox>
      <xmin>1105.67216796875</xmin>
      <ymin>1232.77345703125</ymin>
      <xmax>1460.46201171875</xmax>
      <ymax>1403.9276458740235</ymax>
    </bndbox>
    <attributes>
      <attribute>
        <name>track_id</name>
        <value>86</value>
      </attribute>
      <attribute>
        <name>keyframe</name>
        <value>True</value>
      </attribute>
    </attributes>
  </object>
  <object>
    <name>vehicule</name>
    <occluded>0</occluded>
    <bndbox>
      <xmin>1577.1307692307698</xmin>
      <ymin>888.6958383413462</ymin>
      <xmax>1796.8189861591045</xmax>
      <ymax>1038.6847055288474</ymax>
    </bndbox>
    <attributes>
      <attribute>
        <name>track_id</name>
        <value>87</value>
      </attribute>
      <attribute>
        <name>keyframe</name>
        <value>True</value>
      </attribute>
    </attributes>
  </object>
  <object>
    <name>vehicule</name>
    <occluded>0</occluded>
    <bndbox>
      <xmin>1767.41669921875</xmin>
      <ymin>1316.8251953125</ymin>
      <xmax>2091.3038085937487</xmax>
      <ymax>1493.5133666992188</ymax>
    </bndbox>
    <attributes>
      <attribute>
        <name>track_id</name>
        <value>88</value>
      </attribute>
      <attribute>
        <name>keyframe</name>
        <value>True</value>
      </attribute>
    </attributes>
  </object>
</annotation>
