<annotation>
  <folder>frame</folder>
  <filename>frame_002179.jpg</filename>
  <source>
    <database>Unknown</database>
    <annotation>Unknown</annotation>
    <image>Unknown</image>
  </source>
  <size>
    <width>2456</width>
    <height>2054</height>
    <depth>3</depth>
  </size>
  <segmented>0</segmented>
  <object>
    <name>vehicule</name>
    <occluded>0</occluded>
    <bndbox>
      <xmin>295.5735677083333</xmin>
      <ymin>1246.2631510416675</ymin>
      <xmax>512.6261718750005</xmax>
      <ymax>1449.6707926432289</ymax>
    </bndbox>
    <attributes>
      <attribute>
        <name>track_id</name>
        <value>165</value>
      </attribute>
      <attribute>
        <name>keyframe</name>
        <value>True</value>
      </attribute>
    </attributes>
  </object>
  <object>
    <name>vehicule</name>
    <occluded>0</occluded>
    <bndbox>
      <xmin>1206.6708984375</xmin>
      <ymin>1217.4375</ymin>
      <xmax>1553.1875</xmax>
      <ymax>1421.7242187500015</ymax>
    </bndbox>
    <attributes>
      <attribute>
        <name>track_id</name>
        <value>169</value>
      </attribute>
      <attribute>
        <name>keyframe</name>
        <value>True</value>
      </attribute>
    </attributes>
  </object>
  <object>
    <name>vehicule</name>
    <occluded>0</occluded>
    <bndbox>
      <xmin>1282.6034505208336</xmin>
      <ymin>769.240234375</ymin>
      <xmax>1457.7234903971355</xmax>
      <ymax>890.8408681233728</ymax>
    </bndbox>
    <attributes>
      <attribute>
        <name>track_id</name>
        <value>170</value>
      </attribute>
      <attribute>
        <name>keyframe</name>
        <value>True</value>
      </attribute>
    </attributes>
  </object>
  <object>
    <name>vehicule</name>
    <occluded>0</occluded>
    <bndbox>
      <xmin>1351.8681640625</xmin>
      <ymin>1351.590603298611</ymin>
      <xmax>1734.350781250001</xmax>
      <ymax>1525.5180172390408</ymax>
    </bndbox>
    <attributes>
      <attribute>
        <name>track_id</name>
        <value>171</value>
      </attribute>
      <attribute>
        <name>keyframe</name>
        <value>True</value>
      </attribute>
    </attributes>
  </object>
  <object>
    <name>vehicule</name>
    <occluded>0</occluded>
    <bndbox>
      <xmin>532.9918619791666</xmin>
      <ymin>1026.5930989583333</ymin>
      <xmax>697.4183159722226</xmax>
      <ymax>1198.3139899359808</ymax>
    </bndbox>
    <attributes>
      <attribute>
        <name>track_id</name>
        <value>172</value>
      </attribute>
      <attribute>
        <name>keyframe</name>
        <value>True</value>
      </attribute>
    </attributes>
  </object>
  <object>
    <name>vehicule</name>
    <occluded>0</occluded>
    <bndbox>
      <xmin>1767.3489583333333</xmin>
      <ymin>1312.5934244791667</ymin>
      <xmax>2182.6988932291665</xmax>
      <ymax>1514.1283671061199</ymax>
    </bndbox>
    <attributes>
      <attribute>
        <name>track_id</name>
        <value>173</value>
      </attribute>
      <attribute>
        <name>keyframe</name>
        <value>True</value>
      </attribute>
    </attributes>
  </object>
  <object>
    <name>vehicule</name>
    <occluded>0</occluded>
    <bndbox>
      <xmin>1584.6792534722222</xmin>
      <ymin>1190.7095269097222</ymin>
      <xmax>1905.8273437500002</xmax>
      <ymax>1350.8331841362847</ymax>
    </bndbox>
    <attributes>
      <attribute>
        <name>track_id</name>
        <value>174</value>
      </attribute>
      <attribute>
        <name>keyframe</name>
        <value>True</value>
      </attribute>
    </attributes>
  </object>
  <object>
    <name>vehicule</name>
    <occluded>0</occluded>
    <bndbox>
      <xmin>2133.87109375</xmin>
      <ymin>1265.89013671875</ymin>
      <xmax>2411.1376953125</xmax>
      <ymax>1450.860580444336</ymax>
    </bndbox>
    <attributes>
      <attribute>
        <name>track_id</name>
        <value>175</value>
      </attribute>
      <attribute>
        <name>keyframe</name>
        <value>True</value>
      </attribute>
    </attributes>
  </object>
</annotation>
