<annotation>
  <folder>frame</folder>
  <filename>frame_001796.jpg</filename>
  <source>
    <database>Unknown</database>
    <annotation>Unknown</annotation>
    <image>Unknown</image>
  </source>
  <size>
    <width>2456</width>
    <height>2054</height>
    <depth>3</depth>
  </size>
  <segmented>0</segmented>
  <object>
    <name>vehicule</name>
    <occluded>0</occluded>
    <bndbox>
      <xmin>657.7134046052631</xmin>
      <ymin>997.4791611842118</ymin>
      <xmax>835.498107502162</xmax>
      <ymax>1145.3308267534323</ymax>
    </bndbox>
    <attributes>
      <attribute>
        <name>track_id</name>
        <value>92</value>
      </attribute>
      <attribute>
        <name>keyframe</name>
        <value>True</value>
      </attribute>
    </attributes>
  </object>
  <object>
    <name>vehicule</name>
    <occluded>0</occluded>
    <bndbox>
      <xmin>441.5366467927632</xmin>
      <ymin>990.3027549342105</ymin>
      <xmax>610.9529700733601</xmax>
      <ymax>1178.392481736343</ymax>
    </bndbox>
    <attributes>
      <attribute>
        <name>track_id</name>
        <value>100</value>
      </attribute>
      <attribute>
        <name>keyframe</name>
        <value>True</value>
      </attribute>
    </attributes>
  </object>
  <object>
    <name>vehicule</name>
    <occluded>0</occluded>
    <bndbox>
      <xmin>467.42609460851685</xmin>
      <ymin>940.6114075377754</ymin>
      <xmax>599.7450200957288</xmax>
      <ymax>1034.1056771414628</ymax>
    </bndbox>
    <attributes>
      <attribute>
        <name>track_id</name>
        <value>106</value>
      </attribute>
      <attribute>
        <name>keyframe</name>
        <value>True</value>
      </attribute>
    </attributes>
  </object>
  <object>
    <name>vehicule</name>
    <occluded>0</occluded>
    <bndbox>
      <xmin>615.1262342223127</xmin>
      <ymin>901.807133677728</ymin>
      <xmax>744.8816205748518</xmax>
      <ymax>1031.5679201157159</ymax>
    </bndbox>
    <attributes>
      <attribute>
        <name>track_id</name>
        <value>108</value>
      </attribute>
      <attribute>
        <name>keyframe</name>
        <value>True</value>
      </attribute>
    </attributes>
  </object>
  <object>
    <name>vehicule</name>
    <occluded>0</occluded>
    <bndbox>
      <xmin>428.7521701388889</xmin>
      <ymin>1760.4954861111112</ymin>
      <xmax>768.39201388889</xmax>
      <ymax>2051.355648464627</ymax>
    </bndbox>
    <attributes>
      <attribute>
        <name>track_id</name>
        <value>116</value>
      </attribute>
      <attribute>
        <name>keyframe</name>
        <value>True</value>
      </attribute>
    </attributes>
  </object>
  <object>
    <name>vehicule</name>
    <occluded>0</occluded>
    <bndbox>
      <xmin>771.6976996527778</xmin>
      <ymin>1492.1631944444443</ymin>
      <xmax>1121.0682074652782</xmax>
      <ymax>1715.7841661241318</ymax>
    </bndbox>
    <attributes>
      <attribute>
        <name>track_id</name>
        <value>118</value>
      </attribute>
      <attribute>
        <name>keyframe</name>
        <value>True</value>
      </attribute>
    </attributes>
  </object>
  <object>
    <name>vehicule</name>
    <occluded>0</occluded>
    <bndbox>
      <xmin>570.2700163118132</xmin>
      <ymin>818.4000879979395</ymin>
      <xmax>699.8913343660113</xmax>
      <ymax>940.0655176854399</ymax>
    </bndbox>
    <attributes>
      <attribute>
        <name>track_id</name>
        <value>120</value>
      </attribute>
      <attribute>
        <name>keyframe</name>
        <value>True</value>
      </attribute>
    </attributes>
  </object>
  <object>
    <name>vehicule</name>
    <occluded>0</occluded>
    <bndbox>
      <xmin>127.34981496710526</xmin>
      <ymin>1662.3917865953958</ymin>
      <xmax>490.2310649671056</xmax>
      <ymax>1956.2692901611329</ymax>
    </bndbox>
    <attributes>
      <attribute>
        <name>track_id</name>
        <value>121</value>
      </attribute>
      <attribute>
        <name>keyframe</name>
        <value>True</value>
      </attribute>
    </attributes>
  </object>
  <object>
    <name>vehicule</name>
    <occluded>0</occluded>
    <bndbox>
      <xmin>1109.0654370857008</xmin>
      <ymin>1281.458066998106</ymin>
      <xmax>1551.0619275642164</xmax>
      <ymax>1576.4893086751301</ymax>
    </bndbox>
    <attributes>
      <attribute>
        <name>track_id</name>
        <value>123</value>
      </attribute>
      <attribute>
        <name>keyframe</name>
        <value>True</value>
      </attribute>
    </attributes>
  </object>
  <object>
    <name>vehicule</name>
    <occluded>0</occluded>
    <bndbox>
      <xmin>458.8944038722826</xmin>
      <ymin>810.1640200407609</ymin>
      <xmax>569.6005806300951</xmax>
      <ymax>950.9624056608781</ymax>
    </bndbox>
    <attributes>
      <attribute>
        <name>track_id</name>
        <value>130</value>
      </attribute>
      <attribute>
        <name>keyframe</name>
        <value>True</value>
      </attribute>
    </attributes>
  </object>
  <object>
    <name>vehicule</name>
    <occluded>0</occluded>
    <bndbox>
      <xmin>1689.0802612304688</xmin>
      <ymin>1329.2836303710938</ymin>
      <xmax>2045.4351440429691</xmax>
      <ymax>1500.4019897460948</ymax>
    </bndbox>
    <attributes>
      <attribute>
        <name>track_id</name>
        <value>133</value>
      </attribute>
      <attribute>
        <name>keyframe</name>
        <value>True</value>
      </attribute>
    </attributes>
  </object>
  <object>
    <name>vehicule</name>
    <occluded>0</occluded>
    <bndbox>
      <xmin>411.97319878472223</xmin>
      <ymin>1497.6004774305557</ymin>
      <xmax>760.1142144097225</xmax>
      <ymax>1735.0465223524307</ymax>
    </bndbox>
    <attributes>
      <attribute>
        <name>track_id</name>
        <value>137</value>
      </attribute>
      <attribute>
        <name>keyframe</name>
        <value>True</value>
      </attribute>
    </attributes>
  </object>
  <object>
    <name>vehicule</name>
    <occluded>0</occluded>
    <bndbox>
      <xmin>2123.094308035714</xmin>
      <ymin>1323.035853794643</ymin>
      <xmax>2456.0</xmax>
      <ymax>1505.2455400739398</ymax>
    </bndbox>
    <attributes>
      <attribute>
        <name>track_id</name>
        <value>138</value>
      </attribute>
      <attribute>
        <name>keyframe</name>
        <value>True</value>
      </attribute>
    </attributes>
  </object>
  <object>
    <name>vehicule</name>
    <occluded>0</occluded>
    <bndbox>
      <xmin>711.9747178819445</xmin>
      <ymin>1369.1097222222224</ymin>
      <xmax>1096.0303819444443</xmax>
      <ymax>1537.5018303765182</ymax>
    </bndbox>
    <attributes>
      <attribute>
        <name>track_id</name>
        <value>140</value>
      </attribute>
      <attribute>
        <name>keyframe</name>
        <value>True</value>
      </attribute>
    </attributes>
  </object>
  <object>
    <name>vehicule</name>
    <occluded>0</occluded>
    <bndbox>
      <xmin>1687.686328125</xmin>
      <ymin>1206.2112630208333</ymin>
      <xmax>2027.5349609375</xmax>
      <ymax>1358.0526631673176</ymax>
    </bndbox>
    <attributes>
      <attribute>
        <name>track_id</name>
        <value>141</value>
      </attribute>
      <attribute>
        <name>keyframe</name>
        <value>True</value>
      </attribute>
    </attributes>
  </object>
  <object>
    <name>vehicule</name>
    <occluded>0</occluded>
    <bndbox>
      <xmin>1435.4871271306818</xmin>
      <ymin>1169.40234375</ymin>
      <xmax>1794.6610468084161</xmax>
      <ymax>1321.2437438964844</ymax>
    </bndbox>
    <attributes>
      <attribute>
        <name>track_id</name>
        <value>142</value>
      </attribute>
      <attribute>
        <name>keyframe</name>
        <value>True</value>
      </attribute>
    </attributes>
  </object>
</annotation>
