<annotation>
  <folder>frame</folder>
  <filename>frame_001825.jpg</filename>
  <source>
    <database>Unknown</database>
    <annotation>Unknown</annotation>
    <image>Unknown</image>
  </source>
  <size>
    <width>2456</width>
    <height>2054</height>
    <depth>3</depth>
  </size>
  <segmented>0</segmented>
  <object>
    <name>vehicule</name>
    <occluded>0</occluded>
    <bndbox>
      <xmin>656.1617495888158</xmin>
      <ymin>1000.0871340460535</ymin>
      <xmax>837.1852006323842</xmax>
      <ymax>1151.1171703931561</ymax>
    </bndbox>
    <attributes>
      <attribute>
        <name>track_id</name>
        <value>92</value>
      </attribute>
      <attribute>
        <name>keyframe</name>
        <value>True</value>
      </attribute>
    </attributes>
  </object>
  <object>
    <name>vehicule</name>
    <occluded>0</occluded>
    <bndbox>
      <xmin>441.4293277138158</xmin>
      <ymin>988.9481496710526</ymin>
      <xmax>613.1273261489459</xmax>
      <ymax>1178.2551767755049</ymax>
    </bndbox>
    <attributes>
      <attribute>
        <name>track_id</name>
        <value>100</value>
      </attribute>
      <attribute>
        <name>keyframe</name>
        <value>True</value>
      </attribute>
    </attributes>
  </object>
  <object>
    <name>vehicule</name>
    <occluded>0</occluded>
    <bndbox>
      <xmin>465.5186956272897</xmin>
      <ymin>938.8038246909346</ymin>
      <xmax>600.6357750089309</xmax>
      <ymax>1031.3142783755357</ymax>
    </bndbox>
    <attributes>
      <attribute>
        <name>track_id</name>
        <value>106</value>
      </attribute>
      <attribute>
        <name>keyframe</name>
        <value>True</value>
      </attribute>
    </attributes>
  </object>
  <object>
    <name>vehicule</name>
    <occluded>0</occluded>
    <bndbox>
      <xmin>616.2374605557818</xmin>
      <ymin>901.33472872557</ymin>
      <xmax>745.9928469083209</xmax>
      <ymax>1031.095515163558</ymax>
    </bndbox>
    <attributes>
      <attribute>
        <name>track_id</name>
        <value>108</value>
      </attribute>
      <attribute>
        <name>keyframe</name>
        <value>True</value>
      </attribute>
    </attributes>
  </object>
  <object>
    <name>vehicule</name>
    <occluded>0</occluded>
    <bndbox>
      <xmin>471.85009765625</xmin>
      <ymin>1633.5841796875002</ymin>
      <xmax>840.5836914062511</xmax>
      <ymax>1920.4634460449215</ymax>
    </bndbox>
    <attributes>
      <attribute>
        <name>track_id</name>
        <value>118</value>
      </attribute>
      <attribute>
        <name>keyframe</name>
        <value>True</value>
      </attribute>
    </attributes>
  </object>
  <object>
    <name>vehicule</name>
    <occluded>0</occluded>
    <bndbox>
      <xmin>571.7363860748626</xmin>
      <ymin>820.1597441620879</ymin>
      <xmax>701.3577041290607</xmax>
      <ymax>941.8251738495883</ymax>
    </bndbox>
    <attributes>
      <attribute>
        <name>track_id</name>
        <value>120</value>
      </attribute>
      <attribute>
        <name>keyframe</name>
        <value>True</value>
      </attribute>
    </attributes>
  </object>
  <object>
    <name>vehicule</name>
    <occluded>0</occluded>
    <bndbox>
      <xmin>799.2744140625</xmin>
      <ymin>1362.0111328125004</ymin>
      <xmax>1242.441799926758</xmax>
      <ymax>1688.4662780761719</ymax>
    </bndbox>
    <attributes>
      <attribute>
        <name>track_id</name>
        <value>123</value>
      </attribute>
      <attribute>
        <name>keyframe</name>
        <value>True</value>
      </attribute>
    </attributes>
  </object>
  <object>
    <name>vehicule</name>
    <occluded>0</occluded>
    <bndbox>
      <xmin>458.55866451539856</xmin>
      <ymin>815.2001103940217</ymin>
      <xmax>569.264841273211</xmax>
      <ymax>955.9984960141389</ymax>
    </bndbox>
    <attributes>
      <attribute>
        <name>track_id</name>
        <value>130</value>
      </attribute>
      <attribute>
        <name>keyframe</name>
        <value>True</value>
      </attribute>
    </attributes>
  </object>
  <object>
    <name>vehicule</name>
    <occluded>0</occluded>
    <bndbox>
      <xmin>1616.03515625</xmin>
      <ymin>1329.5712890625</ymin>
      <xmax>1972.3900390625004</xmax>
      <ymax>1500.689648437501</ymax>
    </bndbox>
    <attributes>
      <attribute>
        <name>track_id</name>
        <value>133</value>
      </attribute>
      <attribute>
        <name>keyframe</name>
        <value>True</value>
      </attribute>
    </attributes>
  </object>
  <object>
    <name>vehicule</name>
    <occluded>0</occluded>
    <bndbox>
      <xmin>169.18115234375</xmin>
      <ymin>1606.9094726562507</ymin>
      <xmax>517.3221679687504</xmax>
      <ymax>1910.6615722656243</ymax>
    </bndbox>
    <attributes>
      <attribute>
        <name>track_id</name>
        <value>137</value>
      </attribute>
      <attribute>
        <name>keyframe</name>
        <value>True</value>
      </attribute>
    </attributes>
  </object>
  <object>
    <name>vehicule</name>
    <occluded>0</occluded>
    <bndbox>
      <xmin>2090.7705829326924</xmin>
      <ymin>1321.9510967548076</ymin>
      <xmax>2432.6397235576924</xmax>
      <ymax>1504.1607830341045</ymax>
    </bndbox>
    <attributes>
      <attribute>
        <name>track_id</name>
        <value>138</value>
      </attribute>
      <attribute>
        <name>keyframe</name>
        <value>True</value>
      </attribute>
    </attributes>
  </object>
  <object>
    <name>vehicule</name>
    <occluded>0</occluded>
    <bndbox>
      <xmin>415.7650035511364</xmin>
      <ymin>1479.1600852272736</ymin>
      <xmax>808.6114346590919</xmax>
      <ymax>1679.763377519087</ymax>
    </bndbox>
    <attributes>
      <attribute>
        <name>track_id</name>
        <value>140</value>
      </attribute>
      <attribute>
        <name>keyframe</name>
        <value>True</value>
      </attribute>
    </attributes>
  </object>
  <object>
    <name>vehicule</name>
    <occluded>0</occluded>
    <bndbox>
      <xmin>1312.59033203125</xmin>
      <ymin>1228.3024414062502</ymin>
      <xmax>1677.2862304687515</xmax>
      <ymax>1410.5057556152342</ymax>
    </bndbox>
    <attributes>
      <attribute>
        <name>track_id</name>
        <value>141</value>
      </attribute>
      <attribute>
        <name>keyframe</name>
        <value>True</value>
      </attribute>
    </attributes>
  </object>
  <object>
    <name>vehicule</name>
    <occluded>0</occluded>
    <bndbox>
      <xmin>228.537109375</xmin>
      <ymin>1324.9000000000005</ymin>
      <xmax>627.2500000000009</xmax>
      <ymax>1508.053611755371</ymax>
    </bndbox>
    <attributes>
      <attribute>
        <name>track_id</name>
        <value>142</value>
      </attribute>
      <attribute>
        <name>keyframe</name>
        <value>True</value>
      </attribute>
    </attributes>
  </object>
  <object>
    <name>vehicule</name>
    <occluded>0</occluded>
    <bndbox>
      <xmin>1806.609157986111</xmin>
      <ymin>1242.3926866319443</ymin>
      <xmax>2124.3257717556426</xmax>
      <ymax>1394.2340867784287</ymax>
    </bndbox>
    <attributes>
      <attribute>
        <name>track_id</name>
        <value>143</value>
      </attribute>
      <attribute>
        <name>keyframe</name>
        <value>True</value>
      </attribute>
    </attributes>
  </object>
  <object>
    <name>vehicule</name>
    <occluded>0</occluded>
    <bndbox>
      <xmin>1677.0107421875</xmin>
      <ymin>1183.205078125</ymin>
      <xmax>1968.058209228516</xmax>
      <ymax>1315.721206665039</ymax>
    </bndbox>
    <attributes>
      <attribute>
        <name>track_id</name>
        <value>145</value>
      </attribute>
      <attribute>
        <name>keyframe</name>
        <value>True</value>
      </attribute>
    </attributes>
  </object>
</annotation>
