<annotation>
  <folder>frame</folder>
  <filename>frame_001454.jpg</filename>
  <source>
    <database>Unknown</database>
    <annotation>Unknown</annotation>
    <image>Unknown</image>
  </source>
  <size>
    <width>2456</width>
    <height>2054</height>
    <depth>3</depth>
  </size>
  <segmented>0</segmented>
  <object>
    <name>vehicule</name>
    <occluded>0</occluded>
    <bndbox>
      <xmin>667.5762445494186</xmin>
      <ymin>998.3029024345931</ymin>
      <xmax>807.166525066207</xmax>
      <ymax>1148.6661219185944</ymax>
    </bndbox>
    <attributes>
      <attribute>
        <name>track_id</name>
        <value>92</value>
      </attribute>
      <attribute>
        <name>keyframe</name>
        <value>True</value>
      </attribute>
    </attributes>
  </object>
  <object>
    <name>vehicule</name>
    <occluded>0</occluded>
    <bndbox>
      <xmin>450.6622023809524</xmin>
      <ymin>997.9375744047619</ymin>
      <xmax>593.170494528776</xmax>
      <ymax>1171.6715528140135</ymax>
    </bndbox>
    <attributes>
      <attribute>
        <name>track_id</name>
        <value>100</value>
      </attribute>
      <attribute>
        <name>keyframe</name>
        <value>True</value>
      </attribute>
    </attributes>
  </object>
  <object>
    <name>vehicule</name>
    <occluded>0</occluded>
    <bndbox>
      <xmin>480.21790185162416</xmin>
      <ymin>943.0692913385841</ymin>
      <xmax>592.3765603914036</xmax>
      <ymax>1044.3813622842624</ymax>
    </bndbox>
    <attributes>
      <attribute>
        <name>track_id</name>
        <value>106</value>
      </attribute>
      <attribute>
        <name>keyframe</name>
        <value>True</value>
      </attribute>
    </attributes>
  </object>
  <object>
    <name>vehicule</name>
    <occluded>0</occluded>
    <bndbox>
      <xmin>607.9711766098485</xmin>
      <ymin>878.3195815577654</ymin>
      <xmax>737.7265629623876</xmax>
      <ymax>1008.0803679957534</ymax>
    </bndbox>
    <attributes>
      <attribute>
        <name>track_id</name>
        <value>108</value>
      </attribute>
      <attribute>
        <name>keyframe</name>
        <value>True</value>
      </attribute>
    </attributes>
  </object>
  <object>
    <name>vehicule</name>
    <occluded>0</occluded>
    <bndbox>
      <xmin>319.9190429687501</xmin>
      <ymin>1452.9084570312505</ymin>
      <xmax>752.3500000000015</xmax>
      <ymax>1669.373388671875</ymax>
    </bndbox>
    <attributes>
      <attribute>
        <name>track_id</name>
        <value>110</value>
      </attribute>
      <attribute>
        <name>keyframe</name>
        <value>True</value>
      </attribute>
    </attributes>
  </object>
</annotation>
