<annotation>
  <folder>frame</folder>
  <filename>frame_002155.jpg</filename>
  <source>
    <database>Unknown</database>
    <annotation>Unknown</annotation>
    <image>Unknown</image>
  </source>
  <size>
    <width>2456</width>
    <height>2054</height>
    <depth>3</depth>
  </size>
  <segmented>0</segmented>
  <object>
    <name>vehicule</name>
    <occluded>0</occluded>
    <bndbox>
      <xmin>480.34263392857144</xmin>
      <ymin>1005.9828125000006</ymin>
      <xmax>626.4848362513954</xmax>
      <ymax>1156.56303187779</ymax>
    </bndbox>
    <attributes>
      <attribute>
        <name>track_id</name>
        <value>165</value>
      </attribute>
      <attribute>
        <name>keyframe</name>
        <value>True</value>
      </attribute>
    </attributes>
  </object>
  <object>
    <name>vehicule</name>
    <occluded>0</occluded>
    <bndbox>
      <xmin>0.0</xmin>
      <ymin>1498.05078125</ymin>
      <xmax>258.9140625</xmax>
      <ymax>1698.6826995849606</ymax>
    </bndbox>
    <attributes>
      <attribute>
        <name>track_id</name>
        <value>166</value>
      </attribute>
      <attribute>
        <name>keyframe</name>
        <value>True</value>
      </attribute>
    </attributes>
  </object>
  <object>
    <name>vehicule</name>
    <occluded>0</occluded>
    <bndbox>
      <xmin>1103.83349609375</xmin>
      <ymin>1335.4619140625</ymin>
      <xmax>1425.54931640625</xmax>
      <ymax>1542.5183563232422</ymax>
    </bndbox>
    <attributes>
      <attribute>
        <name>track_id</name>
        <value>168</value>
      </attribute>
      <attribute>
        <name>keyframe</name>
        <value>True</value>
      </attribute>
    </attributes>
  </object>
  <object>
    <name>vehicule</name>
    <occluded>0</occluded>
    <bndbox>
      <xmin>1448.237060546875</xmin>
      <ymin>1207.085693359375</ymin>
      <xmax>1794.753662109375</xmax>
      <ymax>1411.3724121093765</ymax>
    </bndbox>
    <attributes>
      <attribute>
        <name>track_id</name>
        <value>169</value>
      </attribute>
      <attribute>
        <name>keyframe</name>
        <value>True</value>
      </attribute>
    </attributes>
  </object>
  <object>
    <name>vehicule</name>
    <occluded>0</occluded>
    <bndbox>
      <xmin>1901.6750000000002</xmin>
      <ymin>1037.298095703125</ymin>
      <xmax>2169.5711822509766</xmax>
      <ymax>1178.0964813232422</ymax>
    </bndbox>
    <attributes>
      <attribute>
        <name>track_id</name>
        <value>170</value>
      </attribute>
      <attribute>
        <name>keyframe</name>
        <value>True</value>
      </attribute>
    </attributes>
  </object>
  <object>
    <name>vehicule</name>
    <occluded>0</occluded>
    <bndbox>
      <xmin>1921.016845703125</xmin>
      <ymin>1324.417236328125</ymin>
      <xmax>2294.519189453126</xmax>
      <ymax>1498.3446502685547</ymax>
    </bndbox>
    <attributes>
      <attribute>
        <name>track_id</name>
        <value>171</value>
      </attribute>
      <attribute>
        <name>keyframe</name>
        <value>True</value>
      </attribute>
    </attributes>
  </object>
  <object>
    <name>vehicule</name>
    <occluded>0</occluded>
    <bndbox>
      <xmin>529.6067243303571</xmin>
      <ymin>864.8804687500002</ymin>
      <xmax>665.3227696010051</xmax>
      <ymax>1007.8634828839984</ymax>
    </bndbox>
    <attributes>
      <attribute>
        <name>track_id</name>
        <value>172</value>
      </attribute>
      <attribute>
        <name>keyframe</name>
        <value>True</value>
      </attribute>
    </attributes>
  </object>
</annotation>
