<annotation>
  <folder>frame</folder>
  <filename>frame_001360.jpg</filename>
  <source>
    <database>Unknown</database>
    <annotation>Unknown</annotation>
    <image>Unknown</image>
  </source>
  <size>
    <width>2456</width>
    <height>2054</height>
    <depth>3</depth>
  </size>
  <segmented>0</segmented>
  <object>
    <name>vehicule</name>
    <occluded>0</occluded>
    <bndbox>
      <xmin>580.6519260636295</xmin>
      <ymin>830.38916015625</ymin>
      <xmax>715.029764075341</xmax>
      <ymax>976.4891493766547</ymax>
    </bndbox>
    <attributes>
      <attribute>
        <name>track_id</name>
        <value>92</value>
      </attribute>
      <attribute>
        <name>keyframe</name>
        <value>True</value>
      </attribute>
    </attributes>
  </object>
  <object>
    <name>vehicule</name>
    <occluded>0</occluded>
    <bndbox>
      <xmin>455.24330357142856</xmin>
      <ymin>1008.3770647321429</ymin>
      <xmax>590.3558210804196</xmax>
      <ymax>1178.1653111269768</ymax>
    </bndbox>
    <attributes>
      <attribute>
        <name>track_id</name>
        <value>100</value>
      </attribute>
      <attribute>
        <name>keyframe</name>
        <value>True</value>
      </attribute>
    </attributes>
  </object>
  <object>
    <name>vehicule</name>
    <occluded>0</occluded>
    <bndbox>
      <xmin>473.0604771205357</xmin>
      <ymin>909.0419549851198</ymin>
      <xmax>583.4905842372349</xmax>
      <ymax>1021.9516332717169</ymax>
    </bndbox>
    <attributes>
      <attribute>
        <name>track_id</name>
        <value>106</value>
      </attribute>
      <attribute>
        <name>keyframe</name>
        <value>True</value>
      </attribute>
    </attributes>
  </object>
</annotation>
