<annotation>
  <folder>frame</folder>
  <filename>frame_000010.jpg</filename>
  <source>
    <database>Unknown</database>
    <annotation>Unknown</annotation>
    <image>Unknown</image>
  </source>
  <size>
    <width>2456</width>
    <height>2054</height>
    <depth>3</depth>
  </size>
  <segmented>0</segmented>
  <object>
    <name>vehicule</name>
    <occluded>0</occluded>
    <bndbox>
      <xmin>0.0</xmin>
      <ymin>1500.767578125</ymin>
      <xmax>355.1860026041674</xmax>
      <ymax>1716.9804656982415</ymax>
    </bndbox>
    <attributes>
      <attribute>
        <name>track_id</name>
        <value>176</value>
      </attribute>
      <attribute>
        <name>keyframe</name>
        <value>True</value>
      </attribute>
    </attributes>
  </object>
  <object>
    <name>vehicule</name>
    <occluded>0</occluded>
    <bndbox>
      <xmin>653.4301060267858</xmin>
      <ymin>1347.7197265625</ymin>
      <xmax>1017.2421561104914</xmax>
      <ymax>1590.6659698486328</ymax>
    </bndbox>
    <attributes>
      <attribute>
        <name>track_id</name>
        <value>177</value>
      </attribute>
      <attribute>
        <name>keyframe</name>
        <value>True</value>
      </attribute>
    </attributes>
  </object>
  <object>
    <name>vehicule</name>
    <occluded>0</occluded>
    <bndbox>
      <xmin>1082.2671595982142</xmin>
      <ymin>1261.8474609375003</ymin>
      <xmax>1424.5285714285721</xmax>
      <ymax>1434.881784057617</ymax>
    </bndbox>
    <attributes>
      <attribute>
        <name>track_id</name>
        <value>178</value>
      </attribute>
      <attribute>
        <name>keyframe</name>
        <value>True</value>
      </attribute>
    </attributes>
  </object>
  <object>
    <name>vehicule</name>
    <occluded>0</occluded>
    <bndbox>
      <xmin>1627.909877232143</xmin>
      <ymin>1313.210658482143</ymin>
      <xmax>1995.5305803571443</xmax>
      <ymax>1495.4203447614398</ymax>
    </bndbox>
    <attributes>
      <attribute>
        <name>track_id</name>
        <value>179</value>
      </attribute>
      <attribute>
        <name>keyframe</name>
        <value>True</value>
      </attribute>
    </attributes>
  </object>
  <object>
    <name>vehicule</name>
    <occluded>0</occluded>
    <bndbox>
      <xmin>1341.8881640625004</xmin>
      <ymin>904.0755859375</ymin>
      <xmax>1536.405455322265</xmax>
      <ymax>1033.4550781250014</ymax>
    </bndbox>
    <attributes>
      <attribute>
        <name>track_id</name>
        <value>180</value>
      </attribute>
      <attribute>
        <name>keyframe</name>
        <value>True</value>
      </attribute>
    </attributes>
  </object>
  <object>
    <name>vehicule</name>
    <occluded>0</occluded>
    <bndbox>
      <xmin>563.9239477700745</xmin>
      <ymin>968.9393690500827</ymin>
      <xmax>737.8513617105042</xmax>
      <ymax>1137.3452833567235</ymax>
    </bndbox>
    <attributes>
      <attribute>
        <name>track_id</name>
        <value>181</value>
      </attribute>
      <attribute>
        <name>keyframe</name>
        <value>True</value>
      </attribute>
    </attributes>
  </object>
</annotation>
