<annotation>
  <folder>frame</folder>
  <filename>frame_001953.jpg</filename>
  <source>
    <database>Unknown</database>
    <annotation>Unknown</annotation>
    <image>Unknown</image>
  </source>
  <size>
    <width>2456</width>
    <height>2054</height>
    <depth>3</depth>
  </size>
  <segmented>0</segmented>
  <object>
    <name>vehicule</name>
    <occluded>0</occluded>
    <bndbox>
      <xmin>646.1696183488176</xmin>
      <ymin>999.4518976984797</ymin>
      <xmax>841.488233625962</xmax>
      <ymax>1164.5106050652007</ymax>
    </bndbox>
    <attributes>
      <attribute>
        <name>track_id</name>
        <value>92</value>
      </attribute>
      <attribute>
        <name>keyframe</name>
        <value>True</value>
      </attribute>
    </attributes>
  </object>
  <object>
    <name>vehicule</name>
    <occluded>0</occluded>
    <bndbox>
      <xmin>423.4000901442308</xmin>
      <ymin>1010.5992713341349</ymin>
      <xmax>605.1689306407485</xmax>
      <ymax>1186.4398856529822</ymax>
    </bndbox>
    <attributes>
      <attribute>
        <name>track_id</name>
        <value>100</value>
      </attribute>
      <attribute>
        <name>keyframe</name>
        <value>True</value>
      </attribute>
    </attributes>
  </object>
  <object>
    <name>vehicule</name>
    <occluded>0</occluded>
    <bndbox>
      <xmin>456.5313066123188</xmin>
      <ymin>940.7744069859602</ymin>
      <xmax>603.9988583555787</xmax>
      <ymax>1037.4655646393276</ymax>
    </bndbox>
    <attributes>
      <attribute>
        <name>track_id</name>
        <value>106</value>
      </attribute>
      <attribute>
        <name>keyframe</name>
        <value>True</value>
      </attribute>
    </attributes>
  </object>
  <object>
    <name>vehicule</name>
    <occluded>0</occluded>
    <bndbox>
      <xmin>629.9452547152367</xmin>
      <ymin>936.2239968565088</ymin>
      <xmax>759.7006410677758</xmax>
      <ymax>1065.9847832944968</ymax>
    </bndbox>
    <attributes>
      <attribute>
        <name>track_id</name>
        <value>108</value>
      </attribute>
      <attribute>
        <name>keyframe</name>
        <value>True</value>
      </attribute>
    </attributes>
  </object>
  <object>
    <name>vehicule</name>
    <occluded>0</occluded>
    <bndbox>
      <xmin>578.2086388221154</xmin>
      <ymin>827.9265024038461</ymin>
      <xmax>707.8299568763135</xmax>
      <ymax>949.5919320913465</ymax>
    </bndbox>
    <attributes>
      <attribute>
        <name>track_id</name>
        <value>120</value>
      </attribute>
      <attribute>
        <name>keyframe</name>
        <value>True</value>
      </attribute>
    </attributes>
  </object>
  <object>
    <name>vehicule</name>
    <occluded>0</occluded>
    <bndbox>
      <xmin>457.07678045742756</xmin>
      <ymin>837.428371263587</ymin>
      <xmax>567.78295721524</xmax>
      <ymax>978.2267568837042</ymax>
    </bndbox>
    <attributes>
      <attribute>
        <name>track_id</name>
        <value>130</value>
      </attribute>
      <attribute>
        <name>keyframe</name>
        <value>True</value>
      </attribute>
    </attributes>
  </object>
  <object>
    <name>vehicule</name>
    <occluded>0</occluded>
    <bndbox>
      <xmin>291.5007684426229</xmin>
      <ymin>1448.1244588883199</ymin>
      <xmax>674.1694947289648</xmax>
      <ymax>1733.6477484531088</ymax>
    </bndbox>
    <attributes>
      <attribute>
        <name>track_id</name>
        <value>141</value>
      </attribute>
      <attribute>
        <name>keyframe</name>
        <value>True</value>
      </attribute>
    </attributes>
  </object>
  <object>
    <name>vehicule</name>
    <occluded>0</occluded>
    <bndbox>
      <xmin>647.7495492788462</xmin>
      <ymin>1387.3883488581737</ymin>
      <xmax>944.7807992788462</xmax>
      <ymax>1560.9884486271787</ymax>
    </bndbox>
    <attributes>
      <attribute>
        <name>track_id</name>
        <value>143</value>
      </attribute>
      <attribute>
        <name>keyframe</name>
        <value>True</value>
      </attribute>
    </attributes>
  </object>
  <object>
    <name>vehicule</name>
    <occluded>0</occluded>
    <bndbox>
      <xmin>893.5799194335938</xmin>
      <ymin>1324.7339233398438</ymin>
      <xmax>1319.195947265625</xmax>
      <ymax>1471.9274215698229</ymax>
    </bndbox>
    <attributes>
      <attribute>
        <name>track_id</name>
        <value>146</value>
      </attribute>
      <attribute>
        <name>keyframe</name>
        <value>True</value>
      </attribute>
    </attributes>
  </object>
  <object>
    <name>vehicule</name>
    <occluded>0</occluded>
    <bndbox>
      <xmin>508.69557883522725</xmin>
      <ymin>1638.9758522727273</ymin>
      <xmax>851.1363636363643</xmax>
      <ymax>1910.465775368429</ymax>
    </bndbox>
    <attributes>
      <attribute>
        <name>track_id</name>
        <value>148</value>
      </attribute>
      <attribute>
        <name>keyframe</name>
        <value>True</value>
      </attribute>
    </attributes>
  </object>
  <object>
    <name>vehicule</name>
    <occluded>0</occluded>
    <bndbox>
      <xmin>60.70294744318182</xmin>
      <ymin>1759.2770596590917</ymin>
      <xmax>375.8720880681829</xmax>
      <ymax>2044.8683388449929</ymax>
    </bndbox>
    <attributes>
      <attribute>
        <name>track_id</name>
        <value>149</value>
      </attribute>
      <attribute>
        <name>keyframe</name>
        <value>True</value>
      </attribute>
    </attributes>
  </object>
  <object>
    <name>vehicule</name>
    <occluded>0</occluded>
    <bndbox>
      <xmin>1143.8765980113637</xmin>
      <ymin>1338.6941051136375</ymin>
      <xmax>1532.6449573863645</xmax>
      <ymax>1564.119285167347</ymax>
    </bndbox>
    <attributes>
      <attribute>
        <name>track_id</name>
        <value>150</value>
      </attribute>
      <attribute>
        <name>keyframe</name>
        <value>True</value>
      </attribute>
    </attributes>
  </object>
  <object>
    <name>vehicule</name>
    <occluded>0</occluded>
    <bndbox>
      <xmin>1619.2687322443182</xmin>
      <ymin>1328.828213778409</ymin>
      <xmax>2005.530255681819</xmax>
      <ymax>1508.2771426114168</ymax>
    </bndbox>
    <attributes>
      <attribute>
        <name>track_id</name>
        <value>152</value>
      </attribute>
      <attribute>
        <name>keyframe</name>
        <value>True</value>
      </attribute>
    </attributes>
  </object>
  <object>
    <name>vehicule</name>
    <occluded>0</occluded>
    <bndbox>
      <xmin>271.1033380681818</xmin>
      <ymin>1327.6090909090917</ymin>
      <xmax>611.760973011364</xmax>
      <ymax>1531.0740051269531</ymax>
    </bndbox>
    <attributes>
      <attribute>
        <name>track_id</name>
        <value>154</value>
      </attribute>
      <attribute>
        <name>keyframe</name>
        <value>True</value>
      </attribute>
    </attributes>
  </object>
  <object>
    <name>vehicule</name>
    <occluded>0</occluded>
    <bndbox>
      <xmin>1318.8800000000015</xmin>
      <ymin>800.28798828125</ymin>
      <xmax>1481.8795608520509</xmax>
      <ymax>907.45</ymax>
    </bndbox>
    <attributes>
      <attribute>
        <name>track_id</name>
        <value>155</value>
      </attribute>
      <attribute>
        <name>keyframe</name>
        <value>True</value>
      </attribute>
    </attributes>
  </object>
  <object>
    <name>vehicule</name>
    <occluded>0</occluded>
    <bndbox>
      <xmin>2065.197478693183</xmin>
      <ymin>1298.2915482954545</ymin>
      <xmax>2446.796868341619</xmax>
      <ymax>1491.5442338423295</ymax>
    </bndbox>
    <attributes>
      <attribute>
        <name>track_id</name>
        <value>156</value>
      </attribute>
      <attribute>
        <name>keyframe</name>
        <value>True</value>
      </attribute>
    </attributes>
  </object>
  <object>
    <name>vehicule</name>
    <occluded>0</occluded>
    <bndbox>
      <xmin>1345.0767933238637</xmin>
      <ymin>1241.5731889204558</ymin>
      <xmax>1729.2815357555044</xmax>
      <ymax>1375.0485551313918</ymax>
    </bndbox>
    <attributes>
      <attribute>
        <name>track_id</name>
        <value>157</value>
      </attribute>
      <attribute>
        <name>keyframe</name>
        <value>True</value>
      </attribute>
    </attributes>
  </object>
</annotation>
