<annotation>
  <folder>frame</folder>
  <filename>frame_000255.jpg</filename>
  <source>
    <database>Unknown</database>
    <annotation>Unknown</annotation>
    <image>Unknown</image>
  </source>
  <size>
    <width>2456</width>
    <height>2054</height>
    <depth>3</depth>
  </size>
  <segmented>0</segmented>
  <object>
    <name>vehicule</name>
    <occluded>0</occluded>
    <bndbox>
      <xmin>580.6090494791666</xmin>
      <ymin>896.4366722470238</ymin>
      <xmax>711.3828515105128</xmax>
      <ymax>1012.4855251647431</ymax>
    </bndbox>
    <attributes>
      <attribute>
        <name>track_id</name>
        <value>2</value>
      </attribute>
      <attribute>
        <name>keyframe</name>
        <value>True</value>
      </attribute>
    </attributes>
  </object>
  <object>
    <name>vehicule</name>
    <occluded>0</occluded>
    <bndbox>
      <xmin>794.7799682617188</xmin>
      <ymin>945.7675170898438</ymin>
      <xmax>938.812822549174</xmax>
      <ymax>1098.8087480199615</ymax>
    </bndbox>
    <attributes>
      <attribute>
        <name>track_id</name>
        <value>3</value>
      </attribute>
      <attribute>
        <name>keyframe</name>
        <value>True</value>
      </attribute>
    </attributes>
  </object>
  <object>
    <name>vehicule</name>
    <occluded>0</occluded>
    <bndbox>
      <xmin>1175.9000000000015</xmin>
      <ymin>731.375</ymin>
      <xmax>1328.309066772461</xmax>
      <ymax>843.8000000000011</ymax>
    </bndbox>
    <attributes>
      <attribute>
        <name>track_id</name>
        <value>19</value>
      </attribute>
      <attribute>
        <name>keyframe</name>
        <value>True</value>
      </attribute>
    </attributes>
  </object>
  <object>
    <name>vehicule</name>
    <occluded>0</occluded>
    <bndbox>
      <xmin>1622.2000000000007</xmin>
      <ymin>939.07958984375</ymin>
      <xmax>1851.2982040405273</xmax>
      <ymax>1070.0500000000006</ymax>
    </bndbox>
    <attributes>
      <attribute>
        <name>track_id</name>
        <value>20</value>
      </attribute>
      <attribute>
        <name>keyframe</name>
        <value>True</value>
      </attribute>
    </attributes>
  </object>
  <object>
    <name>vehicule</name>
    <occluded>0</occluded>
    <bndbox>
      <xmin>562.8262931368998</xmin>
      <ymin>968.1716842146109</ymin>
      <xmax>736.7537070773295</xmax>
      <ymax>1136.5775985212515</ymax>
    </bndbox>
    <attributes>
      <attribute>
        <name>track_id</name>
        <value>181</value>
      </attribute>
      <attribute>
        <name>keyframe</name>
        <value>True</value>
      </attribute>
    </attributes>
  </object>
</annotation>
