<annotation>
  <folder>frame</folder>
  <filename>frame_002268.jpg</filename>
  <source>
    <database>Unknown</database>
    <annotation>Unknown</annotation>
    <image>Unknown</image>
  </source>
  <size>
    <width>2456</width>
    <height>2054</height>
    <depth>3</depth>
  </size>
  <segmented>0</segmented>
  <object>
    <name>vehicule</name>
    <occluded>0</occluded>
    <bndbox>
      <xmin>1466.8115234375</xmin>
      <ymin>1267.0232979910713</ymin>
      <xmax>2192.89278564453</xmax>
      <ymax>1617.5430428641182</ymax>
    </bndbox>
    <attributes>
      <attribute>
        <name>track_id</name>
        <value>219</value>
      </attribute>
      <attribute>
        <name>keyframe</name>
        <value>True</value>
      </attribute>
    </attributes>
  </object>
  <object>
    <name>vehicule</name>
    <occluded>0</occluded>
    <bndbox>
      <xmin>1410.2800000000013</xmin>
      <ymin>544.0400000000002</ymin>
      <xmax>1855.6367248535157</xmax>
      <ymax>868.4806396484375</ymax>
    </bndbox>
    <attributes>
      <attribute>
        <name>track_id</name>
        <value>220</value>
      </attribute>
      <attribute>
        <name>keyframe</name>
        <value>True</value>
      </attribute>
    </attributes>
  </object>
  <object>
    <name>vehicule</name>
    <occluded>0</occluded>
    <bndbox>
      <xmin>1468.2386067708335</xmin>
      <ymin>1578.5283203125</ymin>
      <xmax>2177.4446004231772</xmax>
      <ymax>1956.8037109375</ymax>
    </bndbox>
    <attributes>
      <attribute>
        <name>track_id</name>
        <value>221</value>
      </attribute>
      <attribute>
        <name>keyframe</name>
        <value>True</value>
      </attribute>
    </attributes>
  </object>
  <object>
    <name>vehicule</name>
    <occluded>0</occluded>
    <bndbox>
      <xmin>161.76548549107144</xmin>
      <ymin>220.84285714285735</ymin>
      <xmax>540.7142857142867</xmax>
      <ymax>491.6265825544085</ymax>
    </bndbox>
    <attributes>
      <attribute>
        <name>track_id</name>
        <value>223</value>
      </attribute>
      <attribute>
        <name>keyframe</name>
        <value>True</value>
      </attribute>
    </attributes>
  </object>
  <object>
    <name>vehicule</name>
    <occluded>0</occluded>
    <bndbox>
      <xmin>1049.7239583333333</xmin>
      <ymin>126.36666666666679</ymin>
      <xmax>1291.6866984049484</xmax>
      <ymax>407.0667470296224</ymax>
    </bndbox>
    <attributes>
      <attribute>
        <name>track_id</name>
        <value>224</value>
      </attribute>
      <attribute>
        <name>keyframe</name>
        <value>True</value>
      </attribute>
    </attributes>
  </object>
  <object>
    <name>vehicule</name>
    <occluded>0</occluded>
    <bndbox>
      <xmin>314.39583333333337</xmin>
      <ymin>22.066666666666908</ymin>
      <xmax>612.5764923095703</xmax>
      <ymax>233.13864644368488</ymax>
    </bndbox>
    <attributes>
      <attribute>
        <name>track_id</name>
        <value>225</value>
      </attribute>
      <attribute>
        <name>keyframe</name>
        <value>True</value>
      </attribute>
    </attributes>
  </object>
</annotation>
