<annotation>
  <folder>frame</folder>
  <filename>frame_002062.jpg</filename>
  <source>
    <database>Unknown</database>
    <annotation>Unknown</annotation>
    <image>Unknown</image>
  </source>
  <size>
    <width>2456</width>
    <height>2054</height>
    <depth>3</depth>
  </size>
  <segmented>0</segmented>
  <object>
    <name>vehicule</name>
    <occluded>0</occluded>
    <bndbox>
      <xmin>1259.205316840278</xmin>
      <ymin>736.7328342013893</ymin>
      <xmax>1815.8178948296438</xmax>
      <ymax>1106.3866950141053</ymax>
    </bndbox>
    <attributes>
      <attribute>
        <name>track_id</name>
        <value>162</value>
      </attribute>
      <attribute>
        <name>keyframe</name>
        <value>True</value>
      </attribute>
    </attributes>
  </object>
  <object>
    <name>vehicule</name>
    <occluded>0</occluded>
    <bndbox>
      <xmin>2079.552734375</xmin>
      <ymin>1170.4140625</ymin>
      <xmax>2456.0</xmax>
      <ymax>1490.7466796875015</ymax>
    </bndbox>
    <attributes>
      <attribute>
        <name>track_id</name>
        <value>179</value>
      </attribute>
      <attribute>
        <name>keyframe</name>
        <value>True</value>
      </attribute>
    </attributes>
  </object>
  <object>
    <name>vehicule</name>
    <occluded>0</occluded>
    <bndbox>
      <xmin>1746.494140625</xmin>
      <ymin>719.2993359375002</ymin>
      <xmax>2271.2164001464844</xmax>
      <ymax>1058.9737194824218</ymax>
    </bndbox>
    <attributes>
      <attribute>
        <name>track_id</name>
        <value>180</value>
      </attribute>
      <attribute>
        <name>keyframe</name>
        <value>True</value>
      </attribute>
    </attributes>
  </object>
  <object>
    <name>vehicule</name>
    <occluded>0</occluded>
    <bndbox>
      <xmin>831.8000000000011</xmin>
      <ymin>488.60000000000036</ymin>
      <xmax>1174.0929565429688</xmax>
      <ymax>781.2332153320312</ymax>
    </bndbox>
    <attributes>
      <attribute>
        <name>track_id</name>
        <value>183</value>
      </attribute>
      <attribute>
        <name>keyframe</name>
        <value>True</value>
      </attribute>
    </attributes>
  </object>
  <object>
    <name>vehicule</name>
    <occluded>0</occluded>
    <bndbox>
      <xmin>715.784615384616</xmin>
      <ymin>768.7230769230774</ymin>
      <xmax>1212.7825739933894</xmax>
      <ymax>1141.623295710637</ymax>
    </bndbox>
    <attributes>
      <attribute>
        <name>track_id</name>
        <value>187</value>
      </attribute>
      <attribute>
        <name>keyframe</name>
        <value>True</value>
      </attribute>
    </attributes>
  </object>
  <object>
    <name>vehicule</name>
    <occluded>0</occluded>
    <bndbox>
      <xmin>1703.116333007813</xmin>
      <ymin>1064.2703857421875</ymin>
      <xmax>1962.6552093505857</xmax>
      <ymax>1367.8608093261719</ymax>
    </bndbox>
    <attributes>
      <attribute>
        <name>track_id</name>
        <value>189</value>
      </attribute>
      <attribute>
        <name>keyframe</name>
        <value>True</value>
      </attribute>
    </attributes>
  </object>
  <object>
    <name>vehicule</name>
    <occluded>0</occluded>
    <bndbox>
      <xmin>393.4307692307694</xmin>
      <ymin>431.8230769230778</ymin>
      <xmax>661.1603757418119</xmax>
      <ymax>728.1488060584435</ymax>
    </bndbox>
    <attributes>
      <attribute>
        <name>track_id</name>
        <value>190</value>
      </attribute>
      <attribute>
        <name>keyframe</name>
        <value>True</value>
      </attribute>
    </attributes>
  </object>
  <object>
    <name>vehicule</name>
    <occluded>0</occluded>
    <bndbox>
      <xmin>1199.0</xmin>
      <ymin>452.6591796875</ymin>
      <xmax>1618.5730590820312</xmax>
      <ymax>761.9139343261704</ymax>
    </bndbox>
    <attributes>
      <attribute>
        <name>track_id</name>
        <value>191</value>
      </attribute>
      <attribute>
        <name>keyframe</name>
        <value>True</value>
      </attribute>
    </attributes>
  </object>
  <object>
    <name>vehicule</name>
    <occluded>0</occluded>
    <bndbox>
      <xmin>745.05859375</xmin>
      <ymin>322.359375</ymin>
      <xmax>954.8912231445302</xmax>
      <ymax>526.7005340576161</ymax>
    </bndbox>
    <attributes>
      <attribute>
        <name>track_id</name>
        <value>194</value>
      </attribute>
      <attribute>
        <name>keyframe</name>
        <value>True</value>
      </attribute>
    </attributes>
  </object>
  <object>
    <name>vehicule</name>
    <occluded>0</occluded>
    <bndbox>
      <xmin>1198.2862877155176</xmin>
      <ymin>260.31258081896647</ymin>
      <xmax>1496.5535520356282</xmax>
      <ymax>532.9800604458508</ymax>
    </bndbox>
    <attributes>
      <attribute>
        <name>track_id</name>
        <value>195</value>
      </attribute>
      <attribute>
        <name>keyframe</name>
        <value>True</value>
      </attribute>
    </attributes>
  </object>
  <object>
    <name>vehicule</name>
    <occluded>0</occluded>
    <bndbox>
      <xmin>399.98046875</xmin>
      <ymin>220.02518028846163</ymin>
      <xmax>645.7339843750015</xmax>
      <ymax>458.95479994553756</ymax>
    </bndbox>
    <attributes>
      <attribute>
        <name>track_id</name>
        <value>196</value>
      </attribute>
      <attribute>
        <name>keyframe</name>
        <value>True</value>
      </attribute>
    </attributes>
  </object>
  <object>
    <name>vehicule</name>
    <occluded>0</occluded>
    <bndbox>
      <xmin>863.7861328125</xmin>
      <ymin>102.20000000000073</ymin>
      <xmax>1123.2969055175781</xmax>
      <ymax>336.2060546875</ymax>
    </bndbox>
    <attributes>
      <attribute>
        <name>track_id</name>
        <value>198</value>
      </attribute>
      <attribute>
        <name>keyframe</name>
        <value>True</value>
      </attribute>
    </attributes>
  </object>
  <object>
    <name>vehicule</name>
    <occluded>0</occluded>
    <bndbox>
      <xmin>1154.857893318966</xmin>
      <ymin>58.261004849138644</ymin>
      <xmax>1463.7165535762401</xmax>
      <ymax>241.77015107253504</ymax>
    </bndbox>
    <attributes>
      <attribute>
        <name>track_id</name>
        <value>199</value>
      </attribute>
      <attribute>
        <name>keyframe</name>
        <value>True</value>
      </attribute>
    </attributes>
  </object>
  <object>
    <name>vehicule</name>
    <occluded>0</occluded>
    <bndbox>
      <xmin>1272.7000000000007</xmin>
      <ymin>1366.0</ymin>
      <xmax>1921.1117553710938</xmax>
      <ymax>1686.2149658203125</ymax>
    </bndbox>
    <attributes>
      <attribute>
        <name>track_id</name>
        <value>201</value>
      </attribute>
      <attribute>
        <name>keyframe</name>
        <value>True</value>
      </attribute>
    </attributes>
  </object>
  <object>
    <name>vehicule</name>
    <occluded>0</occluded>
    <bndbox>
      <xmin>839.3050130208333</xmin>
      <ymin>1617.1748046875</ymin>
      <xmax>1696.6339925130208</xmax>
      <ymax>1954.0080261230469</ymax>
    </bndbox>
    <attributes>
      <attribute>
        <name>track_id</name>
        <value>202</value>
      </attribute>
      <attribute>
        <name>keyframe</name>
        <value>True</value>
      </attribute>
    </attributes>
  </object>
  <object>
    <name>vehicule</name>
    <occluded>0</occluded>
    <bndbox>
      <xmin>222.90727539062527</xmin>
      <ymin>1433.61962890625</ymin>
      <xmax>956.9619995117187</xmax>
      <ymax>1806.3067016601562</ymax>
    </bndbox>
    <attributes>
      <attribute>
        <name>track_id</name>
        <value>203</value>
      </attribute>
      <attribute>
        <name>keyframe</name>
        <value>True</value>
      </attribute>
    </attributes>
  </object>
</annotation>
