<annotation>
  <folder>frame</folder>
  <filename>frame_002790.jpg</filename>
  <source>
    <database>Unknown</database>
    <annotation>Unknown</annotation>
    <image>Unknown</image>
  </source>
  <size>
    <width>2456</width>
    <height>2054</height>
    <depth>3</depth>
  </size>
  <segmented>0</segmented>
  <object>
    <name>vehicule</name>
    <occluded>0</occluded>
    <bndbox>
      <xmin>267.6474609375</xmin>
      <ymin>147.20000000000073</ymin>
      <xmax>695.5671875000007</xmax>
      <ymax>416.837646484375</ymax>
    </bndbox>
    <attributes>
      <attribute>
        <name>track_id</name>
        <value>282</value>
      </attribute>
      <attribute>
        <name>keyframe</name>
        <value>True</value>
      </attribute>
    </attributes>
  </object>
  <object>
    <name>vehicule</name>
    <occluded>0</occluded>
    <bndbox>
      <xmin>336.82421875</xmin>
      <ymin>1620.5078125</ymin>
      <xmax>1146.4869018554673</xmax>
      <ymax>1979.4056701660156</ymax>
    </bndbox>
    <attributes>
      <attribute>
        <name>track_id</name>
        <value>283</value>
      </attribute>
      <attribute>
        <name>keyframe</name>
        <value>True</value>
      </attribute>
    </attributes>
  </object>
</annotation>
