<annotation>
  <folder>frame</folder>
  <filename>frame_002875.jpg</filename>
  <source>
    <database>Unknown</database>
    <annotation>Unknown</annotation>
    <image>Unknown</image>
  </source>
  <size>
    <width>2456</width>
    <height>2054</height>
    <depth>3</depth>
  </size>
  <segmented>0</segmented>
  <object>
    <name>vehicule</name>
    <occluded>0</occluded>
    <bndbox>
      <xmin>1742.7705078125</xmin>
      <ymin>985.5341796875</ymin>
      <xmax>2325.328088378905</xmax>
      <ymax>1294.7384948730469</ymax>
    </bndbox>
    <attributes>
      <attribute>
        <name>track_id</name>
        <value>291</value>
      </attribute>
      <attribute>
        <name>keyframe</name>
        <value>True</value>
      </attribute>
    </attributes>
  </object>
  <object>
    <name>vehicule</name>
    <occluded>0</occluded>
    <bndbox>
      <xmin>695.2107121394231</xmin>
      <ymin>298.11861478365387</ymin>
      <xmax>849.8128697321965</xmax>
      <ymax>490.52053856482905</ymax>
    </bndbox>
    <attributes>
      <attribute>
        <name>track_id</name>
        <value>292</value>
      </attribute>
      <attribute>
        <name>keyframe</name>
        <value>True</value>
      </attribute>
    </attributes>
  </object>
  <object>
    <name>vehicule</name>
    <occluded>0</occluded>
    <bndbox>
      <xmin>1562.6000000000004</xmin>
      <ymin>1267.1298828125</ymin>
      <xmax>2300.4810180664062</xmax>
      <ymax>1639.8315124511719</ymax>
    </bndbox>
    <attributes>
      <attribute>
        <name>track_id</name>
        <value>293</value>
      </attribute>
      <attribute>
        <name>keyframe</name>
        <value>True</value>
      </attribute>
    </attributes>
  </object>
  <object>
    <name>vehicule</name>
    <occluded>0</occluded>
    <bndbox>
      <xmin>492.2000000000007</xmin>
      <ymin>1645.35546875</ymin>
      <xmax>1284.525390625</xmax>
      <ymax>1973.8850402832031</ymax>
    </bndbox>
    <attributes>
      <attribute>
        <name>track_id</name>
        <value>294</value>
      </attribute>
      <attribute>
        <name>keyframe</name>
        <value>True</value>
      </attribute>
    </attributes>
  </object>
  <object>
    <name>vehicule</name>
    <occluded>0</occluded>
    <bndbox>
      <xmin>1209.984095982143</xmin>
      <ymin>17.706780133928987</ymin>
      <xmax>1534.9518083844866</xmax>
      <ymax>162.0427518572126</ymax>
    </bndbox>
    <attributes>
      <attribute>
        <name>track_id</name>
        <value>295</value>
      </attribute>
      <attribute>
        <name>keyframe</name>
        <value>True</value>
      </attribute>
    </attributes>
  </object>
</annotation>
