<annotation>
  <folder>frame</folder>
  <filename>frame_002368.jpg</filename>
  <source>
    <database>Unknown</database>
    <annotation>Unknown</annotation>
    <image>Unknown</image>
  </source>
  <size>
    <width>2456</width>
    <height>2054</height>
    <depth>3</depth>
  </size>
  <segmented>0</segmented>
  <object>
    <name>vehicule</name>
    <occluded>0</occluded>
    <bndbox>
      <xmin>1026.708324535473</xmin>
      <ymin>1620.1530827702702</ymin>
      <xmax>1813.2278374749253</xmax>
      <ymax>1962.4671391667546</ymax>
    </bndbox>
    <attributes>
      <attribute>
        <name>track_id</name>
        <value>232</value>
      </attribute>
      <attribute>
        <name>keyframe</name>
        <value>True</value>
      </attribute>
    </attributes>
  </object>
  <object>
    <name>vehicule</name>
    <occluded>0</occluded>
    <bndbox>
      <xmin>1758.300000000001</xmin>
      <ymin>926.9000000000015</ymin>
      <xmax>2448.4585571289062</xmax>
      <ymax>1379.7720031738281</ymax>
    </bndbox>
    <attributes>
      <attribute>
        <name>track_id</name>
        <value>234</value>
      </attribute>
      <attribute>
        <name>keyframe</name>
        <value>True</value>
      </attribute>
    </attributes>
  </object>
  <object>
    <name>vehicule</name>
    <occluded>0</occluded>
    <bndbox>
      <xmin>1211.7000000000007</xmin>
      <ymin>444.5</ymin>
      <xmax>1562.2541198730469</xmax>
      <ymax>788.9684448242188</ymax>
    </bndbox>
    <attributes>
      <attribute>
        <name>track_id</name>
        <value>235</value>
      </attribute>
      <attribute>
        <name>keyframe</name>
        <value>True</value>
      </attribute>
    </attributes>
  </object>
  <object>
    <name>vehicule</name>
    <occluded>0</occluded>
    <bndbox>
      <xmin>968.7028320312502</xmin>
      <ymin>49.108007812500546</ymin>
      <xmax>1172.9909973144531</xmax>
      <ymax>243.72076416015625</ymax>
    </bndbox>
    <attributes>
      <attribute>
        <name>track_id</name>
        <value>237</value>
      </attribute>
      <attribute>
        <name>keyframe</name>
        <value>True</value>
      </attribute>
    </attributes>
  </object>
  <object>
    <name>vehicule</name>
    <occluded>0</occluded>
    <bndbox>
      <xmin>526.9736328125</xmin>
      <ymin>0.0</ymin>
      <xmax>780.9628753662109</xmax>
      <ymax>173.3219451904297</ymax>
    </bndbox>
    <attributes>
      <attribute>
        <name>track_id</name>
        <value>238</value>
      </attribute>
      <attribute>
        <name>keyframe</name>
        <value>True</value>
      </attribute>
    </attributes>
  </object>
</annotation>
