<annotation>
  <folder>frame</folder>
  <filename>frame_002193.jpg</filename>
  <source>
    <database>Unknown</database>
    <annotation>Unknown</annotation>
    <image>Unknown</image>
  </source>
  <size>
    <width>2456</width>
    <height>2054</height>
    <depth>3</depth>
  </size>
  <segmented>0</segmented>
  <object>
    <name>vehicule</name>
    <occluded>0</occluded>
    <bndbox>
      <xmin>2002.552734375</xmin>
      <ymin>1109.7470703125</ymin>
      <xmax>2456.0</xmax>
      <ymax>1497.1564178466797</ymax>
    </bndbox>
    <attributes>
      <attribute>
        <name>track_id</name>
        <value>204</value>
      </attribute>
      <attribute>
        <name>keyframe</name>
        <value>True</value>
      </attribute>
    </attributes>
  </object>
  <object>
    <name>vehicule</name>
    <occluded>0</occluded>
    <bndbox>
      <xmin>1413.9142857142858</xmin>
      <ymin>793.6714285714287</ymin>
      <xmax>2054.525713239397</xmax>
      <ymax>1202.6894226074219</ymax>
    </bndbox>
    <attributes>
      <attribute>
        <name>track_id</name>
        <value>209</value>
      </attribute>
      <attribute>
        <name>keyframe</name>
        <value>True</value>
      </attribute>
    </attributes>
  </object>
  <object>
    <name>vehicule</name>
    <occluded>0</occluded>
    <bndbox>
      <xmin>978.2142857142862</xmin>
      <ymin>543.1554687500001</ymin>
      <xmax>1349.266104561942</xmax>
      <ymax>862.7215148925778</ymax>
    </bndbox>
    <attributes>
      <attribute>
        <name>track_id</name>
        <value>210</value>
      </attribute>
      <attribute>
        <name>keyframe</name>
        <value>True</value>
      </attribute>
    </attributes>
  </object>
  <object>
    <name>vehicule</name>
    <occluded>0</occluded>
    <bndbox>
      <xmin>1364.4666666666678</xmin>
      <ymin>1150.4921875</ymin>
      <xmax>2047.253682454427</xmax>
      <ymax>1664.1288757324219</ymax>
    </bndbox>
    <attributes>
      <attribute>
        <name>track_id</name>
        <value>211</value>
      </attribute>
      <attribute>
        <name>keyframe</name>
        <value>True</value>
      </attribute>
    </attributes>
  </object>
  <object>
    <name>vehicule</name>
    <occluded>0</occluded>
    <bndbox>
      <xmin>1062.166294642857</xmin>
      <ymin>33.171428571429196</ymin>
      <xmax>1348.514285714287</xmax>
      <ymax>356.7140001569475</ymax>
    </bndbox>
    <attributes>
      <attribute>
        <name>track_id</name>
        <value>213</value>
      </attribute>
      <attribute>
        <name>keyframe</name>
        <value>True</value>
      </attribute>
    </attributes>
  </object>
  <object>
    <name>vehicule</name>
    <occluded>0</occluded>
    <bndbox>
      <xmin>296.08984375</xmin>
      <ymin>1528.8515625</ymin>
      <xmax>916.9283142089844</xmax>
      <ymax>1904.3533203125007</ymax>
    </bndbox>
    <attributes>
      <attribute>
        <name>track_id</name>
        <value>214</value>
      </attribute>
      <attribute>
        <name>keyframe</name>
        <value>True</value>
      </attribute>
    </attributes>
  </object>
  <object>
    <name>vehicule</name>
    <occluded>0</occluded>
    <bndbox>
      <xmin>800.6836495535715</xmin>
      <ymin>1.1856863839285714</ymin>
      <xmax>1191.5241873604912</xmax>
      <ymax>208.81735927036814</ymax>
    </bndbox>
    <attributes>
      <attribute>
        <name>track_id</name>
        <value>215</value>
      </attribute>
      <attribute>
        <name>keyframe</name>
        <value>True</value>
      </attribute>
    </attributes>
  </object>
</annotation>
