<annotation>
  <folder>frame</folder>
  <filename>frame_001071.jpg</filename>
  <source>
    <database>Unknown</database>
    <annotation>Unknown</annotation>
    <image>Unknown</image>
  </source>
  <size>
    <width>2456</width>
    <height>2054</height>
    <depth>3</depth>
  </size>
  <segmented>0</segmented>
  <object>
    <name>vehicule</name>
    <occluded>0</occluded>
    <bndbox>
      <xmin>0.0</xmin>
      <ymin>886.951171875</ymin>
      <xmax>3.420013427734375</xmax>
      <ymax>1051.8936004638672</ymax>
    </bndbox>
    <attributes>
      <attribute>
        <name>track_id</name>
        <value>21</value>
      </attribute>
      <attribute>
        <name>keyframe</name>
        <value>True</value>
      </attribute>
    </attributes>
  </object>
  <object>
    <name>vehicule</name>
    <occluded>0</occluded>
    <bndbox>
      <xmin>984.1227353852371</xmin>
      <ymin>1004.1350658899066</ymin>
      <xmax>1454.3339780610183</xmax>
      <ymax>1371.438947725843</ymax>
    </bndbox>
    <attributes>
      <attribute>
        <name>track_id</name>
        <value>46</value>
      </attribute>
      <attribute>
        <name>keyframe</name>
        <value>True</value>
      </attribute>
    </attributes>
  </object>
  <object>
    <name>vehicule</name>
    <occluded>0</occluded>
    <bndbox>
      <xmin>515.6446182426365</xmin>
      <ymin>1079.0703602056394</ymin>
      <xmax>1037.0957721611865</xmax>
      <ymax>1411.7752200577393</ymax>
    </bndbox>
    <attributes>
      <attribute>
        <name>track_id</name>
        <value>48</value>
      </attribute>
      <attribute>
        <name>keyframe</name>
        <value>True</value>
      </attribute>
    </attributes>
  </object>
  <object>
    <name>vehicule</name>
    <occluded>0</occluded>
    <bndbox>
      <xmin>175.449683147928</xmin>
      <ymin>899.9812340777854</ymin>
      <xmax>565.6148442807405</xmax>
      <ymax>1170.9207736970664</ymax>
    </bndbox>
    <attributes>
      <attribute>
        <name>track_id</name>
        <value>50</value>
      </attribute>
      <attribute>
        <name>keyframe</name>
        <value>True</value>
      </attribute>
    </attributes>
  </object>
  <object>
    <name>vehicule</name>
    <occluded>0</occluded>
    <bndbox>
      <xmin>1076.1808585728952</xmin>
      <ymin>952.7039611941735</ymin>
      <xmax>1575.7252250279719</xmax>
      <ymax>1181.2749969607746</ymax>
    </bndbox>
    <attributes>
      <attribute>
        <name>track_id</name>
        <value>56</value>
      </attribute>
      <attribute>
        <name>keyframe</name>
        <value>True</value>
      </attribute>
    </attributes>
  </object>
  <object>
    <name>vehicule</name>
    <occluded>0</occluded>
    <bndbox>
      <xmin>600.6511489299785</xmin>
      <ymin>812.0395353912966</ymin>
      <xmax>1014.5429782113235</xmax>
      <ymax>1057.5961216471715</ymax>
    </bndbox>
    <attributes>
      <attribute>
        <name>track_id</name>
        <value>57</value>
      </attribute>
      <attribute>
        <name>keyframe</name>
        <value>True</value>
      </attribute>
    </attributes>
  </object>
  <object>
    <name>vehicule</name>
    <occluded>0</occluded>
    <bndbox>
      <xmin>89.86688033197329</xmin>
      <ymin>784.8544997218105</ymin>
      <xmax>510.566880331974</xmax>
      <ymax>973.3613238534697</ymax>
    </bndbox>
    <attributes>
      <attribute>
        <name>track_id</name>
        <value>59</value>
      </attribute>
      <attribute>
        <name>keyframe</name>
        <value>True</value>
      </attribute>
    </attributes>
  </object>
  <object>
    <name>vehicule</name>
    <occluded>0</occluded>
    <bndbox>
      <xmin>333.51529947916674</xmin>
      <ymin>530.9279513888889</ymin>
      <xmax>717.7795939127598</xmax>
      <ymax>729.7413669162327</ymax>
    </bndbox>
    <attributes>
      <attribute>
        <name>track_id</name>
        <value>78</value>
      </attribute>
      <attribute>
        <name>keyframe</name>
        <value>True</value>
      </attribute>
    </attributes>
  </object>
  <object>
    <name>vehicule</name>
    <occluded>0</occluded>
    <bndbox>
      <xmin>468.1777777777784</xmin>
      <ymin>1298.7846571180562</ymin>
      <xmax>965.1420661078558</xmax>
      <ymax>1658.4593404134114</ymax>
    </bndbox>
    <attributes>
      <attribute>
        <name>track_id</name>
        <value>79</value>
      </attribute>
      <attribute>
        <name>keyframe</name>
        <value>True</value>
      </attribute>
    </attributes>
  </object>
</annotation>
