<annotation>
  <folder>frame</folder>
  <filename>frame_002064.jpg</filename>
  <source>
    <database>Unknown</database>
    <annotation>Unknown</annotation>
    <image>Unknown</image>
  </source>
  <size>
    <width>2456</width>
    <height>2054</height>
    <depth>3</depth>
  </size>
  <segmented>0</segmented>
  <object>
    <name>vehicule</name>
    <occluded>0</occluded>
    <bndbox>
      <xmin>1290.8042534722226</xmin>
      <ymin>751.1462673611118</ymin>
      <xmax>1863.057477484809</xmax>
      <ymax>1126.938884819878</ymax>
    </bndbox>
    <attributes>
      <attribute>
        <name>track_id</name>
        <value>162</value>
      </attribute>
      <attribute>
        <name>keyframe</name>
        <value>True</value>
      </attribute>
    </attributes>
  </object>
  <object>
    <name>vehicule</name>
    <occluded>0</occluded>
    <bndbox>
      <xmin>2079.552734375</xmin>
      <ymin>1170.4140625</ymin>
      <xmax>2456.0</xmax>
      <ymax>1490.7466796875015</ymax>
    </bndbox>
    <attributes>
      <attribute>
        <name>track_id</name>
        <value>179</value>
      </attribute>
      <attribute>
        <name>keyframe</name>
        <value>True</value>
      </attribute>
    </attributes>
  </object>
  <object>
    <name>vehicule</name>
    <occluded>0</occluded>
    <bndbox>
      <xmin>1820.482421875</xmin>
      <ymin>744.6980078125001</ymin>
      <xmax>2345.2046813964844</xmax>
      <ymax>1084.3723913574217</ymax>
    </bndbox>
    <attributes>
      <attribute>
        <name>track_id</name>
        <value>180</value>
      </attribute>
      <attribute>
        <name>keyframe</name>
        <value>True</value>
      </attribute>
    </attributes>
  </object>
  <object>
    <name>vehicule</name>
    <occluded>0</occluded>
    <bndbox>
      <xmin>846.7000000000011</xmin>
      <ymin>502.4000000000004</ymin>
      <xmax>1205.565771484375</xmax>
      <ymax>803.8712219238281</ymax>
    </bndbox>
    <attributes>
      <attribute>
        <name>track_id</name>
        <value>183</value>
      </attribute>
      <attribute>
        <name>keyframe</name>
        <value>True</value>
      </attribute>
    </attributes>
  </object>
  <object>
    <name>vehicule</name>
    <occluded>0</occluded>
    <bndbox>
      <xmin>748.9076923076931</xmin>
      <ymin>786.1384615384621</ymin>
      <xmax>1256.9545381986177</xmax>
      <ymax>1162.8600135216345</ymax>
    </bndbox>
    <attributes>
      <attribute>
        <name>track_id</name>
        <value>187</value>
      </attribute>
      <attribute>
        <name>keyframe</name>
        <value>True</value>
      </attribute>
    </attributes>
  </object>
  <object>
    <name>vehicule</name>
    <occluded>0</occluded>
    <bndbox>
      <xmin>1779.7272216796878</xmin>
      <ymin>1089.1173095703125</ymin>
      <xmax>2039.2660980224605</xmax>
      <ymax>1392.7077331542969</ymax>
    </bndbox>
    <attributes>
      <attribute>
        <name>track_id</name>
        <value>189</value>
      </attribute>
      <attribute>
        <name>keyframe</name>
        <value>True</value>
      </attribute>
    </attributes>
  </object>
  <object>
    <name>vehicule</name>
    <occluded>0</occluded>
    <bndbox>
      <xmin>399.38461538461564</xmin>
      <ymin>449.23846153846256</ymin>
      <xmax>678.1497086745042</xmax>
      <ymax>755.3315265362079</ymax>
    </bndbox>
    <attributes>
      <attribute>
        <name>track_id</name>
        <value>190</value>
      </attribute>
      <attribute>
        <name>keyframe</name>
        <value>True</value>
      </attribute>
    </attributes>
  </object>
  <object>
    <name>vehicule</name>
    <occluded>0</occluded>
    <bndbox>
      <xmin>1266.92</xmin>
      <ymin>480.2673437500001</ymin>
      <xmax>1699.7392700195312</xmax>
      <ymax>792.8344433593738</ymax>
    </bndbox>
    <attributes>
      <attribute>
        <name>track_id</name>
        <value>191</value>
      </attribute>
      <attribute>
        <name>keyframe</name>
        <value>True</value>
      </attribute>
    </attributes>
  </object>
  <object>
    <name>vehicule</name>
    <occluded>0</occluded>
    <bndbox>
      <xmin>745.0668750000001</xmin>
      <ymin>328.9875</ymin>
      <xmax>971.4556756591788</xmax>
      <ymax>543.2649896240225</ymax>
    </bndbox>
    <attributes>
      <attribute>
        <name>track_id</name>
        <value>194</value>
      </attribute>
      <attribute>
        <name>keyframe</name>
        <value>True</value>
      </attribute>
    </attributes>
  </object>
  <object>
    <name>vehicule</name>
    <occluded>0</occluded>
    <bndbox>
      <xmin>1200.949030172414</xmin>
      <ymin>273.8300646551735</ymin>
      <xmax>1504.1693247827993</xmax>
      <ymax>550.4966277023838</ymax>
    </bndbox>
    <attributes>
      <attribute>
        <name>track_id</name>
        <value>195</value>
      </attribute>
      <attribute>
        <name>keyframe</name>
        <value>True</value>
      </attribute>
    </attributes>
  </object>
  <object>
    <name>vehicule</name>
    <occluded>0</occluded>
    <bndbox>
      <xmin>405.501953125</xmin>
      <ymin>232.34014423076937</ymin>
      <xmax>651.2554687500015</xmax>
      <ymax>476.3687136136566</ymax>
    </bndbox>
    <attributes>
      <attribute>
        <name>track_id</name>
        <value>196</value>
      </attribute>
      <attribute>
        <name>keyframe</name>
        <value>True</value>
      </attribute>
    </attributes>
  </object>
  <object>
    <name>vehicule</name>
    <occluded>0</occluded>
    <bndbox>
      <xmin>866.3168131510416</xmin>
      <ymin>113.70319010416733</ymin>
      <xmax>1125.8275858561199</xmax>
      <ymax>347.7092447916666</ymax>
    </bndbox>
    <attributes>
      <attribute>
        <name>track_id</name>
        <value>198</value>
      </attribute>
      <attribute>
        <name>keyframe</name>
        <value>True</value>
      </attribute>
    </attributes>
  </object>
  <object>
    <name>vehicule</name>
    <occluded>0</occluded>
    <bndbox>
      <xmin>1147.4324084051727</xmin>
      <ymin>62.06880387931113</ymin>
      <xmax>1453.0532428609924</xmax>
      <ymax>250.71876368029365</ymax>
    </bndbox>
    <attributes>
      <attribute>
        <name>track_id</name>
        <value>199</value>
      </attribute>
      <attribute>
        <name>keyframe</name>
        <value>True</value>
      </attribute>
    </attributes>
  </object>
  <object>
    <name>vehicule</name>
    <occluded>0</occluded>
    <bndbox>
      <xmin>1375.4000781250004</xmin>
      <ymin>1368.20859375</ymin>
      <xmax>2023.8118334960934</xmax>
      <ymax>1688.4235595703126</ymax>
    </bndbox>
    <attributes>
      <attribute>
        <name>track_id</name>
        <value>201</value>
      </attribute>
      <attribute>
        <name>keyframe</name>
        <value>True</value>
      </attribute>
    </attributes>
  </object>
  <object>
    <name>vehicule</name>
    <occluded>0</occluded>
    <bndbox>
      <xmin>975.5020616319445</xmin>
      <ymin>1615.3343098958333</ymin>
      <xmax>1831.611330837674</xmax>
      <ymax>1952.1675313313801</ymax>
    </bndbox>
    <attributes>
      <attribute>
        <name>track_id</name>
        <value>202</value>
      </attribute>
      <attribute>
        <name>keyframe</name>
        <value>True</value>
      </attribute>
    </attributes>
  </object>
  <object>
    <name>vehicule</name>
    <occluded>0</occluded>
    <bndbox>
      <xmin>348.5218261718751</xmin>
      <ymin>1430.85888671875</ymin>
      <xmax>1082.5765502929685</xmax>
      <ymax>1803.5459594726562</ymax>
    </bndbox>
    <attributes>
      <attribute>
        <name>track_id</name>
        <value>203</value>
      </attribute>
      <attribute>
        <name>keyframe</name>
        <value>True</value>
      </attribute>
    </attributes>
  </object>
</annotation>
