<annotation>
  <folder>frame</folder>
  <filename>frame_000386.jpg</filename>
  <source>
    <database>Unknown</database>
    <annotation>Unknown</annotation>
    <image>Unknown</image>
  </source>
  <size>
    <width>2456</width>
    <height>2054</height>
    <depth>3</depth>
  </size>
  <segmented>0</segmented>
  <object>
    <name>vehicule</name>
    <occluded>0</occluded>
    <bndbox>
      <xmin>1002.1492968750005</xmin>
      <ymin>901.3400000000001</ymin>
      <xmax>1475.4550671386714</xmax>
      <ymax>1215.592266845703</ymax>
    </bndbox>
    <attributes>
      <attribute>
        <name>track_id</name>
        <value>8</value>
      </attribute>
      <attribute>
        <name>keyframe</name>
        <value>True</value>
      </attribute>
    </attributes>
  </object>
  <object>
    <name>vehicule</name>
    <occluded>0</occluded>
    <bndbox>
      <xmin>0.0</xmin>
      <ymin>886.951171875</ymin>
      <xmax>3.420013427734375</xmax>
      <ymax>1051.8936004638672</ymax>
    </bndbox>
    <attributes>
      <attribute>
        <name>track_id</name>
        <value>21</value>
      </attribute>
      <attribute>
        <name>keyframe</name>
        <value>True</value>
      </attribute>
    </attributes>
  </object>
  <object>
    <name>vehicule</name>
    <occluded>0</occluded>
    <bndbox>
      <xmin>1859.5</xmin>
      <ymin>1717.9033203125</ymin>
      <xmax>2456.0</xmax>
      <ymax>2054.0</ymax>
    </bndbox>
    <attributes>
      <attribute>
        <name>track_id</name>
        <value>26</value>
      </attribute>
      <attribute>
        <name>keyframe</name>
        <value>True</value>
      </attribute>
    </attributes>
  </object>
  <object>
    <name>vehicule</name>
    <occluded>0</occluded>
    <bndbox>
      <xmin>263.53333333333404</xmin>
      <ymin>625.566666666667</ymin>
      <xmax>774.1544596354166</xmax>
      <ymax>979.3248697916666</ymax>
    </bndbox>
    <attributes>
      <attribute>
        <name>track_id</name>
        <value>28</value>
      </attribute>
      <attribute>
        <name>keyframe</name>
        <value>True</value>
      </attribute>
    </attributes>
  </object>
  <object>
    <name>vehicule</name>
    <occluded>0</occluded>
    <bndbox>
      <xmin>797.0000000000013</xmin>
      <ymin>1327.8333333333346</ymin>
      <xmax>1323.9972432454426</xmax>
      <ymax>1678.4661865234375</ymax>
    </bndbox>
    <attributes>
      <attribute>
        <name>track_id</name>
        <value>29</value>
      </attribute>
      <attribute>
        <name>keyframe</name>
        <value>True</value>
      </attribute>
    </attributes>
  </object>
  <object>
    <name>vehicule</name>
    <occluded>0</occluded>
    <bndbox>
      <xmin>1018.3200000000008</xmin>
      <ymin>644.8123437500002</ymin>
      <xmax>1374.2271240234377</xmax>
      <ymax>840.8922546386718</ymax>
    </bndbox>
    <attributes>
      <attribute>
        <name>track_id</name>
        <value>30</value>
      </attribute>
      <attribute>
        <name>keyframe</name>
        <value>True</value>
      </attribute>
    </attributes>
  </object>
  <object>
    <name>vehicule</name>
    <occluded>0</occluded>
    <bndbox>
      <xmin>617.2164062500008</xmin>
      <ymin>1395.6364182692307</ymin>
      <xmax>791.7439234806941</xmax>
      <ymax>1653.0127493051382</ymax>
    </bndbox>
    <attributes>
      <attribute>
        <name>track_id</name>
        <value>31</value>
      </attribute>
      <attribute>
        <name>keyframe</name>
        <value>True</value>
      </attribute>
    </attributes>
  </object>
  <object>
    <name>vehicule</name>
    <occluded>0</occluded>
    <bndbox>
      <xmin>128.63333333333443</xmin>
      <ymin>933.9787326388889</ymin>
      <xmax>490.6410183376736</xmax>
      <ymax>1195.3969150119358</ymax>
    </bndbox>
    <attributes>
      <attribute>
        <name>track_id</name>
        <value>32</value>
      </attribute>
      <attribute>
        <name>keyframe</name>
        <value>True</value>
      </attribute>
    </attributes>
  </object>
</annotation>
