<annotation>
  <folder>frame</folder>
  <filename>frame_002203.jpg</filename>
  <source>
    <database>Unknown</database>
    <annotation>Unknown</annotation>
    <image>Unknown</image>
  </source>
  <size>
    <width>2456</width>
    <height>2054</height>
    <depth>3</depth>
  </size>
  <segmented>0</segmented>
  <object>
    <name>vehicule</name>
    <occluded>0</occluded>
    <bndbox>
      <xmin>1882.4333333333343</xmin>
      <ymin>936.1737630208336</ymin>
      <xmax>2454.0457153320312</xmax>
      <ymax>1302.4697265625</ymax>
    </bndbox>
    <attributes>
      <attribute>
        <name>track_id</name>
        <value>209</value>
      </attribute>
      <attribute>
        <name>keyframe</name>
        <value>True</value>
      </attribute>
    </attributes>
  </object>
  <object>
    <name>vehicule</name>
    <occluded>0</occluded>
    <bndbox>
      <xmin>1208.2750000000005</xmin>
      <ymin>707.550537109375</ymin>
      <xmax>1681.6401138305664</xmax>
      <ymax>1070.5667739868163</ymax>
    </bndbox>
    <attributes>
      <attribute>
        <name>track_id</name>
        <value>210</value>
      </attribute>
      <attribute>
        <name>keyframe</name>
        <value>True</value>
      </attribute>
    </attributes>
  </object>
  <object>
    <name>vehicule</name>
    <occluded>0</occluded>
    <bndbox>
      <xmin>1074.10546875</xmin>
      <ymin>117.73636363636467</ymin>
      <xmax>1317.818181818183</xmax>
      <ymax>498.086484042081</ymax>
    </bndbox>
    <attributes>
      <attribute>
        <name>track_id</name>
        <value>213</value>
      </attribute>
      <attribute>
        <name>keyframe</name>
        <value>True</value>
      </attribute>
    </attributes>
  </object>
  <object>
    <name>vehicule</name>
    <occluded>0</occluded>
    <bndbox>
      <xmin>726.9977213541666</xmin>
      <ymin>1501.2434895833333</ymin>
      <xmax>1347.8361918131511</xmax>
      <ymax>1876.745247395834</ymax>
    </bndbox>
    <attributes>
      <attribute>
        <name>track_id</name>
        <value>214</value>
      </attribute>
      <attribute>
        <name>keyframe</name>
        <value>True</value>
      </attribute>
    </attributes>
  </object>
  <object>
    <name>vehicule</name>
    <occluded>0</occluded>
    <bndbox>
      <xmin>706.0306082589289</xmin>
      <ymin>7.114118303571428</ymin>
      <xmax>1021.9206978934152</xmax>
      <ymax>358.68677891322454</ymax>
    </bndbox>
    <attributes>
      <attribute>
        <name>track_id</name>
        <value>215</value>
      </attribute>
      <attribute>
        <name>keyframe</name>
        <value>True</value>
      </attribute>
    </attributes>
  </object>
</annotation>
