<annotation>
  <folder>frame</folder>
  <filename>frame_002909.jpg</filename>
  <source>
    <database>Unknown</database>
    <annotation>Unknown</annotation>
    <image>Unknown</image>
  </source>
  <size>
    <width>2456</width>
    <height>2054</height>
    <depth>3</depth>
  </size>
  <segmented>0</segmented>
  <object>
    <name>vehicule</name>
    <occluded>0</occluded>
    <bndbox>
      <xmin>607.0643703654661</xmin>
      <ymin>630.581286414195</ymin>
      <xmax>778.2059719279661</xmax>
      <ymax>891.8294356523925</ymax>
    </bndbox>
    <attributes>
      <attribute>
        <name>track_id</name>
        <value>292</value>
      </attribute>
      <attribute>
        <name>keyframe</name>
        <value>True</value>
      </attribute>
    </attributes>
  </object>
  <object>
    <name>vehicule</name>
    <occluded>0</occluded>
    <bndbox>
      <xmin>1355.2166666666676</xmin>
      <ymin>578.7000000000007</ymin>
      <xmax>1802.3786824544272</xmax>
      <ymax>941.3650360107422</ymax>
    </bndbox>
    <attributes>
      <attribute>
        <name>track_id</name>
        <value>295</value>
      </attribute>
      <attribute>
        <name>keyframe</name>
        <value>True</value>
      </attribute>
    </attributes>
  </object>
  <object>
    <name>vehicule</name>
    <occluded>0</occluded>
    <bndbox>
      <xmin>1025.5445963541677</xmin>
      <ymin>340.6833333333343</ymin>
      <xmax>1334.8364959716798</xmax>
      <ymax>679.092903137207</ymax>
    </bndbox>
    <attributes>
      <attribute>
        <name>track_id</name>
        <value>296</value>
      </attribute>
      <attribute>
        <name>keyframe</name>
        <value>True</value>
      </attribute>
    </attributes>
  </object>
  <object>
    <name>vehicule</name>
    <occluded>0</occluded>
    <bndbox>
      <xmin>239.97315340909103</xmin>
      <ymin>1018.0697798295455</ymin>
      <xmax>928.9902798739345</xmax>
      <ymax>1338.3086287064975</ymax>
    </bndbox>
    <attributes>
      <attribute>
        <name>track_id</name>
        <value>297</value>
      </attribute>
      <attribute>
        <name>keyframe</name>
        <value>True</value>
      </attribute>
    </attributes>
  </object>
  <object>
    <name>vehicule</name>
    <occluded>0</occluded>
    <bndbox>
      <xmin>871.6517361111114</xmin>
      <ymin>1249.4633246527778</ymin>
      <xmax>1597.4103908962666</xmax>
      <ymax>1630.4471808539497</ymax>
    </bndbox>
    <attributes>
      <attribute>
        <name>track_id</name>
        <value>299</value>
      </attribute>
      <attribute>
        <name>keyframe</name>
        <value>True</value>
      </attribute>
    </attributes>
  </object>
  <object>
    <name>vehicule</name>
    <occluded>0</occluded>
    <bndbox>
      <xmin>887.1255208333334</xmin>
      <ymin>1599.3347656250012</ymin>
      <xmax>1696.2454305013018</xmax>
      <ymax>1974.4369066026475</ymax>
    </bndbox>
    <attributes>
      <attribute>
        <name>track_id</name>
        <value>300</value>
      </attribute>
      <attribute>
        <name>keyframe</name>
        <value>True</value>
      </attribute>
    </attributes>
  </object>
  <object>
    <name>vehicule</name>
    <occluded>0</occluded>
    <bndbox>
      <xmin>1151.1502130681818</xmin>
      <ymin>7.236363636363835</ymin>
      <xmax>1441.4762334650216</xmax>
      <ymax>202.997202092951</ymax>
    </bndbox>
    <attributes>
      <attribute>
        <name>track_id</name>
        <value>301</value>
      </attribute>
      <attribute>
        <name>keyframe</name>
        <value>True</value>
      </attribute>
    </attributes>
  </object>
  <object>
    <name>vehicule</name>
    <occluded>0</occluded>
    <bndbox>
      <xmin>36.62460937500024</xmin>
      <ymin>1521.23828125</ymin>
      <xmax>634.036875406901</xmax>
      <ymax>1896.6941019694011</ymax>
    </bndbox>
    <attributes>
      <attribute>
        <name>track_id</name>
        <value>302</value>
      </attribute>
      <attribute>
        <name>keyframe</name>
        <value>True</value>
      </attribute>
    </attributes>
  </object>
</annotation>
