<annotation>
  <folder>frame</folder>
  <filename>frame_001348.jpg</filename>
  <source>
    <database>Unknown</database>
    <annotation>Unknown</annotation>
    <image>Unknown</image>
  </source>
  <size>
    <width>2456</width>
    <height>2054</height>
    <depth>3</depth>
  </size>
  <segmented>0</segmented>
  <object>
    <name>vehicule</name>
    <occluded>0</occluded>
    <bndbox>
      <xmin>0.0</xmin>
      <ymin>886.951171875</ymin>
      <xmax>3.420013427734375</xmax>
      <ymax>1051.8936004638672</ymax>
    </bndbox>
    <attributes>
      <attribute>
        <name>track_id</name>
        <value>21</value>
      </attribute>
      <attribute>
        <name>keyframe</name>
        <value>True</value>
      </attribute>
    </attributes>
  </object>
  <object>
    <name>vehicule</name>
    <occluded>0</occluded>
    <bndbox>
      <xmin>979.921142578125</xmin>
      <ymin>1001.1390625</ymin>
      <xmax>1450.1323852539062</xmax>
      <ymax>1368.4429443359363</ymax>
    </bndbox>
    <attributes>
      <attribute>
        <name>track_id</name>
        <value>46</value>
      </attribute>
      <attribute>
        <name>keyframe</name>
        <value>True</value>
      </attribute>
    </attributes>
  </object>
  <object>
    <name>vehicule</name>
    <occluded>0</occluded>
    <bndbox>
      <xmin>511.96142578125</xmin>
      <ymin>1062.5212890625</ymin>
      <xmax>1036.7258073972735</xmax>
      <ymax>1387.4973896708025</ymax>
    </bndbox>
    <attributes>
      <attribute>
        <name>track_id</name>
        <value>48</value>
      </attribute>
      <attribute>
        <name>keyframe</name>
        <value>True</value>
      </attribute>
    </attributes>
  </object>
  <object>
    <name>vehicule</name>
    <occluded>0</occluded>
    <bndbox>
      <xmin>144.978369140625</xmin>
      <ymin>902.836865234375</ymin>
      <xmax>559.100045166016</xmax>
      <ymax>1158.8733327786003</ymax>
    </bndbox>
    <attributes>
      <attribute>
        <name>track_id</name>
        <value>50</value>
      </attribute>
      <attribute>
        <name>keyframe</name>
        <value>True</value>
      </attribute>
    </attributes>
  </object>
  <object>
    <name>vehicule</name>
    <occluded>0</occluded>
    <bndbox>
      <xmin>1114.8474152800325</xmin>
      <ymin>966.9205560064935</ymin>
      <xmax>1614.3917817351091</xmax>
      <ymax>1195.4915917730948</ymax>
    </bndbox>
    <attributes>
      <attribute>
        <name>track_id</name>
        <value>56</value>
      </attribute>
      <attribute>
        <name>keyframe</name>
        <value>True</value>
      </attribute>
    </attributes>
  </object>
  <object>
    <name>vehicule</name>
    <occluded>0</occluded>
    <bndbox>
      <xmin>619.1240234375</xmin>
      <ymin>823.1484375</ymin>
      <xmax>1034.7688786405681</xmax>
      <ymax>1083.363877450088</ymax>
    </bndbox>
    <attributes>
      <attribute>
        <name>track_id</name>
        <value>57</value>
      </attribute>
      <attribute>
        <name>keyframe</name>
        <value>True</value>
      </attribute>
    </attributes>
  </object>
  <object>
    <name>vehicule</name>
    <occluded>0</occluded>
    <bndbox>
      <xmin>76.00493884477459</xmin>
      <ymin>777.0770763960041</ymin>
      <xmax>496.7049388447753</xmax>
      <ymax>991.3394370789762</ymax>
    </bndbox>
    <attributes>
      <attribute>
        <name>track_id</name>
        <value>59</value>
      </attribute>
      <attribute>
        <name>keyframe</name>
        <value>True</value>
      </attribute>
    </attributes>
  </object>
  <object>
    <name>vehicule</name>
    <occluded>0</occluded>
    <bndbox>
      <xmin>1477.6000000000004</xmin>
      <ymin>1661.0</ymin>
      <xmax>2119.8746337890625</xmax>
      <ymax>2047.3740234375</ymax>
    </bndbox>
    <attributes>
      <attribute>
        <name>track_id</name>
        <value>108</value>
      </attribute>
      <attribute>
        <name>keyframe</name>
        <value>True</value>
      </attribute>
    </attributes>
  </object>
</annotation>
