<annotation>
  <folder>frame</folder>
  <filename>frame_002318.jpg</filename>
  <source>
    <database>Unknown</database>
    <annotation>Unknown</annotation>
    <image>Unknown</image>
  </source>
  <size>
    <width>2456</width>
    <height>2054</height>
    <depth>3</depth>
  </size>
  <segmented>0</segmented>
  <object>
    <name>vehicule</name>
    <occluded>0</occluded>
    <bndbox>
      <xmin>2104.7001953125</xmin>
      <ymin>820.70361328125</ymin>
      <xmax>2456.0</xmax>
      <ymax>1150.638577270508</ymax>
    </bndbox>
    <attributes>
      <attribute>
        <name>track_id</name>
        <value>227</value>
      </attribute>
      <attribute>
        <name>keyframe</name>
        <value>True</value>
      </attribute>
    </attributes>
  </object>
  <object>
    <name>vehicule</name>
    <occluded>0</occluded>
    <bndbox>
      <xmin>1664.7250000000008</xmin>
      <ymin>1534.400097656251</ymin>
      <xmax>2354.592086791992</xmax>
      <ymax>1920.9243225097653</ymax>
    </bndbox>
    <attributes>
      <attribute>
        <name>track_id</name>
        <value>228</value>
      </attribute>
      <attribute>
        <name>keyframe</name>
        <value>True</value>
      </attribute>
    </attributes>
  </object>
  <object>
    <name>vehicule</name>
    <occluded>0</occluded>
    <bndbox>
      <xmin>1156.4500000000007</xmin>
      <ymin>338.19033203125036</ymin>
      <xmax>1491.85791015625</xmax>
      <ymax>639.8890411376951</ymax>
    </bndbox>
    <attributes>
      <attribute>
        <name>track_id</name>
        <value>230</value>
      </attribute>
      <attribute>
        <name>keyframe</name>
        <value>True</value>
      </attribute>
    </attributes>
  </object>
  <object>
    <name>vehicule</name>
    <occluded>0</occluded>
    <bndbox>
      <xmin>531.2412109375</xmin>
      <ymin>106.2000000000009</ymin>
      <xmax>757.8744750976574</xmax>
      <ymax>356.28465825861156</ymax>
    </bndbox>
    <attributes>
      <attribute>
        <name>track_id</name>
        <value>231</value>
      </attribute>
      <attribute>
        <name>keyframe</name>
        <value>True</value>
      </attribute>
    </attributes>
  </object>
  <object>
    <name>vehicule</name>
    <occluded>0</occluded>
    <bndbox>
      <xmin>165.18385416666732</xmin>
      <ymin>1681.9560546875</ymin>
      <xmax>951.7033671061197</xmax>
      <ymax>1987.2507484436048</ymax>
    </bndbox>
    <attributes>
      <attribute>
        <name>track_id</name>
        <value>232</value>
      </attribute>
      <attribute>
        <name>keyframe</name>
        <value>True</value>
      </attribute>
    </attributes>
  </object>
  <object>
    <name>vehicule</name>
    <occluded>0</occluded>
    <bndbox>
      <xmin>1000.4602539062507</xmin>
      <ymin>16.550000000000182</ymin>
      <xmax>1206.1199035644531</xmax>
      <ymax>232.67849731445312</ymax>
    </bndbox>
    <attributes>
      <attribute>
        <name>track_id</name>
        <value>233</value>
      </attribute>
      <attribute>
        <name>keyframe</name>
        <value>True</value>
      </attribute>
    </attributes>
  </object>
</annotation>
