<annotation>
  <folder>frame</folder>
  <filename>frame_003018.jpg</filename>
  <source>
    <database>Unknown</database>
    <annotation>Unknown</annotation>
    <image>Unknown</image>
  </source>
  <size>
    <width>2456</width>
    <height>2054</height>
    <depth>3</depth>
  </size>
  <segmented>0</segmented>
  <object>
    <name>vehicule</name>
    <occluded>0</occluded>
    <bndbox>
      <xmin>615.318359375</xmin>
      <ymin>663.6000000000004</ymin>
      <xmax>786.4599609375</xmax>
      <ymax>933.1001892089844</ymax>
    </bndbox>
    <attributes>
      <attribute>
        <name>track_id</name>
        <value>292</value>
      </attribute>
      <attribute>
        <name>keyframe</name>
        <value>True</value>
      </attribute>
    </attributes>
  </object>
  <object>
    <name>vehicule</name>
    <occluded>0</occluded>
    <bndbox>
      <xmin>1605.3486328125</xmin>
      <ymin>672.0185546875</ymin>
      <xmax>2072.380474853515</xmax>
      <ymax>1039.6471679687493</ymax>
    </bndbox>
    <attributes>
      <attribute>
        <name>track_id</name>
        <value>295</value>
      </attribute>
      <attribute>
        <name>keyframe</name>
        <value>True</value>
      </attribute>
    </attributes>
  </object>
  <object>
    <name>vehicule</name>
    <occluded>0</occluded>
    <bndbox>
      <xmin>1217.1000000000004</xmin>
      <ymin>636.083984375</ymin>
      <xmax>1608.7023315429688</xmax>
      <ymax>982.7791625976552</ymax>
    </bndbox>
    <attributes>
      <attribute>
        <name>track_id</name>
        <value>296</value>
      </attribute>
      <attribute>
        <name>keyframe</name>
        <value>True</value>
      </attribute>
    </attributes>
  </object>
  <object>
    <name>vehicule</name>
    <occluded>0</occluded>
    <bndbox>
      <xmin>968.6396484375</xmin>
      <ymin>616.216796875</ymin>
      <xmax>1253.5230468750015</xmax>
      <ymax>1001.1060058593739</ymax>
    </bndbox>
    <attributes>
      <attribute>
        <name>track_id</name>
        <value>301</value>
      </attribute>
      <attribute>
        <name>keyframe</name>
        <value>True</value>
      </attribute>
    </attributes>
  </object>
  <object>
    <name>vehicule</name>
    <occluded>0</occluded>
    <bndbox>
      <xmin>1316.46484375</xmin>
      <ymin>414.1318359375</ymin>
      <xmax>1697.4949157714836</xmax>
      <ymax>722.8000000000011</ymax>
    </bndbox>
    <attributes>
      <attribute>
        <name>track_id</name>
        <value>307</value>
      </attribute>
      <attribute>
        <name>keyframe</name>
        <value>True</value>
      </attribute>
    </attributes>
  </object>
  <object>
    <name>vehicule</name>
    <occluded>0</occluded>
    <bndbox>
      <xmin>759.9000000000015</xmin>
      <ymin>365.0</ymin>
      <xmax>1038.2110748291016</xmax>
      <ymax>676.4433898925781</ymax>
    </bndbox>
    <attributes>
      <attribute>
        <name>track_id</name>
        <value>308</value>
      </attribute>
      <attribute>
        <name>keyframe</name>
        <value>True</value>
      </attribute>
    </attributes>
  </object>
  <object>
    <name>vehicule</name>
    <occluded>0</occluded>
    <bndbox>
      <xmin>1034.8974609375</xmin>
      <ymin>337.9521484375</ymin>
      <xmax>1296.5865234375015</xmax>
      <ymax>590.3057586669911</ymax>
    </bndbox>
    <attributes>
      <attribute>
        <name>track_id</name>
        <value>310</value>
      </attribute>
      <attribute>
        <name>keyframe</name>
        <value>True</value>
      </attribute>
    </attributes>
  </object>
  <object>
    <name>vehicule</name>
    <occluded>0</occluded>
    <bndbox>
      <xmin>469.55523003472223</xmin>
      <ymin>290.3774522569446</ymin>
      <xmax>719.7905409071183</xmax>
      <ymax>599.1388278537319</ymax>
    </bndbox>
    <attributes>
      <attribute>
        <name>track_id</name>
        <value>315</value>
      </attribute>
      <attribute>
        <name>keyframe</name>
        <value>True</value>
      </attribute>
    </attributes>
  </object>
  <object>
    <name>vehicule</name>
    <occluded>0</occluded>
    <bndbox>
      <xmin>1041.014873798077</xmin>
      <ymin>164.21965144230768</ymin>
      <xmax>1301.4538461538473</xmax>
      <ymax>389.23738825871374</ymax>
    </bndbox>
    <attributes>
      <attribute>
        <name>track_id</name>
        <value>316</value>
      </attribute>
      <attribute>
        <name>keyframe</name>
        <value>True</value>
      </attribute>
    </attributes>
  </object>
  <object>
    <name>vehicule</name>
    <occluded>0</occluded>
    <bndbox>
      <xmin>1528.5126953125</xmin>
      <ymin>1014.3125</ymin>
      <xmax>2224.2623046874996</xmax>
      <ymax>1395.3509521484375</ymax>
    </bndbox>
    <attributes>
      <attribute>
        <name>track_id</name>
        <value>320</value>
      </attribute>
      <attribute>
        <name>keyframe</name>
        <value>True</value>
      </attribute>
    </attributes>
  </object>
  <object>
    <name>vehicule</name>
    <occluded>0</occluded>
    <bndbox>
      <xmin>606.0887803819447</xmin>
      <ymin>36.83333333333394</ymin>
      <xmax>932.1756456163203</xmax>
      <ymax>240.6104227701823</ymax>
    </bndbox>
    <attributes>
      <attribute>
        <name>track_id</name>
        <value>321</value>
      </attribute>
      <attribute>
        <name>keyframe</name>
        <value>True</value>
      </attribute>
    </attributes>
  </object>
  <object>
    <name>vehicule</name>
    <occluded>0</occluded>
    <bndbox>
      <xmin>861.890625</xmin>
      <ymin>61.72222222222222</ymin>
      <xmax>1216.433333333334</xmax>
      <ymax>297.2976362440321</ymax>
    </bndbox>
    <attributes>
      <attribute>
        <name>track_id</name>
        <value>322</value>
      </attribute>
      <attribute>
        <name>keyframe</name>
        <value>True</value>
      </attribute>
    </attributes>
  </object>
  <object>
    <name>vehicule</name>
    <occluded>0</occluded>
    <bndbox>
      <xmin>175.60000000000036</xmin>
      <ymin>1093.2041015625</ymin>
      <xmax>831.2098388671875</xmax>
      <ymax>1454.9000000000015</ymax>
    </bndbox>
    <attributes>
      <attribute>
        <name>track_id</name>
        <value>323</value>
      </attribute>
      <attribute>
        <name>keyframe</name>
        <value>True</value>
      </attribute>
    </attributes>
  </object>
  <object>
    <name>vehicule</name>
    <occluded>0</occluded>
    <bndbox>
      <xmin>1282.2983940972222</xmin>
      <ymin>1.7430555555555554</ymin>
      <xmax>1602.563924153646</xmax>
      <ymax>156.31502787272134</ymax>
    </bndbox>
    <attributes>
      <attribute>
        <name>track_id</name>
        <value>324</value>
      </attribute>
      <attribute>
        <name>keyframe</name>
        <value>True</value>
      </attribute>
    </attributes>
  </object>
</annotation>
