<annotation>
  <folder>frame</folder>
  <filename>frame_002418.jpg</filename>
  <source>
    <database>Unknown</database>
    <annotation>Unknown</annotation>
    <image>Unknown</image>
  </source>
  <size>
    <width>2456</width>
    <height>2054</height>
    <depth>3</depth>
  </size>
  <segmented>0</segmented>
  <object>
    <name>vehicule</name>
    <occluded>0</occluded>
    <bndbox>
      <xmin>1332.9213579963234</xmin>
      <ymin>1612.6696920955883</ymin>
      <xmax>2083.7397913315717</xmax>
      <ymax>1954.9837484920727</ymax>
    </bndbox>
    <attributes>
      <attribute>
        <name>track_id</name>
        <value>232</value>
      </attribute>
      <attribute>
        <name>keyframe</name>
        <value>True</value>
      </attribute>
    </attributes>
  </object>
  <object>
    <name>vehicule</name>
    <occluded>0</occluded>
    <bndbox>
      <xmin>1837.49090909091</xmin>
      <ymin>728.2909090909104</ymin>
      <xmax>2376.1748046875</xmax>
      <ymax>1136.3234391645951</ymax>
    </bndbox>
    <attributes>
      <attribute>
        <name>track_id</name>
        <value>239</value>
      </attribute>
      <attribute>
        <name>keyframe</name>
        <value>True</value>
      </attribute>
    </attributes>
  </object>
  <object>
    <name>vehicule</name>
    <occluded>0</occluded>
    <bndbox>
      <xmin>344.069140625</xmin>
      <ymin>1577.308125</ymin>
      <xmax>1141.5869140625011</xmax>
      <ymax>1961.1207165527344</ymax>
    </bndbox>
    <attributes>
      <attribute>
        <name>track_id</name>
        <value>240</value>
      </attribute>
      <attribute>
        <name>keyframe</name>
        <value>True</value>
      </attribute>
    </attributes>
  </object>
  <object>
    <name>vehicule</name>
    <occluded>0</occluded>
    <bndbox>
      <xmin>1256.5272727272732</xmin>
      <ymin>378.7181818181829</ymin>
      <xmax>1599.9037531072443</xmax>
      <ymax>687.5761399702592</ymax>
    </bndbox>
    <attributes>
      <attribute>
        <name>track_id</name>
        <value>241</value>
      </attribute>
      <attribute>
        <name>keyframe</name>
        <value>True</value>
      </attribute>
    </attributes>
  </object>
  <object>
    <name>vehicule</name>
    <occluded>0</occluded>
    <bndbox>
      <xmin>1003.3241299715912</xmin>
      <ymin>95.36363636363768</ymin>
      <xmax>1235.2331112948332</xmax>
      <ymax>339.97311956232244</ymax>
    </bndbox>
    <attributes>
      <attribute>
        <name>track_id</name>
        <value>242</value>
      </attribute>
      <attribute>
        <name>keyframe</name>
        <value>True</value>
      </attribute>
    </attributes>
  </object>
</annotation>
