<annotation>
  <folder>frame</folder>
  <filename>frame_000041.jpg</filename>
  <source>
    <database>Unknown</database>
    <annotation>Unknown</annotation>
    <image>Unknown</image>
  </source>
  <size>
    <width>2456</width>
    <height>2054</height>
    <depth>3</depth>
  </size>
  <segmented>0</segmented>
  <object>
    <name>vehicule</name>
    <occluded>0</occluded>
    <bndbox>
      <xmin>0.0</xmin>
      <ymin>368.82373046875</ymin>
      <xmax>199.48244018554578</xmax>
      <ymax>555.5118347167954</ymax>
    </bndbox>
    <attributes>
      <attribute>
        <name>track_id</name>
        <value>0</value>
      </attribute>
      <attribute>
        <name>keyframe</name>
        <value>True</value>
      </attribute>
    </attributes>
  </object>
  <object>
    <name>vehicule</name>
    <occluded>0</occluded>
    <bndbox>
      <xmin>230.24615384615447</xmin>
      <ymin>756.9488431490385</ymin>
      <xmax>658.1628159743088</xmax>
      <ymax>991.0863823523877</ymax>
    </bndbox>
    <attributes>
      <attribute>
        <name>track_id</name>
        <value>1</value>
      </attribute>
      <attribute>
        <name>keyframe</name>
        <value>True</value>
      </attribute>
    </attributes>
  </object>
  <object>
    <name>vehicule</name>
    <occluded>0</occluded>
    <bndbox>
      <xmin>335.0714285714291</xmin>
      <ymin>564.2280133928572</ymin>
      <xmax>679.639155796596</xmax>
      <ymax>778.9151532854349</ymax>
    </bndbox>
    <attributes>
      <attribute>
        <name>track_id</name>
        <value>2</value>
      </attribute>
      <attribute>
        <name>keyframe</name>
        <value>True</value>
      </attribute>
    </attributes>
  </object>
  <object>
    <name>vehicule</name>
    <occluded>0</occluded>
    <bndbox>
      <xmin>308.3673677884617</xmin>
      <ymin>1097.1380709134614</ymin>
      <xmax>790.3086571326626</xmax>
      <ymax>1404.246945894682</ymax>
    </bndbox>
    <attributes>
      <attribute>
        <name>track_id</name>
        <value>3</value>
      </attribute>
      <attribute>
        <name>keyframe</name>
        <value>True</value>
      </attribute>
    </attributes>
  </object>
  <object>
    <name>vehicule</name>
    <occluded>0</occluded>
    <bndbox>
      <xmin>1250.5857142857144</xmin>
      <ymin>685.527845982143</ymin>
      <xmax>1674.1850716727122</xmax>
      <ymax>900.2875597272588</ymax>
    </bndbox>
    <attributes>
      <attribute>
        <name>track_id</name>
        <value>4</value>
      </attribute>
      <attribute>
        <name>keyframe</name>
        <value>True</value>
      </attribute>
    </attributes>
  </object>
  <object>
    <name>vehicule</name>
    <occluded>0</occluded>
    <bndbox>
      <xmin>1576.9319973692604</xmin>
      <ymin>1092.4001634247456</ymin>
      <xmax>2165.3921780333226</xmax>
      <ymax>1416.012095797791</ymax>
    </bndbox>
    <attributes>
      <attribute>
        <name>track_id</name>
        <value>328</value>
      </attribute>
      <attribute>
        <name>keyframe</name>
        <value>True</value>
      </attribute>
    </attributes>
  </object>
  <object>
    <name>vehicule</name>
    <occluded>0</occluded>
    <bndbox>
      <xmin>696.7305650308099</xmin>
      <ymin>1019.4528361575705</ymin>
      <xmax>1185.9064380079305</xmax>
      <ymax>1349.0657521848211</ymax>
    </bndbox>
    <attributes>
      <attribute>
        <name>track_id</name>
        <value>330</value>
      </attribute>
      <attribute>
        <name>keyframe</name>
        <value>True</value>
      </attribute>
    </attributes>
  </object>
  <object>
    <name>vehicule</name>
    <occluded>0</occluded>
    <bndbox>
      <xmin>953.8943810096154</xmin>
      <ymin>950.3786057692307</ymin>
      <xmax>1424.2240013709436</xmax>
      <ymax>1218.0326890211838</ymax>
    </bndbox>
    <attributes>
      <attribute>
        <name>track_id</name>
        <value>331</value>
      </attribute>
      <attribute>
        <name>keyframe</name>
        <value>True</value>
      </attribute>
    </attributes>
  </object>
  <object>
    <name>vehicule</name>
    <occluded>0</occluded>
    <bndbox>
      <xmin>32.63223544034091</xmin>
      <ymin>821.3844770951705</ymin>
      <xmax>409.198916348544</xmax>
      <ymax>1076.5784163041549</ymax>
    </bndbox>
    <attributes>
      <attribute>
        <name>track_id</name>
        <value>332</value>
      </attribute>
      <attribute>
        <name>keyframe</name>
        <value>True</value>
      </attribute>
    </attributes>
  </object>
  <object>
    <name>vehicule</name>
    <occluded>0</occluded>
    <bndbox>
      <xmin>2066.6689453125</xmin>
      <ymin>1823.765625</ymin>
      <xmax>2456.0</xmax>
      <ymax>2054.0</ymax>
    </bndbox>
    <attributes>
      <attribute>
        <name>track_id</name>
        <value>333</value>
      </attribute>
      <attribute>
        <name>keyframe</name>
        <value>True</value>
      </attribute>
    </attributes>
  </object>
</annotation>
