<annotation>
  <folder>frame</folder>
  <filename>frame_001901.jpg</filename>
  <source>
    <database>Unknown</database>
    <annotation>Unknown</annotation>
    <image>Unknown</image>
  </source>
  <size>
    <width>2456</width>
    <height>2054</height>
    <depth>3</depth>
  </size>
  <segmented>0</segmented>
  <object>
    <name>vehicule</name>
    <occluded>0</occluded>
    <bndbox>
      <xmin>1482.0626992984694</xmin>
      <ymin>616.4255022321429</ymin>
      <xmax>1964.6105111258373</xmax>
      <ymax>966.5038480797599</ymax>
    </bndbox>
    <attributes>
      <attribute>
        <name>track_id</name>
        <value>139</value>
      </attribute>
      <attribute>
        <name>keyframe</name>
        <value>True</value>
      </attribute>
    </attributes>
  </object>
  <object>
    <name>vehicule</name>
    <occluded>0</occluded>
    <bndbox>
      <xmin>1269.839615192819</xmin>
      <ymin>704.1742644614362</ymin>
      <xmax>1396.8342364696746</xmax>
      <ymax>947.1065001792097</ymax>
    </bndbox>
    <attributes>
      <attribute>
        <name>track_id</name>
        <value>142</value>
      </attribute>
      <attribute>
        <name>keyframe</name>
        <value>True</value>
      </attribute>
    </attributes>
  </object>
  <object>
    <name>vehicule</name>
    <occluded>0</occluded>
    <bndbox>
      <xmin>1205.7553508254725</xmin>
      <ymin>335.1743489583339</ymin>
      <xmax>1512.0991860059826</xmax>
      <ymax>653.776931551567</ymax>
    </bndbox>
    <attributes>
      <attribute>
        <name>track_id</name>
        <value>149</value>
      </attribute>
      <attribute>
        <name>keyframe</name>
        <value>True</value>
      </attribute>
    </attributes>
  </object>
  <object>
    <name>vehicule</name>
    <occluded>0</occluded>
    <bndbox>
      <xmin>1399.9500000000007</xmin>
      <ymin>1264.39990234375</ymin>
      <xmax>2119.0095825195312</xmax>
      <ymax>1713.6833206176761</ymax>
    </bndbox>
    <attributes>
      <attribute>
        <name>track_id</name>
        <value>153</value>
      </attribute>
      <attribute>
        <name>keyframe</name>
        <value>True</value>
      </attribute>
    </attributes>
  </object>
  <object>
    <name>vehicule</name>
    <occluded>0</occluded>
    <bndbox>
      <xmin>1144.6841982886904</xmin>
      <ymin>130.81360544217773</ymin>
      <xmax>1357.9863945578236</xmax>
      <ymax>353.3053271235252</ymax>
    </bndbox>
    <attributes>
      <attribute>
        <name>track_id</name>
        <value>155</value>
      </attribute>
      <attribute>
        <name>keyframe</name>
        <value>True</value>
      </attribute>
    </attributes>
  </object>
  <object>
    <name>vehicule</name>
    <occluded>0</occluded>
    <bndbox>
      <xmin>644.4333147321439</xmin>
      <ymin>549.581240699405</ymin>
      <xmax>944.8271240234376</xmax>
      <ymax>879.972760445731</ymax>
    </bndbox>
    <attributes>
      <attribute>
        <name>track_id</name>
        <value>158</value>
      </attribute>
      <attribute>
        <name>keyframe</name>
        <value>True</value>
      </attribute>
    </attributes>
  </object>
  <object>
    <name>vehicule</name>
    <occluded>0</occluded>
    <bndbox>
      <xmin>979.4485294117648</xmin>
      <ymin>462.0582059972426</ymin>
      <xmax>1301.1635419060203</xmax>
      <ymax>798.8191312902114</ymax>
    </bndbox>
    <attributes>
      <attribute>
        <name>track_id</name>
        <value>161</value>
      </attribute>
      <attribute>
        <name>keyframe</name>
        <value>True</value>
      </attribute>
    </attributes>
  </object>
  <object>
    <name>vehicule</name>
    <occluded>0</occluded>
    <bndbox>
      <xmin>594.37890625</xmin>
      <ymin>214.40113863031914</ymin>
      <xmax>845.5670104980454</xmax>
      <ymax>482.19902071039724</ymax>
    </bndbox>
    <attributes>
      <attribute>
        <name>track_id</name>
        <value>162</value>
      </attribute>
      <attribute>
        <name>keyframe</name>
        <value>True</value>
      </attribute>
    </attributes>
  </object>
  <object>
    <name>vehicule</name>
    <occluded>0</occluded>
    <bndbox>
      <xmin>324.50000000000045</xmin>
      <ymin>530.0250000000015</ymin>
      <xmax>600.5938377380371</xmax>
      <ymax>886.8386154174805</ymax>
    </bndbox>
    <attributes>
      <attribute>
        <name>track_id</name>
        <value>167</value>
      </attribute>
      <attribute>
        <name>keyframe</name>
        <value>True</value>
      </attribute>
    </attributes>
  </object>
  <object>
    <name>vehicule</name>
    <occluded>0</occluded>
    <bndbox>
      <xmin>1215.505859375</xmin>
      <ymin>26.99535590277778</ymin>
      <xmax>1479.3285451931429</xmax>
      <ymax>154.54828643798828</ymax>
    </bndbox>
    <attributes>
      <attribute>
        <name>track_id</name>
        <value>173</value>
      </attribute>
      <attribute>
        <name>keyframe</name>
        <value>True</value>
      </attribute>
    </attributes>
  </object>
  <object>
    <name>vehicule</name>
    <occluded>0</occluded>
    <bndbox>
      <xmin>205.758544921875</xmin>
      <ymin>303.65810546875036</ymin>
      <xmax>492.85385742187646</xmax>
      <ymax>552.0982391357411</ymax>
    </bndbox>
    <attributes>
      <attribute>
        <name>track_id</name>
        <value>174</value>
      </attribute>
      <attribute>
        <name>keyframe</name>
        <value>True</value>
      </attribute>
    </attributes>
  </object>
  <object>
    <name>vehicule</name>
    <occluded>0</occluded>
    <bndbox>
      <xmin>846.94580078125</xmin>
      <ymin>137.332275390625</ymin>
      <xmax>1051.2522460937507</xmax>
      <ymax>374.7188079833977</ymax>
    </bndbox>
    <attributes>
      <attribute>
        <name>track_id</name>
        <value>178</value>
      </attribute>
      <attribute>
        <name>keyframe</name>
        <value>True</value>
      </attribute>
    </attributes>
  </object>
  <object>
    <name>vehicule</name>
    <occluded>0</occluded>
    <bndbox>
      <xmin>439.27238581730796</xmin>
      <ymin>64.06039663461539</ymin>
      <xmax>716.232668363131</xmax>
      <ymax>265.61630953275187</ymax>
    </bndbox>
    <attributes>
      <attribute>
        <name>track_id</name>
        <value>179</value>
      </attribute>
      <attribute>
        <name>keyframe</name>
        <value>True</value>
      </attribute>
    </attributes>
  </object>
</annotation>
