<annotation>
  <folder>frame</folder>
  <filename>frame_000279.jpg</filename>
  <source>
    <database>Unknown</database>
    <annotation>Unknown</annotation>
    <image>Unknown</image>
  </source>
  <size>
    <width>2456</width>
    <height>2054</height>
    <depth>3</depth>
  </size>
  <segmented>0</segmented>
  <object>
    <name>vehicule</name>
    <occluded>0</occluded>
    <bndbox>
      <xmin>588.9609375</xmin>
      <ymin>841.3291015625</ymin>
      <xmax>1068.503355753077</xmax>
      <ymax>1100.3209522137422</ymax>
    </bndbox>
    <attributes>
      <attribute>
        <name>track_id</name>
        <value>1</value>
      </attribute>
      <attribute>
        <name>keyframe</name>
        <value>True</value>
      </attribute>
    </attributes>
  </object>
  <object>
    <name>vehicule</name>
    <occluded>0</occluded>
    <bndbox>
      <xmin>99.6216768772482</xmin>
      <ymin>644.205078125</ymin>
      <xmax>482.6878389866232</xmax>
      <ymax>883.8384094238281</ymax>
    </bndbox>
    <attributes>
      <attribute>
        <name>track_id</name>
        <value>8</value>
      </attribute>
      <attribute>
        <name>keyframe</name>
        <value>True</value>
      </attribute>
    </attributes>
  </object>
  <object>
    <name>vehicule</name>
    <occluded>0</occluded>
    <bndbox>
      <xmin>1829.4296374198718</xmin>
      <ymin>1444.961638621795</ymin>
      <xmax>2449.0029515975557</xmax>
      <ymax>1806.6805597945483</ymax>
    </bndbox>
    <attributes>
      <attribute>
        <name>track_id</name>
        <value>13</value>
      </attribute>
      <attribute>
        <name>keyframe</name>
        <value>True</value>
      </attribute>
    </attributes>
  </object>
  <object>
    <name>vehicule</name>
    <occluded>0</occluded>
    <bndbox>
      <xmin>1662.2621662621361</xmin>
      <ymin>1116.7260315533981</ymin>
      <xmax>2243.0625954044676</xmax>
      <ymax>1459.059442197929</ymax>
    </bndbox>
    <attributes>
      <attribute>
        <name>track_id</name>
        <value>328</value>
      </attribute>
      <attribute>
        <name>keyframe</name>
        <value>True</value>
      </attribute>
    </attributes>
  </object>
  <object>
    <name>vehicule</name>
    <occluded>0</occluded>
    <bndbox>
      <xmin>681.5283203125</xmin>
      <ymin>1022.6943359375</ymin>
      <xmax>1208.3538807896202</xmax>
      <ymax>1368.7941530064163</ymax>
    </bndbox>
    <attributes>
      <attribute>
        <name>track_id</name>
        <value>330</value>
      </attribute>
      <attribute>
        <name>keyframe</name>
        <value>True</value>
      </attribute>
    </attributes>
  </object>
  <object>
    <name>vehicule</name>
    <occluded>0</occluded>
    <bndbox>
      <xmin>1201.5955528846155</xmin>
      <ymin>1001.8245417668269</ymin>
      <xmax>1671.9251732459436</xmax>
      <ymax>1269.4786250187801</ymax>
    </bndbox>
    <attributes>
      <attribute>
        <name>track_id</name>
        <value>331</value>
      </attribute>
      <attribute>
        <name>keyframe</name>
        <value>True</value>
      </attribute>
    </attributes>
  </object>
  <object>
    <name>vehicule</name>
    <occluded>0</occluded>
    <bndbox>
      <xmin>181.62138671875</xmin>
      <ymin>909.0772265625</ymin>
      <xmax>558.1880676269532</xmax>
      <ymax>1164.2711657714844</ymax>
    </bndbox>
    <attributes>
      <attribute>
        <name>track_id</name>
        <value>332</value>
      </attribute>
      <attribute>
        <name>keyframe</name>
        <value>True</value>
      </attribute>
    </attributes>
  </object>
</annotation>
