<annotation>
  <folder>frame</folder>
  <filename>frame_002476.jpg</filename>
  <source>
    <database>Unknown</database>
    <annotation>Unknown</annotation>
    <image>Unknown</image>
  </source>
  <size>
    <width>2456</width>
    <height>2054</height>
    <depth>3</depth>
  </size>
  <segmented>0</segmented>
  <object>
    <name>vehicule</name>
    <occluded>0</occluded>
    <bndbox>
      <xmin>2087.1000000000004</xmin>
      <ymin>1589.609375</ymin>
      <xmax>2354.6324157714844</xmax>
      <ymax>1931.9234313964844</ymax>
    </bndbox>
    <attributes>
      <attribute>
        <name>track_id</name>
        <value>232</value>
      </attribute>
      <attribute>
        <name>keyframe</name>
        <value>True</value>
      </attribute>
    </attributes>
  </object>
  <object>
    <name>vehicule</name>
    <occluded>0</occluded>
    <bndbox>
      <xmin>941.2883811773256</xmin>
      <ymin>1549.6502543604652</ymin>
      <xmax>1738.8061546148267</xmax>
      <ymax>1933.4628459131995</ymax>
    </bndbox>
    <attributes>
      <attribute>
        <name>track_id</name>
        <value>240</value>
      </attribute>
      <attribute>
        <name>keyframe</name>
        <value>True</value>
      </attribute>
    </attributes>
  </object>
  <object>
    <name>vehicule</name>
    <occluded>0</occluded>
    <bndbox>
      <xmin>30.20361328125</xmin>
      <ymin>260.3708007812502</ymin>
      <xmax>413.7268554687507</xmax>
      <ymax>597.0975219726561</ymax>
    </bndbox>
    <attributes>
      <attribute>
        <name>track_id</name>
        <value>245</value>
      </attribute>
      <attribute>
        <name>keyframe</name>
        <value>True</value>
      </attribute>
    </attributes>
  </object>
  <object>
    <name>vehicule</name>
    <occluded>0</occluded>
    <bndbox>
      <xmin>428.17778532608804</xmin>
      <ymin>1208.2577785326098</ymin>
      <xmax>717.7065267811647</xmax>
      <ymax>1495.3626613451083</ymax>
    </bndbox>
    <attributes>
      <attribute>
        <name>track_id</name>
        <value>247</value>
      </attribute>
      <attribute>
        <name>keyframe</name>
        <value>True</value>
      </attribute>
    </attributes>
  </object>
  <object>
    <name>vehicule</name>
    <occluded>0</occluded>
    <bndbox>
      <xmin>889.1845703125</xmin>
      <ymin>74.01609375000044</ymin>
      <xmax>1264.6117187500004</xmax>
      <ymax>294.24239379882783</ymax>
    </bndbox>
    <attributes>
      <attribute>
        <name>track_id</name>
        <value>248</value>
      </attribute>
      <attribute>
        <name>keyframe</name>
        <value>True</value>
      </attribute>
    </attributes>
  </object>
  <object>
    <name>vehicule</name>
    <occluded>0</occluded>
    <bndbox>
      <xmin>183.26171875</xmin>
      <ymin>80.05000000000109</ymin>
      <xmax>590.4500000000007</xmax>
      <ymax>352.77181243896484</ymax>
    </bndbox>
    <attributes>
      <attribute>
        <name>track_id</name>
        <value>249</value>
      </attribute>
      <attribute>
        <name>keyframe</name>
        <value>True</value>
      </attribute>
    </attributes>
  </object>
</annotation>
