<annotation>
  <folder>frame</folder>
  <filename>frame_002672.jpg</filename>
  <source>
    <database>Unknown</database>
    <annotation>Unknown</annotation>
    <image>Unknown</image>
  </source>
  <size>
    <width>2456</width>
    <height>2054</height>
    <depth>3</depth>
  </size>
  <segmented>0</segmented>
  <object>
    <name>vehicule</name>
    <occluded>0</occluded>
    <bndbox>
      <xmin>149.99136284722266</xmin>
      <ymin>857.6203342013889</ymin>
      <xmax>409.18763359917506</xmax>
      <ymax>1130.9348483615452</ymax>
    </bndbox>
    <attributes>
      <attribute>
        <name>track_id</name>
        <value>272</value>
      </attribute>
      <attribute>
        <name>keyframe</name>
        <value>True</value>
      </attribute>
    </attributes>
  </object>
  <object>
    <name>vehicule</name>
    <occluded>0</occluded>
    <bndbox>
      <xmin>68.400390625</xmin>
      <ymin>328.5068359375</ymin>
      <xmax>430.9164062500007</xmax>
      <ymax>565.348696899413</ymax>
    </bndbox>
    <attributes>
      <attribute>
        <name>track_id</name>
        <value>274</value>
      </attribute>
      <attribute>
        <name>keyframe</name>
        <value>True</value>
      </attribute>
    </attributes>
  </object>
  <object>
    <name>vehicule</name>
    <occluded>0</occluded>
    <bndbox>
      <xmin>1166.4345703125</xmin>
      <ymin>19.33750000000032</ymin>
      <xmax>1497.7248840332031</xmax>
      <ymax>209.55747890472412</ymax>
    </bndbox>
    <attributes>
      <attribute>
        <name>track_id</name>
        <value>276</value>
      </attribute>
      <attribute>
        <name>keyframe</name>
        <value>True</value>
      </attribute>
    </attributes>
  </object>
</annotation>
