<annotation>
  <folder>frame</folder>
  <filename>frame_000236.jpg</filename>
  <source>
    <database>Unknown</database>
    <annotation>Unknown</annotation>
    <image>Unknown</image>
  </source>
  <size>
    <width>2456</width>
    <height>2054</height>
    <depth>3</depth>
  </size>
  <segmented>0</segmented>
  <object>
    <name>vehicule</name>
    <occluded>0</occluded>
    <bndbox>
      <xmin>606.6736049107143</xmin>
      <ymin>856.0470145089286</ymin>
      <xmax>1081.8115794778912</xmax>
      <ymax>1111.1823941400648</ymax>
    </bndbox>
    <attributes>
      <attribute>
        <name>track_id</name>
        <value>1</value>
      </attribute>
      <attribute>
        <name>keyframe</name>
        <value>True</value>
      </attribute>
    </attributes>
  </object>
  <object>
    <name>vehicule</name>
    <occluded>0</occluded>
    <bndbox>
      <xmin>99.62137477517986</xmin>
      <ymin>644.205078125</ymin>
      <xmax>482.68753688455485</xmax>
      <ymax>883.8384094238281</ymax>
    </bndbox>
    <attributes>
      <attribute>
        <name>track_id</name>
        <value>8</value>
      </attribute>
      <attribute>
        <name>keyframe</name>
        <value>True</value>
      </attribute>
    </attributes>
  </object>
  <object>
    <name>vehicule</name>
    <occluded>0</occluded>
    <bndbox>
      <xmin>1817.1006234975962</xmin>
      <ymin>1455.4359975961538</ymin>
      <xmax>2454.073030442457</xmax>
      <ymax>1805.1380758089351</ymax>
    </bndbox>
    <attributes>
      <attribute>
        <name>track_id</name>
        <value>13</value>
      </attribute>
      <attribute>
        <name>keyframe</name>
        <value>True</value>
      </attribute>
    </attributes>
  </object>
  <object>
    <name>vehicule</name>
    <occluded>0</occluded>
    <bndbox>
      <xmin>1071.385714285715</xmin>
      <ymin>1505.3142857142866</ymin>
      <xmax>1629.2800031389509</xmax>
      <ymax>1868.6054251534597</ymax>
    </bndbox>
    <attributes>
      <attribute>
        <name>track_id</name>
        <value>18</value>
      </attribute>
      <attribute>
        <name>keyframe</name>
        <value>True</value>
      </attribute>
    </attributes>
  </object>
  <object>
    <name>vehicule</name>
    <occluded>0</occluded>
    <bndbox>
      <xmin>1660.4608237257282</xmin>
      <ymin>1107.3354368932041</ymin>
      <xmax>2211.368278429346</xmax>
      <ymax>1449.668847537735</ymax>
    </bndbox>
    <attributes>
      <attribute>
        <name>track_id</name>
        <value>328</value>
      </attribute>
      <attribute>
        <name>keyframe</name>
        <value>True</value>
      </attribute>
    </attributes>
  </object>
  <object>
    <name>vehicule</name>
    <occluded>0</occluded>
    <bndbox>
      <xmin>663.2739207474227</xmin>
      <ymin>1011.6079856636597</ymin>
      <xmax>1183.297226760258</xmax>
      <ymax>1354.7290769141239</ymax>
    </bndbox>
    <attributes>
      <attribute>
        <name>track_id</name>
        <value>330</value>
      </attribute>
      <attribute>
        <name>keyframe</name>
        <value>True</value>
      </attribute>
    </attributes>
  </object>
  <object>
    <name>vehicule</name>
    <occluded>0</occluded>
    <bndbox>
      <xmin>1182.036884014423</xmin>
      <ymin>998.7361778846154</ymin>
      <xmax>1652.3665043757512</xmax>
      <ymax>1266.3902611365686</ymax>
    </bndbox>
    <attributes>
      <attribute>
        <name>track_id</name>
        <value>331</value>
      </attribute>
      <attribute>
        <name>keyframe</name>
        <value>True</value>
      </attribute>
    </attributes>
  </object>
  <object>
    <name>vehicule</name>
    <occluded>0</occluded>
    <bndbox>
      <xmin>152.1806640625</xmin>
      <ymin>886.3275390625</ymin>
      <xmax>528.7473449707031</xmax>
      <ymax>1141.5214782714843</ymax>
    </bndbox>
    <attributes>
      <attribute>
        <name>track_id</name>
        <value>332</value>
      </attribute>
      <attribute>
        <name>keyframe</name>
        <value>True</value>
      </attribute>
    </attributes>
  </object>
</annotation>
