<annotation>
  <folder>frame</folder>
  <filename>frame_002365.jpg</filename>
  <source>
    <database>Unknown</database>
    <annotation>Unknown</annotation>
    <image>Unknown</image>
  </source>
  <size>
    <width>2456</width>
    <height>2054</height>
    <depth>3</depth>
  </size>
  <segmented>0</segmented>
  <object>
    <name>vehicule</name>
    <occluded>0</occluded>
    <bndbox>
      <xmin>980.8668707770271</xmin>
      <ymin>1621.1584406672298</ymin>
      <xmax>1767.3863837164795</xmax>
      <ymax>1963.4724970637142</ymax>
    </bndbox>
    <attributes>
      <attribute>
        <name>track_id</name>
        <value>232</value>
      </attribute>
      <attribute>
        <name>keyframe</name>
        <value>True</value>
      </attribute>
    </attributes>
  </object>
  <object>
    <name>vehicule</name>
    <occluded>0</occluded>
    <bndbox>
      <xmin>1542.9600000000014</xmin>
      <ymin>820.880000000001</ymin>
      <xmax>2199.990368652344</xmax>
      <ymax>1270.4458984375</ymax>
    </bndbox>
    <attributes>
      <attribute>
        <name>track_id</name>
        <value>234</value>
      </attribute>
      <attribute>
        <name>keyframe</name>
        <value>True</value>
      </attribute>
    </attributes>
  </object>
  <object>
    <name>vehicule</name>
    <occluded>0</occluded>
    <bndbox>
      <xmin>1155.360000000001</xmin>
      <ymin>381.56000000000023</ymin>
      <xmax>1489.3706359863281</xmax>
      <ymax>722.7102844238282</ymax>
    </bndbox>
    <attributes>
      <attribute>
        <name>track_id</name>
        <value>235</value>
      </attribute>
      <attribute>
        <name>keyframe</name>
        <value>True</value>
      </attribute>
    </attributes>
  </object>
  <object>
    <name>vehicule</name>
    <occluded>0</occluded>
    <bndbox>
      <xmin>0.0</xmin>
      <ymin>248.416015625</ymin>
      <xmax>286.8552734375007</xmax>
      <ymax>523.9000000000015</ymax>
    </bndbox>
    <attributes>
      <attribute>
        <name>track_id</name>
        <value>236</value>
      </attribute>
      <attribute>
        <name>keyframe</name>
        <value>True</value>
      </attribute>
    </attributes>
  </object>
  <object>
    <name>vehicule</name>
    <occluded>0</occluded>
    <bndbox>
      <xmin>947.1645312500001</xmin>
      <ymin>22.592812500000218</ymin>
      <xmax>1148.1443176269531</xmax>
      <ymax>188.22984619140624</ymax>
    </bndbox>
    <attributes>
      <attribute>
        <name>track_id</name>
        <value>237</value>
      </attribute>
      <attribute>
        <name>keyframe</name>
        <value>True</value>
      </attribute>
    </attributes>
  </object>
</annotation>
