<annotation>
  <folder>frame</folder>
  <filename>frame_002801.jpg</filename>
  <source>
    <database>Unknown</database>
    <annotation>Unknown</annotation>
    <image>Unknown</image>
  </source>
  <size>
    <width>2456</width>
    <height>2054</height>
    <depth>3</depth>
  </size>
  <segmented>0</segmented>
  <object>
    <name>vehicule</name>
    <occluded>0</occluded>
    <bndbox>
      <xmin>1661.0784505208333</xmin>
      <ymin>1507.33203125</ymin>
      <xmax>2327.1682413736976</xmax>
      <ymax>1896.583599853515</ymax>
    </bndbox>
    <attributes>
      <attribute>
        <name>track_id</name>
        <value>283</value>
      </attribute>
      <attribute>
        <name>keyframe</name>
        <value>True</value>
      </attribute>
    </attributes>
  </object>
</annotation>
