<annotation>
  <folder>frame</folder>
  <filename>frame_001992.jpg</filename>
  <source>
    <database>Unknown</database>
    <annotation>Unknown</annotation>
    <image>Unknown</image>
  </source>
  <size>
    <width>2456</width>
    <height>2054</height>
    <depth>3</depth>
  </size>
  <segmented>0</segmented>
  <object>
    <name>vehicule</name>
    <occluded>0</occluded>
    <bndbox>
      <xmin>2264.59375</xmin>
      <ymin>1220.298828125</ymin>
      <xmax>2456.0</xmax>
      <ymax>1493.5591888427734</ymax>
    </bndbox>
    <attributes>
      <attribute>
        <name>track_id</name>
        <value>142</value>
      </attribute>
      <attribute>
        <name>keyframe</name>
        <value>True</value>
      </attribute>
    </attributes>
  </object>
  <object>
    <name>vehicule</name>
    <occluded>0</occluded>
    <bndbox>
      <xmin>1778.6683203125008</xmin>
      <ymin>677.8779687500006</ymin>
      <xmax>2351.4450439453126</xmax>
      <ymax>1039.6477868652341</ymax>
    </bndbox>
    <attributes>
      <attribute>
        <name>track_id</name>
        <value>149</value>
      </attribute>
      <attribute>
        <name>keyframe</name>
        <value>True</value>
      </attribute>
    </attributes>
  </object>
  <object>
    <name>vehicule</name>
    <occluded>0</occluded>
    <bndbox>
      <xmin>1257.700000000001</xmin>
      <ymin>359.00000000000057</ymin>
      <xmax>1609.6048544178839</xmax>
      <ymax>702.3797010338825</ymax>
    </bndbox>
    <attributes>
      <attribute>
        <name>track_id</name>
        <value>155</value>
      </attribute>
      <attribute>
        <name>keyframe</name>
        <value>True</value>
      </attribute>
    </attributes>
  </object>
  <object>
    <name>vehicule</name>
    <occluded>0</occluded>
    <bndbox>
      <xmin>1426.8400000000004</xmin>
      <ymin>1060.2797526041666</ymin>
      <xmax>1972.6943074544272</xmax>
      <ymax>1427.4436686197912</ymax>
    </bndbox>
    <attributes>
      <attribute>
        <name>track_id</name>
        <value>158</value>
      </attribute>
      <attribute>
        <name>keyframe</name>
        <value>True</value>
      </attribute>
    </attributes>
  </object>
  <object>
    <name>vehicule</name>
    <occluded>0</occluded>
    <bndbox>
      <xmin>1426.7600000000007</xmin>
      <ymin>748.0000000000015</ymin>
      <xmax>1906.4240234375</xmax>
      <ymax>1082.8985473632813</ymax>
    </bndbox>
    <attributes>
      <attribute>
        <name>track_id</name>
        <value>161</value>
      </attribute>
      <attribute>
        <name>keyframe</name>
        <value>True</value>
      </attribute>
    </attributes>
  </object>
  <object>
    <name>vehicule</name>
    <occluded>0</occluded>
    <bndbox>
      <xmin>641.6884134615397</xmin>
      <ymin>360.4154567307704</ymin>
      <xmax>958.1211470853362</xmax>
      <ymax>675.5258718637319</ymax>
    </bndbox>
    <attributes>
      <attribute>
        <name>track_id</name>
        <value>162</value>
      </attribute>
      <attribute>
        <name>keyframe</name>
        <value>True</value>
      </attribute>
    </attributes>
  </object>
  <object>
    <name>vehicule</name>
    <occluded>0</occluded>
    <bndbox>
      <xmin>993.2333333333348</xmin>
      <ymin>1094.5098437500008</ymin>
      <xmax>1579.3783610026042</xmax>
      <ymax>1544.519041748047</ymax>
    </bndbox>
    <attributes>
      <attribute>
        <name>track_id</name>
        <value>167</value>
      </attribute>
      <attribute>
        <name>keyframe</name>
        <value>True</value>
      </attribute>
    </attributes>
  </object>
  <object>
    <name>vehicule</name>
    <occluded>0</occluded>
    <bndbox>
      <xmin>1198.2179008152175</xmin>
      <ymin>133.53913043478298</ymin>
      <xmax>1451.3993446681814</xmax>
      <ymax>396.41385551120925</ymax>
    </bndbox>
    <attributes>
      <attribute>
        <name>track_id</name>
        <value>173</value>
      </attribute>
      <attribute>
        <name>keyframe</name>
        <value>True</value>
      </attribute>
    </attributes>
  </object>
  <object>
    <name>vehicule</name>
    <occluded>0</occluded>
    <bndbox>
      <xmin>901.7396306818183</xmin>
      <ymin>852.0877840909095</ymin>
      <xmax>1426.3036626642397</xmax>
      <ymax>1150.1978243741112</ymax>
    </bndbox>
    <attributes>
      <attribute>
        <name>track_id</name>
        <value>174</value>
      </attribute>
      <attribute>
        <name>keyframe</name>
        <value>True</value>
      </attribute>
    </attributes>
  </object>
  <object>
    <name>vehicule</name>
    <occluded>0</occluded>
    <bndbox>
      <xmin>1007.3086956521745</xmin>
      <ymin>511.40869565217463</ymin>
      <xmax>1394.246189283288</xmax>
      <ymax>864.5420373004416</ymax>
    </bndbox>
    <attributes>
      <attribute>
        <name>track_id</name>
        <value>178</value>
      </attribute>
      <attribute>
        <name>keyframe</name>
        <value>True</value>
      </attribute>
    </attributes>
  </object>
  <object>
    <name>vehicule</name>
    <occluded>0</occluded>
    <bndbox>
      <xmin>487.627272727273</xmin>
      <ymin>568.4046875000003</ymin>
      <xmax>911.8210463090377</xmax>
      <ymax>902.4626525878901</ymax>
    </bndbox>
    <attributes>
      <attribute>
        <name>track_id</name>
        <value>179</value>
      </attribute>
      <attribute>
        <name>keyframe</name>
        <value>True</value>
      </attribute>
    </attributes>
  </object>
  <object>
    <name>vehicule</name>
    <occluded>0</occluded>
    <bndbox>
      <xmin>915.5939903846155</xmin>
      <ymin>221.18461538461548</ymin>
      <xmax>1114.4188558725223</xmax>
      <ymax>477.1312525822566</ymax>
    </bndbox>
    <attributes>
      <attribute>
        <name>track_id</name>
        <value>180</value>
      </attribute>
      <attribute>
        <name>keyframe</name>
        <value>True</value>
      </attribute>
    </attributes>
  </object>
  <object>
    <name>vehicule</name>
    <occluded>0</occluded>
    <bndbox>
      <xmin>638.9957310267857</xmin>
      <ymin>143.53962611607213</ymin>
      <xmax>882.2085714285714</xmax>
      <ymax>366.02267769949776</ymax>
    </bndbox>
    <attributes>
      <attribute>
        <name>track_id</name>
        <value>183</value>
      </attribute>
      <attribute>
        <name>keyframe</name>
        <value>True</value>
      </attribute>
    </attributes>
  </object>
  <object>
    <name>vehicule</name>
    <occluded>0</occluded>
    <bndbox>
      <xmin>292.03564453125</xmin>
      <ymin>364.38076171875036</ymin>
      <xmax>539.1601470947262</xmax>
      <ymax>641.8204116821289</ymax>
    </bndbox>
    <attributes>
      <attribute>
        <name>track_id</name>
        <value>187</value>
      </attribute>
      <attribute>
        <name>keyframe</name>
        <value>True</value>
      </attribute>
    </attributes>
  </object>
  <object>
    <name>vehicule</name>
    <occluded>0</occluded>
    <bndbox>
      <xmin>454.91845703125</xmin>
      <ymin>236.02783203125</ymin>
      <xmax>592.9550201416005</xmax>
      <ymax>423.7220153808594</ymax>
    </bndbox>
    <attributes>
      <attribute>
        <name>track_id</name>
        <value>189</value>
      </attribute>
      <attribute>
        <name>keyframe</name>
        <value>True</value>
      </attribute>
    </attributes>
  </object>
  <object>
    <name>vehicule</name>
    <occluded>0</occluded>
    <bndbox>
      <xmin>374.7820012019231</xmin>
      <ymin>116.28737980769242</ymin>
      <xmax>650.7827824519238</xmax>
      <ymax>323.38002295860775</ymax>
    </bndbox>
    <attributes>
      <attribute>
        <name>track_id</name>
        <value>190</value>
      </attribute>
      <attribute>
        <name>keyframe</name>
        <value>True</value>
      </attribute>
    </attributes>
  </object>
  <object>
    <name>vehicule</name>
    <occluded>0</occluded>
    <bndbox>
      <xmin>941.1295823317307</xmin>
      <ymin>46.02992788461541</ymin>
      <xmax>1154.9816500150241</xmax>
      <ymax>218.25794278658353</ymax>
    </bndbox>
    <attributes>
      <attribute>
        <name>track_id</name>
        <value>191</value>
      </attribute>
      <attribute>
        <name>keyframe</name>
        <value>True</value>
      </attribute>
    </attributes>
  </object>
  <object>
    <name>vehicule</name>
    <occluded>0</occluded>
    <bndbox>
      <xmin>1141.5653125000001</xmin>
      <ymin>1644.2778515625002</ymin>
      <xmax>1946.002385253906</xmax>
      <ymax>1975.5413159179686</ymax>
    </bndbox>
    <attributes>
      <attribute>
        <name>track_id</name>
        <value>192</value>
      </attribute>
      <attribute>
        <name>keyframe</name>
        <value>True</value>
      </attribute>
    </attributes>
  </object>
  <object>
    <name>vehicule</name>
    <occluded>0</occluded>
    <bndbox>
      <xmin>1250.6520889945652</xmin>
      <ymin>8.97917798913113</ymin>
      <xmax>1550.1462370499323</xmax>
      <ymax>183.40459475309953</ymax>
    </bndbox>
    <attributes>
      <attribute>
        <name>track_id</name>
        <value>195</value>
      </attribute>
      <attribute>
        <name>keyframe</name>
        <value>True</value>
      </attribute>
    </attributes>
  </object>
</annotation>
