<annotation>
  <folder>frame</folder>
  <filename>frame_001437.jpg</filename>
  <source>
    <database>Unknown</database>
    <annotation>Unknown</annotation>
    <image>Unknown</image>
  </source>
  <size>
    <width>2456</width>
    <height>2054</height>
    <depth>3</depth>
  </size>
  <segmented>0</segmented>
  <object>
    <name>vehicule</name>
    <occluded>0</occluded>
    <bndbox>
      <xmin>0.0</xmin>
      <ymin>886.951171875</ymin>
      <xmax>3.420013427734375</xmax>
      <ymax>1051.8936004638672</ymax>
    </bndbox>
    <attributes>
      <attribute>
        <name>track_id</name>
        <value>21</value>
      </attribute>
      <attribute>
        <name>keyframe</name>
        <value>True</value>
      </attribute>
    </attributes>
  </object>
  <object>
    <name>vehicule</name>
    <occluded>0</occluded>
    <bndbox>
      <xmin>1001.060546875</xmin>
      <ymin>1006.2041015625</ymin>
      <xmax>1471.2717895507812</xmax>
      <ymax>1373.5079833984364</ymax>
    </bndbox>
    <attributes>
      <attribute>
        <name>track_id</name>
        <value>46</value>
      </attribute>
      <attribute>
        <name>keyframe</name>
        <value>True</value>
      </attribute>
    </attributes>
  </object>
  <object>
    <name>vehicule</name>
    <occluded>0</occluded>
    <bndbox>
      <xmin>479.73828125</xmin>
      <ymin>1072.2578125</ymin>
      <xmax>1005.5672017291108</xmax>
      <ymax>1394.7506655534362</ymax>
    </bndbox>
    <attributes>
      <attribute>
        <name>track_id</name>
        <value>48</value>
      </attribute>
      <attribute>
        <name>keyframe</name>
        <value>True</value>
      </attribute>
    </attributes>
  </object>
  <object>
    <name>vehicule</name>
    <occluded>0</occluded>
    <bndbox>
      <xmin>145.9814453125</xmin>
      <ymin>932.720703125</ymin>
      <xmax>556.0148484614874</xmax>
      <ymax>1183.9688189916815</ymax>
    </bndbox>
    <attributes>
      <attribute>
        <name>track_id</name>
        <value>50</value>
      </attribute>
      <attribute>
        <name>keyframe</name>
        <value>True</value>
      </attribute>
    </attributes>
  </object>
  <object>
    <name>vehicule</name>
    <occluded>0</occluded>
    <bndbox>
      <xmin>1149.3105341923701</xmin>
      <ymin>982.2373723281927</ymin>
      <xmax>1648.8549006474468</xmax>
      <ymax>1210.8084080947938</ymax>
    </bndbox>
    <attributes>
      <attribute>
        <name>track_id</name>
        <value>56</value>
      </attribute>
      <attribute>
        <name>keyframe</name>
        <value>True</value>
      </attribute>
    </attributes>
  </object>
  <object>
    <name>vehicule</name>
    <occluded>0</occluded>
    <bndbox>
      <xmin>655.224609375</xmin>
      <ymin>828.8212890625</ymin>
      <xmax>1066.150559818043</xmax>
      <ymax>1093.7466134125316</ymax>
    </bndbox>
    <attributes>
      <attribute>
        <name>track_id</name>
        <value>57</value>
      </attribute>
      <attribute>
        <name>keyframe</name>
        <value>True</value>
      </attribute>
    </attributes>
  </object>
  <object>
    <name>vehicule</name>
    <occluded>0</occluded>
    <bndbox>
      <xmin>81.1435546875</xmin>
      <ymin>777.013671875</ymin>
      <xmax>501.8435546875007</xmax>
      <ymax>999.5512771538815</ymax>
    </bndbox>
    <attributes>
      <attribute>
        <name>track_id</name>
        <value>59</value>
      </attribute>
      <attribute>
        <name>keyframe</name>
        <value>True</value>
      </attribute>
    </attributes>
  </object>
  <object>
    <name>vehicule</name>
    <occluded>0</occluded>
    <bndbox>
      <xmin>49.56666666666692</xmin>
      <ymin>418.748046875</ymin>
      <xmax>360.0409627278641</xmax>
      <ymax>627.4118804931641</ymax>
    </bndbox>
    <attributes>
      <attribute>
        <name>track_id</name>
        <value>111</value>
      </attribute>
      <attribute>
        <name>keyframe</name>
        <value>True</value>
      </attribute>
    </attributes>
  </object>
  <object>
    <name>vehicule</name>
    <occluded>0</occluded>
    <bndbox>
      <xmin>838.8862630208339</xmin>
      <ymin>600.9197265625007</ymin>
      <xmax>1225.3907613118488</xmax>
      <ymax>801.8907267252604</ymax>
    </bndbox>
    <attributes>
      <attribute>
        <name>track_id</name>
        <value>112</value>
      </attribute>
      <attribute>
        <name>keyframe</name>
        <value>True</value>
      </attribute>
    </attributes>
  </object>
  <object>
    <name>vehicule</name>
    <occluded>0</occluded>
    <bndbox>
      <xmin>1176.0</xmin>
      <ymin>1557.1666666666672</ymin>
      <xmax>1751.0363362630208</xmax>
      <ymax>1932.6937459309895</ymax>
    </bndbox>
    <attributes>
      <attribute>
        <name>track_id</name>
        <value>113</value>
      </attribute>
      <attribute>
        <name>keyframe</name>
        <value>True</value>
      </attribute>
    </attributes>
  </object>
</annotation>
