<annotation>
  <folder>frame</folder>
  <filename>frame_003010.jpg</filename>
  <source>
    <database>Unknown</database>
    <annotation>Unknown</annotation>
    <image>Unknown</image>
  </source>
  <size>
    <width>2456</width>
    <height>2054</height>
    <depth>3</depth>
  </size>
  <segmented>0</segmented>
  <object>
    <name>vehicule</name>
    <occluded>0</occluded>
    <bndbox>
      <xmin>615.318359375</xmin>
      <ymin>663.6000000000004</ymin>
      <xmax>786.4599609375</xmax>
      <ymax>933.1001892089844</ymax>
    </bndbox>
    <attributes>
      <attribute>
        <name>track_id</name>
        <value>292</value>
      </attribute>
      <attribute>
        <name>keyframe</name>
        <value>True</value>
      </attribute>
    </attributes>
  </object>
  <object>
    <name>vehicule</name>
    <occluded>0</occluded>
    <bndbox>
      <xmin>1605.3486328125</xmin>
      <ymin>672.0185546875</ymin>
      <xmax>2072.380474853515</xmax>
      <ymax>1039.6471679687493</ymax>
    </bndbox>
    <attributes>
      <attribute>
        <name>track_id</name>
        <value>295</value>
      </attribute>
      <attribute>
        <name>keyframe</name>
        <value>True</value>
      </attribute>
    </attributes>
  </object>
  <object>
    <name>vehicule</name>
    <occluded>0</occluded>
    <bndbox>
      <xmin>1217.1000000000004</xmin>
      <ymin>636.083984375</ymin>
      <xmax>1608.7023315429688</xmax>
      <ymax>982.7791625976552</ymax>
    </bndbox>
    <attributes>
      <attribute>
        <name>track_id</name>
        <value>296</value>
      </attribute>
      <attribute>
        <name>keyframe</name>
        <value>True</value>
      </attribute>
    </attributes>
  </object>
  <object>
    <name>vehicule</name>
    <occluded>0</occluded>
    <bndbox>
      <xmin>966.2302024147727</xmin>
      <ymin>613.5062144886364</ymin>
      <xmax>1251.1136008522742</xmax>
      <ymax>998.3954234730103</ymax>
    </bndbox>
    <attributes>
      <attribute>
        <name>track_id</name>
        <value>301</value>
      </attribute>
      <attribute>
        <name>keyframe</name>
        <value>True</value>
      </attribute>
    </attributes>
  </object>
  <object>
    <name>vehicule</name>
    <occluded>0</occluded>
    <bndbox>
      <xmin>1323.918701171875</xmin>
      <ymin>441.463623046875</ymin>
      <xmax>1704.9487731933586</xmax>
      <ymax>725.2849609375003</ymax>
    </bndbox>
    <attributes>
      <attribute>
        <name>track_id</name>
        <value>307</value>
      </attribute>
      <attribute>
        <name>keyframe</name>
        <value>True</value>
      </attribute>
    </attributes>
  </object>
  <object>
    <name>vehicule</name>
    <occluded>0</occluded>
    <bndbox>
      <xmin>753.5751065340922</xmin>
      <ymin>354.7607421875</ymin>
      <xmax>1029.4770546653053</xmax>
      <ymax>663.4929285222833</ymax>
    </bndbox>
    <attributes>
      <attribute>
        <name>track_id</name>
        <value>308</value>
      </attribute>
      <attribute>
        <name>keyframe</name>
        <value>True</value>
      </attribute>
    </attributes>
  </object>
  <object>
    <name>vehicule</name>
    <occluded>0</occluded>
    <bndbox>
      <xmin>1034.8974609375</xmin>
      <ymin>337.9521484375</ymin>
      <xmax>1296.5865234375015</xmax>
      <ymax>590.3057586669911</ymax>
    </bndbox>
    <attributes>
      <attribute>
        <name>track_id</name>
        <value>310</value>
      </attribute>
      <attribute>
        <name>keyframe</name>
        <value>True</value>
      </attribute>
    </attributes>
  </object>
  <object>
    <name>vehicule</name>
    <occluded>0</occluded>
    <bndbox>
      <xmin>459.6002604166667</xmin>
      <ymin>220.43333333333368</ymin>
      <xmax>763.2191446940105</xmax>
      <ymax>515.2127482096354</ymax>
    </bndbox>
    <attributes>
      <attribute>
        <name>track_id</name>
        <value>315</value>
      </attribute>
      <attribute>
        <name>keyframe</name>
        <value>True</value>
      </attribute>
    </attributes>
  </object>
  <object>
    <name>vehicule</name>
    <occluded>0</occluded>
    <bndbox>
      <xmin>1026.7438401442307</xmin>
      <ymin>133.65895432692307</ymin>
      <xmax>1317.7615384615397</xmax>
      <ymax>338.2698429987974</ymax>
    </bndbox>
    <attributes>
      <attribute>
        <name>track_id</name>
        <value>316</value>
      </attribute>
      <attribute>
        <name>keyframe</name>
        <value>True</value>
      </attribute>
    </attributes>
  </object>
  <object>
    <name>vehicule</name>
    <occluded>0</occluded>
    <bndbox>
      <xmin>1659.800000000001</xmin>
      <ymin>1623.9326171875</ymin>
      <xmax>2356.743896484375</xmax>
      <ymax>1971.7874450683594</ymax>
    </bndbox>
    <attributes>
      <attribute>
        <name>track_id</name>
        <value>318</value>
      </attribute>
      <attribute>
        <name>keyframe</name>
        <value>True</value>
      </attribute>
    </attributes>
  </object>
  <object>
    <name>vehicule</name>
    <occluded>0</occluded>
    <bndbox>
      <xmin>1586.8432291666668</xmin>
      <ymin>1315.8323567708333</ymin>
      <xmax>2290.4432983398438</xmax>
      <ymax>1657.0613911946614</ymax>
    </bndbox>
    <attributes>
      <attribute>
        <name>track_id</name>
        <value>319</value>
      </attribute>
      <attribute>
        <name>keyframe</name>
        <value>True</value>
      </attribute>
    </attributes>
  </object>
  <object>
    <name>vehicule</name>
    <occluded>0</occluded>
    <bndbox>
      <xmin>904.85888671875</xmin>
      <ymin>1013.517333984375</ymin>
      <xmax>1600.6084960937496</xmax>
      <ymax>1384.5846130371096</ymax>
    </bndbox>
    <attributes>
      <attribute>
        <name>track_id</name>
        <value>320</value>
      </attribute>
      <attribute>
        <name>keyframe</name>
        <value>True</value>
      </attribute>
    </attributes>
  </object>
  <object>
    <name>vehicule</name>
    <occluded>0</occluded>
    <bndbox>
      <xmin>789.7501953125002</xmin>
      <ymin>2.94140625</ymin>
      <xmax>1106.9536361694336</xmax>
      <ymax>167.91055297851562</ymax>
    </bndbox>
    <attributes>
      <attribute>
        <name>track_id</name>
        <value>321</value>
      </attribute>
      <attribute>
        <name>keyframe</name>
        <value>True</value>
      </attribute>
    </attributes>
  </object>
  <object>
    <name>vehicule</name>
    <occluded>0</occluded>
    <bndbox>
      <xmin>973.609130859375</xmin>
      <ymin>27.11474609375</ymin>
      <xmax>1356.260450744629</xmax>
      <ymax>212.63465881347656</ymax>
    </bndbox>
    <attributes>
      <attribute>
        <name>track_id</name>
        <value>322</value>
      </attribute>
      <attribute>
        <name>keyframe</name>
        <value>True</value>
      </attribute>
    </attributes>
  </object>
</annotation>
