<annotation>
  <folder>frame</folder>
  <filename>frame_002015.jpg</filename>
  <source>
    <database>Unknown</database>
    <annotation>Unknown</annotation>
    <image>Unknown</image>
  </source>
  <size>
    <width>2456</width>
    <height>2054</height>
    <depth>3</depth>
  </size>
  <segmented>0</segmented>
  <object>
    <name>vehicule</name>
    <occluded>0</occluded>
    <bndbox>
      <xmin>1498.092307692309</xmin>
      <ymin>560.0615384615388</ymin>
      <xmax>2035.0579153207632</xmax>
      <ymax>906.5375624436599</ymax>
    </bndbox>
    <attributes>
      <attribute>
        <name>track_id</name>
        <value>155</value>
      </attribute>
      <attribute>
        <name>keyframe</name>
        <value>True</value>
      </attribute>
    </attributes>
  </object>
  <object>
    <name>vehicule</name>
    <occluded>0</occluded>
    <bndbox>
      <xmin>2082.2000000000007</xmin>
      <ymin>1236.800000000001</ymin>
      <xmax>2455.9988403320312</xmax>
      <ymax>1529.3999938964844</ymax>
    </bndbox>
    <attributes>
      <attribute>
        <name>track_id</name>
        <value>158</value>
      </attribute>
      <attribute>
        <name>keyframe</name>
        <value>True</value>
      </attribute>
    </attributes>
  </object>
  <object>
    <name>vehicule</name>
    <occluded>0</occluded>
    <bndbox>
      <xmin>2074.099609375</xmin>
      <ymin>941.400390625</ymin>
      <xmax>2455.9996093749996</xmax>
      <ymax>1236.800000000001</ymax>
    </bndbox>
    <attributes>
      <attribute>
        <name>track_id</name>
        <value>161</value>
      </attribute>
      <attribute>
        <name>keyframe</name>
        <value>True</value>
      </attribute>
    </attributes>
  </object>
  <object>
    <name>vehicule</name>
    <occluded>0</occluded>
    <bndbox>
      <xmin>724.1799804687507</xmin>
      <ymin>436.0935546875007</ymin>
      <xmax>1085.752551269532</xmax>
      <ymax>761.9113433837892</ymax>
    </bndbox>
    <attributes>
      <attribute>
        <name>track_id</name>
        <value>162</value>
      </attribute>
      <attribute>
        <name>keyframe</name>
        <value>True</value>
      </attribute>
    </attributes>
  </object>
  <object>
    <name>vehicule</name>
    <occluded>0</occluded>
    <bndbox>
      <xmin>1403.073171164773</xmin>
      <ymin>1244.05859375</ymin>
      <xmax>2040.7241965553965</xmax>
      <ymax>1694.0677917480461</ymax>
    </bndbox>
    <attributes>
      <attribute>
        <name>track_id</name>
        <value>167</value>
      </attribute>
      <attribute>
        <name>keyframe</name>
        <value>True</value>
      </attribute>
    </attributes>
  </object>
  <object>
    <name>vehicule</name>
    <occluded>0</occluded>
    <bndbox>
      <xmin>1301.1000000000004</xmin>
      <ymin>300.85000000000036</ymin>
      <xmax>1618.6043014526367</xmax>
      <ymax>636.2994384765625</ymax>
    </bndbox>
    <attributes>
      <attribute>
        <name>track_id</name>
        <value>173</value>
      </attribute>
      <attribute>
        <name>keyframe</name>
        <value>True</value>
      </attribute>
    </attributes>
  </object>
  <object>
    <name>vehicule</name>
    <occluded>0</occluded>
    <bndbox>
      <xmin>1264.4951171875</xmin>
      <ymin>982.13623046875</ymin>
      <xmax>1789.0591491699215</xmax>
      <ymax>1280.2462707519517</ymax>
    </bndbox>
    <attributes>
      <attribute>
        <name>track_id</name>
        <value>174</value>
      </attribute>
      <attribute>
        <name>keyframe</name>
        <value>True</value>
      </attribute>
    </attributes>
  </object>
  <object>
    <name>vehicule</name>
    <occluded>0</occluded>
    <bndbox>
      <xmin>1321.4461538461549</xmin>
      <ymin>703.8615384615399</ymin>
      <xmax>1822.0323509803184</xmax>
      <ymax>1064.5356187086838</ymax>
    </bndbox>
    <attributes>
      <attribute>
        <name>track_id</name>
        <value>178</value>
      </attribute>
      <attribute>
        <name>keyframe</name>
        <value>True</value>
      </attribute>
    </attributes>
  </object>
  <object>
    <name>vehicule</name>
    <occluded>0</occluded>
    <bndbox>
      <xmin>645.3500000000004</xmin>
      <ymin>677.7060546875</ymin>
      <xmax>1123.0185241699219</xmax>
      <ymax>1011.7640197753899</ymax>
    </bndbox>
    <attributes>
      <attribute>
        <name>track_id</name>
        <value>179</value>
      </attribute>
      <attribute>
        <name>keyframe</name>
        <value>True</value>
      </attribute>
    </attributes>
  </object>
  <object>
    <name>vehicule</name>
    <occluded>0</occluded>
    <bndbox>
      <xmin>972.4500000000007</xmin>
      <ymin>321.5000000000009</ymin>
      <xmax>1277.6211013793945</xmax>
      <ymax>636.301139831543</ymax>
    </bndbox>
    <attributes>
      <attribute>
        <name>track_id</name>
        <value>180</value>
      </attribute>
      <attribute>
        <name>keyframe</name>
        <value>True</value>
      </attribute>
    </attributes>
  </object>
  <object>
    <name>vehicule</name>
    <occluded>0</occluded>
    <bndbox>
      <xmin>649.8809430803572</xmin>
      <ymin>208.8510267857145</ymin>
      <xmax>898.505714285715</xmax>
      <ymax>467.61321925572037</ymax>
    </bndbox>
    <attributes>
      <attribute>
        <name>track_id</name>
        <value>183</value>
      </attribute>
      <attribute>
        <name>keyframe</name>
        <value>True</value>
      </attribute>
    </attributes>
  </object>
  <object>
    <name>vehicule</name>
    <occluded>0</occluded>
    <bndbox>
      <xmin>336.2000000000007</xmin>
      <ymin>437.5500000000011</ymin>
      <xmax>613.7001953125</xmax>
      <ymax>727.4039916992188</ymax>
    </bndbox>
    <attributes>
      <attribute>
        <name>track_id</name>
        <value>187</value>
      </attribute>
      <attribute>
        <name>keyframe</name>
        <value>True</value>
      </attribute>
    </attributes>
  </object>
  <object>
    <name>vehicule</name>
    <occluded>0</occluded>
    <bndbox>
      <xmin>572.2727539062507</xmin>
      <ymin>389.2722656250007</ymin>
      <xmax>728.2313858032221</xmax>
      <ymax>607.3118591308594</ymax>
    </bndbox>
    <attributes>
      <attribute>
        <name>track_id</name>
        <value>189</value>
      </attribute>
      <attribute>
        <name>keyframe</name>
        <value>True</value>
      </attribute>
    </attributes>
  </object>
  <object>
    <name>vehicule</name>
    <occluded>0</occluded>
    <bndbox>
      <xmin>343.12167968750055</xmin>
      <ymin>162.79960937500073</ymin>
      <xmax>605.322076416016</xmax>
      <ymax>411.2997421264645</ymax>
    </bndbox>
    <attributes>
      <attribute>
        <name>track_id</name>
        <value>190</value>
      </attribute>
      <attribute>
        <name>keyframe</name>
        <value>True</value>
      </attribute>
    </attributes>
  </object>
  <object>
    <name>vehicule</name>
    <occluded>0</occluded>
    <bndbox>
      <xmin>960.1583007812505</xmin>
      <ymin>153.15000000000055</ymin>
      <xmax>1147.8668014526374</xmax>
      <ymax>351.9418640136719</ymax>
    </bndbox>
    <attributes>
      <attribute>
        <name>track_id</name>
        <value>191</value>
      </attribute>
      <attribute>
        <name>keyframe</name>
        <value>True</value>
      </attribute>
    </attributes>
  </object>
  <object>
    <name>vehicule</name>
    <occluded>0</occluded>
    <bndbox>
      <xmin>689.4150000000006</xmin>
      <ymin>80.24067382812501</ymin>
      <xmax>903.8163925170899</xmax>
      <ymax>232.1269500732422</ymax>
    </bndbox>
    <attributes>
      <attribute>
        <name>track_id</name>
        <value>194</value>
      </attribute>
      <attribute>
        <name>keyframe</name>
        <value>True</value>
      </attribute>
    </attributes>
  </object>
  <object>
    <name>vehicule</name>
    <occluded>0</occluded>
    <bndbox>
      <xmin>1184.03369140625</xmin>
      <ymin>39.400000000001455</ymin>
      <xmax>1443.550000000001</xmax>
      <ymax>254.76348876953125</ymax>
    </bndbox>
    <attributes>
      <attribute>
        <name>track_id</name>
        <value>195</value>
      </attribute>
      <attribute>
        <name>keyframe</name>
        <value>True</value>
      </attribute>
    </attributes>
  </object>
</annotation>
