<annotation>
  <folder>frame</folder>
  <filename>frame_002404.jpg</filename>
  <source>
    <database>Unknown</database>
    <annotation>Unknown</annotation>
    <image>Unknown</image>
  </source>
  <size>
    <width>2456</width>
    <height>2054</height>
    <depth>3</depth>
  </size>
  <segmented>0</segmented>
  <object>
    <name>vehicule</name>
    <occluded>0</occluded>
    <bndbox>
      <xmin>1313.2175053615197</xmin>
      <ymin>1613.427542892157</ymin>
      <xmax>2079.181851256127</xmax>
      <ymax>1955.7415992886413</ymax>
    </bndbox>
    <attributes>
      <attribute>
        <name>track_id</name>
        <value>232</value>
      </attribute>
      <attribute>
        <name>keyframe</name>
        <value>True</value>
      </attribute>
    </attributes>
  </object>
  <object>
    <name>vehicule</name>
    <occluded>0</occluded>
    <bndbox>
      <xmin>1994.7763671875</xmin>
      <ymin>777.9915364583334</ymin>
      <xmax>2412.3205810546874</xmax>
      <ymax>1109.2192464192697</ymax>
    </bndbox>
    <attributes>
      <attribute>
        <name>track_id</name>
        <value>237</value>
      </attribute>
      <attribute>
        <name>keyframe</name>
        <value>True</value>
      </attribute>
    </attributes>
  </object>
  <object>
    <name>vehicule</name>
    <occluded>0</occluded>
    <bndbox>
      <xmin>1706.707421875001</xmin>
      <ymin>943.351822916667</ymin>
      <xmax>2311.093465169271</xmax>
      <ymax>1376.0891947428383</ymax>
    </bndbox>
    <attributes>
      <attribute>
        <name>track_id</name>
        <value>238</value>
      </attribute>
      <attribute>
        <name>keyframe</name>
        <value>True</value>
      </attribute>
    </attributes>
  </object>
  <object>
    <name>vehicule</name>
    <occluded>0</occluded>
    <bndbox>
      <xmin>1195.0000000000014</xmin>
      <ymin>372.68000000000103</ymin>
      <xmax>1579.3711791992187</xmax>
      <ymax>691.7929748535156</ymax>
    </bndbox>
    <attributes>
      <attribute>
        <name>track_id</name>
        <value>239</value>
      </attribute>
      <attribute>
        <name>keyframe</name>
        <value>True</value>
      </attribute>
    </attributes>
  </object>
  <object>
    <name>vehicule</name>
    <occluded>0</occluded>
    <bndbox>
      <xmin>251.80464993990384</xmin>
      <ymin>1581.1311598557693</ymin>
      <xmax>1049.322423377405</xmax>
      <ymax>1964.9437514085037</ymax>
    </bndbox>
    <attributes>
      <attribute>
        <name>track_id</name>
        <value>240</value>
      </attribute>
      <attribute>
        <name>keyframe</name>
        <value>True</value>
      </attribute>
    </attributes>
  </object>
  <object>
    <name>vehicule</name>
    <occluded>0</occluded>
    <bndbox>
      <xmin>1040.8384486607151</xmin>
      <ymin>116.3571428571439</ymin>
      <xmax>1268.040043422154</xmax>
      <ymax>366.9699946812221</ymax>
    </bndbox>
    <attributes>
      <attribute>
        <name>track_id</name>
        <value>241</value>
      </attribute>
      <attribute>
        <name>keyframe</name>
        <value>True</value>
      </attribute>
    </attributes>
  </object>
</annotation>
