<annotation>
  <folder>frame</folder>
  <filename>frame_002321.jpg</filename>
  <source>
    <database>Unknown</database>
    <annotation>Unknown</annotation>
    <image>Unknown</image>
  </source>
  <size>
    <width>2456</width>
    <height>2054</height>
    <depth>3</depth>
  </size>
  <segmented>0</segmented>
  <object>
    <name>vehicule</name>
    <occluded>0</occluded>
    <bndbox>
      <xmin>1871.800000000001</xmin>
      <ymin>1534.400390625</ymin>
      <xmax>2354.5922241210938</xmax>
      <ymax>1920.9246154785142</ymax>
    </bndbox>
    <attributes>
      <attribute>
        <name>track_id</name>
        <value>228</value>
      </attribute>
      <attribute>
        <name>keyframe</name>
        <value>True</value>
      </attribute>
    </attributes>
  </object>
  <object>
    <name>vehicule</name>
    <occluded>0</occluded>
    <bndbox>
      <xmin>1247.8000000000013</xmin>
      <ymin>399.85000000000065</ymin>
      <xmax>1618.8526509602864</xmax>
      <ymax>721.5610911051432</ymax>
    </bndbox>
    <attributes>
      <attribute>
        <name>track_id</name>
        <value>230</value>
      </attribute>
      <attribute>
        <name>keyframe</name>
        <value>True</value>
      </attribute>
    </attributes>
  </object>
  <object>
    <name>vehicule</name>
    <occluded>0</occluded>
    <bndbox>
      <xmin>548.1437662760418</xmin>
      <ymin>152.80833333333445</ymin>
      <xmax>786.2559565226251</xmax>
      <ymax>425.0107307434082</ymax>
    </bndbox>
    <attributes>
      <attribute>
        <name>track_id</name>
        <value>231</value>
      </attribute>
      <attribute>
        <name>keyframe</name>
        <value>True</value>
      </attribute>
    </attributes>
  </object>
  <object>
    <name>vehicule</name>
    <occluded>0</occluded>
    <bndbox>
      <xmin>288.1354166666671</xmin>
      <ymin>1669.1796875</ymin>
      <xmax>1074.6549296061194</xmax>
      <ymax>1979.302993774415</ymax>
    </bndbox>
    <attributes>
      <attribute>
        <name>track_id</name>
        <value>232</value>
      </attribute>
      <attribute>
        <name>keyframe</name>
        <value>True</value>
      </attribute>
    </attributes>
  </object>
  <object>
    <name>vehicule</name>
    <occluded>0</occluded>
    <bndbox>
      <xmin>1019.8000000000014</xmin>
      <ymin>51.733333333333725</ymin>
      <xmax>1236.948143005371</xmax>
      <ymax>293.4154446919759</ymax>
    </bndbox>
    <attributes>
      <attribute>
        <name>track_id</name>
        <value>233</value>
      </attribute>
      <attribute>
        <name>keyframe</name>
        <value>True</value>
      </attribute>
    </attributes>
  </object>
</annotation>
