<annotation>
  <folder>frame</folder>
  <filename>frame_002548.jpg</filename>
  <source>
    <database>Unknown</database>
    <annotation>Unknown</annotation>
    <image>Unknown</image>
  </source>
  <size>
    <width>2456</width>
    <height>2054</height>
    <depth>3</depth>
  </size>
  <segmented>0</segmented>
  <object>
    <name>vehicule</name>
    <occluded>0</occluded>
    <bndbox>
      <xmin>962.251953125</xmin>
      <ymin>73.66666666666727</ymin>
      <xmax>1242.9333333333343</xmax>
      <ymax>326.0836181640625</ymax>
    </bndbox>
    <attributes>
      <attribute>
        <name>track_id</name>
        <value>254</value>
      </attribute>
      <attribute>
        <name>keyframe</name>
        <value>True</value>
      </attribute>
    </attributes>
  </object>
  <object>
    <name>vehicule</name>
    <occluded>0</occluded>
    <bndbox>
      <xmin>855.5194010416672</xmin>
      <ymin>373.9333333333343</ymin>
      <xmax>1203.3385416666667</xmax>
      <ymax>753.0805460611979</ymax>
    </bndbox>
    <attributes>
      <attribute>
        <name>track_id</name>
        <value>255</value>
      </attribute>
      <attribute>
        <name>keyframe</name>
        <value>True</value>
      </attribute>
    </attributes>
  </object>
  <object>
    <name>vehicule</name>
    <occluded>0</occluded>
    <bndbox>
      <xmin>964.1924879807702</xmin>
      <ymin>1554.5489783653845</ymin>
      <xmax>1801.4139103816105</xmax>
      <ymax>1957.6180213341338</ymax>
    </bndbox>
    <attributes>
      <attribute>
        <name>track_id</name>
        <value>258</value>
      </attribute>
      <attribute>
        <name>keyframe</name>
        <value>True</value>
      </attribute>
    </attributes>
  </object>
  <object>
    <name>vehicule</name>
    <occluded>0</occluded>
    <bndbox>
      <xmin>194.7765842013889</xmin>
      <ymin>143.5348958333335</ymin>
      <xmax>580.4333333333343</xmax>
      <ymax>386.793559773762</ymax>
    </bndbox>
    <attributes>
      <attribute>
        <name>track_id</name>
        <value>259</value>
      </attribute>
      <attribute>
        <name>keyframe</name>
        <value>True</value>
      </attribute>
    </attributes>
  </object>
  <object>
    <name>vehicule</name>
    <occluded>0</occluded>
    <bndbox>
      <xmin>1261.3349609375</xmin>
      <ymin>0.0</ymin>
      <xmax>1583.413382975261</xmax>
      <ymax>168.72183481852213</ymax>
    </bndbox>
    <attributes>
      <attribute>
        <name>track_id</name>
        <value>260</value>
      </attribute>
      <attribute>
        <name>keyframe</name>
        <value>True</value>
      </attribute>
    </attributes>
  </object>
</annotation>
