<annotation>
  <folder>frame</folder>
  <filename>frame_002088.jpg</filename>
  <source>
    <database>Unknown</database>
    <annotation>Unknown</annotation>
    <image>Unknown</image>
  </source>
  <size>
    <width>2456</width>
    <height>2054</height>
    <depth>3</depth>
  </size>
  <segmented>0</segmented>
  <object>
    <name>vehicule</name>
    <occluded>0</occluded>
    <bndbox>
      <xmin>1937.6000000000013</xmin>
      <ymin>986.8904296875007</ymin>
      <xmax>2455.9996948242188</xmax>
      <ymax>1358.2284942626948</ymax>
    </bndbox>
    <attributes>
      <attribute>
        <name>track_id</name>
        <value>162</value>
      </attribute>
      <attribute>
        <name>keyframe</name>
        <value>True</value>
      </attribute>
    </attributes>
  </object>
  <object>
    <name>vehicule</name>
    <occluded>0</occluded>
    <bndbox>
      <xmin>1222.566666666667</xmin>
      <ymin>714.0333333333339</ymin>
      <xmax>1739.434299045139</xmax>
      <ymax>1076.0204501681858</ymax>
    </bndbox>
    <attributes>
      <attribute>
        <name>track_id</name>
        <value>183</value>
      </attribute>
      <attribute>
        <name>keyframe</name>
        <value>True</value>
      </attribute>
    </attributes>
  </object>
  <object>
    <name>vehicule</name>
    <occluded>0</occluded>
    <bndbox>
      <xmin>1248.0000000000011</xmin>
      <ymin>1011.6111111111121</ymin>
      <xmax>1851.129387749566</xmax>
      <ymax>1428.1751200358074</ymax>
    </bndbox>
    <attributes>
      <attribute>
        <name>track_id</name>
        <value>187</value>
      </attribute>
      <attribute>
        <name>keyframe</name>
        <value>True</value>
      </attribute>
    </attributes>
  </object>
  <object>
    <name>vehicule</name>
    <occluded>0</occluded>
    <bndbox>
      <xmin>595.2777777777778</xmin>
      <ymin>692.7888888888896</ymin>
      <xmax>1016.0484280056423</xmax>
      <ymax>1073.8802049424912</ymax>
    </bndbox>
    <attributes>
      <attribute>
        <name>track_id</name>
        <value>190</value>
      </attribute>
      <attribute>
        <name>keyframe</name>
        <value>True</value>
      </attribute>
    </attributes>
  </object>
  <object>
    <name>vehicule</name>
    <occluded>0</occluded>
    <bndbox>
      <xmin>911.0555555555568</xmin>
      <ymin>509.2333333333342</ymin>
      <xmax>1271.1510111490886</xmax>
      <ymax>816.8871341281467</ymax>
    </bndbox>
    <attributes>
      <attribute>
        <name>track_id</name>
        <value>194</value>
      </attribute>
      <attribute>
        <name>keyframe</name>
        <value>True</value>
      </attribute>
    </attributes>
  </object>
  <object>
    <name>vehicule</name>
    <occluded>0</occluded>
    <bndbox>
      <xmin>1492.5333333333344</xmin>
      <ymin>546.3666666666674</ymin>
      <xmax>1969.9102851019966</xmax>
      <ymax>893.5708652072483</ymax>
    </bndbox>
    <attributes>
      <attribute>
        <name>track_id</name>
        <value>195</value>
      </attribute>
      <attribute>
        <name>keyframe</name>
        <value>True</value>
      </attribute>
    </attributes>
  </object>
  <object>
    <name>vehicule</name>
    <occluded>0</occluded>
    <bndbox>
      <xmin>455.5000000000012</xmin>
      <ymin>400.6111111111111</ymin>
      <xmax>739.2927873399523</xmax>
      <ymax>688.6634962293837</ymax>
    </bndbox>
    <attributes>
      <attribute>
        <name>track_id</name>
        <value>196</value>
      </attribute>
      <attribute>
        <name>keyframe</name>
        <value>True</value>
      </attribute>
    </attributes>
  </object>
  <object>
    <name>vehicule</name>
    <occluded>0</occluded>
    <bndbox>
      <xmin>899.6755642361111</xmin>
      <ymin>256.8075520833336</ymin>
      <xmax>1161.6405470106338</xmax>
      <ymax>500.62475857204805</ymax>
    </bndbox>
    <attributes>
      <attribute>
        <name>track_id</name>
        <value>198</value>
      </attribute>
      <attribute>
        <name>keyframe</name>
        <value>True</value>
      </attribute>
    </attributes>
  </object>
  <object>
    <name>vehicule</name>
    <occluded>0</occluded>
    <bndbox>
      <xmin>1147.1783854166667</xmin>
      <ymin>136.81618923611111</ymin>
      <xmax>1379.1404947916678</xmax>
      <ymax>384.6729549831814</ymax>
    </bndbox>
    <attributes>
      <attribute>
        <name>track_id</name>
        <value>199</value>
      </attribute>
      <attribute>
        <name>keyframe</name>
        <value>True</value>
      </attribute>
    </attributes>
  </object>
  <object>
    <name>vehicule</name>
    <occluded>0</occluded>
    <bndbox>
      <xmin>1448.6828125000004</xmin>
      <ymin>1485.030102539063</ymin>
      <xmax>2152.712936401367</xmax>
      <ymax>1860.8313598632812</ymax>
    </bndbox>
    <attributes>
      <attribute>
        <name>track_id</name>
        <value>203</value>
      </attribute>
      <attribute>
        <name>keyframe</name>
        <value>True</value>
      </attribute>
    </attributes>
  </object>
  <object>
    <name>vehicule</name>
    <occluded>0</occluded>
    <bndbox>
      <xmin>841.701171875</xmin>
      <ymin>1.222222222222222</ymin>
      <xmax>1154.0111111111114</xmax>
      <ymax>169.02730475531683</ymax>
    </bndbox>
    <attributes>
      <attribute>
        <name>track_id</name>
        <value>204</value>
      </attribute>
      <attribute>
        <name>keyframe</name>
        <value>True</value>
      </attribute>
    </attributes>
  </object>
  <object>
    <name>vehicule</name>
    <occluded>0</occluded>
    <bndbox>
      <xmin>1216.548611111111</xmin>
      <ymin>3.811111111112243</ymin>
      <xmax>1518.733333333334</xmax>
      <ymax>172.09484439425998</ymax>
    </bndbox>
    <attributes>
      <attribute>
        <name>track_id</name>
        <value>205</value>
      </attribute>
      <attribute>
        <name>keyframe</name>
        <value>True</value>
      </attribute>
    </attributes>
  </object>
  <object>
    <name>vehicule</name>
    <occluded>0</occluded>
    <bndbox>
      <xmin>180.50048828125</xmin>
      <ymin>1629.59814453125</ymin>
      <xmax>1032.1500000000005</xmax>
      <ymax>1969.1911315917969</ymax>
    </bndbox>
    <attributes>
      <attribute>
        <name>track_id</name>
        <value>206</value>
      </attribute>
      <attribute>
        <name>keyframe</name>
        <value>True</value>
      </attribute>
    </attributes>
  </object>
</annotation>
