<annotation>
  <folder>frame</folder>
  <filename>frame_002585.jpg</filename>
  <source>
    <database>Unknown</database>
    <annotation>Unknown</annotation>
    <image>Unknown</image>
  </source>
  <size>
    <width>2456</width>
    <height>2054</height>
    <depth>3</depth>
  </size>
  <segmented>0</segmented>
  <object>
    <name>vehicule</name>
    <occluded>0</occluded>
    <bndbox>
      <xmin>1178.3741957720597</xmin>
      <ymin>295.6294117647069</ymin>
      <xmax>1493.5868982651657</xmax>
      <ymax>578.8297056310317</ymax>
    </bndbox>
    <attributes>
      <attribute>
        <name>track_id</name>
        <value>260</value>
      </attribute>
      <attribute>
        <name>keyframe</name>
        <value>True</value>
      </attribute>
    </attributes>
  </object>
  <object>
    <name>vehicule</name>
    <occluded>0</occluded>
    <bndbox>
      <xmin>1783.5</xmin>
      <ymin>1586.8388671875</ymin>
      <xmax>2373.91748046875</xmax>
      <ymax>1976.0927490234371</ymax>
    </bndbox>
    <attributes>
      <attribute>
        <name>track_id</name>
        <value>261</value>
      </attribute>
      <attribute>
        <name>keyframe</name>
        <value>True</value>
      </attribute>
    </attributes>
  </object>
  <object>
    <name>vehicule</name>
    <occluded>0</occluded>
    <bndbox>
      <xmin>631.8837890625</xmin>
      <ymin>27.0</ymin>
      <xmax>1015.62841796875</xmax>
      <ymax>275.46929931640625</ymax>
    </bndbox>
    <attributes>
      <attribute>
        <name>track_id</name>
        <value>263</value>
      </attribute>
      <attribute>
        <name>keyframe</name>
        <value>True</value>
      </attribute>
    </attributes>
  </object>
  <object>
    <name>vehicule</name>
    <occluded>0</occluded>
    <bndbox>
      <xmin>11.0</xmin>
      <ymin>1630.9990234375</ymin>
      <xmax>811.3311767578125</xmax>
      <ymax>1976.0931091308594</ymax>
    </bndbox>
    <attributes>
      <attribute>
        <name>track_id</name>
        <value>264</value>
      </attribute>
      <attribute>
        <name>keyframe</name>
        <value>True</value>
      </attribute>
    </attributes>
  </object>
</annotation>
