<annotation>
  <folder>frame</folder>
  <filename>frame_002187.jpg</filename>
  <source>
    <database>Unknown</database>
    <annotation>Unknown</annotation>
    <image>Unknown</image>
  </source>
  <size>
    <width>2456</width>
    <height>2054</height>
    <depth>3</depth>
  </size>
  <segmented>0</segmented>
  <object>
    <name>vehicule</name>
    <occluded>0</occluded>
    <bndbox>
      <xmin>1738.9000000000015</xmin>
      <ymin>1007.6000000000004</ymin>
      <xmax>2415.4412231445312</xmax>
      <ymax>1459.8694763183594</ymax>
    </bndbox>
    <attributes>
      <attribute>
        <name>track_id</name>
        <value>204</value>
      </attribute>
      <attribute>
        <name>keyframe</name>
        <value>True</value>
      </attribute>
    </attributes>
  </object>
  <object>
    <name>vehicule</name>
    <occluded>0</occluded>
    <bndbox>
      <xmin>2150.5</xmin>
      <ymin>1617.2001953125</ymin>
      <xmax>2349.0643310546875</xmax>
      <ymax>1998.1130798339836</ymax>
    </bndbox>
    <attributes>
      <attribute>
        <name>track_id</name>
        <value>208</value>
      </attribute>
      <attribute>
        <name>keyframe</name>
        <value>True</value>
      </attribute>
    </attributes>
  </object>
  <object>
    <name>vehicule</name>
    <occluded>0</occluded>
    <bndbox>
      <xmin>1236.4000000000015</xmin>
      <ymin>722.7000000000007</ymin>
      <xmax>1794.2260131835938</xmax>
      <ymax>1100.9353332519531</ymax>
    </bndbox>
    <attributes>
      <attribute>
        <name>track_id</name>
        <value>209</value>
      </attribute>
      <attribute>
        <name>keyframe</name>
        <value>True</value>
      </attribute>
    </attributes>
  </object>
  <object>
    <name>vehicule</name>
    <occluded>0</occluded>
    <bndbox>
      <xmin>885.9000000000015</xmin>
      <ymin>455.60000000000036</ymin>
      <xmax>1214.3837890625</xmax>
      <ymax>775.1660461425781</ymax>
    </bndbox>
    <attributes>
      <attribute>
        <name>track_id</name>
        <value>210</value>
      </attribute>
      <attribute>
        <name>keyframe</name>
        <value>True</value>
      </attribute>
    </attributes>
  </object>
  <object>
    <name>vehicule</name>
    <occluded>0</occluded>
    <bndbox>
      <xmin>999.1000000000004</xmin>
      <ymin>960.0</ymin>
      <xmax>1614.7362976074219</xmax>
      <ymax>1473.6366882324219</ymax>
    </bndbox>
    <attributes>
      <attribute>
        <name>track_id</name>
        <value>211</value>
      </attribute>
      <attribute>
        <name>keyframe</name>
        <value>True</value>
      </attribute>
    </attributes>
  </object>
  <object>
    <name>vehicule</name>
    <occluded>0</occluded>
    <bndbox>
      <xmin>0.0</xmin>
      <ymin>300.4189453125</ymin>
      <xmax>369.5144531250007</xmax>
      <ymax>570.8705535888657</ymax>
    </bndbox>
    <attributes>
      <attribute>
        <name>track_id</name>
        <value>212</value>
      </attribute>
      <attribute>
        <name>keyframe</name>
        <value>True</value>
      </attribute>
    </attributes>
  </object>
  <object>
    <name>vehicule</name>
    <occluded>0</occluded>
    <bndbox>
      <xmin>1126.05859375</xmin>
      <ymin>0.0</ymin>
      <xmax>1424.2000000000007</xmax>
      <ymax>280.9907989501953</ymax>
    </bndbox>
    <attributes>
      <attribute>
        <name>track_id</name>
        <value>213</value>
      </attribute>
      <attribute>
        <name>keyframe</name>
        <value>True</value>
      </attribute>
    </attributes>
  </object>
  <object>
    <name>vehicule</name>
    <occluded>0</occluded>
    <bndbox>
      <xmin>72.69954427083333</xmin>
      <ymin>1547.2565104166667</ymin>
      <xmax>693.5380147298177</xmax>
      <ymax>1922.7582682291675</ymax>
    </bndbox>
    <attributes>
      <attribute>
        <name>track_id</name>
        <value>214</value>
      </attribute>
      <attribute>
        <name>keyframe</name>
        <value>True</value>
      </attribute>
    </attributes>
  </object>
</annotation>
