<annotation>
  <folder>frame</folder>
  <filename>frame_002623.jpg</filename>
  <source>
    <database>Unknown</database>
    <annotation>Unknown</annotation>
    <image>Unknown</image>
  </source>
  <size>
    <width>2456</width>
    <height>2054</height>
    <depth>3</depth>
  </size>
  <segmented>0</segmented>
  <object>
    <name>vehicule</name>
    <occluded>0</occluded>
    <bndbox>
      <xmin>115.87847222222223</xmin>
      <ymin>263.511111111112</ymin>
      <xmax>511.01111111111135</xmax>
      <ymax>505.5561692979601</ymax>
    </bndbox>
    <attributes>
      <attribute>
        <name>track_id</name>
        <value>266</value>
      </attribute>
      <attribute>
        <name>keyframe</name>
        <value>True</value>
      </attribute>
    </attributes>
  </object>
  <object>
    <name>vehicule</name>
    <occluded>0</occluded>
    <bndbox>
      <xmin>1666.213671875</xmin>
      <ymin>1617.1943359375</ymin>
      <xmax>2373.9170532226562</xmax>
      <ymax>2006.5</ymax>
    </bndbox>
    <attributes>
      <attribute>
        <name>track_id</name>
        <value>267</value>
      </attribute>
      <attribute>
        <name>keyframe</name>
        <value>True</value>
      </attribute>
    </attributes>
  </object>
  <object>
    <name>vehicule</name>
    <occluded>0</occluded>
    <bndbox>
      <xmin>944.1531032986111</xmin>
      <ymin>96.01111111111156</ymin>
      <xmax>1258.266666666667</xmax>
      <ymax>319.0292731391059</ymax>
    </bndbox>
    <attributes>
      <attribute>
        <name>track_id</name>
        <value>268</value>
      </attribute>
      <attribute>
        <name>keyframe</name>
        <value>True</value>
      </attribute>
    </attributes>
  </object>
  <object>
    <name>vehicule</name>
    <occluded>0</occluded>
    <bndbox>
      <xmin>259.48763020833337</xmin>
      <ymin>98.81111111111224</ymin>
      <xmax>607.3424580891927</xmax>
      <ymax>291.1134745279948</ymax>
    </bndbox>
    <attributes>
      <attribute>
        <name>track_id</name>
        <value>269</value>
      </attribute>
      <attribute>
        <name>keyframe</name>
        <value>True</value>
      </attribute>
    </attributes>
  </object>
</annotation>
