<annotation>
  <folder>frame</folder>
  <filename>frame_002663.jpg</filename>
  <source>
    <database>Unknown</database>
    <annotation>Unknown</annotation>
    <image>Unknown</image>
  </source>
  <size>
    <width>2456</width>
    <height>2054</height>
    <depth>3</depth>
  </size>
  <segmented>0</segmented>
  <object>
    <name>vehicule</name>
    <occluded>0</occluded>
    <bndbox>
      <xmin>47.314285714286335</xmin>
      <ymin>853.3621651785714</ymin>
      <xmax>308.12863377162387</xmax>
      <ymax>1126.6766793387276</ymax>
    </bndbox>
    <attributes>
      <attribute>
        <name>track_id</name>
        <value>272</value>
      </attribute>
      <attribute>
        <name>keyframe</name>
        <value>True</value>
      </attribute>
    </attributes>
  </object>
  <object>
    <name>vehicule</name>
    <occluded>0</occluded>
    <bndbox>
      <xmin>578.04638671875</xmin>
      <ymin>172.52451171875055</ymin>
      <xmax>934.2000000000007</xmax>
      <ymax>409.3663726806635</ymax>
    </bndbox>
    <attributes>
      <attribute>
        <name>track_id</name>
        <value>274</value>
      </attribute>
      <attribute>
        <name>keyframe</name>
        <value>True</value>
      </attribute>
    </attributes>
  </object>
  <object>
    <name>vehicule</name>
    <occluded>0</occluded>
    <bndbox>
      <xmin>41.0810546875</xmin>
      <ymin>156.8000000000011</ymin>
      <xmax>444.10000000000036</xmax>
      <ymax>438.353515625</ymax>
    </bndbox>
    <attributes>
      <attribute>
        <name>track_id</name>
        <value>275</value>
      </attribute>
      <attribute>
        <name>keyframe</name>
        <value>True</value>
      </attribute>
    </attributes>
  </object>
</annotation>
