<annotation>
  <folder>frame</folder>
  <filename>frame_002516.jpg</filename>
  <source>
    <database>Unknown</database>
    <annotation>Unknown</annotation>
    <image>Unknown</image>
  </source>
  <size>
    <width>2456</width>
    <height>2054</height>
    <depth>3</depth>
  </size>
  <segmented>0</segmented>
  <object>
    <name>vehicule</name>
    <occluded>0</occluded>
    <bndbox>
      <xmin>1675.79833984375</xmin>
      <ymin>1117.9728190104167</ymin>
      <xmax>1965.3270812988267</xmax>
      <ymax>1405.0777018229153</ymax>
    </bndbox>
    <attributes>
      <attribute>
        <name>track_id</name>
        <value>247</value>
      </attribute>
      <attribute>
        <name>keyframe</name>
        <value>True</value>
      </attribute>
    </attributes>
  </object>
  <object>
    <name>vehicule</name>
    <occluded>0</occluded>
    <bndbox>
      <xmin>692.6188151041667</xmin>
      <ymin>191.69446614583404</ymin>
      <xmax>1040.4645833333336</xmax>
      <ymax>461.3603088378901</ymax>
    </bndbox>
    <attributes>
      <attribute>
        <name>track_id</name>
        <value>252</value>
      </attribute>
      <attribute>
        <name>keyframe</name>
        <value>True</value>
      </attribute>
    </attributes>
  </object>
  <object>
    <name>vehicule</name>
    <occluded>0</occluded>
    <bndbox>
      <xmin>0.0</xmin>
      <ymin>204.3000000000011</ymin>
      <xmax>201.21523437500036</xmax>
      <ymax>424.5531005859375</ymax>
    </bndbox>
    <attributes>
      <attribute>
        <name>track_id</name>
        <value>253</value>
      </attribute>
      <attribute>
        <name>keyframe</name>
        <value>True</value>
      </attribute>
    </attributes>
  </object>
  <object>
    <name>vehicule</name>
    <occluded>0</occluded>
    <bndbox>
      <xmin>1146.3024088541667</xmin>
      <ymin>0.0</ymin>
      <xmax>1434.3507568359382</xmax>
      <ymax>201.85015869140625</ymax>
    </bndbox>
    <attributes>
      <attribute>
        <name>track_id</name>
        <value>254</value>
      </attribute>
      <attribute>
        <name>keyframe</name>
        <value>True</value>
      </attribute>
    </attributes>
  </object>
  <object>
    <name>vehicule</name>
    <occluded>0</occluded>
    <bndbox>
      <xmin>789.2454427083334</xmin>
      <ymin>19.638671875</ymin>
      <xmax>1093.8373514811199</xmax>
      <ymax>275.46954345703125</ymax>
    </bndbox>
    <attributes>
      <attribute>
        <name>track_id</name>
        <value>255</value>
      </attribute>
      <attribute>
        <name>keyframe</name>
        <value>True</value>
      </attribute>
    </attributes>
  </object>
  <object>
    <name>vehicule</name>
    <occluded>0</occluded>
    <bndbox>
      <xmin>70.324951171875</xmin>
      <ymin>1639.281494140625</ymin>
      <xmax>761.6380126953122</xmax>
      <ymax>1977.4878814697267</ymax>
    </bndbox>
    <attributes>
      <attribute>
        <name>track_id</name>
        <value>256</value>
      </attribute>
      <attribute>
        <name>keyframe</name>
        <value>True</value>
      </attribute>
    </attributes>
  </object>
  <object>
    <name>vehicule</name>
    <occluded>0</occluded>
    <bndbox>
      <xmin>575.5638671875</xmin>
      <ymin>0.5600000000002183</ymin>
      <xmax>868.2036376953125</xmax>
      <ymax>161.17500915527344</ymax>
    </bndbox>
    <attributes>
      <attribute>
        <name>track_id</name>
        <value>257</value>
      </attribute>
      <attribute>
        <name>keyframe</name>
        <value>True</value>
      </attribute>
    </attributes>
  </object>
</annotation>
