<annotation>
  <folder>frame</folder>
  <filename>frame_002825.jpg</filename>
  <source>
    <database>Unknown</database>
    <annotation>Unknown</annotation>
    <image>Unknown</image>
  </source>
  <size>
    <width>2456</width>
    <height>2054</height>
    <depth>3</depth>
  </size>
  <segmented>0</segmented>
  <object>
    <name>vehicule</name>
    <occluded>0</occluded>
    <bndbox>
      <xmin>1722.2808314732142</xmin>
      <ymin>961.0835658482143</ymin>
      <xmax>2291.6654506138393</xmax>
      <ymax>1270.287881033761</ymax>
    </bndbox>
    <attributes>
      <attribute>
        <name>track_id</name>
        <value>284</value>
      </attribute>
      <attribute>
        <name>keyframe</name>
        <value>True</value>
      </attribute>
    </attributes>
  </object>
  <object>
    <name>vehicule</name>
    <occluded>0</occluded>
    <bndbox>
      <xmin>1373.236328125</xmin>
      <ymin>1337.7289341517858</ymin>
      <xmax>1708.1028137207031</xmax>
      <ymax>1641.4656529017861</ymax>
    </bndbox>
    <attributes>
      <attribute>
        <name>track_id</name>
        <value>285</value>
      </attribute>
      <attribute>
        <name>keyframe</name>
        <value>True</value>
      </attribute>
    </attributes>
  </object>
  <object>
    <name>vehicule</name>
    <occluded>0</occluded>
    <bndbox>
      <xmin>574.2162388392858</xmin>
      <ymin>1174.4490792410713</ymin>
      <xmax>1256.9179783412378</xmax>
      <ymax>1525.0320870535713</ymax>
    </bndbox>
    <attributes>
      <attribute>
        <name>track_id</name>
        <value>286</value>
      </attribute>
      <attribute>
        <name>keyframe</name>
        <value>True</value>
      </attribute>
    </attributes>
  </object>
</annotation>
