<annotation>
  <folder>frame</folder>
  <filename>frame_002304.jpg</filename>
  <source>
    <database>Unknown</database>
    <annotation>Unknown</annotation>
    <image>Unknown</image>
  </source>
  <size>
    <width>2456</width>
    <height>2054</height>
    <depth>3</depth>
  </size>
  <segmented>0</segmented>
  <object>
    <name>vehicule</name>
    <occluded>0</occluded>
    <bndbox>
      <xmin>1283.4000000000015</xmin>
      <ymin>523.9000000000015</ymin>
      <xmax>1758.2626953125</xmax>
      <ymax>871.7939453125</ymax>
    </bndbox>
    <attributes>
      <attribute>
        <name>track_id</name>
        <value>227</value>
      </attribute>
      <attribute>
        <name>keyframe</name>
        <value>True</value>
      </attribute>
    </attributes>
  </object>
  <object>
    <name>vehicule</name>
    <occluded>0</occluded>
    <bndbox>
      <xmin>852.1824340820312</xmin>
      <ymin>1525.0555419921875</ymin>
      <xmax>1616.6084655761715</xmax>
      <ymax>1917.1291748046879</ymax>
    </bndbox>
    <attributes>
      <attribute>
        <name>track_id</name>
        <value>228</value>
      </attribute>
      <attribute>
        <name>keyframe</name>
        <value>True</value>
      </attribute>
    </attributes>
  </object>
  <object>
    <name>vehicule</name>
    <occluded>0</occluded>
    <bndbox>
      <xmin>13.4755859375</xmin>
      <ymin>173.3000000000011</ymin>
      <xmax>411.0</xmax>
      <ymax>449.3973388671875</ymax>
    </bndbox>
    <attributes>
      <attribute>
        <name>track_id</name>
        <value>229</value>
      </attribute>
      <attribute>
        <name>keyframe</name>
        <value>True</value>
      </attribute>
    </attributes>
  </object>
  <object>
    <name>vehicule</name>
    <occluded>0</occluded>
    <bndbox>
      <xmin>963.1724609375005</xmin>
      <ymin>77.30000000000018</ymin>
      <xmax>1186.7946472167969</xmax>
      <ymax>315.5007629394531</ymax>
    </bndbox>
    <attributes>
      <attribute>
        <name>track_id</name>
        <value>230</value>
      </attribute>
      <attribute>
        <name>keyframe</name>
        <value>True</value>
      </attribute>
    </attributes>
  </object>
</annotation>
