<annotation>
  <folder>frame</folder>
  <filename>frame_002382.jpg</filename>
  <source>
    <database>Unknown</database>
    <annotation>Unknown</annotation>
    <image>Unknown</image>
  </source>
  <size>
    <width>2456</width>
    <height>2054</height>
    <depth>3</depth>
  </size>
  <segmented>0</segmented>
  <object>
    <name>vehicule</name>
    <occluded>0</occluded>
    <bndbox>
      <xmin>1240.6351087415542</xmin>
      <ymin>1615.4614125844594</ymin>
      <xmax>2027.1546216810066</xmax>
      <ymax>1957.7754689809437</ymax>
    </bndbox>
    <attributes>
      <attribute>
        <name>track_id</name>
        <value>232</value>
      </attribute>
      <attribute>
        <name>keyframe</name>
        <value>True</value>
      </attribute>
    </attributes>
  </object>
  <object>
    <name>vehicule</name>
    <occluded>0</occluded>
    <bndbox>
      <xmin>1791.5</xmin>
      <ymin>750.9000000000015</ymin>
      <xmax>2362.8714904785156</xmax>
      <ymax>1147.8669128417969</ymax>
    </bndbox>
    <attributes>
      <attribute>
        <name>track_id</name>
        <value>235</value>
      </attribute>
      <attribute>
        <name>keyframe</name>
        <value>True</value>
      </attribute>
    </attributes>
  </object>
  <object>
    <name>vehicule</name>
    <occluded>0</occluded>
    <bndbox>
      <xmin>1102.8046037946438</xmin>
      <ymin>259.7670200892857</ymin>
      <xmax>1358.3547389439173</xmax>
      <ymax>519.9940830775665</ymax>
    </bndbox>
    <attributes>
      <attribute>
        <name>track_id</name>
        <value>237</value>
      </attribute>
      <attribute>
        <name>keyframe</name>
        <value>True</value>
      </attribute>
    </attributes>
  </object>
  <object>
    <name>vehicule</name>
    <occluded>0</occluded>
    <bndbox>
      <xmin>648.8142857142864</xmin>
      <ymin>208.64285714285768</ymin>
      <xmax>942.2695072719029</xmax>
      <ymax>537.347170148577</ymax>
    </bndbox>
    <attributes>
      <attribute>
        <name>track_id</name>
        <value>238</value>
      </attribute>
      <attribute>
        <name>keyframe</name>
        <value>True</value>
      </attribute>
    </attributes>
  </object>
  <object>
    <name>vehicule</name>
    <occluded>0</occluded>
    <bndbox>
      <xmin>971.8504464285714</xmin>
      <ymin>23.821149553571427</ymin>
      <xmax>1206.1187452043814</xmax>
      <ymax>244.31300136021207</ymax>
    </bndbox>
    <attributes>
      <attribute>
        <name>track_id</name>
        <value>239</value>
      </attribute>
      <attribute>
        <name>keyframe</name>
        <value>True</value>
      </attribute>
    </attributes>
  </object>
  <object>
    <name>vehicule</name>
    <occluded>0</occluded>
    <bndbox>
      <xmin>4.732700892857142</xmin>
      <ymin>1604.142857142857</ymin>
      <xmax>682.7534859793533</xmax>
      <ymax>1967.812264578683</ymax>
    </bndbox>
    <attributes>
      <attribute>
        <name>track_id</name>
        <value>240</value>
      </attribute>
      <attribute>
        <name>keyframe</name>
        <value>True</value>
      </attribute>
    </attributes>
  </object>
</annotation>
