<annotation>
  <folder>frame</folder>
  <filename>frame_000180.jpg</filename>
  <source>
    <database>Unknown</database>
    <annotation>Unknown</annotation>
    <image>Unknown</image>
  </source>
  <size>
    <width>2456</width>
    <height>2054</height>
    <depth>3</depth>
  </size>
  <segmented>0</segmented>
  <object>
    <name>vehicule</name>
    <occluded>0</occluded>
    <bndbox>
      <xmin>610.4988087150623</xmin>
      <ymin>852.1645416828416</ymin>
      <xmax>1079.900763598276</xmax>
      <ymax>1102.2775404505837</ymax>
    </bndbox>
    <attributes>
      <attribute>
        <name>track_id</name>
        <value>1</value>
      </attribute>
      <attribute>
        <name>keyframe</name>
        <value>True</value>
      </attribute>
    </attributes>
  </object>
  <object>
    <name>vehicule</name>
    <occluded>0</occluded>
    <bndbox>
      <xmin>95.25322094298245</xmin>
      <ymin>643.7682634320175</ymin>
      <xmax>478.31938305235747</xmax>
      <ymax>883.4015947308457</ymax>
    </bndbox>
    <attributes>
      <attribute>
        <name>track_id</name>
        <value>8</value>
      </attribute>
      <attribute>
        <name>keyframe</name>
        <value>True</value>
      </attribute>
    </attributes>
  </object>
  <object>
    <name>vehicule</name>
    <occluded>0</occluded>
    <bndbox>
      <xmin>1729.2982066761363</xmin>
      <ymin>1418.5302734375</ymin>
      <xmax>2342.630823863636</xmax>
      <ymax>1764.004243607954</ymax>
    </bndbox>
    <attributes>
      <attribute>
        <name>track_id</name>
        <value>13</value>
      </attribute>
      <attribute>
        <name>keyframe</name>
        <value>True</value>
      </attribute>
    </attributes>
  </object>
  <object>
    <name>vehicule</name>
    <occluded>0</occluded>
    <bndbox>
      <xmin>1650.1497927295918</xmin>
      <ymin>1097.5878188775514</ymin>
      <xmax>2183.920873276068</xmax>
      <ymax>1436.8646616410233</ymax>
    </bndbox>
    <attributes>
      <attribute>
        <name>track_id</name>
        <value>328</value>
      </attribute>
      <attribute>
        <name>keyframe</name>
        <value>True</value>
      </attribute>
    </attributes>
  </object>
  <object>
    <name>vehicule</name>
    <occluded>0</occluded>
    <bndbox>
      <xmin>664.3766913659794</xmin>
      <ymin>1009.7773638853092</ymin>
      <xmax>1175.5412473788147</xmax>
      <ymax>1349.0191843024404</ymax>
    </bndbox>
    <attributes>
      <attribute>
        <name>track_id</name>
        <value>330</value>
      </attribute>
      <attribute>
        <name>keyframe</name>
        <value>True</value>
      </attribute>
    </attributes>
  </object>
  <object>
    <name>vehicule</name>
    <occluded>0</occluded>
    <bndbox>
      <xmin>1155.7131497130101</xmin>
      <ymin>994.8471779336735</ymin>
      <xmax>1626.0427700743383</xmax>
      <ymax>1262.5012611856266</ymax>
    </bndbox>
    <attributes>
      <attribute>
        <name>track_id</name>
        <value>331</value>
      </attribute>
      <attribute>
        <name>keyframe</name>
        <value>True</value>
      </attribute>
    </attributes>
  </object>
  <object>
    <name>vehicule</name>
    <occluded>0</occluded>
    <bndbox>
      <xmin>116.93169202302632</xmin>
      <ymin>860.797303316886</ymin>
      <xmax>493.4983729312294</xmax>
      <ymax>1115.9912425258703</ymax>
    </bndbox>
    <attributes>
      <attribute>
        <name>track_id</name>
        <value>332</value>
      </attribute>
      <attribute>
        <name>keyframe</name>
        <value>True</value>
      </attribute>
    </attributes>
  </object>
</annotation>
