<annotation>
  <folder>frame</folder>
  <filename>frame_000895.jpg</filename>
  <source>
    <database>Unknown</database>
    <annotation>Unknown</annotation>
    <image>Unknown</image>
  </source>
  <size>
    <width>2456</width>
    <height>2054</height>
    <depth>3</depth>
  </size>
  <segmented>0</segmented>
  <object>
    <name>vehicule</name>
    <occluded>0</occluded>
    <bndbox>
      <xmin>0.0</xmin>
      <ymin>886.951171875</ymin>
      <xmax>3.420013427734375</xmax>
      <ymax>1051.8936004638672</ymax>
    </bndbox>
    <attributes>
      <attribute>
        <name>track_id</name>
        <value>21</value>
      </attribute>
      <attribute>
        <name>keyframe</name>
        <value>True</value>
      </attribute>
    </attributes>
  </object>
  <object>
    <name>vehicule</name>
    <occluded>0</occluded>
    <bndbox>
      <xmin>985.6236782731681</xmin>
      <ymin>1012.0437853582974</ymin>
      <xmax>1455.8349209489493</xmax>
      <ymax>1379.3476671942337</ymax>
    </bndbox>
    <attributes>
      <attribute>
        <name>track_id</name>
        <value>46</value>
      </attribute>
      <attribute>
        <name>keyframe</name>
        <value>True</value>
      </attribute>
    </attributes>
  </object>
  <object>
    <name>vehicule</name>
    <occluded>0</occluded>
    <bndbox>
      <xmin>511.38379748114227</xmin>
      <ymin>1078.6964826912715</ymin>
      <xmax>1030.7297958951606</xmax>
      <ymax>1416.3120343372652</ymax>
    </bndbox>
    <attributes>
      <attribute>
        <name>track_id</name>
        <value>48</value>
      </attribute>
      <attribute>
        <name>keyframe</name>
        <value>True</value>
      </attribute>
    </attributes>
  </object>
  <object>
    <name>vehicule</name>
    <occluded>0</occluded>
    <bndbox>
      <xmin>167.6765428626019</xmin>
      <ymin>904.5043488875682</ymin>
      <xmax>557.8417039954144</xmax>
      <ymax>1184.9129884534543</ymax>
    </bndbox>
    <attributes>
      <attribute>
        <name>track_id</name>
        <value>50</value>
      </attribute>
      <attribute>
        <name>keyframe</name>
        <value>True</value>
      </attribute>
    </attributes>
  </object>
  <object>
    <name>vehicule</name>
    <occluded>0</occluded>
    <bndbox>
      <xmin>1072.5891298767967</xmin>
      <ymin>953.901439376925</ymin>
      <xmax>1572.1334963318734</xmax>
      <ymax>1182.4724751435263</ymax>
    </bndbox>
    <attributes>
      <attribute>
        <name>track_id</name>
        <value>56</value>
      </attribute>
      <attribute>
        <name>keyframe</name>
        <value>True</value>
      </attribute>
    </attributes>
  </object>
  <object>
    <name>vehicule</name>
    <occluded>0</occluded>
    <bndbox>
      <xmin>592.2534053769699</xmin>
      <ymin>812.8752714228152</ymin>
      <xmax>983.6810459606966</xmax>
      <ymax>1049.1179289776742</ymax>
    </bndbox>
    <attributes>
      <attribute>
        <name>track_id</name>
        <value>57</value>
      </attribute>
      <attribute>
        <name>keyframe</name>
        <value>True</value>
      </attribute>
    </attributes>
  </object>
  <object>
    <name>vehicule</name>
    <occluded>0</occluded>
    <bndbox>
      <xmin>76.72634806194363</xmin>
      <ymin>790.968353579378</ymin>
      <xmax>497.42634806194434</xmax>
      <ymax>963.110649071935</ymax>
    </bndbox>
    <attributes>
      <attribute>
        <name>track_id</name>
        <value>59</value>
      </attribute>
      <attribute>
        <name>keyframe</name>
        <value>True</value>
      </attribute>
    </attributes>
  </object>
  <object>
    <name>vehicule</name>
    <occluded>0</occluded>
    <bndbox>
      <xmin>1217.8201562500005</xmin>
      <ymin>1543.1200000000003</ymin>
      <xmax>1744.191184082031</xmax>
      <ymax>1924.0796875</ymax>
    </bndbox>
    <attributes>
      <attribute>
        <name>track_id</name>
        <value>62</value>
      </attribute>
      <attribute>
        <name>keyframe</name>
        <value>True</value>
      </attribute>
    </attributes>
  </object>
  <object>
    <name>vehicule</name>
    <occluded>0</occluded>
    <bndbox>
      <xmin>1430.14</xmin>
      <ymin>667.1400000000012</ymin>
      <xmax>1916.659375</xmax>
      <ymax>899.7303894042968</ymax>
    </bndbox>
    <attributes>
      <attribute>
        <name>track_id</name>
        <value>63</value>
      </attribute>
      <attribute>
        <name>keyframe</name>
        <value>True</value>
      </attribute>
    </attributes>
  </object>
  <object>
    <name>vehicule</name>
    <occluded>0</occluded>
    <bndbox>
      <xmin>209.34000000000088</xmin>
      <ymin>1191.240000000001</ymin>
      <xmax>743.6932739257811</xmax>
      <ymax>1523.2191772460938</ymax>
    </bndbox>
    <attributes>
      <attribute>
        <name>track_id</name>
        <value>64</value>
      </attribute>
      <attribute>
        <name>keyframe</name>
        <value>True</value>
      </attribute>
    </attributes>
  </object>
</annotation>
