<annotation>
  <folder>frame</folder>
  <filename>frame_000450.jpg</filename>
  <source>
    <database>Unknown</database>
    <annotation>Unknown</annotation>
    <image>Unknown</image>
  </source>
  <size>
    <width>2456</width>
    <height>2054</height>
    <depth>3</depth>
  </size>
  <segmented>0</segmented>
  <object>
    <name>vehicule</name>
    <occluded>0</occluded>
    <bndbox>
      <xmin>0.0</xmin>
      <ymin>886.951171875</ymin>
      <xmax>3.420013427734375</xmax>
      <ymax>1051.8936004638672</ymax>
    </bndbox>
    <attributes>
      <attribute>
        <name>track_id</name>
        <value>21</value>
      </attribute>
      <attribute>
        <name>keyframe</name>
        <value>True</value>
      </attribute>
    </attributes>
  </object>
  <object>
    <name>vehicule</name>
    <occluded>0</occluded>
    <bndbox>
      <xmin>1914.9495442708333</xmin>
      <ymin>1359.990234375</ymin>
      <xmax>2456.0</xmax>
      <ymax>1720.9649312337235</ymax>
    </bndbox>
    <attributes>
      <attribute>
        <name>track_id</name>
        <value>33</value>
      </attribute>
      <attribute>
        <name>keyframe</name>
        <value>True</value>
      </attribute>
    </attributes>
  </object>
  <object>
    <name>vehicule</name>
    <occluded>0</occluded>
    <bndbox>
      <xmin>939.8333333333336</xmin>
      <ymin>978.7166341145836</ymin>
      <xmax>1441.2212483723958</xmax>
      <ymax>1277.5208089192708</ymax>
    </bndbox>
    <attributes>
      <attribute>
        <name>track_id</name>
        <value>36</value>
      </attribute>
      <attribute>
        <name>keyframe</name>
        <value>True</value>
      </attribute>
    </attributes>
  </object>
  <object>
    <name>vehicule</name>
    <occluded>0</occluded>
    <bndbox>
      <xmin>1227.1666666666667</xmin>
      <ymin>1302.9333333333343</ymin>
      <xmax>1819.3444417317708</xmax>
      <ymax>1659.7941385904949</ymax>
    </bndbox>
    <attributes>
      <attribute>
        <name>track_id</name>
        <value>38</value>
      </attribute>
      <attribute>
        <name>keyframe</name>
        <value>True</value>
      </attribute>
    </attributes>
  </object>
  <object>
    <name>vehicule</name>
    <occluded>0</occluded>
    <bndbox>
      <xmin>714.6000000000013</xmin>
      <ymin>1372.800000000001</ymin>
      <xmax>1275.1112098693848</xmax>
      <ymax>1770.4052543640137</ymax>
    </bndbox>
    <attributes>
      <attribute>
        <name>track_id</name>
        <value>39</value>
      </attribute>
      <attribute>
        <name>keyframe</name>
        <value>True</value>
      </attribute>
    </attributes>
  </object>
  <object>
    <name>vehicule</name>
    <occluded>0</occluded>
    <bndbox>
      <xmin>46.99671875000022</xmin>
      <ymin>911.8409375000003</ymin>
      <xmax>327.0816345214844</xmax>
      <ymax>1167.6646423339844</ymax>
    </bndbox>
    <attributes>
      <attribute>
        <name>track_id</name>
        <value>40</value>
      </attribute>
      <attribute>
        <name>keyframe</name>
        <value>True</value>
      </attribute>
    </attributes>
  </object>
</annotation>
