<annotation>
  <folder>frame</folder>
  <filename>frame_002019.jpg</filename>
  <source>
    <database>Unknown</database>
    <annotation>Unknown</annotation>
    <image>Unknown</image>
  </source>
  <size>
    <width>2456</width>
    <height>2054</height>
    <depth>3</depth>
  </size>
  <segmented>0</segmented>
  <object>
    <name>vehicule</name>
    <occluded>0</occluded>
    <bndbox>
      <xmin>1587.5333333333344</xmin>
      <ymin>606.6000000000004</ymin>
      <xmax>2161.250450981988</xmax>
      <ymax>955.4760097927517</ymax>
    </bndbox>
    <attributes>
      <attribute>
        <name>track_id</name>
        <value>155</value>
      </attribute>
      <attribute>
        <name>keyframe</name>
        <value>True</value>
      </attribute>
    </attributes>
  </object>
  <object>
    <name>vehicule</name>
    <occluded>0</occluded>
    <bndbox>
      <xmin>750.2817915482959</xmin>
      <ymin>454.16393821022774</ymin>
      <xmax>1122.8970780806117</xmax>
      <ymax>779.9799457896842</ymax>
    </bndbox>
    <attributes>
      <attribute>
        <name>track_id</name>
        <value>162</value>
      </attribute>
      <attribute>
        <name>keyframe</name>
        <value>True</value>
      </attribute>
    </attributes>
  </object>
  <object>
    <name>vehicule</name>
    <occluded>0</occluded>
    <bndbox>
      <xmin>1527.5391601562505</xmin>
      <ymin>1282.33203125</ymin>
      <xmax>2181.773602294921</xmax>
      <ymax>1732.3412292480461</ymax>
    </bndbox>
    <attributes>
      <attribute>
        <name>track_id</name>
        <value>167</value>
      </attribute>
      <attribute>
        <name>keyframe</name>
        <value>True</value>
      </attribute>
    </attributes>
  </object>
  <object>
    <name>vehicule</name>
    <occluded>0</occluded>
    <bndbox>
      <xmin>1332.2272727272732</xmin>
      <ymin>334.9772727272732</ymin>
      <xmax>1665.787897976962</xmax>
      <ymax>677.9617254083806</ymax>
    </bndbox>
    <attributes>
      <attribute>
        <name>track_id</name>
        <value>173</value>
      </attribute>
      <attribute>
        <name>keyframe</name>
        <value>True</value>
      </attribute>
    </attributes>
  </object>
  <object>
    <name>vehicule</name>
    <occluded>0</occluded>
    <bndbox>
      <xmin>1396.169769965278</xmin>
      <ymin>1011.037152777778</ymin>
      <xmax>1930.5478630913626</xmax>
      <ymax>1317.746326361761</ymax>
    </bndbox>
    <attributes>
      <attribute>
        <name>track_id</name>
        <value>174</value>
      </attribute>
      <attribute>
        <name>keyframe</name>
        <value>True</value>
      </attribute>
    </attributes>
  </object>
  <object>
    <name>vehicule</name>
    <occluded>0</occluded>
    <bndbox>
      <xmin>1401.6666666666677</xmin>
      <ymin>744.8666666666678</ymin>
      <xmax>1928.4036763509114</xmax>
      <ymax>1100.8735249837239</ymax>
    </bndbox>
    <attributes>
      <attribute>
        <name>track_id</name>
        <value>178</value>
      </attribute>
      <attribute>
        <name>keyframe</name>
        <value>True</value>
      </attribute>
    </attributes>
  </object>
  <object>
    <name>vehicule</name>
    <occluded>0</occluded>
    <bndbox>
      <xmin>692.0227272727277</xmin>
      <ymin>710.3331853693181</ymin>
      <xmax>1184.7589361017401</xmax>
      <ymax>1044.3911504572081</ymax>
    </bndbox>
    <attributes>
      <attribute>
        <name>track_id</name>
        <value>179</value>
      </attribute>
      <attribute>
        <name>keyframe</name>
        <value>True</value>
      </attribute>
    </attributes>
  </object>
  <object>
    <name>vehicule</name>
    <occluded>0</occluded>
    <bndbox>
      <xmin>988.504545454546</xmin>
      <ymin>344.0818181818189</ymin>
      <xmax>1308.240205938166</xmax>
      <ymax>659.8931836214932</ymax>
    </bndbox>
    <attributes>
      <attribute>
        <name>track_id</name>
        <value>180</value>
      </attribute>
      <attribute>
        <name>keyframe</name>
        <value>True</value>
      </attribute>
    </attributes>
  </object>
  <object>
    <name>vehicule</name>
    <occluded>0</occluded>
    <bndbox>
      <xmin>651.7740234375</xmin>
      <ymin>220.20953125000017</ymin>
      <xmax>901.3400000000008</xmax>
      <ymax>485.2811395263678</ymax>
    </bndbox>
    <attributes>
      <attribute>
        <name>track_id</name>
        <value>183</value>
      </attribute>
      <attribute>
        <name>keyframe</name>
        <value>True</value>
      </attribute>
    </attributes>
  </object>
  <object>
    <name>vehicule</name>
    <occluded>0</occluded>
    <bndbox>
      <xmin>341.7272727272737</xmin>
      <ymin>457.1318181818194</ymin>
      <xmax>636.7900390625</xmax>
      <ymax>749.9919156161221</ymax>
    </bndbox>
    <attributes>
      <attribute>
        <name>track_id</name>
        <value>187</value>
      </attribute>
      <attribute>
        <name>keyframe</name>
        <value>True</value>
      </attribute>
    </attributes>
  </object>
  <object>
    <name>vehicule</name>
    <occluded>0</occluded>
    <bndbox>
      <xmin>605.4099343039783</xmin>
      <ymin>422.4096235795464</ymin>
      <xmax>767.8856821233572</xmax>
      <ymax>651.4839116876775</ymax>
    </bndbox>
    <attributes>
      <attribute>
        <name>track_id</name>
        <value>189</value>
      </attribute>
      <attribute>
        <name>keyframe</name>
        <value>True</value>
      </attribute>
    </attributes>
  </object>
  <object>
    <name>vehicule</name>
    <occluded>0</occluded>
    <bndbox>
      <xmin>338.0956143465917</xmin>
      <ymin>177.85401278409137</ymin>
      <xmax>595.2776894309306</xmax>
      <ymax>429.3699819391419</ymax>
    </bndbox>
    <attributes>
      <attribute>
        <name>track_id</name>
        <value>190</value>
      </attribute>
      <attribute>
        <name>keyframe</name>
        <value>True</value>
      </attribute>
    </attributes>
  </object>
  <object>
    <name>vehicule</name>
    <occluded>0</occluded>
    <bndbox>
      <xmin>959.6643732244326</xmin>
      <ymin>171.71363636363697</ymin>
      <xmax>1156.4001837990506</xmax>
      <ymax>375.53376631303263</ymax>
    </bndbox>
    <attributes>
      <attribute>
        <name>track_id</name>
        <value>191</value>
      </attribute>
      <attribute>
        <name>keyframe</name>
        <value>True</value>
      </attribute>
    </attributes>
  </object>
  <object>
    <name>vehicule</name>
    <occluded>0</occluded>
    <bndbox>
      <xmin>685.5550000000009</xmin>
      <ymin>99.014306640625</ymin>
      <xmax>898.2950241088868</xmax>
      <ymax>250.90058288574218</ymax>
    </bndbox>
    <attributes>
      <attribute>
        <name>track_id</name>
        <value>194</value>
      </attribute>
      <attribute>
        <name>keyframe</name>
        <value>True</value>
      </attribute>
    </attributes>
  </object>
  <object>
    <name>vehicule</name>
    <occluded>0</occluded>
    <bndbox>
      <xmin>1174.9983575994318</xmin>
      <ymin>49.945454545455995</ymin>
      <xmax>1431.4954545454557</xmax>
      <ymax>272.33174272017044</ymax>
    </bndbox>
    <attributes>
      <attribute>
        <name>track_id</name>
        <value>195</value>
      </attribute>
      <attribute>
        <name>keyframe</name>
        <value>True</value>
      </attribute>
    </attributes>
  </object>
  <object>
    <name>vehicule</name>
    <occluded>0</occluded>
    <bndbox>
      <xmin>592.40419921875</xmin>
      <ymin>0.8400000000003274</ymin>
      <xmax>861.3154742431645</xmax>
      <ymax>153.9966278076172</ymax>
    </bndbox>
    <attributes>
      <attribute>
        <name>track_id</name>
        <value>196</value>
      </attribute>
      <attribute>
        <name>keyframe</name>
        <value>True</value>
      </attribute>
    </attributes>
  </object>
</annotation>
