<annotation>
  <folder>frame</folder>
  <filename>frame_002715.jpg</filename>
  <source>
    <database>Unknown</database>
    <annotation>Unknown</annotation>
    <image>Unknown</image>
  </source>
  <size>
    <width>2456</width>
    <height>2054</height>
    <depth>3</depth>
  </size>
  <segmented>0</segmented>
  <object>
    <name>vehicule</name>
    <occluded>0</occluded>
    <bndbox>
      <xmin>1498.9000000000008</xmin>
      <ymin>615.494117647059</ymin>
      <xmax>1968.0861484303196</xmax>
      <ymax>958.9991419175092</ymax>
    </bndbox>
    <attributes>
      <attribute>
        <name>track_id</name>
        <value>277</value>
      </attribute>
      <attribute>
        <name>keyframe</name>
        <value>True</value>
      </attribute>
    </attributes>
  </object>
</annotation>
