<annotation>
  <folder>frame</folder>
  <filename>frame_002877.jpg</filename>
  <source>
    <database>Unknown</database>
    <annotation>Unknown</annotation>
    <image>Unknown</image>
  </source>
  <size>
    <width>2456</width>
    <height>2054</height>
    <depth>3</depth>
  </size>
  <segmented>0</segmented>
  <object>
    <name>vehicule</name>
    <occluded>0</occluded>
    <bndbox>
      <xmin>1947.1000000000004</xmin>
      <ymin>993.81640625</ymin>
      <xmax>2456.0</xmax>
      <ymax>1303.0207214355469</ymax>
    </bndbox>
    <attributes>
      <attribute>
        <name>track_id</name>
        <value>291</value>
      </attribute>
      <attribute>
        <name>keyframe</name>
        <value>True</value>
      </attribute>
    </attributes>
  </object>
  <object>
    <name>vehicule</name>
    <occluded>0</occluded>
    <bndbox>
      <xmin>667.1784104567307</xmin>
      <ymin>336.76915564903845</ymin>
      <xmax>821.7805680495042</xmax>
      <ymax>532.5718132605924</ymax>
    </bndbox>
    <attributes>
      <attribute>
        <name>track_id</name>
        <value>292</value>
      </attribute>
      <attribute>
        <name>keyframe</name>
        <value>True</value>
      </attribute>
    </attributes>
  </object>
  <object>
    <name>vehicule</name>
    <occluded>0</occluded>
    <bndbox>
      <xmin>1805.5</xmin>
      <ymin>1258.84765625</ymin>
      <xmax>2456.0</xmax>
      <ymax>1631.5492858886719</ymax>
    </bndbox>
    <attributes>
      <attribute>
        <name>track_id</name>
        <value>293</value>
      </attribute>
      <attribute>
        <name>keyframe</name>
        <value>True</value>
      </attribute>
    </attributes>
  </object>
  <object>
    <name>vehicule</name>
    <occluded>0</occluded>
    <bndbox>
      <xmin>747.7667410714291</xmin>
      <ymin>1638.25390625</ymin>
      <xmax>1540.0921316964284</xmax>
      <ymax>1967.5747724260602</ymax>
    </bndbox>
    <attributes>
      <attribute>
        <name>track_id</name>
        <value>294</value>
      </attribute>
      <attribute>
        <name>keyframe</name>
        <value>True</value>
      </attribute>
    </attributes>
  </object>
  <object>
    <name>vehicule</name>
    <occluded>0</occluded>
    <bndbox>
      <xmin>1149.2474888392858</xmin>
      <ymin>27.184068080357974</ymin>
      <xmax>1462.371085030692</xmax>
      <ymax>188.86139025006975</ymax>
    </bndbox>
    <attributes>
      <attribute>
        <name>track_id</name>
        <value>295</value>
      </attribute>
      <attribute>
        <name>keyframe</name>
        <value>True</value>
      </attribute>
    </attributes>
  </object>
</annotation>
