<annotation>
  <folder>frame</folder>
  <filename>frame_002785.jpg</filename>
  <source>
    <database>Unknown</database>
    <annotation>Unknown</annotation>
    <image>Unknown</image>
  </source>
  <size>
    <width>2456</width>
    <height>2054</height>
    <depth>3</depth>
  </size>
  <segmented>0</segmented>
  <object>
    <name>vehicule</name>
    <occluded>0</occluded>
    <bndbox>
      <xmin>1352.7981250000005</xmin>
      <ymin>1650.3298828125</ymin>
      <xmax>2088.455539550781</xmax>
      <ymax>1967.8132885742193</ymax>
    </bndbox>
    <attributes>
      <attribute>
        <name>track_id</name>
        <value>281</value>
      </attribute>
      <attribute>
        <name>keyframe</name>
        <value>True</value>
      </attribute>
    </attributes>
  </object>
  <object>
    <name>vehicule</name>
    <occluded>0</occluded>
    <bndbox>
      <xmin>576.115625</xmin>
      <ymin>70.04000000000124</ymin>
      <xmax>989.1400000000006</xmax>
      <ymax>308.0630126953125</ymax>
    </bndbox>
    <attributes>
      <attribute>
        <name>track_id</name>
        <value>282</value>
      </attribute>
      <attribute>
        <name>keyframe</name>
        <value>True</value>
      </attribute>
    </attributes>
  </object>
  <object>
    <name>vehicule</name>
    <occluded>0</occluded>
    <bndbox>
      <xmin>0.0</xmin>
      <ymin>1650.876953125</ymin>
      <xmax>541.8820190429688</xmax>
      <ymax>2009.7748107910156</ymax>
    </bndbox>
    <attributes>
      <attribute>
        <name>track_id</name>
        <value>283</value>
      </attribute>
      <attribute>
        <name>keyframe</name>
        <value>True</value>
      </attribute>
    </attributes>
  </object>
</annotation>
