<annotation>
  <folder>frame</folder>
  <filename>frame_002580.jpg</filename>
  <source>
    <database>Unknown</database>
    <annotation>Unknown</annotation>
    <image>Unknown</image>
  </source>
  <size>
    <width>2456</width>
    <height>2054</height>
    <depth>3</depth>
  </size>
  <segmented>0</segmented>
  <object>
    <name>vehicule</name>
    <occluded>0</occluded>
    <bndbox>
      <xmin>1160.4986213235297</xmin>
      <ymin>216.86470588235363</ymin>
      <xmax>1446.4915936638333</xmax>
      <ymax>487.8868605669807</ymax>
    </bndbox>
    <attributes>
      <attribute>
        <name>track_id</name>
        <value>260</value>
      </attribute>
      <attribute>
        <name>keyframe</name>
        <value>True</value>
      </attribute>
    </attributes>
  </object>
  <object>
    <name>vehicule</name>
    <occluded>0</occluded>
    <bndbox>
      <xmin>1372.13671875</xmin>
      <ymin>1586.8388671875</ymin>
      <xmax>2177.9038452148434</xmax>
      <ymax>1976.0927490234371</ymax>
    </bndbox>
    <attributes>
      <attribute>
        <name>track_id</name>
        <value>261</value>
      </attribute>
      <attribute>
        <name>keyframe</name>
        <value>True</value>
      </attribute>
    </attributes>
  </object>
  <object>
    <name>vehicule</name>
    <occluded>0</occluded>
    <bndbox>
      <xmin>0.0</xmin>
      <ymin>231.9091796875</ymin>
      <xmax>369.642578125</xmax>
      <ymax>488.04811096191406</ymax>
    </bndbox>
    <attributes>
      <attribute>
        <name>track_id</name>
        <value>262</value>
      </attribute>
      <attribute>
        <name>keyframe</name>
        <value>True</value>
      </attribute>
    </attributes>
  </object>
  <object>
    <name>vehicule</name>
    <occluded>0</occluded>
    <bndbox>
      <xmin>803.05029296875</xmin>
      <ymin>14.57763671875</ymin>
      <xmax>1186.794921875</xmax>
      <ymax>211.97222900390625</ymax>
    </bndbox>
    <attributes>
      <attribute>
        <name>track_id</name>
        <value>263</value>
      </attribute>
      <attribute>
        <name>keyframe</name>
        <value>True</value>
      </attribute>
    </attributes>
  </object>
</annotation>
