<annotation>
  <folder>frame</folder>
  <filename>frame_002956.jpg</filename>
  <source>
    <database>Unknown</database>
    <annotation>Unknown</annotation>
    <image>Unknown</image>
  </source>
  <size>
    <width>2456</width>
    <height>2054</height>
    <depth>3</depth>
  </size>
  <segmented>0</segmented>
  <object>
    <name>vehicule</name>
    <occluded>0</occluded>
    <bndbox>
      <xmin>614.9814618644068</xmin>
      <ymin>662.2522974046614</ymin>
      <xmax>786.1230634269068</xmax>
      <ymax>931.4156686556541</ymax>
    </bndbox>
    <attributes>
      <attribute>
        <name>track_id</name>
        <value>292</value>
      </attribute>
      <attribute>
        <name>keyframe</name>
        <value>True</value>
      </attribute>
    </attributes>
  </object>
  <object>
    <name>vehicule</name>
    <occluded>0</occluded>
    <bndbox>
      <xmin>1605.3486328125</xmin>
      <ymin>672.0185546875</ymin>
      <xmax>2072.380474853515</xmax>
      <ymax>1039.6471679687493</ymax>
    </bndbox>
    <attributes>
      <attribute>
        <name>track_id</name>
        <value>295</value>
      </attribute>
      <attribute>
        <name>keyframe</name>
        <value>True</value>
      </attribute>
    </attributes>
  </object>
  <object>
    <name>vehicule</name>
    <occluded>0</occluded>
    <bndbox>
      <xmin>1220.6523958333335</xmin>
      <ymin>616.6475260416667</ymin>
      <xmax>1573.3648413085932</xmax>
      <ymax>963.3427042643218</ymax>
    </bndbox>
    <attributes>
      <attribute>
        <name>track_id</name>
        <value>296</value>
      </attribute>
      <attribute>
        <name>keyframe</name>
        <value>True</value>
      </attribute>
    </attributes>
  </object>
  <object>
    <name>vehicule</name>
    <occluded>0</occluded>
    <bndbox>
      <xmin>887.4004755434783</xmin>
      <ymin>490.0376358695653</ymin>
      <xmax>1172.2838739809797</xmax>
      <ymax>874.9268448539392</ymax>
    </bndbox>
    <attributes>
      <attribute>
        <name>track_id</name>
        <value>301</value>
      </attribute>
      <attribute>
        <name>keyframe</name>
        <value>True</value>
      </attribute>
    </attributes>
  </object>
  <object>
    <name>vehicule</name>
    <occluded>0</occluded>
    <bndbox>
      <xmin>850.7685546875</xmin>
      <ymin>1197.8916015625</ymin>
      <xmax>1517.9171691894517</xmax>
      <ymax>1542.4335327148438</ymax>
    </bndbox>
    <attributes>
      <attribute>
        <name>track_id</name>
        <value>305</value>
      </attribute>
      <attribute>
        <name>keyframe</name>
        <value>True</value>
      </attribute>
    </attributes>
  </object>
  <object>
    <name>vehicule</name>
    <occluded>0</occluded>
    <bndbox>
      <xmin>1399.1017795138887</xmin>
      <ymin>1446.8766276041667</ymin>
      <xmax>2188.8930026584185</xmax>
      <ymax>1851.0508219401042</ymax>
    </bndbox>
    <attributes>
      <attribute>
        <name>track_id</name>
        <value>306</value>
      </attribute>
      <attribute>
        <name>keyframe</name>
        <value>True</value>
      </attribute>
    </attributes>
  </object>
  <object>
    <name>vehicule</name>
    <occluded>0</occluded>
    <bndbox>
      <xmin>1136.0032109375002</xmin>
      <ymin>131.8942578125</ymin>
      <xmax>1425.1737099609388</xmax>
      <ymax>362.88625</ymax>
    </bndbox>
    <attributes>
      <attribute>
        <name>track_id</name>
        <value>307</value>
      </attribute>
      <attribute>
        <name>keyframe</name>
        <value>True</value>
      </attribute>
    </attributes>
  </object>
  <object>
    <name>vehicule</name>
    <occluded>0</occluded>
    <bndbox>
      <xmin>793.0569196428571</xmin>
      <ymin>22.805245535714285</ymin>
      <xmax>1081.2795148577009</xmax>
      <ymax>251.44316973005022</ymax>
    </bndbox>
    <attributes>
      <attribute>
        <name>track_id</name>
        <value>308</value>
      </attribute>
      <attribute>
        <name>keyframe</name>
        <value>True</value>
      </attribute>
    </attributes>
  </object>
  <object>
    <name>vehicule</name>
    <occluded>0</occluded>
    <bndbox>
      <xmin>149.4111111111114</xmin>
      <ymin>1125.1566840277778</ymin>
      <xmax>786.0613199869792</xmax>
      <ymax>1450.5193576388897</ymax>
    </bndbox>
    <attributes>
      <attribute>
        <name>track_id</name>
        <value>309</value>
      </attribute>
      <attribute>
        <name>keyframe</name>
        <value>True</value>
      </attribute>
    </attributes>
  </object>
  <object>
    <name>vehicule</name>
    <occluded>0</occluded>
    <bndbox>
      <xmin>1259.5731977982955</xmin>
      <ymin>5.422727272727323</ymin>
      <xmax>1562.4013050426138</xmax>
      <ymax>169.265737360174</ymax>
    </bndbox>
    <attributes>
      <attribute>
        <name>track_id</name>
        <value>310</value>
      </attribute>
      <attribute>
        <name>keyframe</name>
        <value>True</value>
      </attribute>
    </attributes>
  </object>
  <object>
    <name>vehicule</name>
    <occluded>0</occluded>
    <bndbox>
      <xmin>109.77934570312527</xmin>
      <ymin>1589.146484375</ymin>
      <xmax>716.8595581054688</xmax>
      <ymax>1980.0690612792969</ymax>
    </bndbox>
    <attributes>
      <attribute>
        <name>track_id</name>
        <value>311</value>
      </attribute>
      <attribute>
        <name>keyframe</name>
        <value>True</value>
      </attribute>
    </attributes>
  </object>
</annotation>
