<annotation>
  <folder>frame</folder>
  <filename>frame_001390.jpg</filename>
  <source>
    <database>Unknown</database>
    <annotation>Unknown</annotation>
    <image>Unknown</image>
  </source>
  <size>
    <width>2456</width>
    <height>2054</height>
    <depth>3</depth>
  </size>
  <segmented>0</segmented>
  <object>
    <name>vehicule</name>
    <occluded>0</occluded>
    <bndbox>
      <xmin>0.0</xmin>
      <ymin>886.951171875</ymin>
      <xmax>3.420013427734375</xmax>
      <ymax>1051.8936004638672</ymax>
    </bndbox>
    <attributes>
      <attribute>
        <name>track_id</name>
        <value>21</value>
      </attribute>
      <attribute>
        <name>keyframe</name>
        <value>True</value>
      </attribute>
    </attributes>
  </object>
  <object>
    <name>vehicule</name>
    <occluded>0</occluded>
    <bndbox>
      <xmin>985.2137411794355</xmin>
      <ymin>1010.1624716481855</ymin>
      <xmax>1455.4249838552166</xmax>
      <ymax>1377.4663534841218</ymax>
    </bndbox>
    <attributes>
      <attribute>
        <name>track_id</name>
        <value>46</value>
      </attribute>
      <attribute>
        <name>keyframe</name>
        <value>True</value>
      </attribute>
    </attributes>
  </object>
  <object>
    <name>vehicule</name>
    <occluded>0</occluded>
    <bndbox>
      <xmin>509.11920362903226</xmin>
      <ymin>1071.5115927419354</ymin>
      <xmax>1034.3859518995464</xmax>
      <ymax>1395.3158237176044</ymax>
    </bndbox>
    <attributes>
      <attribute>
        <name>track_id</name>
        <value>48</value>
      </attribute>
      <attribute>
        <name>keyframe</name>
        <value>True</value>
      </attribute>
    </attributes>
  </object>
  <object>
    <name>vehicule</name>
    <occluded>0</occluded>
    <bndbox>
      <xmin>136.8817099294355</xmin>
      <ymin>920.9832881804435</ymin>
      <xmax>564.8729472084249</xmax>
      <ymax>1174.7600841465023</ymax>
    </bndbox>
    <attributes>
      <attribute>
        <name>track_id</name>
        <value>50</value>
      </attribute>
      <attribute>
        <name>keyframe</name>
        <value>True</value>
      </attribute>
    </attributes>
  </object>
  <object>
    <name>vehicule</name>
    <occluded>0</occluded>
    <bndbox>
      <xmin>1131.1109095982142</xmin>
      <ymin>974.1487165178571</ymin>
      <xmax>1630.655276053291</xmax>
      <ymax>1202.7197522844583</ymax>
    </bndbox>
    <attributes>
      <attribute>
        <name>track_id</name>
        <value>56</value>
      </attribute>
      <attribute>
        <name>keyframe</name>
        <value>True</value>
      </attribute>
    </attributes>
  </object>
  <object>
    <name>vehicule</name>
    <occluded>0</occluded>
    <bndbox>
      <xmin>624.4001071068549</xmin>
      <ymin>829.7777532762096</ymin>
      <xmax>1037.818063434406</xmax>
      <ymax>1092.215835302675</ymax>
    </bndbox>
    <attributes>
      <attribute>
        <name>track_id</name>
        <value>57</value>
      </attribute>
      <attribute>
        <name>keyframe</name>
        <value>True</value>
      </attribute>
    </attributes>
  </object>
  <object>
    <name>vehicule</name>
    <occluded>0</occluded>
    <bndbox>
      <xmin>78.42990362448771</xmin>
      <ymin>777.047155161373</ymin>
      <xmax>499.1299036244884</xmax>
      <ymax>995.2146874514034</ymax>
    </bndbox>
    <attributes>
      <attribute>
        <name>track_id</name>
        <value>59</value>
      </attribute>
      <attribute>
        <name>keyframe</name>
        <value>True</value>
      </attribute>
    </attributes>
  </object>
  <object>
    <name>vehicule</name>
    <occluded>0</occluded>
    <bndbox>
      <xmin>995.1000000000004</xmin>
      <ymin>617.5500000000002</ymin>
      <xmax>1465.4402465820312</xmax>
      <ymax>856.0310516357422</ymax>
    </bndbox>
    <attributes>
      <attribute>
        <name>track_id</name>
        <value>109</value>
      </attribute>
      <attribute>
        <name>keyframe</name>
        <value>True</value>
      </attribute>
    </attributes>
  </object>
  <object>
    <name>vehicule</name>
    <occluded>0</occluded>
    <bndbox>
      <xmin>1213.7939453125</xmin>
      <ymin>817.8498046875002</ymin>
      <xmax>1611.250000000001</xmax>
      <ymax>1029.9695297241215</ymax>
    </bndbox>
    <attributes>
      <attribute>
        <name>track_id</name>
        <value>110</value>
      </attribute>
      <attribute>
        <name>keyframe</name>
        <value>True</value>
      </attribute>
    </attributes>
  </object>
</annotation>
