<annotation>
  <folder>frame</folder>
  <filename>frame_000032.jpg</filename>
  <source>
    <database>Unknown</database>
    <annotation>Unknown</annotation>
    <image>Unknown</image>
  </source>
  <size>
    <width>2456</width>
    <height>2054</height>
    <depth>3</depth>
  </size>
  <segmented>0</segmented>
  <object>
    <name>vehicule</name>
    <occluded>0</occluded>
    <bndbox>
      <xmin>452.0312988281253</xmin>
      <ymin>493.307861328125</ymin>
      <xmax>807.9025619506833</xmax>
      <ymax>679.9959655761704</ymax>
    </bndbox>
    <attributes>
      <attribute>
        <name>track_id</name>
        <value>0</value>
      </attribute>
      <attribute>
        <name>keyframe</name>
        <value>True</value>
      </attribute>
    </attributes>
  </object>
  <object>
    <name>vehicule</name>
    <occluded>0</occluded>
    <bndbox>
      <xmin>34.184615384616755</xmin>
      <ymin>703.0942007211538</ymin>
      <xmax>447.0175053523137</xmax>
      <ymax>911.3679628812349</ymax>
    </bndbox>
    <attributes>
      <attribute>
        <name>track_id</name>
        <value>1</value>
      </attribute>
      <attribute>
        <name>keyframe</name>
        <value>True</value>
      </attribute>
    </attributes>
  </object>
  <object>
    <name>vehicule</name>
    <occluded>0</occluded>
    <bndbox>
      <xmin>1043.6180664062504</xmin>
      <ymin>730.5796875000001</ymin>
      <xmax>1485.5675872802726</xmax>
      <ymax>982.6492004394531</ymax>
    </bndbox>
    <attributes>
      <attribute>
        <name>track_id</name>
        <value>2</value>
      </attribute>
      <attribute>
        <name>keyframe</name>
        <value>True</value>
      </attribute>
    </attributes>
  </object>
  <object>
    <name>vehicule</name>
    <occluded>0</occluded>
    <bndbox>
      <xmin>47.666736778846825</xmin>
      <ymin>1008.8032602163462</ymin>
      <xmax>471.4346285306491</xmax>
      <ymax>1266.387783578726</ymax>
    </bndbox>
    <attributes>
      <attribute>
        <name>track_id</name>
        <value>3</value>
      </attribute>
      <attribute>
        <name>keyframe</name>
        <value>True</value>
      </attribute>
    </attributes>
  </object>
  <object>
    <name>vehicule</name>
    <occluded>0</occluded>
    <bndbox>
      <xmin>2036.8755859375</xmin>
      <ymin>863.6041503906254</ymin>
      <xmax>2392.752166748047</xmax>
      <ymax>1059.6736297607422</ymax>
    </bndbox>
    <attributes>
      <attribute>
        <name>track_id</name>
        <value>4</value>
      </attribute>
      <attribute>
        <name>keyframe</name>
        <value>True</value>
      </attribute>
    </attributes>
  </object>
  <object>
    <name>vehicule</name>
    <occluded>0</occluded>
    <bndbox>
      <xmin>1572.3591198979593</xmin>
      <ymin>1092.4001275510213</ymin>
      <xmax>2160.8193005620215</xmax>
      <ymax>1416.0120599240668</ymax>
    </bndbox>
    <attributes>
      <attribute>
        <name>track_id</name>
        <value>328</value>
      </attribute>
      <attribute>
        <name>keyframe</name>
        <value>True</value>
      </attribute>
    </attributes>
  </object>
  <object>
    <name>vehicule</name>
    <occluded>0</occluded>
    <bndbox>
      <xmin>0.0</xmin>
      <ymin>557.099609375</ymin>
      <xmax>327.3093566894531</xmax>
      <ymax>731.3453552246083</ymax>
    </bndbox>
    <attributes>
      <attribute>
        <name>track_id</name>
        <value>329</value>
      </attribute>
      <attribute>
        <name>keyframe</name>
        <value>True</value>
      </attribute>
    </attributes>
  </object>
  <object>
    <name>vehicule</name>
    <occluded>0</occluded>
    <bndbox>
      <xmin>699.5469025088028</xmin>
      <ymin>1020.4256987235915</ymin>
      <xmax>1187.299047807352</xmax>
      <ymax>1349.4151605097709</ymax>
    </bndbox>
    <attributes>
      <attribute>
        <name>track_id</name>
        <value>330</value>
      </attribute>
      <attribute>
        <name>keyframe</name>
        <value>True</value>
      </attribute>
    </attributes>
  </object>
  <object>
    <name>vehicule</name>
    <occluded>0</occluded>
    <bndbox>
      <xmin>809.5394381009615</xmin>
      <ymin>907.2878605769231</ymin>
      <xmax>1279.8690584622896</xmax>
      <ymax>1174.9419438288762</ymax>
    </bndbox>
    <attributes>
      <attribute>
        <name>track_id</name>
        <value>331</value>
      </attribute>
      <attribute>
        <name>keyframe</name>
        <value>True</value>
      </attribute>
    </attributes>
  </object>
  <object>
    <name>vehicule</name>
    <occluded>0</occluded>
    <bndbox>
      <xmin>26.902965198863637</xmin>
      <ymin>820.7478693181819</ymin>
      <xmax>403.46964610706675</xmax>
      <ymax>1075.9418085271661</ymax>
    </bndbox>
    <attributes>
      <attribute>
        <name>track_id</name>
        <value>332</value>
      </attribute>
      <attribute>
        <name>keyframe</name>
        <value>True</value>
      </attribute>
    </attributes>
  </object>
  <object>
    <name>vehicule</name>
    <occluded>0</occluded>
    <bndbox>
      <xmin>1402.2250000000008</xmin>
      <ymin>1577.909130859376</ymin>
      <xmax>2010.7366943359375</xmax>
      <ymax>1966.8596862792965</ymax>
    </bndbox>
    <attributes>
      <attribute>
        <name>track_id</name>
        <value>333</value>
      </attribute>
      <attribute>
        <name>keyframe</name>
        <value>True</value>
      </attribute>
    </attributes>
  </object>
</annotation>
