<annotation>
  <folder>frame</folder>
  <filename>frame_002185.jpg</filename>
  <source>
    <database>Unknown</database>
    <annotation>Unknown</annotation>
    <image>Unknown</image>
  </source>
  <size>
    <width>2456</width>
    <height>2054</height>
    <depth>3</depth>
  </size>
  <segmented>0</segmented>
  <object>
    <name>vehicule</name>
    <occluded>0</occluded>
    <bndbox>
      <xmin>1656.1000000000013</xmin>
      <ymin>977.2500000000009</ymin>
      <xmax>2328.4774475097656</xmax>
      <ymax>1411.5563049316406</ymax>
    </bndbox>
    <attributes>
      <attribute>
        <name>track_id</name>
        <value>204</value>
      </attribute>
      <attribute>
        <name>keyframe</name>
        <value>True</value>
      </attribute>
    </attributes>
  </object>
  <object>
    <name>vehicule</name>
    <occluded>0</occluded>
    <bndbox>
      <xmin>1187.6333333333348</xmin>
      <ymin>693.2500000000007</ymin>
      <xmax>1728.8883158365886</xmax>
      <ymax>1069.1866353352864</ymax>
    </bndbox>
    <attributes>
      <attribute>
        <name>track_id</name>
        <value>209</value>
      </attribute>
      <attribute>
        <name>keyframe</name>
        <value>True</value>
      </attribute>
    </attributes>
  </object>
  <object>
    <name>vehicule</name>
    <occluded>0</occluded>
    <bndbox>
      <xmin>871.1765950520845</xmin>
      <ymin>427.53333333333376</ymin>
      <xmax>1187.2364908854167</xmax>
      <ymax>742.0369415283203</ymax>
    </bndbox>
    <attributes>
      <attribute>
        <name>track_id</name>
        <value>210</value>
      </attribute>
      <attribute>
        <name>keyframe</name>
        <value>True</value>
      </attribute>
    </attributes>
  </object>
  <object>
    <name>vehicule</name>
    <occluded>0</occluded>
    <bndbox>
      <xmin>925.9333333333337</xmin>
      <ymin>908.4666666666669</ymin>
      <xmax>1509.3673858642578</xmax>
      <ymax>1406.91845703125</ymax>
    </bndbox>
    <attributes>
      <attribute>
        <name>track_id</name>
        <value>211</value>
      </attribute>
      <attribute>
        <name>keyframe</name>
        <value>True</value>
      </attribute>
    </attributes>
  </object>
  <object>
    <name>vehicule</name>
    <occluded>0</occluded>
    <bndbox>
      <xmin>99.22216796875</xmin>
      <ymin>265.9094726562507</ymin>
      <xmax>489.6072265625007</xmax>
      <ymax>536.3610809326165</ymax>
    </bndbox>
    <attributes>
      <attribute>
        <name>track_id</name>
        <value>212</value>
      </attribute>
      <attribute>
        <name>keyframe</name>
        <value>True</value>
      </attribute>
    </attributes>
  </object>
  <object>
    <name>vehicule</name>
    <occluded>0</occluded>
    <bndbox>
      <xmin>1151.3653971354167</xmin>
      <ymin>0.35921223958333326</ymin>
      <xmax>1454.1113739013679</xmax>
      <ymax>259.364985148112</ymax>
    </bndbox>
    <attributes>
      <attribute>
        <name>track_id</name>
        <value>213</value>
      </attribute>
      <attribute>
        <name>keyframe</name>
        <value>True</value>
      </attribute>
    </attributes>
  </object>
  <object>
    <name>vehicule</name>
    <occluded>0</occluded>
    <bndbox>
      <xmin>0.0</xmin>
      <ymin>1553.6982421875</ymin>
      <xmax>620.8384704589844</xmax>
      <ymax>1929.2000000000007</ymax>
    </bndbox>
    <attributes>
      <attribute>
        <name>track_id</name>
        <value>214</value>
      </attribute>
      <attribute>
        <name>keyframe</name>
        <value>True</value>
      </attribute>
    </attributes>
  </object>
</annotation>
