<annotation>
  <folder>frame</folder>
  <filename>frame_002072.jpg</filename>
  <source>
    <database>Unknown</database>
    <annotation>Unknown</annotation>
    <image>Unknown</image>
  </source>
  <size>
    <width>2456</width>
    <height>2054</height>
    <depth>3</depth>
  </size>
  <segmented>0</segmented>
  <object>
    <name>vehicule</name>
    <occluded>0</occluded>
    <bndbox>
      <xmin>1417.2000000000007</xmin>
      <ymin>808.8000000000011</ymin>
      <xmax>2052.0158081054688</xmax>
      <ymax>1209.1476440429688</ymax>
    </bndbox>
    <attributes>
      <attribute>
        <name>track_id</name>
        <value>162</value>
      </attribute>
      <attribute>
        <name>keyframe</name>
        <value>True</value>
      </attribute>
    </attributes>
  </object>
  <object>
    <name>vehicule</name>
    <occluded>0</occluded>
    <bndbox>
      <xmin>2098.7666015625</xmin>
      <ymin>822.55078125</ymin>
      <xmax>2456.0</xmax>
      <ymax>1162.2251647949215</ymax>
    </bndbox>
    <attributes>
      <attribute>
        <name>track_id</name>
        <value>180</value>
      </attribute>
      <attribute>
        <name>keyframe</name>
        <value>True</value>
      </attribute>
    </attributes>
  </object>
  <object>
    <name>vehicule</name>
    <occluded>0</occluded>
    <bndbox>
      <xmin>906.3000000000011</xmin>
      <ymin>557.6000000000004</ymin>
      <xmax>1331.45703125</xmax>
      <ymax>894.4232482910156</ymax>
    </bndbox>
    <attributes>
      <attribute>
        <name>track_id</name>
        <value>183</value>
      </attribute>
      <attribute>
        <name>keyframe</name>
        <value>True</value>
      </attribute>
    </attributes>
  </object>
  <object>
    <name>vehicule</name>
    <occluded>0</occluded>
    <bndbox>
      <xmin>881.4000000000015</xmin>
      <ymin>855.8000000000011</ymin>
      <xmax>1433.6423950195312</xmax>
      <ymax>1247.806884765625</ymax>
    </bndbox>
    <attributes>
      <attribute>
        <name>track_id</name>
        <value>187</value>
      </attribute>
      <attribute>
        <name>keyframe</name>
        <value>True</value>
      </attribute>
    </attributes>
  </object>
  <object>
    <name>vehicule</name>
    <occluded>0</occluded>
    <bndbox>
      <xmin>2198.326171875</xmin>
      <ymin>1214.732421875</ymin>
      <xmax>2456.0</xmax>
      <ymax>1518.3228454589844</ymax>
    </bndbox>
    <attributes>
      <attribute>
        <name>track_id</name>
        <value>189</value>
      </attribute>
      <attribute>
        <name>keyframe</name>
        <value>True</value>
      </attribute>
    </attributes>
  </object>
  <object>
    <name>vehicule</name>
    <occluded>0</occluded>
    <bndbox>
      <xmin>423.2000000000007</xmin>
      <ymin>518.9000000000015</ymin>
      <xmax>746.1070404052734</xmax>
      <ymax>864.0624084472656</ymax>
    </bndbox>
    <attributes>
      <attribute>
        <name>track_id</name>
        <value>190</value>
      </attribute>
      <attribute>
        <name>keyframe</name>
        <value>True</value>
      </attribute>
    </attributes>
  </object>
  <object>
    <name>vehicule</name>
    <occluded>0</occluded>
    <bndbox>
      <xmin>1538.6000000000004</xmin>
      <ymin>590.7000000000007</ymin>
      <xmax>2024.4041137695312</xmax>
      <ymax>916.5164794921875</ymax>
    </bndbox>
    <attributes>
      <attribute>
        <name>track_id</name>
        <value>191</value>
      </attribute>
      <attribute>
        <name>keyframe</name>
        <value>True</value>
      </attribute>
    </attributes>
  </object>
  <object>
    <name>vehicule</name>
    <occluded>0</occluded>
    <bndbox>
      <xmin>745.1000000000004</xmin>
      <ymin>355.5</ymin>
      <xmax>1037.7134857177734</xmax>
      <ymax>609.5228118896484</ymax>
    </bndbox>
    <attributes>
      <attribute>
        <name>track_id</name>
        <value>194</value>
      </attribute>
      <attribute>
        <name>keyframe</name>
        <value>True</value>
      </attribute>
    </attributes>
  </object>
  <object>
    <name>vehicule</name>
    <occluded>0</occluded>
    <bndbox>
      <xmin>1211.6000000000004</xmin>
      <ymin>327.90000000000146</ymin>
      <xmax>1534.6324157714844</xmax>
      <ymax>620.5628967285156</ymax>
    </bndbox>
    <attributes>
      <attribute>
        <name>track_id</name>
        <value>195</value>
      </attribute>
      <attribute>
        <name>keyframe</name>
        <value>True</value>
      </attribute>
    </attributes>
  </object>
  <object>
    <name>vehicule</name>
    <occluded>0</occluded>
    <bndbox>
      <xmin>427.587890625</xmin>
      <ymin>281.60000000000036</ymin>
      <xmax>673.3414062500015</xmax>
      <ymax>546.0243682861328</ymax>
    </bndbox>
    <attributes>
      <attribute>
        <name>track_id</name>
        <value>196</value>
      </attribute>
      <attribute>
        <name>keyframe</name>
        <value>True</value>
      </attribute>
    </attributes>
  </object>
  <object>
    <name>vehicule</name>
    <occluded>0</occluded>
    <bndbox>
      <xmin>876.4395345052084</xmin>
      <ymin>159.71595052083376</ymin>
      <xmax>1135.9503072102864</xmax>
      <ymax>393.72200520833303</ymax>
    </bndbox>
    <attributes>
      <attribute>
        <name>track_id</name>
        <value>198</value>
      </attribute>
      <attribute>
        <name>keyframe</name>
        <value>True</value>
      </attribute>
    </attributes>
  </object>
  <object>
    <name>vehicule</name>
    <occluded>0</occluded>
    <bndbox>
      <xmin>1117.73046875</xmin>
      <ymin>77.30000000000109</ymin>
      <xmax>1410.4000000000015</xmax>
      <ymax>286.5132141113281</ymax>
    </bndbox>
    <attributes>
      <attribute>
        <name>track_id</name>
        <value>199</value>
      </attribute>
      <attribute>
        <name>keyframe</name>
        <value>True</value>
      </attribute>
    </attributes>
  </object>
  <object>
    <name>vehicule</name>
    <occluded>0</occluded>
    <bndbox>
      <xmin>1728.2001953125</xmin>
      <ymin>1385.300000000001</ymin>
      <xmax>2346.2683837890618</xmax>
      <ymax>1655.8468017578125</ymax>
    </bndbox>
    <attributes>
      <attribute>
        <name>track_id</name>
        <value>201</value>
      </attribute>
      <attribute>
        <name>keyframe</name>
        <value>True</value>
      </attribute>
    </attributes>
  </object>
  <object>
    <name>vehicule</name>
    <occluded>0</occluded>
    <bndbox>
      <xmin>1601.300000000001</xmin>
      <ymin>1622.6962890625</ymin>
      <xmax>2324.2553100585938</xmax>
      <ymax>1959.5295104980469</ymax>
    </bndbox>
    <attributes>
      <attribute>
        <name>track_id</name>
        <value>202</value>
      </attribute>
      <attribute>
        <name>keyframe</name>
        <value>True</value>
      </attribute>
    </attributes>
  </object>
  <object>
    <name>vehicule</name>
    <occluded>0</occluded>
    <bndbox>
      <xmin>772.9873046875</xmin>
      <ymin>1404.6318359375</ymin>
      <xmax>1507.0420288085934</xmax>
      <ymax>1777.3189086914062</ymax>
    </bndbox>
    <attributes>
      <attribute>
        <name>track_id</name>
        <value>203</value>
      </attribute>
      <attribute>
        <name>keyframe</name>
        <value>True</value>
      </attribute>
    </attributes>
  </object>
  <object>
    <name>vehicule</name>
    <occluded>0</occluded>
    <bndbox>
      <xmin>894.1552734375</xmin>
      <ymin>0.0</ymin>
      <xmax>1228.2063598632812</xmax>
      <ymax>126.38917541503906</ymax>
    </bndbox>
    <attributes>
      <attribute>
        <name>track_id</name>
        <value>204</value>
      </attribute>
      <attribute>
        <name>keyframe</name>
        <value>True</value>
      </attribute>
    </attributes>
  </object>
  <object>
    <name>vehicule</name>
    <occluded>0</occluded>
    <bndbox>
      <xmin>1305.5068359375</xmin>
      <ymin>4.916015625</ymin>
      <xmax>1656.1224060058594</xmax>
      <ymax>126.3891372680664</ymax>
    </bndbox>
    <attributes>
      <attribute>
        <name>track_id</name>
        <value>205</value>
      </attribute>
      <attribute>
        <name>keyframe</name>
        <value>True</value>
      </attribute>
    </attributes>
  </object>
</annotation>
