<annotation>
  <folder>frame</folder>
  <filename>frame_002950.jpg</filename>
  <source>
    <database>Unknown</database>
    <annotation>Unknown</annotation>
    <image>Unknown</image>
  </source>
  <size>
    <width>2456</width>
    <height>2054</height>
    <depth>3</depth>
  </size>
  <segmented>0</segmented>
  <object>
    <name>vehicule</name>
    <occluded>0</occluded>
    <bndbox>
      <xmin>613.9707693326271</xmin>
      <ymin>658.2091896186444</ymin>
      <xmax>785.1123708951271</xmax>
      <ymax>926.3621069956632</ymax>
    </bndbox>
    <attributes>
      <attribute>
        <name>track_id</name>
        <value>292</value>
      </attribute>
      <attribute>
        <name>keyframe</name>
        <value>True</value>
      </attribute>
    </attributes>
  </object>
  <object>
    <name>vehicule</name>
    <occluded>0</occluded>
    <bndbox>
      <xmin>1605.3486328125</xmin>
      <ymin>672.0185546875</ymin>
      <xmax>2072.380474853515</xmax>
      <ymax>1039.6471679687493</ymax>
    </bndbox>
    <attributes>
      <attribute>
        <name>track_id</name>
        <value>295</value>
      </attribute>
      <attribute>
        <name>keyframe</name>
        <value>True</value>
      </attribute>
    </attributes>
  </object>
  <object>
    <name>vehicule</name>
    <occluded>0</occluded>
    <bndbox>
      <xmin>1221.5404947916668</xmin>
      <ymin>611.7884114583334</ymin>
      <xmax>1564.5304687499993</xmax>
      <ymax>958.4835896809885</ymax>
    </bndbox>
    <attributes>
      <attribute>
        <name>track_id</name>
        <value>296</value>
      </attribute>
      <attribute>
        <name>keyframe</name>
        <value>True</value>
      </attribute>
    </attributes>
  </object>
  <object>
    <name>vehicule</name>
    <occluded>0</occluded>
    <bndbox>
      <xmin>1862.7255859375</xmin>
      <ymin>968.978515625</ymin>
      <xmax>2456.0</xmax>
      <ymax>1289.217364501952</ymax>
    </bndbox>
    <attributes>
      <attribute>
        <name>track_id</name>
        <value>297</value>
      </attribute>
      <attribute>
        <name>keyframe</name>
        <value>True</value>
      </attribute>
    </attributes>
  </object>
  <object>
    <name>vehicule</name>
    <occluded>0</occluded>
    <bndbox>
      <xmin>882.215183423913</xmin>
      <ymin>429.5411684782613</ymin>
      <xmax>1167.0985818614145</xmax>
      <ymax>814.4303774626352</ymax>
    </bndbox>
    <attributes>
      <attribute>
        <name>track_id</name>
        <value>301</value>
      </attribute>
      <attribute>
        <name>keyframe</name>
        <value>True</value>
      </attribute>
    </attributes>
  </object>
  <object>
    <name>vehicule</name>
    <occluded>0</occluded>
    <bndbox>
      <xmin>1712.4225585937502</xmin>
      <ymin>1191.615234375</ymin>
      <xmax>2358.3364929199215</xmax>
      <ymax>1565.9246093750007</ymax>
    </bndbox>
    <attributes>
      <attribute>
        <name>track_id</name>
        <value>303</value>
      </attribute>
      <attribute>
        <name>keyframe</name>
        <value>True</value>
      </attribute>
    </attributes>
  </object>
  <object>
    <name>vehicule</name>
    <occluded>0</occluded>
    <bndbox>
      <xmin>0.0</xmin>
      <ymin>301.51708984375</ymin>
      <xmax>264.6667968750007</xmax>
      <ymax>563.8032379150391</ymax>
    </bndbox>
    <attributes>
      <attribute>
        <name>track_id</name>
        <value>304</value>
      </attribute>
      <attribute>
        <name>keyframe</name>
        <value>True</value>
      </attribute>
    </attributes>
  </object>
  <object>
    <name>vehicule</name>
    <occluded>0</occluded>
    <bndbox>
      <xmin>520.8037109375</xmin>
      <ymin>1201.8671875</ymin>
      <xmax>1187.9523254394517</xmax>
      <ymax>1546.4091186523438</ymax>
    </bndbox>
    <attributes>
      <attribute>
        <name>track_id</name>
        <value>305</value>
      </attribute>
      <attribute>
        <name>keyframe</name>
        <value>True</value>
      </attribute>
    </attributes>
  </object>
  <object>
    <name>vehicule</name>
    <occluded>0</occluded>
    <bndbox>
      <xmin>849.1597222222222</xmin>
      <ymin>1457.9195963541667</ymin>
      <xmax>1638.950945366752</xmax>
      <ymax>1862.0937906901042</ymax>
    </bndbox>
    <attributes>
      <attribute>
        <name>track_id</name>
        <value>306</value>
      </attribute>
      <attribute>
        <name>keyframe</name>
        <value>True</value>
      </attribute>
    </attributes>
  </object>
  <object>
    <name>vehicule</name>
    <occluded>0</occluded>
    <bndbox>
      <xmin>1155.2666015625</xmin>
      <ymin>56.364388020834056</ymin>
      <xmax>1426.9400390625015</xmax>
      <ymax>254.59053548177081</ymax>
    </bndbox>
    <attributes>
      <attribute>
        <name>track_id</name>
        <value>307</value>
      </attribute>
      <attribute>
        <name>keyframe</name>
        <value>True</value>
      </attribute>
    </attributes>
  </object>
  <object>
    <name>vehicule</name>
    <occluded>0</occluded>
    <bndbox>
      <xmin>902.9345703125</xmin>
      <ymin>5.018229166666666</ymin>
      <xmax>1191.1571655273438</xmax>
      <ymax>178.40143330891928</ymax>
    </bndbox>
    <attributes>
      <attribute>
        <name>track_id</name>
        <value>308</value>
      </attribute>
      <attribute>
        <name>keyframe</name>
        <value>True</value>
      </attribute>
    </attributes>
  </object>
  <object>
    <name>vehicule</name>
    <occluded>0</occluded>
    <bndbox>
      <xmin>21.344444444444484</xmin>
      <ymin>1149.450954861111</ymin>
      <xmax>437.1023356119792</xmax>
      <ymax>1457.1774305555557</ymax>
    </bndbox>
    <attributes>
      <attribute>
        <name>track_id</name>
        <value>309</value>
      </attribute>
      <attribute>
        <name>keyframe</name>
        <value>True</value>
      </attribute>
    </attributes>
  </object>
</annotation>
