<annotation>
  <folder>frame</folder>
  <filename>frame_001913.jpg</filename>
  <source>
    <database>Unknown</database>
    <annotation>Unknown</annotation>
    <image>Unknown</image>
  </source>
  <size>
    <width>2456</width>
    <height>2054</height>
    <depth>3</depth>
  </size>
  <segmented>0</segmented>
  <object>
    <name>vehicule</name>
    <occluded>0</occluded>
    <bndbox>
      <xmin>1498.9650829081634</xmin>
      <ymin>630.9617745535714</ymin>
      <xmax>1985.2282444545208</xmax>
      <ymax>980.3657907914151</ymax>
    </bndbox>
    <attributes>
      <attribute>
        <name>track_id</name>
        <value>139</value>
      </attribute>
      <attribute>
        <name>keyframe</name>
        <value>True</value>
      </attribute>
    </attributes>
  </object>
  <object>
    <name>vehicule</name>
    <occluded>0</occluded>
    <bndbox>
      <xmin>1279.7078000332447</xmin>
      <ymin>715.4521899933511</ymin>
      <xmax>1406.7024213101001</xmax>
      <ymax>958.3844257111245</ymax>
    </bndbox>
    <attributes>
      <attribute>
        <name>track_id</name>
        <value>142</value>
      </attribute>
      <attribute>
        <name>keyframe</name>
        <value>True</value>
      </attribute>
    </attributes>
  </object>
  <object>
    <name>vehicule</name>
    <occluded>0</occluded>
    <bndbox>
      <xmin>1209.71681898585</xmin>
      <ymin>339.1298177083339</ymin>
      <xmax>1520.4335771284766</xmax>
      <ymax>660.027742743342</ymax>
    </bndbox>
    <attributes>
      <attribute>
        <name>track_id</name>
        <value>149</value>
      </attribute>
      <attribute>
        <name>keyframe</name>
        <value>True</value>
      </attribute>
    </attributes>
  </object>
  <object>
    <name>vehicule</name>
    <occluded>0</occluded>
    <bndbox>
      <xmin>1148.0647786458333</xmin>
      <ymin>132.83809523809603</ymin>
      <xmax>1355.9619047619053</xmax>
      <ymax>357.13651384626115</ymax>
    </bndbox>
    <attributes>
      <attribute>
        <name>track_id</name>
        <value>155</value>
      </attribute>
      <attribute>
        <name>keyframe</name>
        <value>True</value>
      </attribute>
    </attributes>
  </object>
  <object>
    <name>vehicule</name>
    <occluded>0</occluded>
    <bndbox>
      <xmin>775.9800000000007</xmin>
      <ymin>676.880000000001</ymin>
      <xmax>1119.4385559082032</xmax>
      <ymax>1024.1896545410157</ymax>
    </bndbox>
    <attributes>
      <attribute>
        <name>track_id</name>
        <value>158</value>
      </attribute>
      <attribute>
        <name>keyframe</name>
        <value>True</value>
      </attribute>
    </attributes>
  </object>
  <object>
    <name>vehicule</name>
    <occluded>0</occluded>
    <bndbox>
      <xmin>988.7132352941177</xmin>
      <ymin>478.13581399356616</ymin>
      <xmax>1319.6769265567555</xmax>
      <ymax>814.896739286535</ymax>
    </bndbox>
    <attributes>
      <attribute>
        <name>track_id</name>
        <value>161</value>
      </attribute>
      <attribute>
        <name>keyframe</name>
        <value>True</value>
      </attribute>
    </attributes>
  </object>
  <object>
    <name>vehicule</name>
    <occluded>0</occluded>
    <bndbox>
      <xmin>594.37890625</xmin>
      <ymin>224.26932347074467</ymin>
      <xmax>845.5670104980454</xmax>
      <ymax>492.0672055508228</ymax>
    </bndbox>
    <attributes>
      <attribute>
        <name>track_id</name>
        <value>162</value>
      </attribute>
      <attribute>
        <name>keyframe</name>
        <value>True</value>
      </attribute>
    </attributes>
  </object>
  <object>
    <name>vehicule</name>
    <occluded>0</occluded>
    <bndbox>
      <xmin>418.26000000000056</xmin>
      <ymin>678.0000000000015</ymin>
      <xmax>774.9351135253906</xmax>
      <ymax>1068.9098999023438</ymax>
    </bndbox>
    <attributes>
      <attribute>
        <name>track_id</name>
        <value>167</value>
      </attribute>
      <attribute>
        <name>keyframe</name>
        <value>True</value>
      </attribute>
    </attributes>
  </object>
  <object>
    <name>vehicule</name>
    <occluded>0</occluded>
    <bndbox>
      <xmin>1215.505859375</xmin>
      <ymin>23.68103298611111</ymin>
      <xmax>1470.1300572374137</xmax>
      <ymax>154.54828643798828</ymax>
    </bndbox>
    <attributes>
      <attribute>
        <name>track_id</name>
        <value>173</value>
      </attribute>
      <attribute>
        <name>keyframe</name>
        <value>True</value>
      </attribute>
    </attributes>
  </object>
  <object>
    <name>vehicule</name>
    <occluded>0</occluded>
    <bndbox>
      <xmin>189.0560546875</xmin>
      <ymin>405.27765625000063</ymin>
      <xmax>454.6353906250006</xmax>
      <ymax>675.228613891601</ymax>
    </bndbox>
    <attributes>
      <attribute>
        <name>track_id</name>
        <value>174</value>
      </attribute>
      <attribute>
        <name>keyframe</name>
        <value>True</value>
      </attribute>
    </attributes>
  </object>
  <object>
    <name>vehicule</name>
    <occluded>0</occluded>
    <bndbox>
      <xmin>858.8703634510874</xmin>
      <ymin>200.0964164402178</ymin>
      <xmax>1077.239231142791</xmax>
      <ymax>455.8309971021565</ymax>
    </bndbox>
    <attributes>
      <attribute>
        <name>track_id</name>
        <value>178</value>
      </attribute>
      <attribute>
        <name>keyframe</name>
        <value>True</value>
      </attribute>
    </attributes>
  </object>
  <object>
    <name>vehicule</name>
    <occluded>0</occluded>
    <bndbox>
      <xmin>374.53196614583334</xmin>
      <ymin>136.3031510416667</ymin>
      <xmax>645.131947835286</xmax>
      <ymax>356.8199505615228</ymax>
    </bndbox>
    <attributes>
      <attribute>
        <name>track_id</name>
        <value>179</value>
      </attribute>
      <attribute>
        <name>keyframe</name>
        <value>True</value>
      </attribute>
    </attributes>
  </object>
  <object>
    <name>vehicule</name>
    <occluded>0</occluded>
    <bndbox>
      <xmin>968.0994225543479</xmin>
      <ymin>52.17408288043478</ymin>
      <xmax>1220.6672469429348</xmax>
      <ymax>238.45133905825406</ymax>
    </bndbox>
    <attributes>
      <attribute>
        <name>track_id</name>
        <value>180</value>
      </attribute>
      <attribute>
        <name>keyframe</name>
        <value>True</value>
      </attribute>
    </attributes>
  </object>
  <object>
    <name>vehicule</name>
    <occluded>0</occluded>
    <bndbox>
      <xmin>339.23000000000104</xmin>
      <ymin>1613.330859375</ymin>
      <xmax>1170.781512451172</xmax>
      <ymax>1977.7502319335938</ymax>
    </bndbox>
    <attributes>
      <attribute>
        <name>track_id</name>
        <value>181</value>
      </attribute>
      <attribute>
        <name>keyframe</name>
        <value>True</value>
      </attribute>
    </attributes>
  </object>
  <object>
    <name>vehicule</name>
    <occluded>0</occluded>
    <bndbox>
      <xmin>353.7568359375</xmin>
      <ymin>35.04179687500021</ymin>
      <xmax>674.004150390625</xmax>
      <ymax>177.81858389718192</ymax>
    </bndbox>
    <attributes>
      <attribute>
        <name>track_id</name>
        <value>182</value>
      </attribute>
      <attribute>
        <name>keyframe</name>
        <value>True</value>
      </attribute>
    </attributes>
  </object>
</annotation>
