<annotation>
  <folder>frame</folder>
  <filename>frame_002183.jpg</filename>
  <source>
    <database>Unknown</database>
    <annotation>Unknown</annotation>
    <image>Unknown</image>
  </source>
  <size>
    <width>2456</width>
    <height>2054</height>
    <depth>3</depth>
  </size>
  <segmented>0</segmented>
  <object>
    <name>vehicule</name>
    <occluded>0</occluded>
    <bndbox>
      <xmin>1573.300000000001</xmin>
      <ymin>946.9000000000015</ymin>
      <xmax>2241.513671875</xmax>
      <ymax>1363.2431335449219</ymax>
    </bndbox>
    <attributes>
      <attribute>
        <name>track_id</name>
        <value>204</value>
      </attribute>
      <attribute>
        <name>keyframe</name>
        <value>True</value>
      </attribute>
    </attributes>
  </object>
  <object>
    <name>vehicule</name>
    <occluded>0</occluded>
    <bndbox>
      <xmin>1775.1000000000004</xmin>
      <ymin>1603.4000000000015</ymin>
      <xmax>2324.217041015625</xmax>
      <ymax>1989.8322448730469</ymax>
    </bndbox>
    <attributes>
      <attribute>
        <name>track_id</name>
        <value>208</value>
      </attribute>
      <attribute>
        <name>keyframe</name>
        <value>True</value>
      </attribute>
    </attributes>
  </object>
  <object>
    <name>vehicule</name>
    <occluded>0</occluded>
    <bndbox>
      <xmin>1138.866666666668</xmin>
      <ymin>663.8000000000005</ymin>
      <xmax>1663.5506184895833</xmax>
      <ymax>1037.4379374186199</ymax>
    </bndbox>
    <attributes>
      <attribute>
        <name>track_id</name>
        <value>209</value>
      </attribute>
      <attribute>
        <name>keyframe</name>
        <value>True</value>
      </attribute>
    </attributes>
  </object>
  <object>
    <name>vehicule</name>
    <occluded>0</occluded>
    <bndbox>
      <xmin>856.4531901041677</xmin>
      <ymin>399.46666666666715</ymin>
      <xmax>1160.0891927083333</xmax>
      <ymax>708.9078369140625</ymax>
    </bndbox>
    <attributes>
      <attribute>
        <name>track_id</name>
        <value>210</value>
      </attribute>
      <attribute>
        <name>keyframe</name>
        <value>True</value>
      </attribute>
    </attributes>
  </object>
  <object>
    <name>vehicule</name>
    <occluded>0</occluded>
    <bndbox>
      <xmin>852.766666666667</xmin>
      <ymin>856.9333333333336</ymin>
      <xmax>1403.9984741210938</xmax>
      <ymax>1340.2002258300781</ymax>
    </bndbox>
    <attributes>
      <attribute>
        <name>track_id</name>
        <value>211</value>
      </attribute>
      <attribute>
        <name>keyframe</name>
        <value>True</value>
      </attribute>
    </attributes>
  </object>
  <object>
    <name>vehicule</name>
    <occluded>0</occluded>
    <bndbox>
      <xmin>198.4443359375</xmin>
      <ymin>231.40000000000146</ymin>
      <xmax>609.7000000000007</xmax>
      <ymax>501.8516082763672</ymax>
    </bndbox>
    <attributes>
      <attribute>
        <name>track_id</name>
        <value>212</value>
      </attribute>
      <attribute>
        <name>keyframe</name>
        <value>True</value>
      </attribute>
    </attributes>
  </object>
  <object>
    <name>vehicule</name>
    <occluded>0</occluded>
    <bndbox>
      <xmin>1176.6722005208333</xmin>
      <ymin>0.7184244791666667</ymin>
      <xmax>1484.0227478027348</xmax>
      <ymax>237.73917134602863</ymax>
    </bndbox>
    <attributes>
      <attribute>
        <name>track_id</name>
        <value>213</value>
      </attribute>
      <attribute>
        <name>keyframe</name>
        <value>True</value>
      </attribute>
    </attributes>
  </object>
  <object>
    <name>vehicule</name>
    <occluded>0</occluded>
    <bndbox>
      <xmin>0.0</xmin>
      <ymin>1554.388427734375</ymin>
      <xmax>565.6236267089844</xmax>
      <ymax>1925.049017333985</ymax>
    </bndbox>
    <attributes>
      <attribute>
        <name>track_id</name>
        <value>214</value>
      </attribute>
      <attribute>
        <name>keyframe</name>
        <value>True</value>
      </attribute>
    </attributes>
  </object>
</annotation>
