<annotation>
  <folder>frame</folder>
  <filename>frame_002682.jpg</filename>
  <source>
    <database>Unknown</database>
    <annotation>Unknown</annotation>
    <image>Unknown</image>
  </source>
  <size>
    <width>2456</width>
    <height>2054</height>
    <depth>3</depth>
  </size>
  <segmented>0</segmented>
  <object>
    <name>vehicule</name>
    <occluded>0</occluded>
    <bndbox>
      <xmin>285.4075954861112</xmin>
      <ymin>864.9825303819445</ymin>
      <xmax>544.6038662380636</xmax>
      <ymax>1138.2970445421006</ymax>
    </bndbox>
    <attributes>
      <attribute>
        <name>track_id</name>
        <value>272</value>
      </attribute>
      <attribute>
        <name>keyframe</name>
        <value>True</value>
      </attribute>
    </attributes>
  </object>
  <object>
    <name>vehicule</name>
    <occluded>0</occluded>
    <bndbox>
      <xmin>796.9767578125</xmin>
      <ymin>129.2089062500003</ymin>
      <xmax>1141.5250634765628</xmax>
      <ymax>340.07137023925753</ymax>
    </bndbox>
    <attributes>
      <attribute>
        <name>track_id</name>
        <value>276</value>
      </attribute>
      <attribute>
        <name>keyframe</name>
        <value>True</value>
      </attribute>
    </attributes>
  </object>
  <object>
    <name>vehicule</name>
    <occluded>0</occluded>
    <bndbox>
      <xmin>1043.2340625000002</xmin>
      <ymin>20.921484375</ymin>
      <xmax>1333.6661071777344</xmax>
      <ymax>165.0396060180661</ymax>
    </bndbox>
    <attributes>
      <attribute>
        <name>track_id</name>
        <value>277</value>
      </attribute>
      <attribute>
        <name>keyframe</name>
        <value>True</value>
      </attribute>
    </attributes>
  </object>
</annotation>
