<annotation>
  <folder>frame</folder>
  <filename>frame_001039.jpg</filename>
  <source>
    <database>Unknown</database>
    <annotation>Unknown</annotation>
    <image>Unknown</image>
  </source>
  <size>
    <width>2456</width>
    <height>2054</height>
    <depth>3</depth>
  </size>
  <segmented>0</segmented>
  <object>
    <name>vehicule</name>
    <occluded>0</occluded>
    <bndbox>
      <xmin>0.0</xmin>
      <ymin>886.951171875</ymin>
      <xmax>3.420013427734375</xmax>
      <ymax>1051.8936004638672</ymax>
    </bndbox>
    <attributes>
      <attribute>
        <name>track_id</name>
        <value>21</value>
      </attribute>
      <attribute>
        <name>keyframe</name>
        <value>True</value>
      </attribute>
    </attributes>
  </object>
  <object>
    <name>vehicule</name>
    <occluded>0</occluded>
    <bndbox>
      <xmin>984.3956340921336</xmin>
      <ymin>1005.5730148841595</ymin>
      <xmax>1454.6068767679149</xmax>
      <ymax>1372.8768967200958</ymax>
    </bndbox>
    <attributes>
      <attribute>
        <name>track_id</name>
        <value>46</value>
      </attribute>
      <attribute>
        <name>keyframe</name>
        <value>True</value>
      </attribute>
    </attributes>
  </object>
  <object>
    <name>vehicule</name>
    <occluded>0</occluded>
    <bndbox>
      <xmin>514.8699235587285</xmin>
      <ymin>1079.0023824757543</ymin>
      <xmax>1035.938321931</xmax>
      <ymax>1412.6000953812895</ymax>
    </bndbox>
    <attributes>
      <attribute>
        <name>track_id</name>
        <value>48</value>
      </attribute>
      <attribute>
        <name>keyframe</name>
        <value>True</value>
      </attribute>
    </attributes>
  </object>
  <object>
    <name>vehicule</name>
    <occluded>0</occluded>
    <bndbox>
      <xmin>174.03638491423234</xmin>
      <ymin>900.803618588655</ymin>
      <xmax>564.2015460470449</xmax>
      <ymax>1173.4648127436824</ymax>
    </bndbox>
    <attributes>
      <attribute>
        <name>track_id</name>
        <value>50</value>
      </attribute>
      <attribute>
        <name>keyframe</name>
        <value>True</value>
      </attribute>
    </attributes>
  </object>
  <object>
    <name>vehicule</name>
    <occluded>0</occluded>
    <bndbox>
      <xmin>1075.5278169917865</xmin>
      <ymin>952.9216845001283</ymin>
      <xmax>1575.0721834468632</xmax>
      <ymax>1181.4927202667295</ymax>
    </bndbox>
    <attributes>
      <attribute>
        <name>track_id</name>
        <value>56</value>
      </attribute>
      <attribute>
        <name>keyframe</name>
        <value>True</value>
      </attribute>
    </attributes>
  </object>
  <object>
    <name>vehicule</name>
    <occluded>0</occluded>
    <bndbox>
      <xmin>599.1242864657951</xmin>
      <ymin>812.1914873970272</ymin>
      <xmax>1008.9317178021187</xmax>
      <ymax>1056.0546320708993</ymax>
    </bndbox>
    <attributes>
      <attribute>
        <name>track_id</name>
        <value>57</value>
      </attribute>
      <attribute>
        <name>keyframe</name>
        <value>True</value>
      </attribute>
    </attributes>
  </object>
  <object>
    <name>vehicule</name>
    <occluded>0</occluded>
    <bndbox>
      <xmin>87.47769264651336</xmin>
      <ymin>785.9661095140955</ymin>
      <xmax>508.17769264651406</xmax>
      <ymax>971.4975648022815</ymax>
    </bndbox>
    <attributes>
      <attribute>
        <name>track_id</name>
        <value>59</value>
      </attribute>
      <attribute>
        <name>keyframe</name>
        <value>True</value>
      </attribute>
    </attributes>
  </object>
  <object>
    <name>vehicule</name>
    <occluded>0</occluded>
    <bndbox>
      <xmin>228.20000000000073</xmin>
      <ymin>471.7000000000007</ymin>
      <xmax>531.2029724121094</xmax>
      <ymax>643.975341796875</ymax>
    </bndbox>
    <attributes>
      <attribute>
        <name>track_id</name>
        <value>76</value>
      </attribute>
      <attribute>
        <name>keyframe</name>
        <value>True</value>
      </attribute>
    </attributes>
  </object>
  <object>
    <name>vehicule</name>
    <occluded>0</occluded>
    <bndbox>
      <xmin>1543.4000000000015</xmin>
      <ymin>796.4000000000015</ymin>
      <xmax>1972.31640625</xmax>
      <ymax>1021.6459350585938</ymax>
    </bndbox>
    <attributes>
      <attribute>
        <name>track_id</name>
        <value>77</value>
      </attribute>
      <attribute>
        <name>keyframe</name>
        <value>True</value>
      </attribute>
    </attributes>
  </object>
</annotation>
