<annotation>
  <folder>frame</folder>
  <filename>frame_000317.jpg</filename>
  <source>
    <database>Unknown</database>
    <annotation>Unknown</annotation>
    <image>Unknown</image>
  </source>
  <size>
    <width>2456</width>
    <height>2054</height>
    <depth>3</depth>
  </size>
  <segmented>0</segmented>
  <object>
    <name>vehicule</name>
    <occluded>0</occluded>
    <bndbox>
      <xmin>683.0573660714288</xmin>
      <ymin>870.0506696428573</ymin>
      <xmax>1166.492083395767</xmax>
      <ymax>1132.4505644514024</ymax>
    </bndbox>
    <attributes>
      <attribute>
        <name>track_id</name>
        <value>1</value>
      </attribute>
      <attribute>
        <name>keyframe</name>
        <value>True</value>
      </attribute>
    </attributes>
  </object>
  <object>
    <name>vehicule</name>
    <occluded>0</occluded>
    <bndbox>
      <xmin>99.62194385116906</xmin>
      <ymin>644.205078125</ymin>
      <xmax>482.6881059605441</xmax>
      <ymax>883.8384094238281</ymax>
    </bndbox>
    <attributes>
      <attribute>
        <name>track_id</name>
        <value>8</value>
      </attribute>
      <attribute>
        <name>keyframe</name>
        <value>True</value>
      </attribute>
    </attributes>
  </object>
  <object>
    <name>vehicule</name>
    <occluded>0</occluded>
    <bndbox>
      <xmin>980.0272727272732</xmin>
      <ymin>1361.69090909091</ymin>
      <xmax>1526.6609358354049</xmax>
      <ymax>1798.8054365678267</ymax>
    </bndbox>
    <attributes>
      <attribute>
        <name>track_id</name>
        <value>20</value>
      </attribute>
      <attribute>
        <name>keyframe</name>
        <value>True</value>
      </attribute>
    </attributes>
  </object>
  <object>
    <name>vehicule</name>
    <occluded>0</occluded>
    <bndbox>
      <xmin>0.0</xmin>
      <ymin>886.951171875</ymin>
      <xmax>3.420013427734375</xmax>
      <ymax>1051.8936004638672</ymax>
    </bndbox>
    <attributes>
      <attribute>
        <name>track_id</name>
        <value>21</value>
      </attribute>
      <attribute>
        <name>keyframe</name>
        <value>True</value>
      </attribute>
    </attributes>
  </object>
  <object>
    <name>vehicule</name>
    <occluded>0</occluded>
    <bndbox>
      <xmin>73.56363636363643</xmin>
      <ymin>1118.9390802556818</ymin>
      <xmax>459.509765625</xmax>
      <ymax>1450.859735662287</ymax>
    </bndbox>
    <attributes>
      <attribute>
        <name>track_id</name>
        <value>22</value>
      </attribute>
      <attribute>
        <name>keyframe</name>
        <value>True</value>
      </attribute>
    </attributes>
  </object>
  <object>
    <name>vehicule</name>
    <occluded>0</occluded>
    <bndbox>
      <xmin>1814.3896484375</xmin>
      <ymin>1179.5146484375</ymin>
      <xmax>2337.4896850585938</xmax>
      <ymax>1521.8480590820309</ymax>
    </bndbox>
    <attributes>
      <attribute>
        <name>track_id</name>
        <value>328</value>
      </attribute>
      <attribute>
        <name>keyframe</name>
        <value>True</value>
      </attribute>
    </attributes>
  </object>
  <object>
    <name>vehicule</name>
    <occluded>0</occluded>
    <bndbox>
      <xmin>1097.9818181818193</xmin>
      <ymin>1140.1363636363642</ymin>
      <xmax>1631.0599198774858</xmax>
      <ymax>1493.8148332075639</ymax>
    </bndbox>
    <attributes>
      <attribute>
        <name>track_id</name>
        <value>330</value>
      </attribute>
      <attribute>
        <name>keyframe</name>
        <value>True</value>
      </attribute>
    </attributes>
  </object>
  <object>
    <name>vehicule</name>
    <occluded>0</occluded>
    <bndbox>
      <xmin>1218.8799579326924</xmin>
      <ymin>1004.5537935697115</ymin>
      <xmax>1689.2095782940205</xmax>
      <ymax>1272.2078768216647</ymax>
    </bndbox>
    <attributes>
      <attribute>
        <name>track_id</name>
        <value>331</value>
      </attribute>
      <attribute>
        <name>keyframe</name>
        <value>True</value>
      </attribute>
    </attributes>
  </object>
  <object>
    <name>vehicule</name>
    <occluded>0</occluded>
    <bndbox>
      <xmin>335.0097081801471</xmin>
      <ymin>975.6089728860294</ymin>
      <xmax>757.2980913588588</xmax>
      <ymax>1256.973346054976</ymax>
    </bndbox>
    <attributes>
      <attribute>
        <name>track_id</name>
        <value>332</value>
      </attribute>
      <attribute>
        <name>keyframe</name>
        <value>True</value>
      </attribute>
    </attributes>
  </object>
</annotation>
