<annotation>
  <folder>frame</folder>
  <filename>frame_001790.jpg</filename>
  <source>
    <database>Unknown</database>
    <annotation>Unknown</annotation>
    <image>Unknown</image>
  </source>
  <size>
    <width>2456</width>
    <height>2054</height>
    <depth>3</depth>
  </size>
  <segmented>0</segmented>
  <object>
    <name>vehicule</name>
    <occluded>0</occluded>
    <bndbox>
      <xmin>1377.6397727272736</xmin>
      <ymin>538.0547348484852</ymin>
      <xmax>1841.610835959694</xmax>
      <ymax>891.5047287449688</ymax>
    </bndbox>
    <attributes>
      <attribute>
        <name>track_id</name>
        <value>139</value>
      </attribute>
      <attribute>
        <name>keyframe</name>
        <value>True</value>
      </attribute>
    </attributes>
  </object>
  <object>
    <name>vehicule</name>
    <occluded>0</occluded>
    <bndbox>
      <xmin>1194.5529087611608</xmin>
      <ymin>645.4299839564732</ymin>
      <xmax>1321.5475300380162</xmax>
      <ymax>888.3622196742466</ymax>
    </bndbox>
    <attributes>
      <attribute>
        <name>track_id</name>
        <value>142</value>
      </attribute>
      <attribute>
        <name>keyframe</name>
        <value>True</value>
      </attribute>
    </attributes>
  </object>
  <object>
    <name>vehicule</name>
    <occluded>0</occluded>
    <bndbox>
      <xmin>1169.1117703419811</xmin>
      <ymin>298.58626302083337</ymin>
      <xmax>1435.0060681229127</xmax>
      <ymax>595.9569280276495</ymax>
    </bndbox>
    <attributes>
      <attribute>
        <name>track_id</name>
        <value>149</value>
      </attribute>
      <attribute>
        <name>keyframe</name>
        <value>True</value>
      </attribute>
    </attributes>
  </object>
  <object>
    <name>vehicule</name>
    <occluded>0</occluded>
    <bndbox>
      <xmin>674.6818807633197</xmin>
      <ymin>529.8688524590166</ymin>
      <xmax>953.5988729508197</xmax>
      <ymax>871.5303865026256</ymax>
    </bndbox>
    <attributes>
      <attribute>
        <name>track_id</name>
        <value>153</value>
      </attribute>
      <attribute>
        <name>keyframe</name>
        <value>True</value>
      </attribute>
    </attributes>
  </object>
  <object>
    <name>vehicule</name>
    <occluded>0</occluded>
    <bndbox>
      <xmin>1113.413829985119</xmin>
      <ymin>112.08707482993339</ymin>
      <xmax>1376.7129251700694</xmax>
      <ymax>317.86684993821746</ymax>
    </bndbox>
    <attributes>
      <attribute>
        <name>track_id</name>
        <value>155</value>
      </attribute>
      <attribute>
        <name>keyframe</name>
        <value>True</value>
      </attribute>
    </attributes>
  </object>
  <object>
    <name>vehicule</name>
    <occluded>0</occluded>
    <bndbox>
      <xmin>620.56494140625</xmin>
      <ymin>215.29654947916669</ymin>
      <xmax>880.06396484375</xmax>
      <ymax>433.38604227701825</ymax>
    </bndbox>
    <attributes>
      <attribute>
        <name>track_id</name>
        <value>158</value>
      </attribute>
      <attribute>
        <name>keyframe</name>
        <value>True</value>
      </attribute>
    </attributes>
  </object>
  <object>
    <name>vehicule</name>
    <occluded>0</occluded>
    <bndbox>
      <xmin>559.0141845703138</xmin>
      <ymin>1495.911914062501</ymin>
      <xmax>1423.943469238281</xmax>
      <ymax>1904.519659423828</ymax>
    </bndbox>
    <attributes>
      <attribute>
        <name>track_id</name>
        <value>159</value>
      </attribute>
      <attribute>
        <name>keyframe</name>
        <value>True</value>
      </attribute>
    </attributes>
  </object>
  <object>
    <name>vehicule</name>
    <occluded>0</occluded>
    <bndbox>
      <xmin>113.9140625</xmin>
      <ymin>1081.4716796875</ymin>
      <xmax>759.2929199218743</xmax>
      <ymax>1433.4387817382812</ymax>
    </bndbox>
    <attributes>
      <attribute>
        <name>track_id</name>
        <value>160</value>
      </attribute>
      <attribute>
        <name>keyframe</name>
        <value>True</value>
      </attribute>
    </attributes>
  </object>
  <object>
    <name>vehicule</name>
    <occluded>0</occluded>
    <bndbox>
      <xmin>1247.421015625</xmin>
      <ymin>38.59775000000001</ymin>
      <xmax>1537.3000439453126</xmax>
      <ymax>139.86206115722655</ymax>
    </bndbox>
    <attributes>
      <attribute>
        <name>track_id</name>
        <value>161</value>
      </attribute>
      <attribute>
        <name>keyframe</name>
        <value>True</value>
      </attribute>
    </attributes>
  </object>
</annotation>
