<annotation>
  <folder>frame</folder>
  <filename>frame_002195.jpg</filename>
  <source>
    <database>Unknown</database>
    <annotation>Unknown</annotation>
    <image>Unknown</image>
  </source>
  <size>
    <width>2456</width>
    <height>2054</height>
    <depth>3</depth>
  </size>
  <segmented>0</segmented>
  <object>
    <name>vehicule</name>
    <occluded>0</occluded>
    <bndbox>
      <xmin>2067.4306640625</xmin>
      <ymin>1123.55078125</ymin>
      <xmax>2456.0</xmax>
      <ymax>1446.1000000000004</ymax>
    </bndbox>
    <attributes>
      <attribute>
        <name>track_id</name>
        <value>204</value>
      </attribute>
      <attribute>
        <name>keyframe</name>
        <value>True</value>
      </attribute>
    </attributes>
  </object>
  <object>
    <name>vehicule</name>
    <occluded>0</occluded>
    <bndbox>
      <xmin>1488.5924479166667</xmin>
      <ymin>812.8616536458334</ymin>
      <xmax>2143.0014444986978</xmax>
      <ymax>1227.0100911458333</ymax>
    </bndbox>
    <attributes>
      <attribute>
        <name>track_id</name>
        <value>209</value>
      </attribute>
      <attribute>
        <name>keyframe</name>
        <value>True</value>
      </attribute>
    </attributes>
  </object>
  <object>
    <name>vehicule</name>
    <occluded>0</occluded>
    <bndbox>
      <xmin>1003.7333333333336</xmin>
      <ymin>575.2327473958334</ymin>
      <xmax>1401.1942749023438</xmax>
      <ymax>894.7987935384111</ymax>
    </bndbox>
    <attributes>
      <attribute>
        <name>track_id</name>
        <value>210</value>
      </attribute>
      <attribute>
        <name>keyframe</name>
        <value>True</value>
      </attribute>
    </attributes>
  </object>
  <object>
    <name>vehicule</name>
    <occluded>0</occluded>
    <bndbox>
      <xmin>1508.9333333333343</xmin>
      <ymin>1209.3876953125</ymin>
      <xmax>2211.0582275390625</xmax>
      <ymax>1723.0243835449219</ymax>
    </bndbox>
    <attributes>
      <attribute>
        <name>track_id</name>
        <value>211</value>
      </attribute>
      <attribute>
        <name>keyframe</name>
        <value>True</value>
      </attribute>
    </attributes>
  </object>
  <object>
    <name>vehicule</name>
    <occluded>0</occluded>
    <bndbox>
      <xmin>1054.02734375</xmin>
      <ymin>47.481818181818944</ymin>
      <xmax>1333.8909090909106</xmax>
      <ymax>383.6403059525923</ymax>
    </bndbox>
    <attributes>
      <attribute>
        <name>track_id</name>
        <value>213</value>
      </attribute>
      <attribute>
        <name>keyframe</name>
        <value>True</value>
      </attribute>
    </attributes>
  </object>
  <object>
    <name>vehicule</name>
    <occluded>0</occluded>
    <bndbox>
      <xmin>374.0810546875</xmin>
      <ymin>1523.330078125</ymin>
      <xmax>994.9195251464844</xmax>
      <ymax>1898.8318359375007</ymax>
    </bndbox>
    <attributes>
      <attribute>
        <name>track_id</name>
        <value>214</value>
      </attribute>
      <attribute>
        <name>keyframe</name>
        <value>True</value>
      </attribute>
    </attributes>
  </object>
  <object>
    <name>vehicule</name>
    <occluded>0</occluded>
    <bndbox>
      <xmin>781.7530412946429</xmin>
      <ymin>2.371372767857143</ymin>
      <xmax>1157.6034894670759</xmax>
      <ymax>238.7912431989394</ymax>
    </bndbox>
    <attributes>
      <attribute>
        <name>track_id</name>
        <value>215</value>
      </attribute>
      <attribute>
        <name>keyframe</name>
        <value>True</value>
      </attribute>
    </attributes>
  </object>
</annotation>
