<annotation>
  <folder>frame</folder>
  <filename>frame_002212.jpg</filename>
  <source>
    <database>Unknown</database>
    <annotation>Unknown</annotation>
    <image>Unknown</image>
  </source>
  <size>
    <width>2456</width>
    <height>2054</height>
    <depth>3</depth>
  </size>
  <segmented>0</segmented>
  <object>
    <name>vehicule</name>
    <occluded>0</occluded>
    <bndbox>
      <xmin>1612.700113932292</xmin>
      <ymin>873.6414388020834</ymin>
      <xmax>2164.120918273926</xmax>
      <ymax>1241.5165140787763</ymax>
    </bndbox>
    <attributes>
      <attribute>
        <name>track_id</name>
        <value>210</value>
      </attribute>
      <attribute>
        <name>keyframe</name>
        <value>True</value>
      </attribute>
    </attributes>
  </object>
  <object>
    <name>vehicule</name>
    <occluded>0</occluded>
    <bndbox>
      <xmin>1112.9437500000001</xmin>
      <ymin>235.16666666666714</ymin>
      <xmax>1432.9714609781906</xmax>
      <ymax>652.3122431437174</ymax>
    </bndbox>
    <attributes>
      <attribute>
        <name>track_id</name>
        <value>213</value>
      </attribute>
      <attribute>
        <name>keyframe</name>
        <value>True</value>
      </attribute>
    </attributes>
  </object>
  <object>
    <name>vehicule</name>
    <occluded>0</occluded>
    <bndbox>
      <xmin>1292.4915364583333</xmin>
      <ymin>1505.38427734375</ymin>
      <xmax>1913.3300069173176</xmax>
      <ymax>1880.8860351562507</ymax>
    </bndbox>
    <attributes>
      <attribute>
        <name>track_id</name>
        <value>214</value>
      </attribute>
      <attribute>
        <name>keyframe</name>
        <value>True</value>
      </attribute>
    </attributes>
  </object>
  <object>
    <name>vehicule</name>
    <occluded>0</occluded>
    <bndbox>
      <xmin>687.1000000000004</xmin>
      <ymin>104.89991861979252</ymin>
      <xmax>996.0525029500326</xmax>
      <ymax>544.8732350667314</ymax>
    </bndbox>
    <attributes>
      <attribute>
        <name>track_id</name>
        <value>215</value>
      </attribute>
      <attribute>
        <name>keyframe</name>
        <value>True</value>
      </attribute>
    </attributes>
  </object>
  <object>
    <name>vehicule</name>
    <occluded>0</occluded>
    <bndbox>
      <xmin>6.744444444444525</xmin>
      <ymin>1604.0527777777784</ymin>
      <xmax>491.39149983723956</xmax>
      <ymax>1939.594287109375</ymax>
    </bndbox>
    <attributes>
      <attribute>
        <name>track_id</name>
        <value>216</value>
      </attribute>
      <attribute>
        <name>keyframe</name>
        <value>True</value>
      </attribute>
    </attributes>
  </object>
</annotation>
