<annotation>
  <folder>frame</folder>
  <filename>frame_002162.jpg</filename>
  <source>
    <database>Unknown</database>
    <annotation>Unknown</annotation>
    <image>Unknown</image>
  </source>
  <size>
    <width>2456</width>
    <height>2054</height>
    <depth>3</depth>
  </size>
  <segmented>0</segmented>
  <object>
    <name>vehicule</name>
    <occluded>0</occluded>
    <bndbox>
      <xmin>1021.9714285714298</xmin>
      <ymin>636.1285714285724</ymin>
      <xmax>1475.6031450544085</xmax>
      <ymax>958.596703665597</ymax>
    </bndbox>
    <attributes>
      <attribute>
        <name>track_id</name>
        <value>204</value>
      </attribute>
      <attribute>
        <name>keyframe</name>
        <value>True</value>
      </attribute>
    </attributes>
  </object>
  <object>
    <name>vehicule</name>
    <occluded>0</occluded>
    <bndbox>
      <xmin>1427.042857142858</xmin>
      <ymin>483.85714285714334</ymin>
      <xmax>1888.8373805454798</xmax>
      <ymax>873.7662658691406</ymax>
    </bndbox>
    <attributes>
      <attribute>
        <name>track_id</name>
        <value>205</value>
      </attribute>
      <attribute>
        <name>keyframe</name>
        <value>True</value>
      </attribute>
    </attributes>
  </object>
  <object>
    <name>vehicule</name>
    <occluded>0</occluded>
    <bndbox>
      <xmin>1213.4333333333336</xmin>
      <ymin>805.2247395833334</ymin>
      <xmax>2161.2843424479165</xmax>
      <ymax>1500.3256998697907</ymax>
    </bndbox>
    <attributes>
      <attribute>
        <name>track_id</name>
        <value>207</value>
      </attribute>
      <attribute>
        <name>keyframe</name>
        <value>True</value>
      </attribute>
    </attributes>
  </object>
  <object>
    <name>vehicule</name>
    <occluded>0</occluded>
    <bndbox>
      <xmin>849.1003069196429</xmin>
      <ymin>1527.2739955357142</ymin>
      <xmax>1632.8450334821425</xmax>
      <ymax>1941.3224330357157</ymax>
    </bndbox>
    <attributes>
      <attribute>
        <name>track_id</name>
        <value>208</value>
      </attribute>
      <attribute>
        <name>keyframe</name>
        <value>True</value>
      </attribute>
    </attributes>
  </object>
  <object>
    <name>vehicule</name>
    <occluded>0</occluded>
    <bndbox>
      <xmin>804.2285714285725</xmin>
      <ymin>393.7857142857143</ymin>
      <xmax>1130.8572910853795</xmax>
      <ymax>715.6133466448102</ymax>
    </bndbox>
    <attributes>
      <attribute>
        <name>track_id</name>
        <value>209</value>
      </attribute>
      <attribute>
        <name>keyframe</name>
        <value>True</value>
      </attribute>
    </attributes>
  </object>
  <object>
    <name>vehicule</name>
    <occluded>0</occluded>
    <bndbox>
      <xmin>792.8279017857146</xmin>
      <ymin>169.66043526785714</ymin>
      <xmax>1055.0279017857135</xmax>
      <ymax>409.1690412248884</ymax>
    </bndbox>
    <attributes>
      <attribute>
        <name>track_id</name>
        <value>210</value>
      </attribute>
      <attribute>
        <name>keyframe</name>
        <value>True</value>
      </attribute>
    </attributes>
  </object>
  <object>
    <name>vehicule</name>
    <occluded>0</occluded>
    <bndbox>
      <xmin>387.7402343750005</xmin>
      <ymin>353.8428571428576</ymin>
      <xmax>663.4587633405416</xmax>
      <ymax>723.4999084472656</ymax>
    </bndbox>
    <attributes>
      <attribute>
        <name>track_id</name>
        <value>211</value>
      </attribute>
      <attribute>
        <name>keyframe</name>
        <value>True</value>
      </attribute>
    </attributes>
  </object>
  <object>
    <name>vehicule</name>
    <occluded>0</occluded>
    <bndbox>
      <xmin>1033.770228794643</xmin>
      <ymin>5.0</ymin>
      <xmax>1370.9142857142858</xmax>
      <ymax>213.55084882463728</ymax>
    </bndbox>
    <attributes>
      <attribute>
        <name>track_id</name>
        <value>212</value>
      </attribute>
      <attribute>
        <name>keyframe</name>
        <value>True</value>
      </attribute>
    </attributes>
  </object>
</annotation>
