<annotation>
  <folder>frame</folder>
  <filename>frame_002706.jpg</filename>
  <source>
    <database>Unknown</database>
    <annotation>Unknown</annotation>
    <image>Unknown</image>
  </source>
  <size>
    <width>2456</width>
    <height>2054</height>
    <depth>3</depth>
  </size>
  <segmented>0</segmented>
  <object>
    <name>vehicule</name>
    <occluded>0</occluded>
    <bndbox>
      <xmin>1757.480078125</xmin>
      <ymin>890.5650390625</ymin>
      <xmax>2016.6763488769525</xmax>
      <ymax>1163.8795532226563</ymax>
    </bndbox>
    <attributes>
      <attribute>
        <name>track_id</name>
        <value>272</value>
      </attribute>
      <attribute>
        <name>keyframe</name>
        <value>True</value>
      </attribute>
    </attributes>
  </object>
  <object>
    <name>vehicule</name>
    <occluded>0</occluded>
    <bndbox>
      <xmin>1133.5000000000014</xmin>
      <ymin>364.12941176470656</ymin>
      <xmax>1471.150785558364</xmax>
      <ymax>684.2229488597196</ymax>
    </bndbox>
    <attributes>
      <attribute>
        <name>track_id</name>
        <value>277</value>
      </attribute>
      <attribute>
        <name>keyframe</name>
        <value>True</value>
      </attribute>
    </attributes>
  </object>
</annotation>
