<annotation>
  <folder>frame</folder>
  <filename>frame_002504.jpg</filename>
  <source>
    <database>Unknown</database>
    <annotation>Unknown</annotation>
    <image>Unknown</image>
  </source>
  <size>
    <width>2456</width>
    <height>2054</height>
    <depth>3</depth>
  </size>
  <segmented>0</segmented>
  <object>
    <name>vehicule</name>
    <occluded>0</occluded>
    <bndbox>
      <xmin>1178.86279296875</xmin>
      <ymin>1141.8992513020833</ymin>
      <xmax>1468.3915344238267</xmax>
      <ymax>1429.0041341145818</ymax>
    </bndbox>
    <attributes>
      <attribute>
        <name>track_id</name>
        <value>247</value>
      </attribute>
      <attribute>
        <name>keyframe</name>
        <value>True</value>
      </attribute>
    </attributes>
  </object>
  <object>
    <name>vehicule</name>
    <occluded>0</occluded>
    <bndbox>
      <xmin>1026.025</xmin>
      <ymin>1510.4466145833333</ymin>
      <xmax>1908.2701131184888</xmax>
      <ymax>1935.6165364583333</ymax>
    </bndbox>
    <attributes>
      <attribute>
        <name>track_id</name>
        <value>251</value>
      </attribute>
      <attribute>
        <name>keyframe</name>
        <value>True</value>
      </attribute>
    </attributes>
  </object>
  <object>
    <name>vehicule</name>
    <occluded>0</occluded>
    <bndbox>
      <xmin>1120.141322544643</xmin>
      <ymin>41.578599330357974</ymin>
      <xmax>1379.625892857144</xmax>
      <ymax>270.73676583426277</ymax>
    </bndbox>
    <attributes>
      <attribute>
        <name>track_id</name>
        <value>252</value>
      </attribute>
      <attribute>
        <name>keyframe</name>
        <value>True</value>
      </attribute>
    </attributes>
  </object>
  <object>
    <name>vehicule</name>
    <occluded>0</occluded>
    <bndbox>
      <xmin>229.49989149305554</xmin>
      <ymin>59.484309895833576</ymin>
      <xmax>557.3218750000007</xmax>
      <ymax>278.23147922092016</ymax>
    </bndbox>
    <attributes>
      <attribute>
        <name>track_id</name>
        <value>253</value>
      </attribute>
      <attribute>
        <name>keyframe</name>
        <value>True</value>
      </attribute>
    </attributes>
  </object>
</annotation>
