<annotation>
  <folder>frame</folder>
  <filename>frame_002884.jpg</filename>
  <source>
    <database>Unknown</database>
    <annotation>Unknown</annotation>
    <image>Unknown</image>
  </source>
  <size>
    <width>2456</width>
    <height>2054</height>
    <depth>3</depth>
  </size>
  <segmented>0</segmented>
  <object>
    <name>vehicule</name>
    <occluded>0</occluded>
    <bndbox>
      <xmin>598.0720358455883</xmin>
      <ymin>455.8010684742647</ymin>
      <xmax>754.6200103759766</xmax>
      <ymax>666.6066862218526</ymax>
    </bndbox>
    <attributes>
      <attribute>
        <name>track_id</name>
        <value>292</value>
      </attribute>
      <attribute>
        <name>keyframe</name>
        <value>True</value>
      </attribute>
    </attributes>
  </object>
  <object>
    <name>vehicule</name>
    <occluded>0</occluded>
    <bndbox>
      <xmin>1671.0416666666665</xmin>
      <ymin>1617.75</ymin>
      <xmax>2272.8696614583337</xmax>
      <ymax>1965.6023254394531</ymax>
    </bndbox>
    <attributes>
      <attribute>
        <name>track_id</name>
        <value>294</value>
      </attribute>
      <attribute>
        <name>keyframe</name>
        <value>True</value>
      </attribute>
    </attributes>
  </object>
  <object>
    <name>vehicule</name>
    <occluded>0</occluded>
    <bndbox>
      <xmin>1015.3515625</xmin>
      <ymin>96.63945312500073</ymin>
      <xmax>1295.5149414062507</xmax>
      <ymax>331.2376869201653</ymax>
    </bndbox>
    <attributes>
      <attribute>
        <name>track_id</name>
        <value>295</value>
      </attribute>
      <attribute>
        <name>keyframe</name>
        <value>True</value>
      </attribute>
    </attributes>
  </object>
  <object>
    <name>vehicule</name>
    <occluded>0</occluded>
    <bndbox>
      <xmin>1320.4150390625</xmin>
      <ymin>5.46875</ymin>
      <xmax>1607.5533203125015</xmax>
      <ymax>129.70262145996094</ymax>
    </bndbox>
    <attributes>
      <attribute>
        <name>track_id</name>
        <value>296</value>
      </attribute>
      <attribute>
        <name>keyframe</name>
        <value>True</value>
      </attribute>
    </attributes>
  </object>
</annotation>
