<annotation>
  <folder>frame</folder>
  <filename>frame_002952.jpg</filename>
  <source>
    <database>Unknown</database>
    <annotation>Unknown</annotation>
    <image>Unknown</image>
  </source>
  <size>
    <width>2456</width>
    <height>2054</height>
    <depth>3</depth>
  </size>
  <segmented>0</segmented>
  <object>
    <name>vehicule</name>
    <occluded>0</occluded>
    <bndbox>
      <xmin>614.3076668432203</xmin>
      <ymin>659.5568922139834</ymin>
      <xmax>785.4492684057203</xmax>
      <ymax>928.0466275489936</ymax>
    </bndbox>
    <attributes>
      <attribute>
        <name>track_id</name>
        <value>292</value>
      </attribute>
      <attribute>
        <name>keyframe</name>
        <value>True</value>
      </attribute>
    </attributes>
  </object>
  <object>
    <name>vehicule</name>
    <occluded>0</occluded>
    <bndbox>
      <xmin>1605.3486328125</xmin>
      <ymin>672.0185546875</ymin>
      <xmax>2072.380474853515</xmax>
      <ymax>1039.6471679687493</ymax>
    </bndbox>
    <attributes>
      <attribute>
        <name>track_id</name>
        <value>295</value>
      </attribute>
      <attribute>
        <name>keyframe</name>
        <value>True</value>
      </attribute>
    </attributes>
  </object>
  <object>
    <name>vehicule</name>
    <occluded>0</occluded>
    <bndbox>
      <xmin>1221.2444618055556</xmin>
      <ymin>613.4081163194444</ymin>
      <xmax>1567.4752596028638</xmax>
      <ymax>960.1032945420995</ymax>
    </bndbox>
    <attributes>
      <attribute>
        <name>track_id</name>
        <value>296</value>
      </attribute>
      <attribute>
        <name>keyframe</name>
        <value>True</value>
      </attribute>
    </attributes>
  </object>
  <object>
    <name>vehicule</name>
    <occluded>0</occluded>
    <bndbox>
      <xmin>883.9436141304348</xmin>
      <ymin>449.70665760869593</ymin>
      <xmax>1168.8270125679362</xmax>
      <ymax>834.5958665930698</ymax>
    </bndbox>
    <attributes>
      <attribute>
        <name>track_id</name>
        <value>301</value>
      </attribute>
      <attribute>
        <name>keyframe</name>
        <value>True</value>
      </attribute>
    </attributes>
  </object>
  <object>
    <name>vehicule</name>
    <occluded>0</occluded>
    <bndbox>
      <xmin>1846.6000000000004</xmin>
      <ymin>1199.8974609375</ymin>
      <xmax>2456.0</xmax>
      <ymax>1574.2068359375007</ymax>
    </bndbox>
    <attributes>
      <attribute>
        <name>track_id</name>
        <value>303</value>
      </attribute>
      <attribute>
        <name>keyframe</name>
        <value>True</value>
      </attribute>
    </attributes>
  </object>
  <object>
    <name>vehicule</name>
    <occluded>0</occluded>
    <bndbox>
      <xmin>0.0</xmin>
      <ymin>321.39453125</ymin>
      <xmax>113.92949218750073</xmax>
      <ymax>583.6806793212891</ymax>
    </bndbox>
    <attributes>
      <attribute>
        <name>track_id</name>
        <value>304</value>
      </attribute>
      <attribute>
        <name>keyframe</name>
        <value>True</value>
      </attribute>
    </attributes>
  </object>
  <object>
    <name>vehicule</name>
    <occluded>0</occluded>
    <bndbox>
      <xmin>630.7919921875</xmin>
      <ymin>1200.5419921875</ymin>
      <xmax>1297.9406066894517</xmax>
      <ymax>1545.0839233398438</ymax>
    </bndbox>
    <attributes>
      <attribute>
        <name>track_id</name>
        <value>305</value>
      </attribute>
      <attribute>
        <name>keyframe</name>
        <value>True</value>
      </attribute>
    </attributes>
  </object>
  <object>
    <name>vehicule</name>
    <occluded>0</occluded>
    <bndbox>
      <xmin>1032.4737413194443</xmin>
      <ymin>1454.2386067708333</ymin>
      <xmax>1822.2649644639741</xmax>
      <ymax>1858.4128011067708</ymax>
    </bndbox>
    <attributes>
      <attribute>
        <name>track_id</name>
        <value>306</value>
      </attribute>
      <attribute>
        <name>keyframe</name>
        <value>True</value>
      </attribute>
    </attributes>
  </object>
  <object>
    <name>vehicule</name>
    <occluded>0</occluded>
    <bndbox>
      <xmin>1124.3466796875</xmin>
      <ymin>89.4931640625</ymin>
      <xmax>1396.0201171875015</xmax>
      <ymax>312.0</ymax>
    </bndbox>
    <attributes>
      <attribute>
        <name>track_id</name>
        <value>307</value>
      </attribute>
      <attribute>
        <name>keyframe</name>
        <value>True</value>
      </attribute>
    </attributes>
  </object>
  <object>
    <name>vehicule</name>
    <occluded>0</occluded>
    <bndbox>
      <xmin>864.2841796875</xmin>
      <ymin>7.2109375</ymin>
      <xmax>1152.5067749023438</xmax>
      <ymax>202.69602966308594</ymax>
    </bndbox>
    <attributes>
      <attribute>
        <name>track_id</name>
        <value>308</value>
      </attribute>
      <attribute>
        <name>keyframe</name>
        <value>True</value>
      </attribute>
    </attributes>
  </object>
  <object>
    <name>vehicule</name>
    <occluded>0</occluded>
    <bndbox>
      <xmin>64.03333333333345</xmin>
      <ymin>1141.3528645833333</ymin>
      <xmax>553.4219970703125</xmax>
      <ymax>1454.958072916667</ymax>
    </bndbox>
    <attributes>
      <attribute>
        <name>track_id</name>
        <value>309</value>
      </attribute>
      <attribute>
        <name>keyframe</name>
        <value>True</value>
      </attribute>
    </attributes>
  </object>
</annotation>
