<annotation>
  <folder>frame</folder>
  <filename>frame_000211.jpg</filename>
  <source>
    <database>Unknown</database>
    <annotation>Unknown</annotation>
    <image>Unknown</image>
  </source>
  <size>
    <width>2456</width>
    <height>2054</height>
    <depth>3</depth>
  </size>
  <segmented>0</segmented>
  <object>
    <name>vehicule</name>
    <occluded>0</occluded>
    <bndbox>
      <xmin>608.3812851805126</xmin>
      <ymin>854.3137677115683</ymin>
      <xmax>1080.9585366744916</xmax>
      <ymax>1107.2070130286893</ymax>
    </bndbox>
    <attributes>
      <attribute>
        <name>track_id</name>
        <value>1</value>
      </attribute>
      <attribute>
        <name>keyframe</name>
        <value>True</value>
      </attribute>
    </attributes>
  </object>
  <object>
    <name>vehicule</name>
    <occluded>0</occluded>
    <bndbox>
      <xmin>99.62119913444245</xmin>
      <ymin>644.205078125</ymin>
      <xmax>482.68736124381746</xmax>
      <ymax>883.8384094238281</ymax>
    </bndbox>
    <attributes>
      <attribute>
        <name>track_id</name>
        <value>8</value>
      </attribute>
      <attribute>
        <name>keyframe</name>
        <value>True</value>
      </attribute>
    </attributes>
  </object>
  <object>
    <name>vehicule</name>
    <occluded>0</occluded>
    <bndbox>
      <xmin>1824.6662109375</xmin>
      <ymin>1455.541015625</ymin>
      <xmax>2455.824372558593</xmax>
      <ymax>1811.0000000000005</ymax>
    </bndbox>
    <attributes>
      <attribute>
        <name>track_id</name>
        <value>13</value>
      </attribute>
      <attribute>
        <name>keyframe</name>
        <value>True</value>
      </attribute>
    </attributes>
  </object>
  <object>
    <name>vehicule</name>
    <occluded>0</occluded>
    <bndbox>
      <xmin>326.77500000000055</xmin>
      <ymin>503.3750000000009</ymin>
      <xmax>717.1026229858398</xmax>
      <ymax>733.6794815063477</ymax>
    </bndbox>
    <attributes>
      <attribute>
        <name>track_id</name>
        <value>16</value>
      </attribute>
      <attribute>
        <name>keyframe</name>
        <value>True</value>
      </attribute>
    </attributes>
  </object>
  <object>
    <name>vehicule</name>
    <occluded>0</occluded>
    <bndbox>
      <xmin>1023.180000000001</xmin>
      <ymin>1467.6200000000013</ymin>
      <xmax>1705.1285034179687</xmax>
      <ymax>1908.349188232422</ymax>
    </bndbox>
    <attributes>
      <attribute>
        <name>track_id</name>
        <value>17</value>
      </attribute>
      <attribute>
        <name>keyframe</name>
        <value>True</value>
      </attribute>
    </attributes>
  </object>
  <object>
    <name>vehicule</name>
    <occluded>0</occluded>
    <bndbox>
      <xmin>1659.4135315533981</xmin>
      <ymin>1101.8757888349517</ymin>
      <xmax>2192.9413499554385</xmax>
      <ymax>1444.2091994794825</ymax>
    </bndbox>
    <attributes>
      <attribute>
        <name>track_id</name>
        <value>328</value>
      </attribute>
      <attribute>
        <name>keyframe</name>
        <value>True</value>
      </attribute>
    </attributes>
  </object>
  <object>
    <name>vehicule</name>
    <occluded>0</occluded>
    <bndbox>
      <xmin>663.7662290592783</xmin>
      <ymin>1010.7907437983248</ymin>
      <xmax>1179.8347359649708</xmax>
      <ymax>1352.1800177124796</ymax>
    </bndbox>
    <attributes>
      <attribute>
        <name>track_id</name>
        <value>330</value>
      </attribute>
      <attribute>
        <name>keyframe</name>
        <value>True</value>
      </attribute>
    </attributes>
  </object>
  <object>
    <name>vehicule</name>
    <occluded>0</occluded>
    <bndbox>
      <xmin>1170.6655649038462</xmin>
      <ymin>996.9406174879807</ymin>
      <xmax>1640.9951852651743</xmax>
      <ymax>1264.5947007399338</ymax>
    </bndbox>
    <attributes>
      <attribute>
        <name>track_id</name>
        <value>331</value>
      </attribute>
      <attribute>
        <name>keyframe</name>
        <value>True</value>
      </attribute>
    </attributes>
  </object>
  <object>
    <name>vehicule</name>
    <occluded>0</occluded>
    <bndbox>
      <xmin>135.06396484375</xmin>
      <ymin>873.1009765625</ymin>
      <xmax>511.6306457519531</xmax>
      <ymax>1128.2949157714843</ymax>
    </bndbox>
    <attributes>
      <attribute>
        <name>track_id</name>
        <value>332</value>
      </attribute>
      <attribute>
        <name>keyframe</name>
        <value>True</value>
      </attribute>
    </attributes>
  </object>
</annotation>
