<annotation>
  <folder>frame</folder>
  <filename>frame_001829.jpg</filename>
  <source>
    <database>Unknown</database>
    <annotation>Unknown</annotation>
    <image>Unknown</image>
  </source>
  <size>
    <width>2456</width>
    <height>2054</height>
    <depth>3</depth>
  </size>
  <segmented>0</segmented>
  <object>
    <name>vehicule</name>
    <occluded>0</occluded>
    <bndbox>
      <xmin>1392.865838068182</xmin>
      <ymin>542.4054569128789</ymin>
      <xmax>1856.8369013006024</xmax>
      <ymax>895.8554508093625</ymax>
    </bndbox>
    <attributes>
      <attribute>
        <name>track_id</name>
        <value>139</value>
      </attribute>
      <attribute>
        <name>keyframe</name>
        <value>True</value>
      </attribute>
    </attributes>
  </object>
  <object>
    <name>vehicule</name>
    <occluded>0</occluded>
    <bndbox>
      <xmin>1220.5091552734375</xmin>
      <ymin>664.6569213867188</ymin>
      <xmax>1347.503776550293</xmax>
      <ymax>907.5891571044922</ymax>
    </bndbox>
    <attributes>
      <attribute>
        <name>track_id</name>
        <value>142</value>
      </attribute>
      <attribute>
        <name>keyframe</name>
        <value>True</value>
      </attribute>
    </attributes>
  </object>
  <object>
    <name>vehicule</name>
    <occluded>0</occluded>
    <bndbox>
      <xmin>1181.9865418632078</xmin>
      <ymin>311.44153645833353</ymin>
      <xmax>1462.0928392710184</xmax>
      <ymax>616.2720644009178</ymax>
    </bndbox>
    <attributes>
      <attribute>
        <name>track_id</name>
        <value>149</value>
      </attribute>
      <attribute>
        <name>keyframe</name>
        <value>True</value>
      </attribute>
    </attributes>
  </object>
  <object>
    <name>vehicule</name>
    <occluded>0</occluded>
    <bndbox>
      <xmin>708.2174852715164</xmin>
      <ymin>572.2573770491812</ymin>
      <xmax>987.1344774590164</xmax>
      <ymax>954.4884263335681</ymax>
    </bndbox>
    <attributes>
      <attribute>
        <name>track_id</name>
        <value>153</value>
      </attribute>
      <attribute>
        <name>keyframe</name>
        <value>True</value>
      </attribute>
    </attributes>
  </object>
  <object>
    <name>vehicule</name>
    <occluded>0</occluded>
    <bndbox>
      <xmin>1124.4007161458333</xmin>
      <ymin>118.66666666666788</ymin>
      <xmax>1370.1333333333343</xmax>
      <ymax>330.3182067871094</ymax>
    </bndbox>
    <attributes>
      <attribute>
        <name>track_id</name>
        <value>155</value>
      </attribute>
      <attribute>
        <name>keyframe</name>
        <value>True</value>
      </attribute>
    </attributes>
  </object>
  <object>
    <name>vehicule</name>
    <occluded>0</occluded>
    <bndbox>
      <xmin>587.2504750844595</xmin>
      <ymin>359.65814505912175</ymin>
      <xmax>821.9190297719609</xmax>
      <ymax>616.4181456694729</ymax>
    </bndbox>
    <attributes>
      <attribute>
        <name>track_id</name>
        <value>158</value>
      </attribute>
      <attribute>
        <name>keyframe</name>
        <value>True</value>
      </attribute>
    </attributes>
  </object>
  <object>
    <name>vehicule</name>
    <occluded>0</occluded>
    <bndbox>
      <xmin>979.0571001838235</xmin>
      <ymin>55.194117647060175</ymin>
      <xmax>1257.8844439338245</xmax>
      <ymax>255.0727269789752</ymax>
    </bndbox>
    <attributes>
      <attribute>
        <name>track_id</name>
        <value>161</value>
      </attribute>
      <attribute>
        <name>keyframe</name>
        <value>True</value>
      </attribute>
    </attributes>
  </object>
  <object>
    <name>vehicule</name>
    <occluded>0</occluded>
    <bndbox>
      <xmin>616.4259600572183</xmin>
      <ymin>184.96334452024647</ymin>
      <xmax>867.6140643052637</xmax>
      <ymax>398.8571554264549</ymax>
    </bndbox>
    <attributes>
      <attribute>
        <name>track_id</name>
        <value>162</value>
      </attribute>
      <attribute>
        <name>keyframe</name>
        <value>True</value>
      </attribute>
    </attributes>
  </object>
  <object>
    <name>vehicule</name>
    <occluded>0</occluded>
    <bndbox>
      <xmin>1359.978515625</xmin>
      <ymin>1022.3310546875</ymin>
      <xmax>2017.043094889322</xmax>
      <ymax>1349.0227864583333</ymax>
    </bndbox>
    <attributes>
      <attribute>
        <name>track_id</name>
        <value>165</value>
      </attribute>
      <attribute>
        <name>keyframe</name>
        <value>True</value>
      </attribute>
    </attributes>
  </object>
  <object>
    <name>vehicule</name>
    <occluded>0</occluded>
    <bndbox>
      <xmin>479.72031250000055</xmin>
      <ymin>1340.982666015625</ymin>
      <xmax>1286.587646484375</xmax>
      <ymax>1677.7944946289062</ymax>
    </bndbox>
    <attributes>
      <attribute>
        <name>track_id</name>
        <value>166</value>
      </attribute>
      <attribute>
        <name>keyframe</name>
        <value>True</value>
      </attribute>
    </attributes>
  </object>
  <object>
    <name>vehicule</name>
    <occluded>0</occluded>
    <bndbox>
      <xmin>669.6550071022727</xmin>
      <ymin>63.95552201704545</ymin>
      <xmax>961.7687072753906</xmax>
      <ymax>218.79954528808594</ymax>
    </bndbox>
    <attributes>
      <attribute>
        <name>track_id</name>
        <value>167</value>
      </attribute>
      <attribute>
        <name>keyframe</name>
        <value>True</value>
      </attribute>
    </attributes>
  </object>
  <object>
    <name>vehicule</name>
    <occluded>0</occluded>
    <bndbox>
      <xmin>79.45136718750018</xmin>
      <ymin>1697.119384765625</ymin>
      <xmax>706.8368530273438</xmax>
      <ymax>1995.2806701660156</ymax>
    </bndbox>
    <attributes>
      <attribute>
        <name>track_id</name>
        <value>168</value>
      </attribute>
      <attribute>
        <name>keyframe</name>
        <value>True</value>
      </attribute>
    </attributes>
  </object>
</annotation>
