<annotation>
  <folder>frame</folder>
  <filename>frame_000528.jpg</filename>
  <source>
    <database>Unknown</database>
    <annotation>Unknown</annotation>
    <image>Unknown</image>
  </source>
  <size>
    <width>2456</width>
    <height>2054</height>
    <depth>3</depth>
  </size>
  <segmented>0</segmented>
  <object>
    <name>vehicule</name>
    <occluded>0</occluded>
    <bndbox>
      <xmin>0.0</xmin>
      <ymin>886.951171875</ymin>
      <xmax>3.420013427734375</xmax>
      <ymax>1051.8936004638672</ymax>
    </bndbox>
    <attributes>
      <attribute>
        <name>track_id</name>
        <value>21</value>
      </attribute>
      <attribute>
        <name>keyframe</name>
        <value>True</value>
      </attribute>
    </attributes>
  </object>
  <object>
    <name>vehicule</name>
    <occluded>0</occluded>
    <bndbox>
      <xmin>626.15</xmin>
      <ymin>574.4500000000004</ymin>
      <xmax>1027.3074981689454</xmax>
      <ymax>765.5781997680664</ymax>
    </bndbox>
    <attributes>
      <attribute>
        <name>track_id</name>
        <value>44</value>
      </attribute>
      <attribute>
        <name>keyframe</name>
        <value>True</value>
      </attribute>
    </attributes>
  </object>
  <object>
    <name>vehicule</name>
    <occluded>0</occluded>
    <bndbox>
      <xmin>1873.5</xmin>
      <ymin>818.5</ymin>
      <xmax>2347.076171875</xmax>
      <ymax>1020.7712707519531</ymax>
    </bndbox>
    <attributes>
      <attribute>
        <name>track_id</name>
        <value>45</value>
      </attribute>
      <attribute>
        <name>keyframe</name>
        <value>True</value>
      </attribute>
    </attributes>
  </object>
</annotation>
