<annotation>
  <folder>frame</folder>
  <filename>frame_002428.jpg</filename>
  <source>
    <database>Unknown</database>
    <annotation>Unknown</annotation>
    <image>Unknown</image>
  </source>
  <size>
    <width>2456</width>
    <height>2054</height>
    <depth>3</depth>
  </size>
  <segmented>0</segmented>
  <object>
    <name>vehicule</name>
    <occluded>0</occluded>
    <bndbox>
      <xmin>1346.9955384497548</xmin>
      <ymin>1612.128370098039</ymin>
      <xmax>2086.995462814032</xmax>
      <ymax>1954.4424264945235</ymax>
    </bndbox>
    <attributes>
      <attribute>
        <name>track_id</name>
        <value>232</value>
      </attribute>
      <attribute>
        <name>keyframe</name>
        <value>True</value>
      </attribute>
    </attributes>
  </object>
  <object>
    <name>vehicule</name>
    <occluded>0</occluded>
    <bndbox>
      <xmin>347.705859375</xmin>
      <ymin>1573.3565625</ymin>
      <xmax>1145.2236328125011</xmax>
      <ymax>1957.1691540527345</ymax>
    </bndbox>
    <attributes>
      <attribute>
        <name>track_id</name>
        <value>240</value>
      </attribute>
      <attribute>
        <name>keyframe</name>
        <value>True</value>
      </attribute>
    </attributes>
  </object>
  <object>
    <name>vehicule</name>
    <occluded>0</occluded>
    <bndbox>
      <xmin>1721.1857142857152</xmin>
      <ymin>644.0428571428578</ymin>
      <xmax>2159.839913504464</xmax>
      <ymax>1002.7321297781808</ymax>
    </bndbox>
    <attributes>
      <attribute>
        <name>track_id</name>
        <value>241</value>
      </attribute>
      <attribute>
        <name>keyframe</name>
        <value>True</value>
      </attribute>
    </attributes>
  </object>
  <object>
    <name>vehicule</name>
    <occluded>0</occluded>
    <bndbox>
      <xmin>1173.342857142858</xmin>
      <ymin>285.9714285714292</ymin>
      <xmax>1499.549115862165</xmax>
      <ymax>594.5368521554129</ymax>
    </bndbox>
    <attributes>
      <attribute>
        <name>track_id</name>
        <value>242</value>
      </attribute>
      <attribute>
        <name>keyframe</name>
        <value>True</value>
      </attribute>
    </attributes>
  </object>
</annotation>
