<annotation>
  <folder>frame</folder>
  <filename>frame_002826.jpg</filename>
  <source>
    <database>Unknown</database>
    <annotation>Unknown</annotation>
    <image>Unknown</image>
  </source>
  <size>
    <width>2456</width>
    <height>2054</height>
    <depth>3</depth>
  </size>
  <segmented>0</segmented>
  <object>
    <name>vehicule</name>
    <occluded>0</occluded>
    <bndbox>
      <xmin>1814.963169642857</xmin>
      <ymin>962.2668805803571</ymin>
      <xmax>2373.8327253069197</xmax>
      <ymax>1271.471195765904</ymax>
    </bndbox>
    <attributes>
      <attribute>
        <name>track_id</name>
        <value>284</value>
      </attribute>
      <attribute>
        <name>keyframe</name>
        <value>True</value>
      </attribute>
    </attributes>
  </object>
  <object>
    <name>vehicule</name>
    <occluded>0</occluded>
    <bndbox>
      <xmin>1470.6513671875</xmin>
      <ymin>1328.657924107143</ymin>
      <xmax>1805.5178527832031</xmax>
      <ymax>1632.3946428571433</ymax>
    </bndbox>
    <attributes>
      <attribute>
        <name>track_id</name>
        <value>285</value>
      </attribute>
      <attribute>
        <name>keyframe</name>
        <value>True</value>
      </attribute>
    </attributes>
  </object>
  <object>
    <name>vehicule</name>
    <occluded>0</occluded>
    <bndbox>
      <xmin>659.7995256696428</xmin>
      <ymin>1166.9554966517858</ymin>
      <xmax>1342.5012651715947</xmax>
      <ymax>1517.5385044642858</ymax>
    </bndbox>
    <attributes>
      <attribute>
        <name>track_id</name>
        <value>286</value>
      </attribute>
      <attribute>
        <name>keyframe</name>
        <value>True</value>
      </attribute>
    </attributes>
  </object>
</annotation>
