<annotation>
  <folder>frame</folder>
  <filename>frame_001299.jpg</filename>
  <source>
    <database>Unknown</database>
    <annotation>Unknown</annotation>
    <image>Unknown</image>
  </source>
  <size>
    <width>2456</width>
    <height>2054</height>
    <depth>3</depth>
  </size>
  <segmented>0</segmented>
  <object>
    <name>vehicule</name>
    <occluded>0</occluded>
    <bndbox>
      <xmin>0.0</xmin>
      <ymin>886.951171875</ymin>
      <xmax>3.420013427734375</xmax>
      <ymax>1051.8936004638672</ymax>
    </bndbox>
    <attributes>
      <attribute>
        <name>track_id</name>
        <value>21</value>
      </attribute>
      <attribute>
        <name>keyframe</name>
        <value>True</value>
      </attribute>
    </attributes>
  </object>
  <object>
    <name>vehicule</name>
    <occluded>0</occluded>
    <bndbox>
      <xmin>980.0220652062909</xmin>
      <ymin>989.7668760212418</ymin>
      <xmax>1450.233307882072</xmax>
      <ymax>1357.0707578571783</ymax>
    </bndbox>
    <attributes>
      <attribute>
        <name>track_id</name>
        <value>46</value>
      </attribute>
      <attribute>
        <name>keyframe</name>
        <value>True</value>
      </attribute>
    </attributes>
  </object>
  <object>
    <name>vehicule</name>
    <occluded>0</occluded>
    <bndbox>
      <xmin>505.42538551879085</xmin>
      <ymin>1054.6937040441176</ymin>
      <xmax>1029.6036727045753</xmax>
      <ymax>1381.0369858904926</ymax>
    </bndbox>
    <attributes>
      <attribute>
        <name>track_id</name>
        <value>48</value>
      </attribute>
      <attribute>
        <name>keyframe</name>
        <value>True</value>
      </attribute>
    </attributes>
  </object>
  <object>
    <name>vehicule</name>
    <occluded>0</occluded>
    <bndbox>
      <xmin>160.62460426879085</xmin>
      <ymin>886.5337137459151</ymin>
      <xmax>550.7897654016034</xmax>
      <ymax>1145.2064647980014</ymax>
    </bndbox>
    <attributes>
      <attribute>
        <name>track_id</name>
        <value>50</value>
      </attribute>
      <attribute>
        <name>keyframe</name>
        <value>True</value>
      </attribute>
    </attributes>
  </object>
  <object>
    <name>vehicule</name>
    <occluded>0</occluded>
    <bndbox>
      <xmin>1095.873338575487</xmin>
      <ymin>958.4877020765692</ymin>
      <xmax>1595.4177050305636</xmax>
      <ymax>1187.0587378431705</ymax>
    </bndbox>
    <attributes>
      <attribute>
        <name>track_id</name>
        <value>56</value>
      </attribute>
      <attribute>
        <name>keyframe</name>
        <value>True</value>
      </attribute>
    </attributes>
  </object>
  <object>
    <name>vehicule</name>
    <occluded>0</occluded>
    <bndbox>
      <xmin>622.6384548611111</xmin>
      <ymin>814.3522837520425</ymin>
      <xmax>1040.881358752282</xmax>
      <ymax>1071.9746412796896</ymax>
    </bndbox>
    <attributes>
      <attribute>
        <name>track_id</name>
        <value>57</value>
      </attribute>
      <attribute>
        <name>keyframe</name>
        <value>True</value>
      </attribute>
    </attributes>
  </object>
  <object>
    <name>vehicule</name>
    <occluded>0</occluded>
    <bndbox>
      <xmin>76.458984375</xmin>
      <ymin>777.5808759701797</ymin>
      <xmax>497.1589843750007</xmax>
      <ymax>987.2872031115838</ymax>
    </bndbox>
    <attributes>
      <attribute>
        <name>track_id</name>
        <value>59</value>
      </attribute>
      <attribute>
        <name>keyframe</name>
        <value>True</value>
      </attribute>
    </attributes>
  </object>
  <object>
    <name>vehicule</name>
    <occluded>0</occluded>
    <bndbox>
      <xmin>109.63333333333384</xmin>
      <ymin>481.58385416666715</ymin>
      <xmax>447.9778544108073</xmax>
      <ymax>663.8521128336579</ymax>
    </bndbox>
    <attributes>
      <attribute>
        <name>track_id</name>
        <value>103</value>
      </attribute>
      <attribute>
        <name>keyframe</name>
        <value>True</value>
      </attribute>
    </attributes>
  </object>
  <object>
    <name>vehicule</name>
    <occluded>0</occluded>
    <bndbox>
      <xmin>1278.3809895833335</xmin>
      <ymin>703.613541666667</ymin>
      <xmax>1705.0759134928376</xmax>
      <ymax>947.656352742512</ymax>
    </bndbox>
    <attributes>
      <attribute>
        <name>track_id</name>
        <value>104</value>
      </attribute>
      <attribute>
        <name>keyframe</name>
        <value>True</value>
      </attribute>
    </attributes>
  </object>
  <object>
    <name>vehicule</name>
    <occluded>0</occluded>
    <bndbox>
      <xmin>947.5</xmin>
      <ymin>1482.1000000000004</ymin>
      <xmax>1506.985595703125</xmax>
      <ymax>1873.0626220703125</ymax>
    </bndbox>
    <attributes>
      <attribute>
        <name>track_id</name>
        <value>105</value>
      </attribute>
      <attribute>
        <name>keyframe</name>
        <value>True</value>
      </attribute>
    </attributes>
  </object>
</annotation>
