<annotation>
  <folder>frame</folder>
  <filename>frame_002293.jpg</filename>
  <source>
    <database>Unknown</database>
    <annotation>Unknown</annotation>
    <image>Unknown</image>
  </source>
  <size>
    <width>2456</width>
    <height>2054</height>
    <depth>3</depth>
  </size>
  <segmented>0</segmented>
  <object>
    <name>vehicule</name>
    <occluded>0</occluded>
    <bndbox>
      <xmin>1718.8000000000004</xmin>
      <ymin>674.8333333333345</ymin>
      <xmax>2293.8306884765625</xmax>
      <ymax>1047.5613199869792</ymax>
    </bndbox>
    <attributes>
      <attribute>
        <name>track_id</name>
        <value>224</value>
      </attribute>
      <attribute>
        <name>keyframe</name>
        <value>True</value>
      </attribute>
    </attributes>
  </object>
  <object>
    <name>vehicule</name>
    <occluded>0</occluded>
    <bndbox>
      <xmin>1609.4805989583335</xmin>
      <ymin>1569.2936197916667</ymin>
      <xmax>2328.8264851888016</xmax>
      <ymax>1942.043729654947</ymax>
    </bndbox>
    <attributes>
      <attribute>
        <name>track_id</name>
        <value>226</value>
      </attribute>
      <attribute>
        <name>keyframe</name>
        <value>True</value>
      </attribute>
    </attributes>
  </object>
  <object>
    <name>vehicule</name>
    <occluded>0</occluded>
    <bndbox>
      <xmin>994.4666666666672</xmin>
      <ymin>272.64661458333404</ymin>
      <xmax>1303.6610819498699</xmax>
      <ymax>587.4356648763018</ymax>
    </bndbox>
    <attributes>
      <attribute>
        <name>track_id</name>
        <value>227</value>
      </attribute>
      <attribute>
        <name>keyframe</name>
        <value>True</value>
      </attribute>
    </attributes>
  </object>
  <object>
    <name>vehicule</name>
    <occluded>0</occluded>
    <bndbox>
      <xmin>156.41595052083358</xmin>
      <ymin>1520.5693359375</ymin>
      <xmax>920.8419820149738</xmax>
      <ymax>1923.6666666666672</ymax>
    </bndbox>
    <attributes>
      <attribute>
        <name>track_id</name>
        <value>228</value>
      </attribute>
      <attribute>
        <name>keyframe</name>
        <value>True</value>
      </attribute>
    </attributes>
  </object>
  <object>
    <name>vehicule</name>
    <occluded>0</occluded>
    <bndbox>
      <xmin>419.3046875</xmin>
      <ymin>16.879231770833332</ymin>
      <xmax>687.0976867675781</xmax>
      <ymax>240.50020345052084</ymax>
    </bndbox>
    <attributes>
      <attribute>
        <name>track_id</name>
        <value>229</value>
      </attribute>
      <attribute>
        <name>keyframe</name>
        <value>True</value>
      </attribute>
    </attributes>
  </object>
</annotation>
