<annotation>
  <folder>frame</folder>
  <filename>frame_002060.jpg</filename>
  <source>
    <database>Unknown</database>
    <annotation>Unknown</annotation>
    <image>Unknown</image>
  </source>
  <size>
    <width>2456</width>
    <height>2054</height>
    <depth>3</depth>
  </size>
  <segmented>0</segmented>
  <object>
    <name>vehicule</name>
    <occluded>0</occluded>
    <bndbox>
      <xmin>1227.6063802083336</xmin>
      <ymin>722.319401041667</ymin>
      <xmax>1768.578312174479</xmax>
      <ymax>1085.8345052083325</ymax>
    </bndbox>
    <attributes>
      <attribute>
        <name>track_id</name>
        <value>162</value>
      </attribute>
      <attribute>
        <name>keyframe</name>
        <value>True</value>
      </attribute>
    </attributes>
  </object>
  <object>
    <name>vehicule</name>
    <occluded>0</occluded>
    <bndbox>
      <xmin>1966.3623046875</xmin>
      <ymin>1146.94775390625</ymin>
      <xmax>2456.0</xmax>
      <ymax>1467.2803710937515</ymax>
    </bndbox>
    <attributes>
      <attribute>
        <name>track_id</name>
        <value>179</value>
      </attribute>
      <attribute>
        <name>keyframe</name>
        <value>True</value>
      </attribute>
    </attributes>
  </object>
  <object>
    <name>vehicule</name>
    <occluded>0</occluded>
    <bndbox>
      <xmin>1681.8944444444444</xmin>
      <ymin>694.9444444444448</ymin>
      <xmax>2201.399907430013</xmax>
      <ymax>1033.0840725368923</ymax>
    </bndbox>
    <attributes>
      <attribute>
        <name>track_id</name>
        <value>180</value>
      </attribute>
      <attribute>
        <name>keyframe</name>
        <value>True</value>
      </attribute>
    </attributes>
  </object>
  <object>
    <name>vehicule</name>
    <occluded>0</occluded>
    <bndbox>
      <xmin>821.9826063368066</xmin>
      <ymin>474.793717447917</ymin>
      <xmax>1159.2155700683595</xmax>
      <ymax>766.5091478135851</ymax>
    </bndbox>
    <attributes>
      <attribute>
        <name>track_id</name>
        <value>183</value>
      </attribute>
      <attribute>
        <name>keyframe</name>
        <value>True</value>
      </attribute>
    </attributes>
  </object>
  <object>
    <name>vehicule</name>
    <occluded>0</occluded>
    <bndbox>
      <xmin>682.661538461539</xmin>
      <ymin>751.3076923076927</ymin>
      <xmax>1168.6106097881611</xmax>
      <ymax>1120.3865778996394</ymax>
    </bndbox>
    <attributes>
      <attribute>
        <name>track_id</name>
        <value>187</value>
      </attribute>
      <attribute>
        <name>keyframe</name>
        <value>True</value>
      </attribute>
    </attributes>
  </object>
  <object>
    <name>vehicule</name>
    <occluded>0</occluded>
    <bndbox>
      <xmin>1626.5054443359381</xmin>
      <ymin>1039.4234619140625</ymin>
      <xmax>1886.0443206787108</xmax>
      <ymax>1343.0138854980469</ymax>
    </bndbox>
    <attributes>
      <attribute>
        <name>track_id</name>
        <value>189</value>
      </attribute>
      <attribute>
        <name>keyframe</name>
        <value>True</value>
      </attribute>
    </attributes>
  </object>
  <object>
    <name>vehicule</name>
    <occluded>0</occluded>
    <bndbox>
      <xmin>387.47692307692313</xmin>
      <ymin>414.4076923076931</ymin>
      <xmax>644.1710428091196</xmax>
      <ymax>700.9660855806791</ymax>
    </bndbox>
    <attributes>
      <attribute>
        <name>track_id</name>
        <value>190</value>
      </attribute>
      <attribute>
        <name>keyframe</name>
        <value>True</value>
      </attribute>
    </attributes>
  </object>
  <object>
    <name>vehicule</name>
    <occluded>0</occluded>
    <bndbox>
      <xmin>1162.5600000000006</xmin>
      <ymin>426.15550781250056</ymin>
      <xmax>1564.4631408691407</xmax>
      <ymax>735.410262451171</ymax>
    </bndbox>
    <attributes>
      <attribute>
        <name>track_id</name>
        <value>191</value>
      </attribute>
      <attribute>
        <name>keyframe</name>
        <value>True</value>
      </attribute>
    </attributes>
  </object>
  <object>
    <name>vehicule</name>
    <occluded>0</occluded>
    <bndbox>
      <xmin>740.4088199013158</xmin>
      <ymin>307.2478618421054</ymin>
      <xmax>950.241449295846</xmax>
      <ymax>511.5890208997215</ymax>
    </bndbox>
    <attributes>
      <attribute>
        <name>track_id</name>
        <value>194</value>
      </attribute>
      <attribute>
        <name>keyframe</name>
        <value>True</value>
      </attribute>
    </attributes>
  </object>
  <object>
    <name>vehicule</name>
    <occluded>0</occluded>
    <bndbox>
      <xmin>1195.6235452586209</xmin>
      <ymin>246.79509698275945</ymin>
      <xmax>1488.937779288457</xmax>
      <ymax>515.4634931893178</ymax>
    </bndbox>
    <attributes>
      <attribute>
        <name>track_id</name>
        <value>195</value>
      </attribute>
      <attribute>
        <name>keyframe</name>
        <value>True</value>
      </attribute>
    </attributes>
  </object>
  <object>
    <name>vehicule</name>
    <occluded>0</occluded>
    <bndbox>
      <xmin>394.458984375</xmin>
      <ymin>207.71021634615389</ymin>
      <xmax>640.2125000000015</xmax>
      <ymax>441.5408862774185</ymax>
    </bndbox>
    <attributes>
      <attribute>
        <name>track_id</name>
        <value>196</value>
      </attribute>
      <attribute>
        <name>keyframe</name>
        <value>True</value>
      </attribute>
    </attributes>
  </object>
  <object>
    <name>vehicule</name>
    <occluded>0</occluded>
    <bndbox>
      <xmin>867.5639905427631</xmin>
      <ymin>95.22105263157975</ymin>
      <xmax>1127.0747632478412</xmax>
      <ymax>324.00073081568667</ymax>
    </bndbox>
    <attributes>
      <attribute>
        <name>track_id</name>
        <value>198</value>
      </attribute>
      <attribute>
        <name>keyframe</name>
        <value>True</value>
      </attribute>
    </attributes>
  </object>
  <object>
    <name>vehicule</name>
    <occluded>0</occluded>
    <bndbox>
      <xmin>1162.2833782327593</xmin>
      <ymin>54.453205818966154</ymin>
      <xmax>1474.379864291488</xmax>
      <ymax>232.82153846477638</ymax>
    </bndbox>
    <attributes>
      <attribute>
        <name>track_id</name>
        <value>199</value>
      </attribute>
      <attribute>
        <name>keyframe</name>
        <value>True</value>
      </attribute>
    </attributes>
  </object>
  <object>
    <name>vehicule</name>
    <occluded>0</occluded>
    <bndbox>
      <xmin>1158.5916666666672</xmin>
      <ymin>1370.5904947916667</ymin>
      <xmax>1802.3995035807293</xmax>
      <ymax>1681.6137288411458</ymax>
    </bndbox>
    <attributes>
      <attribute>
        <name>track_id</name>
        <value>201</value>
      </attribute>
      <attribute>
        <name>keyframe</name>
        <value>True</value>
      </attribute>
    </attributes>
  </object>
  <object>
    <name>vehicule</name>
    <occluded>0</occluded>
    <bndbox>
      <xmin>703.1079644097222</xmin>
      <ymin>1619.0152994791667</ymin>
      <xmax>1561.6566541883678</xmax>
      <ymax>1955.8485209147136</ymax>
    </bndbox>
    <attributes>
      <attribute>
        <name>track_id</name>
        <value>202</value>
      </attribute>
      <attribute>
        <name>keyframe</name>
        <value>True</value>
      </attribute>
    </attributes>
  </object>
  <object>
    <name>vehicule</name>
    <occluded>0</occluded>
    <bndbox>
      <xmin>128.0800000000003</xmin>
      <ymin>1443.279296875</ymin>
      <xmax>805.2582885742188</xmax>
      <ymax>1809.8956237792968</ymax>
    </bndbox>
    <attributes>
      <attribute>
        <name>track_id</name>
        <value>203</value>
      </attribute>
      <attribute>
        <name>keyframe</name>
        <value>True</value>
      </attribute>
    </attributes>
  </object>
</annotation>
