<annotation>
  <folder>frame</folder>
  <filename>frame_001428.jpg</filename>
  <source>
    <database>Unknown</database>
    <annotation>Unknown</annotation>
    <image>Unknown</image>
  </source>
  <size>
    <width>2456</width>
    <height>2054</height>
    <depth>3</depth>
  </size>
  <segmented>0</segmented>
  <object>
    <name>vehicule</name>
    <occluded>0</occluded>
    <bndbox>
      <xmin>0.0</xmin>
      <ymin>886.951171875</ymin>
      <xmax>3.420013427734375</xmax>
      <ymax>1051.8936004638672</ymax>
    </bndbox>
    <attributes>
      <attribute>
        <name>track_id</name>
        <value>21</value>
      </attribute>
      <attribute>
        <name>keyframe</name>
        <value>True</value>
      </attribute>
    </attributes>
  </object>
  <object>
    <name>vehicule</name>
    <occluded>0</occluded>
    <bndbox>
      <xmin>998.0260521673387</xmin>
      <ymin>1006.9620873235887</ymin>
      <xmax>1468.23729484312</xmax>
      <ymax>1374.2659691595252</ymax>
    </bndbox>
    <attributes>
      <attribute>
        <name>track_id</name>
        <value>46</value>
      </attribute>
      <attribute>
        <name>keyframe</name>
        <value>True</value>
      </attribute>
    </attributes>
  </object>
  <object>
    <name>vehicule</name>
    <occluded>0</occluded>
    <bndbox>
      <xmin>485.36441532258067</xmin>
      <ymin>1072.1149193548388</ymin>
      <xmax>1011.0856858043007</xmax>
      <ymax>1394.8588873295535</ymax>
    </bndbox>
    <attributes>
      <attribute>
        <name>track_id</name>
        <value>48</value>
      </attribute>
      <attribute>
        <name>keyframe</name>
        <value>True</value>
      </attribute>
    </attributes>
  </object>
  <object>
    <name>vehicule</name>
    <occluded>0</occluded>
    <bndbox>
      <xmin>144.23894279233872</xmin>
      <ymin>930.4731130292339</ymin>
      <xmax>557.7110801364329</xmax>
      <ymax>1182.2054442340939</ymax>
    </bndbox>
    <attributes>
      <attribute>
        <name>track_id</name>
        <value>50</value>
      </attribute>
      <attribute>
        <name>keyframe</name>
        <value>True</value>
      </attribute>
    </attributes>
  </object>
  <object>
    <name>vehicule</name>
    <occluded>0</occluded>
    <bndbox>
      <xmin>1145.8254996956168</xmin>
      <ymin>980.6884807900433</ymin>
      <xmax>1645.3698661506935</xmax>
      <ymax>1209.2595165566445</ymax>
    </bndbox>
    <attributes>
      <attribute>
        <name>track_id</name>
        <value>56</value>
      </attribute>
      <attribute>
        <name>keyframe</name>
        <value>True</value>
      </attribute>
    </attributes>
  </object>
  <object>
    <name>vehicule</name>
    <occluded>0</occluded>
    <bndbox>
      <xmin>649.3220451108871</xmin>
      <ymin>829.0044417842741</ymin>
      <xmax>1060.7251881701125</xmax>
      <ymax>1093.4534856893677</ymax>
    </bndbox>
    <attributes>
      <attribute>
        <name>track_id</name>
        <value>57</value>
      </attribute>
      <attribute>
        <name>keyframe</name>
        <value>True</value>
      </attribute>
    </attributes>
  </object>
  <object>
    <name>vehicule</name>
    <occluded>0</occluded>
    <bndbox>
      <xmin>80.62391937756148</xmin>
      <ymin>777.0200835681352</ymin>
      <xmax>501.3239193775622</xmax>
      <ymax>998.72086635979</ymax>
    </bndbox>
    <attributes>
      <attribute>
        <name>track_id</name>
        <value>59</value>
      </attribute>
      <attribute>
        <name>keyframe</name>
        <value>True</value>
      </attribute>
    </attributes>
  </object>
  <object>
    <name>vehicule</name>
    <occluded>0</occluded>
    <bndbox>
      <xmin>493.2000000000007</xmin>
      <ymin>534.7021484375</ymin>
      <xmax>855.8717041015625</xmax>
      <ymax>723.486093139647</ymax>
    </bndbox>
    <attributes>
      <attribute>
        <name>track_id</name>
        <value>111</value>
      </attribute>
      <attribute>
        <name>keyframe</name>
        <value>True</value>
      </attribute>
    </attributes>
  </object>
  <object>
    <name>vehicule</name>
    <occluded>0</occluded>
    <bndbox>
      <xmin>1543.4521484375</xmin>
      <ymin>753.30078125</ymin>
      <xmax>1954.2292907714836</xmax>
      <ymax>965.3265991210938</ymax>
    </bndbox>
    <attributes>
      <attribute>
        <name>track_id</name>
        <value>112</value>
      </attribute>
      <attribute>
        <name>keyframe</name>
        <value>True</value>
      </attribute>
    </attributes>
  </object>
  <object>
    <name>vehicule</name>
    <occluded>0</occluded>
    <bndbox>
      <xmin>364.40000000000146</xmin>
      <ymin>1266.80078125</ymin>
      <xmax>880.8471374511719</xmax>
      <ymax>1571.587890625</ymax>
    </bndbox>
    <attributes>
      <attribute>
        <name>track_id</name>
        <value>113</value>
      </attribute>
      <attribute>
        <name>keyframe</name>
        <value>True</value>
      </attribute>
    </attributes>
  </object>
</annotation>
