<annotation>
  <folder>frame</folder>
  <filename>frame_002155.jpg</filename>
  <source>
    <database>Unknown</database>
    <annotation>Unknown</annotation>
    <image>Unknown</image>
  </source>
  <size>
    <width>2456</width>
    <height>2054</height>
    <depth>3</depth>
  </size>
  <segmented>0</segmented>
  <object>
    <name>vehicule</name>
    <occluded>0</occluded>
    <bndbox>
      <xmin>1841.0</xmin>
      <ymin>756.4000000000015</ymin>
      <xmax>2420.8611450195312</xmax>
      <ymax>1103.6968383789062</ymax>
    </bndbox>
    <attributes>
      <attribute>
        <name>track_id</name>
        <value>199</value>
      </attribute>
      <attribute>
        <name>keyframe</name>
        <value>True</value>
      </attribute>
    </attributes>
  </object>
  <object>
    <name>vehicule</name>
    <occluded>0</occluded>
    <bndbox>
      <xmin>931.8120028409103</xmin>
      <ymin>540.1135653409096</ymin>
      <xmax>1297.0861228249291</xmax>
      <ymax>795.2818309437148</ymax>
    </bndbox>
    <attributes>
      <attribute>
        <name>track_id</name>
        <value>204</value>
      </attribute>
      <attribute>
        <name>keyframe</name>
        <value>True</value>
      </attribute>
    </attributes>
  </object>
  <object>
    <name>vehicule</name>
    <occluded>0</occluded>
    <bndbox>
      <xmin>1304.8000000000013</xmin>
      <ymin>381.418181818182</ymin>
      <xmax>1677.981522993608</xmax>
      <ymax>748.5638011585582</ymax>
    </bndbox>
    <attributes>
      <attribute>
        <name>track_id</name>
        <value>205</value>
      </attribute>
      <attribute>
        <name>keyframe</name>
        <value>True</value>
      </attribute>
    </attributes>
  </object>
  <object>
    <name>vehicule</name>
    <occluded>0</occluded>
    <bndbox>
      <xmin>824.3090909090913</xmin>
      <ymin>636.2272727272741</ymin>
      <xmax>1632.9770063920455</xmax>
      <ymax>1313.765536221591</ymax>
    </bndbox>
    <attributes>
      <attribute>
        <name>track_id</name>
        <value>207</value>
      </attribute>
      <attribute>
        <name>keyframe</name>
        <value>True</value>
      </attribute>
    </attributes>
  </object>
  <object>
    <name>vehicule</name>
    <occluded>0</occluded>
    <bndbox>
      <xmin>618.7744140625</xmin>
      <ymin>1524.9076450892858</ymin>
      <xmax>1402.5191406249996</xmax>
      <ymax>1938.9560825892872</ymax>
    </bndbox>
    <attributes>
      <attribute>
        <name>track_id</name>
        <value>208</value>
      </attribute>
      <attribute>
        <name>keyframe</name>
        <value>True</value>
      </attribute>
    </attributes>
  </object>
  <object>
    <name>vehicule</name>
    <occluded>0</occluded>
    <bndbox>
      <xmin>789.7564630681827</xmin>
      <ymin>320.908203125</ymin>
      <xmax>1059.6154119318182</xmax>
      <ymax>597.7251936479046</ymax>
    </bndbox>
    <attributes>
      <attribute>
        <name>track_id</name>
        <value>209</value>
      </attribute>
      <attribute>
        <name>keyframe</name>
        <value>True</value>
      </attribute>
    </attributes>
  </object>
  <object>
    <name>vehicule</name>
    <occluded>0</occluded>
    <bndbox>
      <xmin>814.8718750000008</xmin>
      <ymin>93.42807173295462</ymin>
      <xmax>1079.090909090909</xmax>
      <ymax>328.4254927201705</ymax>
    </bndbox>
    <attributes>
      <attribute>
        <name>track_id</name>
        <value>210</value>
      </attribute>
      <attribute>
        <name>keyframe</name>
        <value>True</value>
      </attribute>
    </attributes>
  </object>
  <object>
    <name>vehicule</name>
    <occluded>0</occluded>
    <bndbox>
      <xmin>380.1533203125</xmin>
      <ymin>193.081818181819</ymin>
      <xmax>637.4272727272736</xmax>
      <ymax>532.7208973277699</ymax>
    </bndbox>
    <attributes>
      <attribute>
        <name>track_id</name>
        <value>211</value>
      </attribute>
      <attribute>
        <name>keyframe</name>
        <value>True</value>
      </attribute>
    </attributes>
  </object>
  <object>
    <name>vehicule</name>
    <occluded>0</occluded>
    <bndbox>
      <xmin>1175.25</xmin>
      <ymin>4.4909090909092235</ymin>
      <xmax>1517.8000000000006</xmax>
      <ymax>181.8560596812855</ymax>
    </bndbox>
    <attributes>
      <attribute>
        <name>track_id</name>
        <value>212</value>
      </attribute>
      <attribute>
        <name>keyframe</name>
        <value>True</value>
      </attribute>
    </attributes>
  </object>
</annotation>
