<annotation>
  <folder>frame</folder>
  <filename>frame_002388.jpg</filename>
  <source>
    <database>Unknown</database>
    <annotation>Unknown</annotation>
    <image>Unknown</image>
  </source>
  <size>
    <width>2456</width>
    <height>2054</height>
    <depth>3</depth>
  </size>
  <segmented>0</segmented>
  <object>
    <name>vehicule</name>
    <occluded>0</occluded>
    <bndbox>
      <xmin>1290.6988166360295</xmin>
      <ymin>1614.2936580882354</ymin>
      <xmax>2073.9727768841904</xmax>
      <ymax>1956.6077144847197</ymax>
    </bndbox>
    <attributes>
      <attribute>
        <name>track_id</name>
        <value>232</value>
      </attribute>
      <attribute>
        <name>keyframe</name>
        <value>True</value>
      </attribute>
    </attributes>
  </object>
  <object>
    <name>vehicule</name>
    <occluded>0</occluded>
    <bndbox>
      <xmin>1259.1400000000012</xmin>
      <ymin>390.9600000000002</ymin>
      <xmax>1585.4459838867188</xmax>
      <ymax>675.7800537109375</ymax>
    </bndbox>
    <attributes>
      <attribute>
        <name>track_id</name>
        <value>237</value>
      </attribute>
      <attribute>
        <name>keyframe</name>
        <value>True</value>
      </attribute>
    </attributes>
  </object>
  <object>
    <name>vehicule</name>
    <occluded>0</occluded>
    <bndbox>
      <xmin>786.709090909092</xmin>
      <ymin>370.9818181818184</ymin>
      <xmax>1149.6481794877486</xmax>
      <ymax>758.6015985662286</ymax>
    </bndbox>
    <attributes>
      <attribute>
        <name>track_id</name>
        <value>238</value>
      </attribute>
      <attribute>
        <name>keyframe</name>
        <value>True</value>
      </attribute>
    </attributes>
  </object>
  <object>
    <name>vehicule</name>
    <occluded>0</occluded>
    <bndbox>
      <xmin>1011.932682291667</xmin>
      <ymin>85.86666666666679</ymin>
      <xmax>1253.9709665934254</xmax>
      <ymax>361.9742736816406</ymax>
    </bndbox>
    <attributes>
      <attribute>
        <name>track_id</name>
        <value>239</value>
      </attribute>
      <attribute>
        <name>keyframe</name>
        <value>True</value>
      </attribute>
    </attributes>
  </object>
  <object>
    <name>vehicule</name>
    <occluded>0</occluded>
    <bndbox>
      <xmin>46.73313551682693</xmin>
      <ymin>1583.5470252403845</ymin>
      <xmax>844.250908954328</xmax>
      <ymax>1967.359616793119</ymax>
    </bndbox>
    <attributes>
      <attribute>
        <name>track_id</name>
        <value>240</value>
      </attribute>
      <attribute>
        <name>keyframe</name>
        <value>True</value>
      </attribute>
    </attributes>
  </object>
</annotation>
