<annotation>
  <folder>frame</folder>
  <filename>frame_002587.jpg</filename>
  <source>
    <database>Unknown</database>
    <annotation>Unknown</annotation>
    <image>Unknown</image>
  </source>
  <size>
    <width>2456</width>
    <height>2054</height>
    <depth>3</depth>
  </size>
  <segmented>0</segmented>
  <object>
    <name>vehicule</name>
    <occluded>0</occluded>
    <bndbox>
      <xmin>1185.5244255514717</xmin>
      <ymin>327.1352941176482</ymin>
      <xmax>1512.4250201056986</xmax>
      <ymax>615.2068436566522</ymax>
    </bndbox>
    <attributes>
      <attribute>
        <name>track_id</name>
        <value>260</value>
      </attribute>
      <attribute>
        <name>keyframe</name>
        <value>True</value>
      </attribute>
    </attributes>
  </object>
  <object>
    <name>vehicule</name>
    <occluded>0</occluded>
    <bndbox>
      <xmin>535.25732421875</xmin>
      <ymin>57.3681640625</ymin>
      <xmax>919.001953125</xmax>
      <ymax>305.83746337890625</ymax>
    </bndbox>
    <attributes>
      <attribute>
        <name>track_id</name>
        <value>263</value>
      </attribute>
      <attribute>
        <name>keyframe</name>
        <value>True</value>
      </attribute>
    </attributes>
  </object>
  <object>
    <name>vehicule</name>
    <occluded>0</occluded>
    <bndbox>
      <xmin>214.4461538461541</xmin>
      <ymin>1621.6607121394231</ymin>
      <xmax>1016.476308969351</xmax>
      <ymax>1974.8187701885518</ymax>
    </bndbox>
    <attributes>
      <attribute>
        <name>track_id</name>
        <value>264</value>
      </attribute>
      <attribute>
        <name>keyframe</name>
        <value>True</value>
      </attribute>
    </attributes>
  </object>
</annotation>
