<annotation>
  <folder>frame</folder>
  <filename>frame_002167.jpg</filename>
  <source>
    <database>Unknown</database>
    <annotation>Unknown</annotation>
    <image>Unknown</image>
  </source>
  <size>
    <width>2456</width>
    <height>2054</height>
    <depth>3</depth>
  </size>
  <segmented>0</segmented>
  <object>
    <name>vehicule</name>
    <occluded>0</occluded>
    <bndbox>
      <xmin>1123.3363636363645</xmin>
      <ymin>708.9636363636375</ymin>
      <xmax>1634.9024297540839</xmax>
      <ymax>1081.8984513716264</ymax>
    </bndbox>
    <attributes>
      <attribute>
        <name>track_id</name>
        <value>204</value>
      </attribute>
      <attribute>
        <name>keyframe</name>
        <value>True</value>
      </attribute>
    </attributes>
  </object>
  <object>
    <name>vehicule</name>
    <occluded>0</occluded>
    <bndbox>
      <xmin>1589.1909090909096</xmin>
      <ymin>566.6545454545462</ymin>
      <xmax>2089.834170254794</xmax>
      <ymax>960.6403475674716</ymax>
    </bndbox>
    <attributes>
      <attribute>
        <name>track_id</name>
        <value>205</value>
      </attribute>
      <attribute>
        <name>keyframe</name>
        <value>True</value>
      </attribute>
    </attributes>
  </object>
  <object>
    <name>vehicule</name>
    <occluded>0</occluded>
    <bndbox>
      <xmin>1567.720556640625</xmin>
      <ymin>902.7937988281251</ymin>
      <xmax>2423.7324829101562</xmax>
      <ymax>1608.9159667968747</ymax>
    </bndbox>
    <attributes>
      <attribute>
        <name>track_id</name>
        <value>207</value>
      </attribute>
      <attribute>
        <name>keyframe</name>
        <value>True</value>
      </attribute>
    </attributes>
  </object>
  <object>
    <name>vehicule</name>
    <occluded>0</occluded>
    <bndbox>
      <xmin>1077.848911830357</xmin>
      <ymin>1533.1898716517858</ymin>
      <xmax>1861.5936383928567</xmax>
      <ymax>1947.2383091517872</ymax>
    </bndbox>
    <attributes>
      <attribute>
        <name>track_id</name>
        <value>208</value>
      </attribute>
      <attribute>
        <name>keyframe</name>
        <value>True</value>
      </attribute>
    </attributes>
  </object>
  <object>
    <name>vehicule</name>
    <occluded>0</occluded>
    <bndbox>
      <xmin>843.4363636363647</xmin>
      <ymin>449.6363636363636</ymin>
      <xmax>1221.4961270419035</xmax>
      <ymax>793.9900207519531</ymax>
    </bndbox>
    <attributes>
      <attribute>
        <name>track_id</name>
        <value>209</value>
      </attribute>
      <attribute>
        <name>keyframe</name>
        <value>True</value>
      </attribute>
    </attributes>
  </object>
  <object>
    <name>vehicule</name>
    <occluded>0</occluded>
    <bndbox>
      <xmin>793.5446555397727</xmin>
      <ymin>218.92670454545475</ymin>
      <xmax>1053.4920454545447</xmax>
      <ymax>471.98516845703125</ymax>
    </bndbox>
    <attributes>
      <attribute>
        <name>track_id</name>
        <value>210</value>
      </attribute>
      <attribute>
        <name>keyframe</name>
        <value>True</value>
      </attribute>
    </attributes>
  </object>
  <object>
    <name>vehicule</name>
    <occluded>0</occluded>
    <bndbox>
      <xmin>441.62727272727335</xmin>
      <ymin>472.1090909090915</ymin>
      <xmax>767.6860573508523</xmax>
      <ymax>858.4902094060724</ymax>
    </bndbox>
    <attributes>
      <attribute>
        <name>track_id</name>
        <value>211</value>
      </attribute>
      <attribute>
        <name>keyframe</name>
        <value>True</value>
      </attribute>
    </attributes>
  </object>
  <object>
    <name>vehicule</name>
    <occluded>0</occluded>
    <bndbox>
      <xmin>905.19775390625</xmin>
      <ymin>21.564453125</ymin>
      <xmax>1239.17724609375</xmax>
      <ymax>239.58070373535156</ymax>
    </bndbox>
    <attributes>
      <attribute>
        <name>track_id</name>
        <value>212</value>
      </attribute>
      <attribute>
        <name>keyframe</name>
        <value>True</value>
      </attribute>
    </attributes>
  </object>
</annotation>
