<annotation>
  <folder>frame</folder>
  <filename>frame_001738.jpg</filename>
  <source>
    <database>Unknown</database>
    <annotation>Unknown</annotation>
    <image>Unknown</image>
  </source>
  <size>
    <width>2456</width>
    <height>2054</height>
    <depth>3</depth>
  </size>
  <segmented>0</segmented>
  <object>
    <name>vehicule</name>
    <occluded>0</occluded>
    <bndbox>
      <xmin>1335.5461538461552</xmin>
      <ymin>511.4692307692315</ymin>
      <xmax>1785.9195016714243</xmax>
      <ymax>864.4886075533353</ymax>
    </bndbox>
    <attributes>
      <attribute>
        <name>track_id</name>
        <value>139</value>
      </attribute>
      <attribute>
        <name>keyframe</name>
        <value>True</value>
      </attribute>
    </attributes>
  </object>
  <object>
    <name>vehicule</name>
    <occluded>0</occluded>
    <bndbox>
      <xmin>1013.9697265625</xmin>
      <ymin>377.511962890625</ymin>
      <xmax>1140.9643478393555</xmax>
      <ymax>576.9778678894054</ymax>
    </bndbox>
    <attributes>
      <attribute>
        <name>track_id</name>
        <value>142</value>
      </attribute>
      <attribute>
        <name>keyframe</name>
        <value>True</value>
      </attribute>
    </attributes>
  </object>
  <object>
    <name>vehicule</name>
    <occluded>0</occluded>
    <bndbox>
      <xmin>1131.7613932291667</xmin>
      <ymin>143.1499255952381</ymin>
      <xmax>1416.3952380952392</xmax>
      <ymax>402.88488173711744</ymax>
    </bndbox>
    <attributes>
      <attribute>
        <name>track_id</name>
        <value>149</value>
      </attribute>
      <attribute>
        <name>keyframe</name>
        <value>True</value>
      </attribute>
    </attributes>
  </object>
  <object>
    <name>vehicule</name>
    <occluded>0</occluded>
    <bndbox>
      <xmin>1494.3325520833337</xmin>
      <ymin>1136.4781901041667</ymin>
      <xmax>2199.254602050781</xmax>
      <ymax>1533.985416666667</ymax>
    </bndbox>
    <attributes>
      <attribute>
        <name>track_id</name>
        <value>150</value>
      </attribute>
      <attribute>
        <name>keyframe</name>
        <value>True</value>
      </attribute>
    </attributes>
  </object>
  <object>
    <name>vehicule</name>
    <occluded>0</occluded>
    <bndbox>
      <xmin>1471.2493489583333</xmin>
      <ymin>1525.71875</ymin>
      <xmax>2156.002384440104</xmax>
      <ymax>1914.9884582519517</ymax>
    </bndbox>
    <attributes>
      <attribute>
        <name>track_id</name>
        <value>151</value>
      </attribute>
      <attribute>
        <name>keyframe</name>
        <value>True</value>
      </attribute>
    </attributes>
  </object>
  <object>
    <name>vehicule</name>
    <occluded>0</occluded>
    <bndbox>
      <xmin>504.6921875</xmin>
      <ymin>1055.113046875001</ymin>
      <xmax>1170.7831848144517</xmax>
      <ymax>1364.3130468749998</ymax>
    </bndbox>
    <attributes>
      <attribute>
        <name>track_id</name>
        <value>152</value>
      </attribute>
      <attribute>
        <name>keyframe</name>
        <value>True</value>
      </attribute>
    </attributes>
  </object>
  <object>
    <name>vehicule</name>
    <occluded>0</occluded>
    <bndbox>
      <xmin>886.9601562500002</xmin>
      <ymin>23.41455078125</ymin>
      <xmax>1186.5230560302734</xmax>
      <ymax>204.24298400878888</ymax>
    </bndbox>
    <attributes>
      <attribute>
        <name>track_id</name>
        <value>153</value>
      </attribute>
      <attribute>
        <name>keyframe</name>
        <value>True</value>
      </attribute>
    </attributes>
  </object>
</annotation>
