<annotation>
  <folder>frame</folder>
  <filename>frame_002864.jpg</filename>
  <source>
    <database>Unknown</database>
    <annotation>Unknown</annotation>
    <image>Unknown</image>
  </source>
  <size>
    <width>2456</width>
    <height>2054</height>
    <depth>3</depth>
  </size>
  <segmented>0</segmented>
  <object>
    <name>vehicule</name>
    <occluded>0</occluded>
    <bndbox>
      <xmin>1637.9500976562504</xmin>
      <ymin>1606.70361328125</ymin>
      <xmax>2272.8744689941404</xmax>
      <ymax>1968.4061523437504</ymax>
    </bndbox>
    <attributes>
      <attribute>
        <name>track_id</name>
        <value>290</value>
      </attribute>
      <attribute>
        <name>keyframe</name>
        <value>True</value>
      </attribute>
    </attributes>
  </object>
  <object>
    <name>vehicule</name>
    <occluded>0</occluded>
    <bndbox>
      <xmin>706.4532836914073</xmin>
      <ymin>1010.208984375</ymin>
      <xmax>1289.010864257812</xmax>
      <ymax>1319.4132995605469</ymax>
    </bndbox>
    <attributes>
      <attribute>
        <name>track_id</name>
        <value>291</value>
      </attribute>
      <attribute>
        <name>keyframe</name>
        <value>True</value>
      </attribute>
    </attributes>
  </object>
  <object>
    <name>vehicule</name>
    <occluded>0</occluded>
    <bndbox>
      <xmin>933.91015625</xmin>
      <ymin>96.58349609375</ymin>
      <xmax>1088.5123138427734</xmax>
      <ymax>278.78321838378906</ymax>
    </bndbox>
    <attributes>
      <attribute>
        <name>track_id</name>
        <value>292</value>
      </attribute>
      <attribute>
        <name>keyframe</name>
        <value>True</value>
      </attribute>
    </attributes>
  </object>
  <object>
    <name>vehicule</name>
    <occluded>0</occluded>
    <bndbox>
      <xmin>402.2857142857148</xmin>
      <ymin>1352.714146205357</ymin>
      <xmax>1081.018537248884</xmax>
      <ymax>1725.415775844029</ymax>
    </bndbox>
    <attributes>
      <attribute>
        <name>track_id</name>
        <value>293</value>
      </attribute>
      <attribute>
        <name>keyframe</name>
        <value>True</value>
      </attribute>
    </attributes>
  </object>
</annotation>
